time,open,high,low,close,EMA,EMA,EMA,EMA
1988-10-10,52.9,56.65,52.9,55.58,63.929765156933385,63.54170523626743,62.02933000299824,61.672427763859595
1988-10-17,55.35,55.89,53.55,55.44,63.879678046862985,63.48563807200261,61.9518084735512,61.58646324297877
1988-10-24,55.4,57.65,54.75,55.66,63.831184371070286,63.43148140714446,61.877787197391775,61.50471892238596
1988-10-31,55.36,56.89,54.9,56.19,63.78610363731766,63.38136734896353,61.81087205389305,61.43141245449098
1988-11-07,56.1,56.55,54.62,55.98,63.74004992854292,63.330146813676585,61.74227355914137,61.35622055856697
1988-11-14,55.95,56.4,53.25,53.32,63.67857470772556,63.2608724412636,61.64318798785735,61.24537613706949
1988-11-21,53.55,55.75,53.07,55.7,63.63150347051184,63.208548064507454,61.573268129176675,61.16888819035129
1988-11-28,55.7,57.7,55.35,57.68,63.596391355641565,63.17028821631017,61.52746497471578,61.120765594622306
1988-12-05,57.8,58.74,56.88,58.7,63.56750409100651,63.139351965678266,61.49420068089559,61.08737572435165
1988-12-12,58.75,59.3,57.19,58.4,63.53701734120706,63.10655368217876,61.457798319943876,61.050308472981285
1988-12-19,58.48,59.35,57.88,58.93,63.509837297896105,63.077650196488946,61.42805951617983,61.021062838871195
1988-12-26,58.9,58.93,57.55,58.49,63.480221738616486,63.04590175222258,61.39349411010713,60.98615162730056
1989-01-02,58.55,59.9,55.85,59.82,63.45862751007007,63.023577172622424,61.3749824146941,60.970066777268826
1989-01-09,59.35,60.44,58.95,59.65,63.4361577312496,63.000230617794585,61.354688503933,60.951858959651325
1989-01-16,60,60.28,58.54,59.13,63.41075267088824,62.97344701490327,61.328515698004374,60.926729870552684
1989-01-23,59.15,60.55,58.09,60.4,63.392990118257636,62.955637693000824,61.317591983910205,60.919464630958856
1989-01-30,60.2,60.55,58.55,58.99,63.36701377537706,62.92819383353369,61.29020854880538,60.89285132570425
1989-02-06,58.64,59.8,57.46,58.38,63.337591865197844,62.896718443682246,61.255970801172374,60.85819130741867
1989-02-13,58.35,59,57.3,57.83,63.30509869785154,62.86165464822424,61.21566526233505,60.81642315145427
1989-02-20,58.4,59.83,58.3,59.48,63.28253174388192,62.838252193911266,61.19524567101346,60.797989728675596
1989-02-27,59.7,60.75,59.7,60.22,63.26446370999471,62.82013280156586,61.183772192530945,60.79001745655593
1989-03-06,60.3,61.8,59.85,61.64,63.254879853298576,62.81196579255849,61.18913957850117,60.80174135370688
1989-03-13,61.57,62.1,60.82,61.97,63.24729944118472,62.806139039668814,61.19832617169527,60.81785526606954
1989-03-20,62.45,62.75,61.37,61.64,63.23781684861136,62.798068873304324,61.20352233438121,60.8291951934341
1989-03-27,61.65,62.7,60.67,61.97,63.23033710319182,62.79233829286623,61.212539718682606,60.844930432145354
1989-04-03,62.6,63.78,62.2,63.31,63.230807090783614,62.795920726825635,61.23721572199222,60.87893139170197
1989-04-10,63.19,65.94,63.12,65.38,63.24348669496778,62.813803628370096,61.28595436055702,60.94101509664401
1989-04-17,65.15,66.55,64.95,66.46,63.262463174643486,62.839036821253345,61.34682548572694,61.01713902634547
1989-04-24,66.3,66.48,64.51,64.56,63.27011825915886,62.85094660103706,61.384627538836035,61.06600607425794
1989-05-01,64.46,67.35,64.05,67.15,63.293008416921936,62.880697835631956,61.452455450143844,61.14992323185439
1989-05-08,66.8,67.9,66.41,67.78,63.31948034366576,62.9146030409217,61.526897150730385,61.24137256658743
1989-05-15,67.85,67.9,65.9,67.5,63.34414417644649,62.94633589184958,61.59716894895708,61.32769846222071
1989-05-22,67.18,67.75,66.59,67.57,63.369075479240315,62.97833356733851,61.66743754955759,61.41379917308663
1989-05-29,67.65,68.25,66.94,67.36,63.392620756648924,63.00865651842959,61.73440887250397,61.49581573621647
1989-06-05,66.64,67,62.68,64.95,63.40180883478079,63.022091421416235,61.77223935635686,61.54345965709624
1989-06-12,65.75,70.35,65.4,70.04,63.440972204487096,63.070658262790516,61.869507128635014,61.66065331699836
1989-06-19,70.3,71.4,68.6,69.8,63.478488592661215,63.11722810180235,61.96280704476872,61.77292016779839
1989-06-26,70.5,71.37,69.9,70.73,63.521270370875605,63.16991164435043,62.065950491300846,61.89646609651841
1989-07-03,71.35,72.17,70.7,70.83,63.56438971972,63.22292263643105,62.169056956109074,62.01968725380781
1989-07-10,71.15,74.23,70.35,73.95,63.6256617567718,63.29715846593672,62.3076562860372,62.18424329168632
1989-07-17,74.15,75,73.95,74.4,63.68922717413598,63.373994739528854,62.44991915326029,62.352736487663066
1989-07-24,73.9,76.75,73.71,75.68,63.759969196707445,63.459157405691286,62.605567163221934,62.536560811971164
1989-07-31,75.93,76.7,75.42,75.96,63.831945779617726,63.545668427105184,62.76267813777226,62.721711697323286
1989-08-07,75.15,76.95,73.96,75.2,63.899013946109655,63.626321240758436,62.90899957144553,62.89382601873952
1989-08-14,74.26,75.78,73.2,75.61,63.96810530925945,63.709253273694365,63.05842310589911,63.069221521929315
1989-08-21,75.9,77.34,75.65,76.73,64.04339672336411,63.799362247578834,63.21926518700618,63.25764605266132
1989-08-28,76.15,76.6,72.75,72.98,64.0961200465301,63.86289607285511,63.3340973612767,63.39174748641772
1989-09-04,73.2,74.25,71.4,73.31,64.15047922029689,63.92827395470386,63.45146092173226,63.528550969363685
1989-09-11,73.23,75.4,72.56,75.24,64.21590412165207,64.00655579584777,63.59014961677071,63.69008819737246
1989-09-18,75.25,75.5,71.35,72.55,64.26507282889897,64.0656799771914,63.69555962127929,63.812293877408706
1989-09-25,73.4,74.55,71.27,73.68,64.32061812194381,64.13221506385443,63.81302362573482,63.948400168754794
1989-10-02,73.9,75.75,73.9,75.15,64.38450828051641,64.20846271047135,63.94639981837324,64.10290499401334
1989-10-09,74.7,75.5,73.2,74.7,64.44536663874345,64.28106850486256,64.0729127616865,64.24907182168212
1989-10-16,74.07,74.55,72.21,73.15,64.4967214078364,64.34244519341023,64.17970202331371,64.37184324483134
1989-10-23,73.25,74.5,72.5,73.58,64.55031007209696,64.40637290833473,64.2902937642159,64.49885230352332
1989-10-30,73.7,76.6,73.55,75.62,64.61561797727633,64.48397586398639,64.42358442581336,64.65224744416437
1989-11-06,75.25,75.38,73.1,73.17,64.66608630779388,64.54408675766122,64.5264834325685,64.76973368631383
1989-11-13,72.73,75,71.6,74.59,64.72463447116972,64.61360864861166,64.64487774512652,64.90518563546811
1989-11-20,74.22,74.4,72.38,73.08,64.77392866308023,64.67219959221988,64.7441144775368,65.01794169566855
1989-11-27,72.81,72.88,69.7,70.94,64.81030666506796,64.7155753735886,64.8170072483893,65.09962525848692
1989-12-04,70.25,70.45,65.7,66.18,64.81838745170472,64.72570980006896,64.83304245723178,65.11452697905952
1989-12-11,67.18,69.5,67.05,69,64.84305773222565,64.75528966304425,64.8820654871467,65.16811971038284
1989-12-18,69.11,69.2,66.66,68.71,64.86587155091458,64.78265790067024,64.92710001082733,65.21697323161894
1989-12-25,69,71,68.7,69.07,64.8906746686083,64.81232808820886,64.97584001069995,65.2701184284242
1990-01-01,68.85,69.27,66.25,66.31,64.89904826938347,64.82269259970914,64.99153601057407,65.2844616225149
1990-01-08,66.31,68.3,65,66.15,64.9064285155818,64.83187811805026,65.00516499868496,65.296400082894
1990-01-15,66.6,67.3,65.4,67.02,64.91889796386745,64.84702083003607,65.0288689398769,65.32017387485408
1990-01-22,66.1,67.05,64.5,64.51,64.9164855864995,64.84468850595277,65.02276459940776,65.30899906278712
1990-01-29,64.21,67.6,64.15,67.11,64.92942667448476,64.86036540210534,65.04732031000297,65.33384045502454
1990-02-05,67.3,67.8,66.02,66.5,64.93869259380934,64.8717123543399,65.06441065929705,65.34992541426558
1990-02-12,66.95,71.05,66.5,70.59,64.97203364045353,64.91128527922336,65.12941759271709,65.4222023051033
1990-02-19,70.1,71.3,69.85,70.48,65.00452901720602,64.94982309736022,65.19236562103806,65.49196503192945
1990-02-26,70.25,70.75,69.35,69.79,65.03276188436115,64.98331913128852,65.24645543726115,65.55124827286836
1990-03-05,69.85,72.8,69.8,72.45,65.07652140126757,65.03499166325193,65.33120302035219,65.64640346910467
1990-03-12,72.1,72.43,71,71.7,65.1155979711716,65.08111628841974,65.40613004364216,65.72990135228943
1990-03-19,71.3,71.95,69.81,70.69,65.1484852987753,65.11993209265212,65.46829321959932,65.79831650605095
1990-03-26,70.63,73.25,70.45,72.7,65.19303700792706,65.17238931000401,65.55337212289815,65.89351214045026
1990-04-02,73.35,74.75,72.95,73.03,65.2392727777918,65.2267672386545,65.64133245086406,65.99194645575439
1990-04-09,73.2,74.6,73.05,73.88,65.29025051951574,65.28665120240083,65.73825795144212,66.1007471942957
1990-04-16,73.5,74.15,72.31,73.55,65.33898060494633,65.34383700722852,65.83016079907222,66.20349550885715
1990-04-23,73.8,75.15,73.8,74.88,65.39526980491715,65.40983121479094,65.93662949555372,66.32317143287291
1990-04-30,74.85,75,73.4,73.76,65.4446192455961,65.4676178499827,66.02866914854721,66.4257483786264
1990-05-07,73.71,75.55,73.52,75.36,65.50311706715601,65.53607724202435,66.13844951150547,66.54897943547293
1990-05-14,75.15,76.39,74.56,76.13,65.56581254168607,65.6093915863702,66.25599716431128,66.68113144325952
1990-05-21,76.58,81.3,76.2,80.03,65.65114698096816,65.7091881843884,66.41804425649586,66.86525376818008
1990-05-28,80.4,82.15,79.5,81.02,65.7418186801955,65.81514535958294,66.58983197112532,67.06049164723967
1990-06-04,81.15,82.56,79,80.01,65.8259967410793,65.91337964775192,66.74771630087679,67.2391055555536
1990-06-11,80.2,81.44,71.6,72.46,65.86513540337381,65.95868497890935,66.81491963851353,67.31111789271839
1990-06-18,72.67,74.09,72.67,73.59,65.91070982577278,66.01149684756741,66.89462646629572,67.39772316316365
1990-06-25,74.1,74.79,73.62,74.58,65.96185608048799,66.07079444723823,66.98504262551577,67.49678905056828
1990-07-02,74.8,77,73.62,73.62,66.0070368705736,66.12303808428156,67.06310094756853,67.58124713262941
1990-07-09,73.53,75.88,70.75,74.28,66.05584491263511,66.17948764771214,67.14800564230302,67.6736437239035
1990-07-16,74,75.5,72.7,72.86,66.09598742052516,66.22571956710513,67.21520557592298,67.74517967253931
1990-07-23,71.45,74.37,70.86,73.4,66.13907894016808,66.27536856664074,67.28796786326507,67.82317719429739
1990-07-30,71.85,73.25,70.01,72.77,66.17819941839717,66.32031411289236,67.35246235899136,67.89140923299674
1990-08-06,72.25,73.41,70.07,70.65,66.20458172271341,66.3502773370246,67.39125691947382,67.92945876081747
1990-08-13,69.9,70.05,68.4,69.21,66.22231280399534,66.37006780528048,67.41265389689177,67.9471213985993
1990-08-20,69.21,72.4,69.05,72.35,66.25846435087442,66.41145141908477,67.47074032163422,68.00785075861862
1990-08-27,72.6,73.24,71.7,72.19,66.29345866148873,66.45144137466204,67.52626102373264,68.06553557574112
1990-09-03,72.1,73.48,71.45,72.94,66.33267129475428,66.49634489456056,67.58995207051225,68.13276956779987
1990-09-10,72.95,73.07,71.4,71.59,66.3636879832808,66.53159510290271,67.63701145791799,68.18045550479573
1990-09-17,71.25,74.25,71.2,73.04,66.40307625476586,66.57663596724248,67.70057602900131,68.24748370472959
1990-09-24,72.55,72.61,71.04,71.92,66.43562447745161,66.61361426504703,67.75021631101306,68.29813910190573
1990-10-01,71.71,72.84,71.42,72.8,66.47317241563773,66.6564266230744,67.8096255308835,68.3602337349829
1990-10-08,73.05,74.4,72.5,73.08,66.51215074946877,66.70088041807043,67.87162993640251,68.42533395932796
1990-10-15,73.03,73.93,72.57,73.23,66.55178407838046,66.74606463663049,67.93466958420954,68.49160521506137
1990-10-22,73.45,75.2,73.4,74.26,66.59726027850802,66.79806418931817,68.00908523616002,68.57116928106052
1990-10-29,74.4,75.8,74.4,74.98,66.64671597008024,66.85468658247167,68.09109599808755,68.65956694614934
1990-11-05,74.62,74.65,71.05,73.07,66.68461145108272,66.89769913207394,68.14967133928653,68.7204005055128
1990-11-12,72.75,74.75,72.37,73.63,66.72558719473415,66.94428944949904,68.21414579411845,68.78811911922986
1990-11-19,73.5,74.14,72.95,73.93,66.7680911050897,66.99263346714956,68.28139113771705,68.85904161413704
1990-11-26,74.15,74.42,73.05,74.18,66.81181918116586,67.04237302793054,68.35078653609685,68.93243414359722
1990-12-03,73.98,74.95,73.19,74.93,66.85971405325337,67.09695868171649,68.42818904743689,69.01515918989243
1990-12-10,74.85,76.87,74.76,76.61,66.91723786414863,67.16279287769076,68.5244456468788,69.11991561485944
1990-12-17,76.06,76.72,75.3,76.27,66.97241640182327,67.22581853251643,68.61556981573905,69.21853746844758
1990-12-24,76.27,77.8,76.27,77.8,67.03629595107505,67.298996258935,68.72362193555388,69.33690246888278
1990-12-31,77.8,77.8,75.05,76.8,67.09389892481502,67.36474714987664,68.81863814807677,69.43984174517405
1991-01-07,76.33,76.58,75.3,76.02,67.14656028809046,67.4246450934761,68.90336005221704,69.53060254868889
1991-01-14,75.67,77.79,75.27,77.52,67.207760522379,67.49450914127212,69.00473228689684,69.64080113422422
1991-01-21,77.15,78.4,76.32,78.03,67.27160854289595,67.5674191126128,69.11091190705099,69.75651422202802
1991-01-28,77.65,79.8,77.65,79.53,67.34392943644818,67.65020513951514,69.23348941402686,69.89132092241384
1991-02-04,79.43,84.99,79.25,84.13,67.4429623011299,67.76425216277109,69.40874247974419,70.08771649589778
1991-02-11,83.5,84.9,82.25,84.83,67.54554069463356,67.88235422392837,69.59016903880602,70.29105833733367
1991-02-18,84.8,87.44,84.51,87.44,67.66291213596315,68.01770125352057,69.80016705011418,70.52759546371527
1991-02-25,87.85,88.85,84.75,88.38,67.78513684312561,68.15861681577995,70.01875332011284,70.77383552628471
1991-03-04,87.8,88.3,83.45,84.43,67.88333662576204,68.27122154369843,70.18829739869975,70.96219641557734
1991-03-11,84.03,86.47,82.9,85.75,67.98874466926787,68.3921819482403,70.37137625283269,71.16616612019007
1991-03-18,84.95,85.15,81.43,81.43,68.06804411074712,68.48240906278535,70.50147770868172,71.3077362426702
1991-03-25,81.23,82.85,81.09,81.82,68.14917659386956,68.57471073017092,70.63463679446194,71.45273298415061
1991-04-01,83.2,85.45,82.81,85.34,68.25059738092637,68.69073349328393,70.80764106746827,71.64428149471405
1991-04-08,85.1,89,85.1,88.49,68.37000388605364,68.82775263865912,71.0156688196157,71.876636232718
1991-04-15,88.85,89.5,85.76,87.01,68.479974364602,68.95358134012169,71.20383742173787,72.0853722846805
1991-04-22,87.06,87.47,84.4,86.38,68.5855792356073,69.07417939313123,71.3823805108939,72.2825395635125
1991-04-29,87.19,89.75,86.75,89.57,68.7093811280226,69.2160189821061,71.59635250488338,72.52098729367094
1991-05-06,89.05,89.25,87.37,87.72,68.82153817151509,69.34407421406385,71.78604247541416,72.730628848241
1991-05-13,87.92,92.39,87.85,92.3,68.9600541705032,69.50293875237483,72.027383152174,73.00055120895492
1991-05-20,92.75,94.45,88,90.02,69.08430163852383,69.64492533540339,72.23906099744254,73.23530222676244
1991-05-27,90.49,91,85.23,85.58,69.18162139286882,69.75520266872239,72.39601322100204,73.40557392018641
1991-06-03,84.5,86.9,83.7,86.81,69.2856236265392,69.87322894783158,72.56558953604907,73.59046255577005
1991-06-10,87.1,87.2,73.9,74.6,69.31697687947998,69.90594016618569,72.58952377680144,73.60438721017321
1991-06-17,74.7,76,73.44,74.42,69.3470832105745,69.93717933458579,72.61105879119201,73.61563704175703
1991-06-24,74.25,74.88,71.96,71.96,69.3624986488602,69.95117809351599,72.60339927600151,73.59280066876727
1991-07-01,70.75,71.15,70,70.54,69.3694455594864,69.95525298560239,72.5791239904015,73.55069307333599
1991-07-08,70.5,71.25,68.56,69.44,69.3698618098729,69.95168722099613,72.54219311992618,73.49399385853135
1991-07-15,68.65,70.5,68.2,69.73,69.37198651895919,69.95015305337678,72.50910849498588,73.44207670186195
1991-07-22,70.2,71.5,68.62,69.38,69.37203379613346,69.94620735750566,72.4722954538684,73.38604805769833
1991-07-29,69.5,70.3,68,70.08,69.3762105878967,69.94713325814575,72.44415080146995,73.34044739483353
1991-08-05,69.85,70.5,67.76,67.8,69.36691141038698,69.93227420445616,72.38951373321736,73.26402743076686
1991-08-12,67.31,67.7,63.51,64.92,69.34067594483896,69.8975871857402,72.30163710106186,73.14893739723904
1991-08-19,64.25,67.6,64.25,64.93,69.31465425784876,69.86320941974893,72.21491195869642,73.03557274348401
1991-08-26,64.65,66.85,64.35,66.06,69.29545275780245,69.83688963137696,72.14250122977057,72.93935794702216
1991-09-02,66.1,67.27,65.75,66.12,69.27671852324315,69.81116721178266,72.07164827412622,72.84529783740805
1991-09-09,66.02,67,64.2,64.86,69.25066118682284,69.77690307882915,71.98680535325414,72.73515579827139
1991-09-16,65.3,67.74,64.86,67.66,69.24127675504218,69.76225323053275,71.93590176086292,72.66515364932972
1991-09-23,67.4,67.46,64.7,64.84,69.21531052049916,69.72818919433529,71.85242056367629,72.55722049554586
1991-09-30,64.25,66.8,63.75,65.64,69.19421724309208,69.69989722759249,71.77933326292715,72.46181055767626
1991-10-07,64.65,65,63.75,64.52,69.16664074018298,69.66405018795517,71.69392934218683,72.35226834308762
1991-10-14,64.25,64.35,62.65,63.15,69.13114433463618,69.6189702558586,71.5934125263964,72.22534050387262
1991-10-21,63.25,63.6,62.45,62.68,69.09308448605425,69.57094970045473,71.48854884961527,72.09368063485368
1991-10-28,62.75,62.8,60.72,61.83,69.05023443008933,69.51737911429241,71.3749188631492,71.95211262609708
1991-11-04,61.51,61.6,58.5,58.52,68.98810915321565,69.44127268443572,71.22368452358275,71.76684210711643
1991-11-11,58.6,61.3,57.25,59.56,68.93248609036482,69.37289017450883,71.08646470565824,71.5984718711562
1991-11-18,59.55,61.88,58.73,58.73,68.87229443201458,69.29923695530807,70.9410945326505,71.42097570741612
1991-11-25,58.74,59.55,58.6,58.95,68.8137558217962,69.22761593831632,70.80002283226638,71.2489622493828
1991-12-02,58.73,60.09,58.35,58.91,68.75532658390951,69.15621375189198,70.66014021071031,71.0787696666327
1991-12-09,58.9,60.18,58.61,59.7,68.70190282825223,69.09077282627335,70.53119738470195,70.92182111950673
1991-12-16,59.9,61.6,58.89,59.09,68.64519543693511,69.0215633257455,70.39659506252899,70.75862358682387
1991-12-23,58.96,60.28,58.85,59.28,68.58994354645172,68.95414766259155,70.26581159120512,70.60029774424699
1991-12-30,59.2,60.35,58.8,59.83,68.5382624635818,68.891004772193,70.14303733719095,70.45174191329185
1992-01-06,59.83,60.9,57.3,57.8,68.47490988267572,68.81425041390793,69.997825133224,70.27723512828094
1992-01-13,57.6,57.65,55.6,56.36,68.40343548808767,68.72806182972863,69.83738013165666,70.08527326444258
1992-01-20,56.07,56.95,55.37,55.5,68.3273090250311,68.63651814924609,69.66870507128422,69.88409708148475
1992-01-27,55.15,55.3,53.04,53.06,68.2372364054144,68.5287221758949,69.47330854103382,69.652040570016
1992-02-03,52.9,54.9,52.65,54.54,68.15642675110516,68.43191440997175,69.29762255819813,69.44359863111923
1992-02-10,54.4,55.95,53.15,55.47,68.08158057558241,68.34221258014496,69.13494464574873,69.25085933965552
1992-02-17,55.55,56,55.06,55.5,68.00735296156718,68.25333913668375,68.97453353226933,69.06119231428096
1992-02-24,55.3,57.58,55.3,56.7,67.94064291459628,68.17338523262366,68.8301272554191,68.89069310994604
1992-03-02,56.75,57.5,53.9,54.03,67.85857422483465,68.07550713412799,68.6560081112377,68.68571803256748
1992-03-09,53.85,55.05,53.25,54.29,67.7785236394374,67.98010570067382,68.4869962511055,68.48715640453207
1992-03-16,54.4,57.4,54.25,56.63,67.71275063861475,67.9015582563785,68.34750217756307,68.32360941964197
1992-03-23,56.35,58.8,55.95,58.78,67.66005004487661,67.83843328574612,68.23494332841527,68.1919734276469
1992-03-30,58.8,60.6,57.71,60.49,67.61774886467084,67.78757907615618,68.14382634808098,68.0857393114035
1992-04-06,60.3,60.55,57.5,58.35,67.56307188021852,67.72226711023121,68.02860486163297,67.95145325193586
1992-04-13,58.01,59.65,56.3,59.24,67.51396821130866,67.66356629977979,67.92520951031965,67.83129527604709
1992-04-20,59.3,61.1,58.5,61.02,67.47565571448679,67.61759006241107,67.84397175137471,67.73734637568782
1992-04-27,60.75,63.1,60.4,60.89,67.43680228844262,67.57103234571618,67.7621603190056,67.64290021878178
1992-05-04,61.1,62.2,58.81,59.22,67.38832557877629,67.51323973432714,67.6616643152526,67.52672228472962
1992-05-11,58.95,64.15,58.95,61.15,67.35152129807554,67.46920347318994,67.58505649977903,67.43876749459541
1992-05-18,61.35,61.92,56.59,56.67,67.28850347330813,67.39446850105713,67.45664407036986,67.29023277053203
1992-05-25,58,59,56.61,58.04,67.23394003098772,67.32973169482145,67.34586002248315,67.16264335300745
1992-06-01,58.4,59.5,58,58.57,67.18282534053942,67.26911071423444,67.24261461045394,67.04412413434528
1992-06-08,59.3,63,59.3,62.72,67.15649598749789,67.23762897918783,67.18940737974272,66.98448104283707
1992-06-15,61.75,64.55,61.75,64.15,67.13875854804363,67.21626130459137,67.1536496458634,66.94538475259105
1992-06-22,64.3,64.4,62.8,63.37,67.11652398433836,67.18964357930008,67.10913612061795,66.89606910083117
1992-06-29,63.15,63.65,62.05,62.5,67.08928785463725,67.15718929847448,67.05491098978715,66.83543366495763
1992-07-06,62.01,63.65,60.79,63.3,67.06693217407891,67.13049594692794,67.01073556637789,66.78666906268235
1992-07-13,62.9,63.3,62.12,62.72,67.04128655653273,67.0999734836274,66.9602563244205,66.73057707561087
1992-07-20,62.5,62.7,61.4,61.6,67.00918457094846,67.06191138339467,66.89719448530967,66.65981049525762
1992-07-27,61.25,61.4,60.07,60.33,66.9697793522408,67.01532376136426,66.81993337371779,66.57250276428854
1992-08-03,60.35,61.45,59.6,60.23,66.93001664219808,66.96836650350015,66.7424047457917,66.48501996753974
1992-08-10,60.15,60.3,56.42,57.28,66.8730843906217,66.90131898444479,66.63108233701769,66.35805417488402
1992-08-17,57.35,58,55.95,56.25,66.81041132637024,66.82760743437942,66.50895195658218,66.21863273798907
1992-08-24,58.15,59,55.05,55.13,66.74150034509373,66.74665513379547,66.37508193356356,66.06568607953405
1992-08-31,55.02,55.87,54.4,54.98,66.6721109625268,66.66522499446124,66.24102214610987,65.91278006464393
1992-09-07,54.95,55.1,53.5,54.73,66.60165603059448,66.5826282816968,66.10559835615564,65.75853482237298
1992-09-14,54.75,57.4,54.65,56.76,66.54359316315735,66.51465161538748,65.99565014020087,65.63441710068507
1992-09-21,56.5,56.9,53.76,54.12,66.47029762827147,66.42887547964085,65.85593660913968,65.47559755446872
1992-09-28,53.76,53.87,51.5,52.11,66.38557610834066,66.32978291576791,65.69421970785568,65.29124448475191
1992-10-05,51.61,54.22,51.52,51.95,66.30041046758349,66.23026884714668,65.53252300541033,65.10722731944499
1992-10-12,52.05,53.65,51.61,52.73,66.22034904889568,66.13684138107645,65.38190508769962,64.93650694262506
1992-10-19,52.4,54.48,52.29,52.64,66.14022899550987,66.04343763449461,65.23200032196198,64.76689995031299
1992-10-26,51.8,52.38,50.68,51.7,66.05503590409093,65.94417509031126,65.07280031817419,64.58666684755005
1992-11-02,51.9,55.78,51.85,55.68,65.99382625273935,65.8731427367451,64.96229678501919,64.46381627034246
1992-11-09,55.68,56.9,54.37,56.75,65.9392904046406,65.81000680085066,64.86568152872485,64.35741880454464
1992-11-16,57.35,58.73,56.2,57.65,65.89038603647163,65.75353616555066,64.78079115779867,64.26490268310265
1992-11-23,58.3,58.45,56.53,56.7,65.83616546988478,65.69088193603127,64.68572302653045,64.16055919781847
1992-11-30,56.8,59.5,56.8,58.87,65.79506714852852,65.64367860083382,64.61730275563009,64.08758596750373
1992-12-07,58.45,59.8,57.95,59.05,65.75527324204752,65.59804760705643,64.55180507615209,64.01810202312437
1992-12-14,58.6,59.32,56.8,57.75,65.70804449135697,65.54373585891071,64.47178383996207,63.93164544349507
1992-12-21,57.76,58.45,57.5,58.06,65.66292328491829,65.49194529933347,64.3963510889037,63.850657230481346
1992-12-28,58.6,59.28,58.2,58.86,65.62278804429931,65.44604948411316,64.3312175466813,63.78182057902643
1993-01-04,58.9,61.3,58.1,60.79,65.59427602043914,65.41382768837535,64.28955616377917,63.740554088281236
1993-01-11,60.74,62.08,60.3,61.39,65.56947203211796,65.38598112997829,64.25544373832294,63.70813265258081
1993-01-18,61.4,63.2,60.45,62.9,65.55372293458333,65.36877710831754,64.23949734140149,63.696985995303834
1993-01-25,62.55,62.6,57.8,59.34,65.5170638022259,65.32705546742953,64.18185619620853,63.63688963674792
1993-02-01,58.6,61.95,58.55,61.41,65.49283333731601,65.2999478171359,64.14924612331195,63.60617391762036
1993-02-08,60.61,63.2,59.5,62.4,65.47458653296607,65.27987897411074,64.12866675715534,63.58953703599801
1993-02-15,62.79,64.3,62.01,63.7,65.46411699589842,65.26894555560479,64.12362361883586,63.591060663087696
1993-02-22,63.66,64,62.31,63.32,65.45146733810552,65.25545804310926,64.11416922332015,63.58732189532097
1993-03-01,63.52,63.89,61.95,62.62,65.43476251605179,65.2372195791431,64.09659076186932,63.573979524351024
1993-03-08,62.08,64.95,62.04,64.75,65.43072261920193,65.23384781734973,64.10427792937674,63.59020049642894
1993-03-15,64.6,64.85,61.32,62.1,65.41107233826268,65.21216028920198,64.08069818903112,63.56964600682303
1993-03-22,62.45,63.15,60.65,61.05,65.38534329791895,65.18335641176805,64.04504291621899,63.53489226879788
1993-03-29,61.4,61.85,60,60.42,65.35604923716427,65.15039200753435,64.00239535249877,63.49192823750412
1993-04-05,60.62,62.75,60.62,61.52,65.33341767824295,65.125268187413,63.9731907012929,63.464729227331645
1993-04-12,61.7,63.95,60.9,63.58,65.32307303117368,65.11457428992225,63.96856492833651,63.46631916902362
1993-04-19,63.4,63.68,61.51,61.88,65.30275991594551,65.09218969276016,63.943993576238434,63.4444389046233
1993-04-26,61.75,62.88,59.9,61.3,65.27914481319658,65.06594616547461,63.91288776945916,63.41486043697332
1993-05-03,61.5,62.65,59.8,62.24,65.26121475530161,65.04638944460628,63.89320673687729,63.39865546542886
1993-05-10,61.96,62.9,61,62.15,65.24285950600779,65.02634522699654,63.87269842232579,63.381432631422946
1993-05-17,62.05,62.35,60.56,60.96,65.21759189830273,64.99820442957788,63.838431382063135,63.3480335606447
1993-05-24,61.1,61.94,60.01,60.36,65.18893353902071,64.96610612902717,63.79750865992121,63.30681930463581
1993-05-31,60.2,61.3,60.02,60.33,65.16026726445422,64.93402234958754,63.75671444039273,63.26575972802014
1993-06-07,60.75,60.8,58.02,58.47,65.1207966611241,64.88928863090527,63.69451779991752,63.19961131797849
1993-06-14,58.7,59.5,57.11,57.32,65.07477426194343,64.83690601062219,63.61952347285967,63.118513230833955
1993-06-21,57.45,57.6,56.5,56.68,65.02524757013255,64.7804568340781,63.53788202023779,63.02970615178797
1993-06-28,56.85,57.85,56.1,56.5,64.97495112429105,64.7231526345343,63.45508340823499,62.93964123934951
1993-07-05,56.95,59.98,56.87,59.98,64.94548238609464,64.69032804882818,63.414200074020464,62.89881860156538
1993-07-12,59.75,61.23,59.22,60.04,64.91654148706164,64.65814584779822,63.3745036025614,62.85938662085413
1993-07-19,60.85,63.1,60.85,62.49,64.90222560808192,64.6431413782633,63.36409767782538,62.85429163298028
1993-07-26,61.95,62.35,60.25,60.81,64.87808268414044,64.61661444830992,63.33404946985096,62.826094507008136
1993-08-02,60.35,60.55,56.6,57.18,64.83266626712486,64.56514998846002,63.261648887852715,62.74821734139423
1993-08-09,57.25,57.85,55.05,55.98,64.7804381475548,64.50573718577172,63.17598243034857,62.65486261944397
1993-08-16,55.71,56.65,55.6,56.08,64.72910812898516,64.44742758587019,63.09250028410917,62.56417485917577
1993-08-23,56.1,58.54,55.98,57.65,64.68734347925664,64.40038656451469,63.02847086900201,62.496393136980245
1993-08-30,57.6,57.75,55.62,56.76,64.64057449117843,64.3475119170094,62.9547241528961,62.417270473021894
1993-09-06,56.8,59.34,56.58,59.34,64.60930266527177,64.3128578553,62.91219798639144,62.374825363049176
1993-09-13,59.45,60,57.8,59.15,64.57709438996044,64.27712873519411,62.867936833610365,62.330345013214014
1993-09-20,58.6,59.7,58.1,59.66,64.54808498352999,64.24517628719968,62.83019640027377,62.293512668204166
1993-09-27,59.9,60,57.55,57.6,64.50709333170975,64.1991889080495,62.768664677917606,62.22877456243583
1993-10-04,57.7,60.05,57.7,59.85,64.47961785482651,64.16909071491422,62.73432744641269,62.19596387881602
1993-10-11,59.9,60.4,57.71,58.06,64.44174400317561,64.12681327052034,62.67933535880784,62.13891610117718
1993-10-18,58.05,58.38,56.9,57.55,64.40108474651971,64.08129899183162,62.61899023693951,62.07562070667819
1993-10-25,57.42,57.85,56.98,57.27,64.35901345008007,64.03416197458711,62.55606094003434,62.0093362831378
1993-11-01,57.2,58.3,56.2,56.47,64.3124705978672,63.981814832894464,62.48446022309276,61.932931644749694
1993-11-08,56.3,59,56.06,58.36,64.27735277723082,63.942909539933254,62.43593716164461,61.883649828960046
1993-11-15,58.75,62.8,58.51,62.69,64.26798786409081,63.93423888567766,62.438926136213496,61.89477190028474
1993-11-22,62.6,63.15,62.05,62.68,64.25861920412568,63.92555903179753,62.44176229931686,61.9056026326946
1993-11-29,62.7,64.1,61.65,63.76,64.25567749790665,63.92441329455326,62.45727097814843,61.93118052741605
1993-12-06,63.56,65.2,63.16,63.39,64.2505702560311,63.92071493265324,62.468244260758446,61.951302175313764
1993-12-13,63.07,65.55,62.5,65.49,64.25788252590702,63.93157503692554,62.503794328278936,62.00011180048185
1993-12-20,65.65,66.5,65.17,66.48,64.27099236351229,63.949211195839545,62.55057321853448,62.06190336185451
1993-12-27,66.6,68.18,66.4,67.88,64.29228444396355,63.976413886525776,62.613272357139955,62.14215297065652
1994-01-03,67.4,69.38,65.9,68.29,64.31586978647704,64.00626569353943,62.68005738823243,62.22695086071643
1994-01-10,67.96,70,67.31,69.98,64.34928648390195,64.04760641538346,62.76593906601793,62.333889469534135
1994-01-17,69.98,72.9,69.6,72.48,64.39725529520636,64.1059620803289,62.880222135829484,62.47383582167849
1994-01-24,72.21,75.86,72.05,75.86,64.46488210762402,64.18730490330239,63.03292540481973,62.658472568965685
1994-01-31,76.65,78.36,74.8,77.23,64.54019253766754,64.27756576902348,63.19994981182185,62.859459154221334
1994-02-07,77.6,78.4,75.2,77.28,64.61535364364,64.36754801283647,63.36559746109454,63.05836316588724
1994-02-14,77.15,77.88,75.85,77.8,64.69313916786632,64.46050615807636,63.53541396155225,63.26169608773707
1994-02-21,78.35,79.8,78.02,79.05,64.77784041171371,64.56147151338378,63.717938503181045,63.479465796871736
1994-02-28,79.3,79.35,75.7,77.86,64.85502129424047,64.6535028523915,63.88431569726127,63.67781799277695
1994-03-07,77.7,78.62,76.72,76.85,64.92578813026265,64.73790767694243,64.03685315964643,63.8595032618421
1994-03-14,76.34,77.17,75.1,75.76,64.98970678436139,64.81418513246531,64.17477253423883,64.02364804443738
1994-03-21,75.9,78.2,74.9,77.07,65.06097695082534,64.89900046026833,64.32648109265955,64.20359772658307
1994-03-28,76.57,78.78,76.5,78.21,65.13855230804761,64.9911181041419,64.48981660921649,64.39678948207847
1994-04-04,76.65,77.69,74.05,75.9,65.20204167496178,65.06661209650079,64.62405406087277,64.55545445473946
1994-04-11,75.8,81.4,75.7,80.73,65.29365204856082,65.17500924462189,64.81353577780368,64.77855163467409
1994-04-18,80.5,81.75,79.3,79.9,65.3798251928171,65.27691229483212,64.99102359218246,64.98712333626479
1994-04-25,80.25,83.5,78.95,83.22,65.48507696159103,65.40108591216892,65.20548213815678,65.23861129024735
1994-05-02,83.45,84.42,81.75,82.12,65.5832181004607,65.51678773976637,65.40447646594318,65.47145803107152
1994-05-09,81.2,81.9,79,80.37,65.67045575178541,65.61957813603097,65.58054144869679,65.67695516167743
1994-05-16,79.5,84.65,79.5,83.8,65.77741471490172,65.74539420429373,65.79488801988859,65.92692819393015
1994-05-23,82.88,84.15,81.4,83.33,65.88096979033003,65.86708697796644,66.00118345494872,66.16697056366904
1994-05-30,83.33,84.4,81.55,81.92,65.97559533728973,65.97817980164832,66.18846364959637,66.38425372830808
1994-06-06,81.9,81.95,79.25,79.8,66.05715524680424,66.07383253658502,66.34859937136582,66.56929850446934
1994-06-13,79.7,80.6,76.51,76.57,66.11917792971396,66.14647037370207,66.4688511434674,66.70723921475252
1994-06-20,76.3,76.45,74.4,75.14,66.17239811891919,66.20870933305362,66.5708646594266,66.823553156618
1994-06-27,75.4,75.7,69.71,70.25,66.19645476718516,66.23667674251345,66.61414860460982,66.87081449238879
1994-07-04,70.3,71.9,68.89,71.78,66.22939603699528,66.27503884118119,66.67492332690853,66.93852739594205
1994-07-11,69.78,71.2,68.15,69.51,66.24875063264723,66.29742611563668,66.70827717012136,66.97399598358423
1994-07-18,70.1,72.25,70.01,72.25,66.28415623363456,66.33862039857345,66.7734739092964,67.04676845277618
1994-07-25,72.4,74.25,70.63,70.95,66.31168333550103,66.37053306017502,66.8226095103635,67.10060612928962
1994-08-01,70.5,71.3,68.95,71.26,66.34087694414114,66.4043702016271,66.87481410435923,67.15797707923045
1994-08-08,70.75,71.2,68.55,68.55,66.35391011851199,66.4192188507508,66.89452217371971,67.17717739537899
1994-08-15,66.55,67.71,65.9,67.31,66.35955076678036,66.42538342617813,66.89941014814653,67.17900943130479
1994-08-22,67.45,68.4,66.47,68,66.36922893334803,66.43628042668901,66.91235826405068,67.19033343914886
1994-08-29,68.08,70.15,68.07,69.04,66.3849856948032,66.45429924726555,66.93738934329714,67.2158460813675
1994-09-05,69.04,71.8,68.35,71.13,66.41297987949463,66.48665703794191,66.98671417455247,67.26983441127967
1994-09-12,70.9,71.9,69.1,69.24,66.42965846427637,66.50571131449594,67.01322341955775,67.29700910905513
1994-09-19,69.3,69.44,68.07,68.81,66.4437017771715,66.5216579489977,67.03436196756294,67.31787794893023
1994-09-26,69,69.32,66.8,67.63,66.45070058674571,66.52932813620187,67.0413694738269,67.32218308066912
1994-10-03,67.25,68.4,66.3,67.45,66.45659615850532,66.53569956778524,67.04617689178188,67.3239460726599
1994-10-10,67.8,69.74,67.12,69.14,66.47242744960559,66.5537224081466,67.07081010481974,67.34899509234734
1994-10-17,69.2,70.1,68.25,69.1,66.48792935255777,66.57134370636011,67.09468292711598,67.37314688417703
1994-10-24,68.85,72.85,68.7,71.95,66.5201539581474,66.6085662412642,67.15180430444403,67.43627589267115
1994-10-31,72,72.95,71.3,71.77,66.55112650116719,66.64428550603054,67.2061360185094,67.49605139759983
1994-11-07,71.7,73.7,71.7,73.07,66.58958593183877,66.68875411844556,67.27512265358575,67.57293344728811
1994-11-14,73,76.94,73,76.07,66.6455175782586,66.75367623527292,67.37859179883769,67.69013436525655
1994-11-21,75.72,76.9,75.21,76.78,66.70530803502405,66.82306255890425,67.4891966012043,67.8155118222875
1994-11-28,77.53,83.36,77.53,82.84,66.80049795812126,66.9339064166281,67.66979428824895,68.0227461419801
1994-12-05,82.7,84.84,80.95,83.7,66.90020003506449,67.0499347459248,67.85838494368132,68.23898412622864
1994-12-12,82.9,85.5,82.45,83.17,66.99618705550658,67.1614922909357,68.03852159140271,68.44492917276342
1994-12-19,82.8,88.18,82.35,88.18,67.12116530296672,67.30694909169047,68.27548016091562,68.71713704624254
1994-12-26,88.71,91.6,88.57,90.35,67.25820857551558,67.4664165720248,68.53518039431661,69.01552136284609
1995-01-02,89.7,90.95,86.41,88.58,67.38400085530606,67.61253133623224,68.7710018014423,69.28537624059993
1995-01-09,88.8,91.6,88.05,90.94,67.52297430158744,67.77396710553167,69.03181354495474,69.58406070624683
1995-01-16,90.55,93.8,88.25,92.33,67.66932843550138,67.94390504943803,69.30590985619057,69.89779779995376
1995-01-23,91.7,94.25,90.9,94.21,67.82591056862528,68.12567733283292,69.59889915200009,70.23313851995441
1995-01-30,94.21,95.25,91.55,92.14,67.96935652397262,68.29186641703477,69.86408857374126,70.53530212657573
1995-02-06,91.05,93.4,89.2,90.99,68.1051715297309,68.44894692625944,70.11262870816783,70.8174358903471
1995-02-13,90.67,95.7,90.5,95.56,68.26714691893602,68.63656667071439,70.41200954689528,71.15871263668714
1995-02-20,95.56,98.5,95.56,98.17,68.44356493121369,68.84095029237034,70.73857414046121,71.53128211756042
1995-02-27,98.3,106.17,98.3,104.17,68.65434035934811,69.08544198584875,71.13188503292638,71.981471329732
1995-03-06,104.8,110.7,104.8,109.6,68.89590767286228,69.36581954996052,71.58445109136254,72.50034758725295
1995-03-13,109.9,110.1,107,107,69.12071057744716,69.62626370532412,72.00110460793475,72.97620486191153
1995-03-20,105.5,107,102.3,102.3,69.31645859763921,69.8523795274326,72.35756220078258,73.38067100174723
1995-03-27,100.5,101.1,95.5,98.15,69.4865679864437,70.04821081097978,72.66100264547926,73.72231691896451
1995-04-03,98.3,104.22,94.22,104.22,69.69148498947354,70.28469378114602,73.03228496729714,74.14297461663396
1995-04-10,106.22,112.22,104.8,112.22,69.94239068275098,70.57490351276438,73.49331690885836,74.66817496674936
1995-04-17,103,107.37,100.15,105.8,70.15394000025688,70.81867580679369,73.87339553346003,75.09757944996662
1995-04-24,104,108.2,102.05,105.56,70.36282530998987,71.059100195674,74.24617911541932,75.51775076789811
1995-05-01,106,106.4,101.51,101.51,70.5465844527038,71.26983306629218,74.56692994935557,75.87626455040986
1995-05-08,99.51,104.29,97.6,104.29,70.74566065062295,71.49834633226939,74.91661312642198,76.268178142818
1995-05-15,103.75,104,99.7,103.84,70.94090749044229,71.72216400471044,75.25688826611113,76.64847913395154
1995-05-22,103.6,113.84,103.6,113.84,71.19399948164912,72.01363691817265,75.7108072276863,77.16146562865566
1995-05-29,112,114.5,106.8,110.75,71.42736821627065,72.2817086350019,76.12303302500764,77.62475575791558
1995-06-05,110.3,114.65,104.75,111.85,71.66584981971448,72.55553764098805,76.54335028353697,78.09682809228916
1995-06-12,110.1,114,79.4,79.9,71.71442887682531,72.60636437011615,76.58284028020124,78.12169942894724
1995-06-19,80.27,83.05,80.27,81.68,71.77322280675554,72.66915769627452,76.64280686514005,78.17077943682382
1995-06-26,81.6,81.8,79.11,79.28,71.81751057780713,72.71490747000273,76.67383266672664,78.18607903079867
1995-07-03,78.8,79.35,75.06,76.13,71.8429529932773,72.73854132834181,76.66743463535339,78.15771932002903
1995-07-10,76.5,78.13,74.1,75.54,71.86476448004262,72.75792858558512,76.65417069846687,78.12161284664933
1995-07-17,75,75.9,73.25,73.99,71.87730274269724,72.76645503135961,76.62282751377903,78.06462508324726
1995-07-24,73.9,75,73.1,74.96,71.8954897471651,72.78163527335713,76.60326483714634,78.02180266830592
1995-07-31,74.32,74.5,70.76,72.27,71.89769924718182,72.77809454482178,76.55228525082697,77.94246745908791
1995-08-07,72.3,73.25,71.2,72.35,71.9003676882014,72.7751319528161,76.50284660081724,77.86532997689359
1995-08-14,72.8,78.55,72.8,78.55,71.93959855729756,72.8150964375717,76.52693075845468,77.87477370135024
1995-08-21,80.55,83.55,77.9,79.72,71.98550063070583,72.86288123731168,76.56449627894345,77.90022509857299
1995-08-28,80,85.77,79.7,85.67,72.06623514025918,72.95151181698427,76.67161985213235,78.0073944075582
1995-09-04,84.7,85.24,79.05,79.95,72.11274702733729,72.99994426115738,76.71018903034256,78.03418896745394
1995-09-11,79.95,88.89,79.4,88.89,72.21172787083383,73.1099100448172,76.85348092410324,78.18392429204079
1995-09-18,90.39,94.65,87.2,91.67,72.32652593649263,73.23835357391881,77.02779291323144,78.36993912939195
1995-09-25,91.25,91.4,87.6,89.59,72.42837534099709,73.35151375679827,77.17558358484048,78.5246985896762
1995-10-02,91.59,92.56,85.75,85.9,72.50785395255463,73.43835449204533,77.27822377796001,78.62642688499102
1995-10-09,85.5,88.3,82.69,84.86,72.58072797053366,73.51739702151215,77.36742114527813,78.71240720381873
1995-10-16,83.75,84.6,81.16,83.48,72.64503046038301,73.58634237084425,77.43933383768662,78.7781671044557
1995-10-23,83.7,84.95,82.15,84.35,72.71408632787337,73.66083135097682,77.52063579253736,78.85501997198045
1995-10-30,84.55,86.35,84.3,85.45,72.78922446163223,73.74241729318459,77.61392243027221,78.94598521374624
1995-11-06,85.6,87.25,82.51,84.31,72.85719363884974,73.81554935343937,77.69269981344549,79.01997162459112
1995-11-13,83.1,88.64,83.1,85.3,72.93060252593617,73.8950265205436,77.78219746269907,79.10659270563124
1995-11-20,85.15,87.3,84.92,86.88,73.01289985616663,73.98488792870593,77.88923043372614,79.21381211658806
1995-11-27,86.3,86.7,83.33,85.83,73.08851696615974,74.06686102262492,77.98265125215289,79.30506988049719
1995-12-04,85.85,87,84.2,86.1,73.16528087786382,74.15013534080745,78.0781494727158,79.39879305455929
1995-12-11,85.95,86.6,84.25,84.84,73.23415827681448,74.22411364294719,78.15770065538973,79.47384418484123
1995-12-18,84.35,84.9,80.06,81.1,73.28056442267399,74.27169763157731,78.1923159417969,79.49627392022272
1995-12-25,80.3,81.85,80,81.05,73.32640180071131,74.31860629848681,78.22593575424635,79.51770462477137
1996-01-01,80.65,84.15,80.3,83.63,73.38718999067761,74.38304500922393,78.28951298066698,79.57442594029176
1996-01-08,83.75,85.63,82.3,82.65,73.44183783734029,74.44025577040577,78.34081282795326,79.61684765146015
1996-01-15,82.4,84.6,81.95,84.5,73.50707773210524,74.509873377531,78.41327385350675,79.68420147695726
1996-01-22,84.55,88.4,84,87.5,73.58963184578015,74.59977044758269,78.52017651405373,79.79200559451647
1996-01-29,87.6,88.8,85.3,85.6,73.66048947500859,74.67589660365478,78.60346855506486,79.8721158621783
1996-02-05,85.4,87,83.75,85.38,73.7296311300233,74.7499734437679,78.68319245441704,79.9480866778724
1996-02-12,84.7,86.65,83.4,85.83,73.80101973692581,74.82665182824009,78.7672725431886,80.0292165167983
1996-02-19,85.8,86.1,83.02,84.43,73.86372758508554,74.89311098513808,78.83389286620991,80.08991697863557
1996-02-26,84.2,85.1,83,83.25,73.91910382352161,74.95094412710944,78.88584706778391,80.13350433065439
1996-03-04,83.3,84.25,82.3,83.71,73.97686722279286,75.01156043072805,78.94260180816292,80.18283530540398
1996-03-11,83.9,85.35,82.75,84.29,74.03771166395633,75.07577108518669,79.0055123751257,80.23948585291565
1996-03-18,84.7,85.7,83.85,84.69,74.10055702287104,75.14230554134457,79.07238870012422,80.3008722549444
1996-03-25,84.55,85.15,83.05,83.56,74.15636494603994,75.20055948223492,79.12518412718158,80.34582574108309
1996-04-01,83.5,88.4,83.5,87.55,74.23538344193351,75.28602273841322,79.22429960803827,80.44519366189574
1996-04-08,87.35,88.7,85.87,85.99,74.30473221218759,75.36009870562144,79.30389608323782,80.52167374931787
1996-04-15,86.04,86.75,83.8,85.34,74.36983703689445,75.42916376648219,79.37490907049384,80.58813342174108
1996-04-22,85.2,86.65,84.45,85.64,74.43632767384493,75.49982699301172,79.44861602260568,80.65781434006189
1996-04-29,84.95,88,84.2,86.14,74.50537588815853,75.573461408285,79.52733818704561,80.73343069399208
1996-05-06,86.5,87.2,82.44,82.75,74.55401673837588,75.62312603521728,79.56525185543332,80.76124544304047
1996-05-13,82.65,83.5,80.55,81.2,74.59322607915242,75.66172031871059,79.58448418654586,80.76729723003301
1996-05-20,81.35,83.2,80.75,82.55,74.64016869815447,75.70939007429045,79.61937260788062,80.79188623375668
1996-05-27,80.6,81.7,77.55,79.28,74.66754233415355,75.73410017758256,79.61537998896438,80.77103263053246
1996-06-03,79.4,82.7,79.2,81.95,74.71050668616445,75.77711678535016,79.64284610674127,80.78729424942166
1996-06-10,82.2,82.64,76.17,76.9,74.72342405084784,75.78488760344462,79.6105773290149,80.73367639770551
1996-06-17,77.24,77.5,75.65,75.88,74.73024750777499,75.78554582072182,79.56668818396767,80.6667291370475
1996-06-24,76.1,76.45,72.63,73.13,74.72080651952854,75.76716834099365,79.49096244062687,80.56277425239857
1996-07-01,72.5,73.8,72.15,72.84,74.70971031587351,75.74691112064075,79.41271582367833,80.45625322822755
1996-07-08,73.3,74.5,72.2,74.18,74.70658518126659,75.73606744506537,79.35115446104682,80.36968421818304
1996-07-15,73,74.6,72.6,74.02,74.70253453122962,75.72419154579157,79.28843499679921,80.28210236689776
1996-07-22,74.25,75,72.3,72.95,74.6921950944672,75.70499298838125,79.21386517330745,80.1809699204578
1996-07-29,72.95,74.39,72.3,72.95,74.6819166573317,75.68592729295993,79.14017264185678,80.08123240431355
1996-08-05,72.85,73.6,70.5,70.88,74.65948647056278,75.65266828055191,79.04299414018787,79.95431885390923
1996-08-12,73.88,75.38,73,73.04,74.64993197811108,75.63458753120553,78.97237067971507,79.8589489386829
1996-08-19,72.55,76,72.3,74.95,74.65170229092459,75.62984990123178,78.92504867171843,79.79123929814935
1996-08-26,74.8,77.34,74.35,76.34,74.66166274938521,75.63476443478727,78.8946363344041,79.74363599748521
1996-09-02,76.65,77.75,73.6,74.18,74.65882108124725,75.62469686084411,78.83917002458757,79.66689619062335
1996-09-09,73.5,76.5,72.6,75.85,74.66584868548769,75.62625605211855,78.80400331841595,79.61424934661476
1996-09-16,75.85,76.4,73.7,75.39,74.67012096462935,75.62462106213849,78.76383857349342,79.55598383838559
1996-09-23,75.75,77.9,75.52,76.19,74.67908780259614,75.62853371914791,78.73355811968761,79.50955647509751
1996-09-30,75.8,78.1,75.3,76.73,74.69118757957197,75.63615632316765,78.70998684769128,79.47121776509617
1996-10-07,77.1,77.74,72.9,73.2,74.68239001273083,75.61929710985854,78.64516347301256,79.38471820971553
1996-10-14,73.5,74.4,71.5,71.65,74.66449980616605,75.59182792570726,78.56286743215358,79.27803244130565
1996-10-21,72,73.5,71.15,72.54,74.65196588400578,75.57070800926638,78.4920101682459,79.1850940628049
1996-10-28,72.85,73.45,71.81,72.47,74.6390929289379,75.54924982235104,78.42116298979595,79.09247207573172
1996-11-04,72.05,72.6,71.1,71.31,74.61945226269047,75.51991245333824,78.33750224873953,78.98512763330784
1996-11-11,70.75,73.7,69.9,73.42,74.61237584816132,75.50538018722517,78.2796492811073,78.90836725215877
1996-11-18,73.8,75.9,73.75,75.1,74.61525268681524,75.50257478800562,78.24224164250603,78.85583804868071
1996-11-25,74.9,76.13,74.75,76.07,74.62383526683404,75.5065016060817,78.21668585847655,78.81741269628512
1996-12-02,75.9,76.59,74.65,76.11,74.63260320036304,75.51067806555518,78.19190131896507,78.78006907288808
1996-12-09,76.09,76.78,75.3,76.1,74.64126040862048,75.5147564180427,78.16729071521253,78.74310260291722
1996-12-16,75.8,76.3,74.92,76,74.64927657140149,75.51811450511507,78.1417931773865,78.70526670494594
1996-12-23,76,76.05,75.02,75.07,74.65175871552302,75.51501336667137,78.10565443412314,78.65512509522254
1996-12-30,74.9,75.85,74,74.08,74.64838550776182,75.5050824783207,78.05829379372169,78.59201992149534
1997-01-06,74.35,74.8,73.5,73.77,74.6432032923768,75.49307498712125,78.00784327850144,78.5255093018885
1997-01-13,73.6,74.7,73.4,74.08,74.63988055908844,75.48329592146644,77.9616333575779,78.46419193220729
1997-01-20,74.15,75.29,72.88,74.6,74.63964527555399,75.47718314692341,77.92208472984169,78.41089273314236
1997-01-27,74.65,75.5,74.3,74.95,74.64147627687815,75.47353482064712,77.88711902713767,78.36315628165075
1997-02-03,75.2,75.35,74.25,74.58,74.64111358497917,75.46735118867032,77.84821174446546,78.31097481569694
1997-02-10,74.9,75.22,72.9,74.85,74.64234595320937,75.46307886210514,77.8129386651188,78.26323723203215
1997-02-17,75.1,76.1,73,75.15,74.64534096233498,75.46091222638123,77.78160997494093,78.22029602883171
1997-02-24,75.15,76.45,75.15,75.63,74.65115016019732,75.46208238398413,77.75629691641221,78.18456780774437
1997-03-03,75.8,77.15,74.5,76.92,74.66453570497491,75.47217177925067,77.7464581291603,78.1671254931548
1997-03-10,76.9,78.25,75.15,75.61,74.67011366541753,75.47312560776797,77.72132332764077,78.1318547966975
1997-03-17,75.5,75.85,73.1,73.35,74.66232538420563,75.45843269698757,77.66989599437441,78.06589817881202
1997-03-24,73.6,74.2,72,72.83,74.65151520494778,75.44024285133368,77.61295604149942,77.99367889358703
1997-03-31,72.1,73.05,71.05,73,74.64177175241122,75.42335535755282,77.55868597042296,77.92480056402032
1997-04-07,73.45,73.5,70.9,71.69,74.62435716980112,75.3975189882964,77.48964260606503,77.83880331486141
1997-04-14,71.9,73.2,71.1,72.52,74.61194208325361,75.37760536207982,77.43117622246427,77.76544051051849
1997-04-21,72.4,73.7,72.05,73.49,74.60532295591878,75.36454234919346,77.38480944337645,77.70646891726996
1997-04-28,73.7,73.75,72.15,72.4,74.59231220101661,75.3440264851852,77.32616462639555,77.63327624254899
1997-05-05,72.8,72.95,71,71.98,74.57690032962418,75.32074602508011,77.26326857196737,77.55530001851383
1997-05-12,72.05,73.45,72,73.04,74.56783307104233,75.30496231556398,77.213583059356,77.49302001825848
1997-05-19,73.04,73.3,72.1,72.31,74.55451252195063,75.28423593275731,77.15589384689298,77.42153008697215
1997-05-26,72.6,73.65,72.3,72.45,74.54209651887128,75.26462184325726,77.10053038987071,77.35295725818634
1997-06-02,72.8,73.9,72.15,72.37,74.52928179014637,75.24458985818282,77.04487709116636,77.28422681324584
1997-06-09,72.3,73.9,71.9,73.15,74.5211444344523,75.2300944266383,76.99905500774086,77.2272029951321
1997-06-16,76.1,76.25,74.8,75.68,74.52798134044373,75.23320796001796,76.98353671353215,77.20586226416476
1997-06-23,75.7,77.65,74.97,77.4,74.54492540333197,75.24820306064068,76.98843628160824,77.20854002603835
1997-06-30,77.15,77.39,75.61,75.8,74.55232997322382,75.25202172458089,76.9744546782952,77.18911188774817
1997-07-07,76.05,76.05,73.35,73.35,74.54523658105141,75.23885894447999,76.93181403502115,77.13615862033095
1997-07-14,73.52,75.45,73.2,74.86,74.54709359237265,75.23623708327251,76.9074397522562,77.10476332901604
1997-07-21,74.5,75.9,74.2,75.6,74.55330542958579,75.2387544736997,76.89205810811201,77.08400797275375
1997-07-28,75.7,75.7,74.51,75.12,74.55664876038469,75.23793264343188,76.87121036566363,77.05691820761233
1997-08-04,75.01,75.69,73.71,74.31,74.55519360545617,75.23151096423858,76.84107847900876,77.01902968061077
1997-08-11,74.1,74.95,73.5,74.58,74.55533995586646,75.22700223784247,76.8144775557263,76.9853878919127
1997-08-18,74.45,74.5,73.45,73.82,74.55100166704129,75.21726519813421,76.77924840801187,76.94172736926562
1997-08-25,73.7,74.1,72.4,72.93,74.54143823537733,75.20143637323363,76.73396313262349,76.88639319865506
1997-09-01,73.25,73.73,72.3,72.61,74.5300433195344,75.18350255750191,76.6854459192985,76.8274084648805
1997-09-08,72.65,74.15,72.32,73.91,74.52638524685278,75.17468939101401,76.65279361436558,76.78716834812353
1997-09-15,73.7,74,73,73.43,74.51991689731383,75.16261541598969,76.61487839537304,76.74086257780458
1997-09-22,73.53,74.7,72.67,73.24,74.51236576517628,75.14931011899323,76.57517394366278,76.69257481811073
1997-09-29,73.1,73.15,71.4,71.84,74.49659959547023,75.12640831886179,76.5194660149138,76.62564275165403
1997-10-06,71.8,71.85,70.8,71.64,74.47974650051171,75.10228092565167,76.46206053238541,76.55687526542431
1997-10-13,71.75,72.12,71.06,71.63,74.46293383679188,75.07825129986861,76.40521276141617,76.48891836521156
1997-10-20,71.6,72.75,70.86,72.13,74.44917021533588,75.05784817668614,76.35491614069362,76.42879535327761
1997-10-27,72.2,72.5,71.11,72.32,74.43660873913922,75.0389011304807,76.3074465390384,76.37212231392205
1997-11-03,72.35,72.85,71.85,72.07,74.42264644569296,75.01835510189605,76.25759422681442,76.31278269579899
1997-11-10,71,72.4,69.65,72.01,74.4084125433585,74.99753603544694,76.20762253002837,76.25343396896038
1997-11-17,72.01,72.25,71.01,71.22,74.38960184988736,74.97139391755458,76.14894461791039,76.18400729352645
1997-11-24,71.1,71.8,70.65,70.73,74.36801127850158,74.94204171051268,76.08519232828792,76.10877960671918
1997-12-01,70.68,70.68,68.2,68.83,74.33533864559007,74.89974384400395,75.99983712442571,76.0083826466265
1997-12-08,68.6,69,66.9,66.95,74.29176732614707,74.84472831567174,75.89336845237364,75.88343943770751
1997-12-15,66.65,68.05,65.75,67.3,74.25051796139104,74.79251566296813,75.79226999999277,75.7650471696012
1997-12-22,67.65,68.34,67.12,67.57,74.2111048760731,74.74253285561194,75.69553741175756,75.65201203622739
1997-12-29,67.9,68.25,66.71,67.11,74.16921045202547,74.68971255903331,75.5945310892663,75.53419118055528
1998-01-05,66.98,68.9,65.3,66.04,74.1212505083557,74.62985295654865,75.48212484115729,75.40323681944417
1998-01-12,65.9,66.4,65.2,66.18,74.07439947290817,74.57137646549987,75.37268807832014,75.27601975986563
1998-01-19,66.2,66.7,64.65,64.77,74.01950626067863,74.50354687058291,75.24795057151637,75.13110914248817
1998-01-26,64.5,66.4,64.49,66.32,73.97408144498141,74.44691332822593,75.1429158589103,75.00957660259178
1998-02-02,67.15,67.55,66.1,66.37,73.92921960754789,74.39101773425897,75.0397050840996,74.89041002876293
1998-02-09,66.8,68,66.6,67.67,73.89229205824083,74.34450550080389,74.95300267134549,74.79081816629723
1998-02-16,67.35,67.38,65.23,65.54,73.84301599890017,74.2835746668883,74.8422614634473,74.6632206743483
1998-02-23,65.8,67.45,65.4,66.61,73.8003433381397,74.23047034393406,74.74541132858322,74.55214176849522
1998-03-02,66.89,68.44,66.75,68.39,73.76842390841615,74.19005186404524,74.67064178354106,74.46714670961943
1998-03-09,68.35,70.95,67.65,70.92,73.75161904759953,74.16742174733905,74.62651658608763,74.41822054810744
1998-03-16,70.5,70.74,68.91,69.37,73.7257687877317,74.13422159683843,74.5646752144866,74.34858991985769
1998-03-23,69.45,70.1,68.65,69.84,73.70284389812856,74.10450380032051,74.50909080019852,74.28640247268724
1998-03-30,70.15,70.38,65.5,65.56,73.65480352114845,74.04537228613144,74.40380737901971,74.16603830065017
1998-04-06,64.53,64.9,60.5,62.4,73.58840350037471,73.96478147446271,74.26258611573712,74.00374811719293
1998-04-13,62.39,65.3,62.09,63.78,73.53053681305687,73.89429855768442,74.13926157319904,73.86273090178337
1998-04-20,63.65,65.1,63.2,64.46,73.4770233215344,73.82900929430944,74.025387907632,73.73303806175876
1998-04-27,64,66.1,63.95,65.16,73.42795533733656,73.76901615040418,73.92108922636574,73.61478926090692
1998-05-04,64.85,65.95,64,65.66,73.38212669227852,73.71289839157785,73.82389994134967,73.505068029722
1998-05-11,65.59,66.7,65.1,66.28,73.3402262398167,73.66145964838354,73.73514817733378,73.40541191896722
1998-05-18,66.15,69,65.3,67.99,73.30866148323962,73.62221079268538,73.66755819877692,73.33071658215388
1998-05-25,66.9,70.75,66.5,70.59,73.29262218245354,73.60122663495054,73.63135163173249,73.29291359481383
1998-06-01,71.1,74.5,71,73.27,73.29248871825028,73.59893440910312,73.62710043606505,73.29259754523018
1998-06-08,73.8,76.27,71.5,73.94,73.29630884380633,73.60129472461107,73.63078160740547,73.30152723426148
1998-06-15,73.81,76.25,73.5,76.06,73.31261380637974,73.61830998603244,73.65936064731834,73.33957513447857
1998-06-22,76.4,77.65,75.5,76.64,73.33224440339225,73.63922133561007,73.694426992644,73.38509823607197
1998-06-29,77.34,78.1,76.1,76.93,73.3534701001274,73.66199489038094,73.73249255743642,73.4339934328158
1998-07-06,76.8,77.55,74,75.44,73.3657800110411,73.67429942401152,73.75258088029011,73.46166248891488
1998-07-13,73.8,74.9,71.8,74.08,73.3699936982916,73.67710704045435,73.75643286993376,73.47019128217123
1998-07-20,74.1,74.6,71.88,72.28,73.36356305700374,73.66743847962076,73.73906307146395,73.45377485069301
1998-07-27,72.07,72.6,70.9,71.11,73.35026769973528,73.64973994342961,73.70813291768202,73.42144692171793
1998-08-03,70.7,73.45,69.3,72.89,73.34755225607903,73.64448222755813,73.69850782453283,73.4141166193494
1998-08-10,72.9,73.87,69.1,73.85,73.35051654955349,73.64590449587952,73.70029008542068,73.4201288039101
1998-08-17,74.1,75.15,73.6,74.62,73.35800612743223,73.65264564123676,73.71111020206278,73.43667875144237
1998-08-24,74.6,76.2,72,72.38,73.35223617977776,73.64383840496522,73.69545008203852,73.42210387211213
1998-08-31,72.1,75,71.3,74.45,73.35871266249293,73.64941737794125,73.70432713989689,73.43628174973817
1998-09-07,75.4,75.5,73.7,73.94,73.36214208631303,73.65142833034304,73.70709976178046,73.44322958767282
1998-09-14,73.62,75.84,73.62,75.8,73.37652472887166,73.66629733843754,73.73172211752421,73.47573676577389
1998-09-21,75.9,76.84,73.8,74.31,73.38203195760988,73.67075202813695,73.7385253867298,73.48724384486667
1998-09-28,74.75,74.84,71.8,73.21,73.38101701980688,73.66756343278652,73.73230744100357,73.48341979183402
1998-10-05,73.4,75.45,72.1,72.68,73.37688122617969,73.6607290837707,73.71992735346235,73.47233813953287
1998-10-12,72.56,72.95,68,68.03,73.34533620419633,73.62176210049202,73.65298703165692,73.3972714065738
1998-10-19,68,69.28,66.85,68.12,73.31450826198868,73.58368762228793,73.5878930665786,73.32448145613829
1998-10-26,68.45,68.8,66.55,67.77,73.2817972987911,73.54345448995376,73.51944726579532,73.24786791881225
1998-11-02,67.95,68.8,67.3,68.12,73.25134421738231,73.50592193292985,73.45592435678597,73.17713870613898
1998-11-09,68.65,69.89,66.5,68.02,73.22048082966914,73.46795707526252,73.39197230552966,73.1060057584681
1998-11-16,66.7,66.7,63,63.47,73.16295586902213,73.39876706090084,73.27524321958225,72.97309533421337
1998-11-23,63.5,64.15,62.6,64,73.10889713233173,73.33372369023716,73.16612271111657,72.84932850201733
1998-11-30,64.55,65,63,63.6,73.05279744423538,73.26636228061615,73.05358009098579,72.72175155716192
1998-12-07,63.61,64.1,60.85,61.56,72.98499332952012,73.18534939286103,72.91836150168008,72.56779636327003
1998-12-14,61.85,62.6,60.35,62.17,72.92118805913947,73.10911860121493,72.7919101898956,72.42437848239734
1998-12-21,62.16,62.17,59.46,59.94,72.84460287884956,73.0179828323484,72.64071124648507,72.25218015850221
1998-12-28,59.65,61.15,59.45,60.36,72.77094740463805,72.93038433523871,72.49623229064407,72.08815008735046
1999-01-04,60.15,60.46,58.5,59.29,72.69141379163133,72.83598721181146,72.34086485193062,71.91162387924908
1999-01-11,59.3,60.5,58.3,59.53,72.61376533268366,72.74390425532833,72.19014879484908,71.74084286022496
1999-01-18,59.65,59.9,58.5,58.54,72.53073426877401,72.64560734006655,72.02955880902732,71.55876226904944
1999-01-25,58.45,61.5,57.35,60.68,72.46081843238007,72.56280036885501,71.89603458774465,71.40871037568324
1999-02-01,60.8,61.25,58.5,59.41,72.38382245342797,72.47177752893214,71.74914006318295,71.24321092222554
1999-02-08,60,60.8,56,57.41,72.29548131800951,72.36754377440666,71.58044429773373,71.05240801295346
1999-02-15,57.45,58.6,56.91,57.43,72.20777936333099,72.26416976904744,71.41396848246627,70.86451273001617
1999-02-22,57.4,59.47,56.4,57.69,72.12212874761812,72.16331046268725,71.25251002973138,70.68279531305043
1999-03-01,58,63.3,57.45,62.73,72.06671795854663,72.09802803733993,71.1522452058522,70.57310158459457
1999-03-08,62.65,63.65,60.6,61.16,72.00237153991213,72.0223323415798,71.034689379901,70.44326570066913
1999-03-15,60.8,61.75,60.2,60.96,71.93722480516338,71.94577640842007,70.9161636224904,70.31246203583231
1999-03-22,61.5,63,61.1,61.29,71.8744093195872,71.87203401112997,70.8029146386964,70.18801428361394
1999-03-29,60.75,60.9,58.6,59.85,71.80346885162504,71.78883654392492,70.67405681941761,70.0454209831503
1999-04-05,60.05,62.5,59.25,61.21,71.74097051031752,71.71562660244447,70.56271497448328,69.92355310752063
1999-04-12,60.95,61.4,58.4,58.49,71.6627936931475,71.6240997747459,70.420683033607,69.76584892672724
1999-04-19,58.7,60.74,57.4,59.64,71.59186275690475,71.54116482820787,70.29385146850575,69.62618204497929
1999-04-26,59.35,62.5,59,61.71,71.53356268164278,71.4731290854521,70.19286498064098,69.5169933271175
1999-05-03,61.07,61.2,58.45,60.29,71.46722897850624,71.39573718866697,70.07636068675109,69.38972445364003
1999-05-10,60.25,60.65,57.05,57.74,71.38624237686314,71.3012338171191,69.93122703161283,69.22903859910706
1999-05-17,57.5,58.65,56.8,57.58,71.30478961947752,71.20627718170651,69.78591847829975,69.06836220463661
1999-05-24,57.3,58.1,56.25,57.74,71.22476136213547,71.11308495207533,69.64420179031976,68.91210893284853
1999-05-31,57.6,58.7,56.9,57.53,71.14396630985148,71.01908436417169,69.50168176925717,68.7551143268782
1999-06-07,57.74,58.4,55.35,55.58,71.05214349976386,70.91223948967915,69.33789727785415,68.5733886120247
1999-06-14,55.8,56.7,55.02,56.05,70.96363527852631,70.80938662123846,69.18156907458528,68.40065221737608
1999-06-21,56,56.3,55.19,55.57,70.87281737127837,70.7039237380465,69.02143296782546,68.22367770403297
1999-06-28,55.3,55.45,52.75,52.93,70.76696004165431,70.58092080560327,68.8321219917334,68.01273042535665
1999-07-05,52.7,53.3,50.56,50.61,70.64803992341447,70.44271374120463,68.6177440859483,67.77269276431724
1999-07-12,50.4,50.5,49.27,50.48,70.52905443714064,70.3045634730994,68.40435886140773,67.53417286411977
1999-07-19,50.75,52.75,50.4,52.4,70.42209836376519,70.18065645944473,68.21607228656764,67.32542565220088
1999-07-26,52,53.15,50.6,53.11,70.31996209023265,70.06252042858353,68.03835378907861,67.12935081561879
1999-08-02,53.29,53.47,51.62,52.99,70.21772042598349,69.94437149828191,67.86131433273651,66.93432528712749
1999-08-09,53.25,54.45,52.25,53.89,70.1213916919069,69.83326858133879,67.69694592882196,66.75440355902919
1999-08-16,54.15,55,53.45,53.48,70.02321238988975,69.72009717247138,67.52968774142406,66.57130833752534
1999-08-23,52.8,52.85,51,51.06,69.91133503065736,69.59096155190065,67.33592670917201,66.35735925700774
1999-08-30,50.7,51.7,50.05,51.64,69.80353954375082,69.46673344427504,67.15126874788764,66.1543611982904
1999-09-06,51.7,54,51.65,53.87,69.70953636060185,69.35879757268836,66.99501852732426,65.9849217334864
1999-09-13,54.2,55.45,52.1,53.59,69.61443585109977,69.24967094588774,66.8373124270028,65.81395729578314
1999-09-20,53.89,54.25,52.3,53.07,69.51682855994284,69.13770090473973,66.67534404550865,65.63817857446199
1999-09-27,53.1,54.3,52.15,52.7,69.41761423215556,69.023945189136,66.51092823320855,65.45972093895217
1999-10-04,52.5,54.4,50.8,53.53,69.3238819947977,68.91672065495513,66.35821143046492,65.29517306393214
1999-10-11,53.54,55.2,52.95,54.23,69.23483254350096,68.81508244973053,66.2155265901065,65.14254998718825
1999-10-18,54.39,54.7,52.6,53.37,69.1412347113859,68.70819606599537,66.06440274786996,64.98016998736496
1999-10-25,53.2,53.78,52.21,52.27,69.04169940335413,68.59443692367014,65.90211565671855,64.80485729788407
1999-11-01,52.27,52.55,51.05,51.11,68.93590766646119,68.47343736018453,65.72809076663951,64.61596271446498
1999-11-08,51.1,51.55,49.86,50.68,68.82820319645256,68.35029938537357,65.55105440467905,64.42374253909306
1999-11-15,50.8,52.1,49.96,51,68.72302205665048,68.23022810935022,65.37986552932989,64.23858746958832
1999-11-22,51.2,52.19,51,51.51,68.62147030410387,68.11451718817825,65.21669064074953,64.06302074586986
1999-11-29,51.6,51.65,49.78,49.9,68.51101915186726,67.98846516611474,65.03649428027013,63.867668735582
1999-12-06,50.2,50.65,49.51,49.95,68.40151461409813,67.86363149714508,64.85900611226695,63.67570089095328
1999-12-13,49.8,50.3,48.79,49.15,68.28793635678782,67.73412539681881,64.67419427565204,63.475346395905646
1999-12-20,48.95,49.9,48.6,49.74,68.17850900365043,67.60959857746366,64.49849787240908,63.28589334216902
1999-12-27,49.93,51,48.8,50.74,68.07562694463185,67.49285395062999,64.3366331915572,63.11284653744944
2000-01-03,50.43,54.05,50.25,53.96,67.99234890956028,67.39920098211353,64.21455515400946,62.98660037831221
2000-01-10,53.85,55.85,53.2,55.12,67.91640584814694,67.31422381268713,64.1075603874917,62.878095545507904
2000-01-18,55,58.6,54.26,56.15,67.84698752455905,67.23696274823946,64.0139420299918,62.78529422763883
2000-01-24,56.3,58.75,55.85,57.45,67.78564836512213,67.16923290223089,63.93671918258013,62.711703962430015
2000-01-31,56.9,57.9,55.21,56.08,67.71658849276153,67.09249080602167,63.84428719219683,62.620232183637874
2000-02-07,55.85,57.8,55.05,56.97,67.65318679073934,67.02243896653363,63.76341322522981,62.54229794662218
2000-02-14,58.8,61,57,59.75,67.60656031999751,66.97211066918737,63.71619659905064,62.50378349218601
2000-02-22,60.1,61.5,58.8,58.88,67.55507618831611,66.91610990331064,63.65930016847357,62.45380027160413
2000-02-28,58.9,61.53,58.15,61.06,67.51675715475672,66.875583191177,63.628720166491526,62.43457544027166
2000-03-06,61.4,63.75,60.65,63.6,67.49364944292924,66.8529147953903,63.628382282179864,62.45065026178515
2000-03-13,63,63.95,62.26,62.69,67.4653093282217,66.82410569646026,63.61734249062481,62.453951637484664
2000-03-20,62.15,62.31,58.5,58.81,67.41424555637377,66.76864475738442,63.560785520146865,62.40369023558832
2000-03-27,59.05,59.6,57.51,58.14,67.35953024335682,66.70893095283505,63.49701157285102,62.344880715097446
2000-04-03,57.5,58.5,55.51,56.29,67.29422328026916,66.63682762444172,63.412223201405716,62.26136511902714
2000-04-10,56.15,59.25,53.5,58.22,67.24068803967761,66.57857968240407,63.35113822256565,62.20562215186815
2000-04-17,58.15,59.19,57.3,57.92,67.185698729709,66.51865871574384,63.287242478770764,62.14651012218721
2000-04-24,58.2,58.48,55.4,55.81,67.11858546286706,66.444550350929,63.19927492019699,62.05910998257083
2000-05-01,56,59.2,55.2,58.86,67.06986224479705,66.39206211320631,63.1482246270182,62.01498432763882
2000-05-08,58.7,62.47,58.3,62.23,67.04130848524072,66.36325891519104,63.1374219843474,62.0179500610507
2000-05-15,62.4,62.9,61.25,61.3,67.00743645877913,66.32821906110667,63.11580525511978,62.00804730158793
2000-05-22,61.8,64.15,61,63.22,66.98509170091022,66.30670889459381,63.11703107564778,62.024763890531545
2000-05-30,63.22,63.32,58.75,58.99,66.93792301830898,66.2560742309634,63.068477768875454,61.98290507824835
2000-06-05,58.8,59.25,57.4,58.39,66.88749279401218,66.20163773109515,63.01343685394751,61.933347766824234
2000-06-12,57.75,61.75,56.15,61.01,66.85281732030118,66.16570944229863,62.98986700860695,61.920611935557694
2000-06-19,60.51,61.2,60.05,60.28,66.81403963699557,66.12497788906474,62.9579862202704,61.89798280541207
2000-06-26,59.85,60.05,56.6,56.76,66.7547237689307,66.06016835350027,62.885068735326044,61.82711407706156
2000-07-03,56.7,57.8,56.05,57.74,66.70153955790457,66.00258933375287,62.824538514910444,61.770740089791744
2000-07-10,57.21,59.88,57,59.49,66.65899360181074,65.95751951137396,62.785308650029144,61.739281605794616
2000-07-17,59.7,63.5,59.7,61.36,66.627731102685,65.92570276735061,62.768540312969975,61.73405013536986
2000-07-24,62,63.65,59.8,60.86,66.59370319057477,65.89064600079456,62.74608689752327,61.72199427143373
2000-07-31,60.45,62,59.8,60.66,66.55869609210531,65.85444775857452,62.72154469872888,61.70734607458637
2000-08-07,61.21,64.6,61.2,63.73,66.54200761958552,65.83974569796155,62.73340887874383,61.73524474941966
2000-08-14,64.23,65.5,63.65,65.35,66.53497512625464,65.83635645437704,62.76419230369979,61.78510344253111
2000-08-21,65.5,66.95,65.4,66.73,66.53612571548027,65.84254083877582,62.81084886483273,61.8533089122893
2000-08-28,66.45,67.31,64.55,65.56,66.53036686170162,65.84058553885349,62.84319181936411,61.904435685912894
2000-09-05,65.8,67.05,65.65,66.47,66.53001071502491,65.84494134827318,62.885860150901,61.967408986796855
2000-09-11,66.35,66.85,63.42,64.45,66.51773926537875,65.83528777492873,62.90426179618452,62.001651621461725
2000-09-18,64,64.45,62.65,63.54,66.50017148210217,65.81940343046556,62.91174106917059,62.02287021978639
2000-09-25,64,64.2,62.14,62.53,66.4767486414998,65.79663939288447,62.90724999776858,62.02986511330658
2000-10-02,62.3,64.45,62.2,64.18,66.46319850202192,65.78545157701676,62.9222235272066,62.059522146226485
2000-10-09,64.45,66.8,63.02,63.12,66.44347461705425,65.7670055453419,62.924550309239464,62.07414942696819
2000-10-16,62.9,63.3,61.8,62.92,66.42268715618667,65.7473030848205,62.924496776189585,62.0858163314238
2000-10-23,63.05,63.6,62.3,63.14,66.40332027030946,65.72925946485634,62.927032108234414,62.10035679581795
2000-10-30,62.8,64.15,62.45,63.75,66.38766646340498,65.7155621675217,62.93671408343165,62.12311049518598
2000-11-06,64.05,65.95,64.05,65.4,66.38183952261794,65.71337834629317,62.96569391774422,62.168308971114456
2000-11-13,65.3,68.5,64.8,67.92,66.39091421569984,65.7286490843811,63.02397987165311,62.2476426404784
2000-11-20,68.1,68.8,66.9,68.08,66.40087932357181,65.74492140905667,63.08346246139837,62.32808894888559
2000-11-27,68.5,69.25,67.46,67.57,66.40777679068938,65.7575517107241,63.13624525597015,62.40039117028027
2000-12-04,67.7,68,66.8,67.13,66.41203769457913,65.76704962276061,63.183230605899915,62.465627154138474
2000-12-11,67.15,67.5,64.95,65.37,66.40588997956687,65.76430187450622,63.208957304654035,62.50568746925381
2000-12-18,65.6,66.2,64.05,64.31,66.39352484694405,65.75423750167226,63.22191074812869,62.53057453864341
2000-12-26,64.1,64.2,62.25,62.28,66.36925626377624,65.73019433557073,63.210829445209534,62.52711833811039
2001-01-02,61.78,61.8,59.1,59.42,66.32825770174806,65.68652517061868,63.16623145173648,62.4842615334468
2001-01-08,59.55,61.5,59.35,61.12,66.29753051766694,65.65492292030298,63.14215814053958,62.46544413298546
2001-01-16,61.22,61.6,59.82,60.63,66.26409375945062,65.6201483672213,63.112603338886174,62.44012766218566
2001-01-22,60.4,62.1,58.25,61.25,66.23451208535356,65.58990512592565,63.09069035842869,62.42371210822448
2001-01-29,61.4,62.2,58.9,59.76,66.19631437393554,65.5495597617324,63.051505765976586,62.386971251559316
2001-02-05,60.1,60.5,57.1,58.37,66.15014142777662,65.49987422704913,62.996429227553335,62.33156475153781
2001-02-12,58.4,59.8,56.1,57.56,66.09946212731776,65.44492700056436,62.93247123664094,62.2657500653097
2001-02-20,57.6,57.6,54.65,55.4,66.0363384569501,65.37541193481651,62.84385392797458,62.17105006440888
2001-02-26,55.35,55.4,52.1,54.61,65.96892643065542,65.30091081416035,62.7469850582337,62.06675971869289
2001-03-05,54.9,55.45,52.51,52.66,65.89040769065154,65.21343046250526,62.62831464578389,61.93701130877989
2001-03-12,52.35,53.05,47.8,49.73,65.7950660523586,65.10627869459864,62.47656976759819,61.76863873900361
2001-03-19,50,50.66,47.1,48.06,65.6904343942326,64.98831136799242,62.30696306444998,61.579554066741494
2001-03-26,48.8,49.68,45.05,45.09,65.56889790813094,64.8506067910513,62.104410557809395,61.35211194168299
2001-04-02,44.7,46.95,44.6,46.88,65.4586389234222,64.72624273021358,61.92529984536458,61.15249660455633
2001-04-09,47.1,47.5,45.25,45.34,65.33994488847576,64.59208188086954,61.73017867071323,60.934393203114176
2001-04-16,47.3,49.88,46.1,46.15,65.22672987438446,64.46445501664208,61.546882451057776,60.73047053824364
2001-04-23,45.8,47.55,45.59,45.83,65.11229488987482,64.33549685043694,61.36197795163357,60.524946806681655
2001-04-30,45.53,47.2,45.5,46.21,65.00077692592275,64.21006088607406,61.1837193874967,60.327499264520526
2001-05-07,45.93,46.45,44.45,45.17,64.88378119184651,64.0782957588348,60.995322688820266,60.118430309147826
2001-05-14,45.4,47.2,43.8,43.84,64.75962909041968,63.938238348739056,60.79349536306944,59.8939002359182
2001-05-21,43.66,44.2,40.3,40.55,64.61679942026971,63.776382027986536,60.555336594092154,59.627087818871054
2001-05-29,40.36,42,39.95,41.42,64.47994514640382,63.62166658142608,60.330214987102835,59.37595557309352
2001-06-04,42.25,42.9,40.6,42.71,64.35150889185276,63.47694916563766,60.122918340195746,59.14608032380947
2001-06-11,42.9,44.75,40.1,43.72,64.22978907538165,63.340222873833945,59.92994283031109,58.933306802101754
2001-06-18,43.6,44.6,42.3,42.56,64.10194371210505,63.19641510308077,59.725590561719194,58.70746808759001
2001-06-25,42.75,43.6,42.31,42.81,63.97632752501299,63.05533264562,59.526583613934264,58.48819266569222
2001-07-02,42.5,42.5,40.61,41.14,63.841599928995215,62.90366944392021,59.31027086553504,58.2489072496137
2001-07-09,41.45,43.25,40.75,40.91,63.7063102538979,62.75146411904879,59.09379709064639,58.00974990823972
2001-07-16,40.7,42.55,40.4,40.82,63.57128777452387,62.59968928085468,58.87881124252114,57.772649909505375
2001-07-23,40.9,44.4,40.7,43.57,63.45328607673907,62.46799592943008,58.69870758084442,57.576751290063925
2001-07-30,43.8,44,42.41,43.34,63.33462362200905,62.335622255177974,58.51801690342272,57.3803823067527
2001-08-06,43.2,44.15,39.6,39.88,63.19624826140723,62.18022002503833,58.29874611632363,57.13899772321128
2001-08-13,39.75,40.35,39.5,39.57,63.056860366059695,62.02374791413841,58.07840792671982,56.89666672013251
2001-08-20,39.6,40.2,38.57,38.82,62.913870039416274,61.86316834379835,57.85183842169959,56.64733338606172
2001-08-27,38.8,39.95,38.65,38.97,62.772608269272226,61.70473811304542,57.62969914615018,56.403508097978104
2001-09-04,39.1,40.25,37.75,37.84,62.625513235235225,61.53958421606933,57.396879156195475,56.14745971041979
2001-09-10,37.9,38.1,37.63,37.73,62.47863705095655,61.374812006961584,57.16550410729906,55.89342578337951
2001-09-17,37.4,37.48,35.15,36.13,62.32318786481521,61.200107425598524,56.918027588389656,55.620826807057036
2001-09-24,36.2,36.8,34.65,34.88,62.161281151748454,61.01796135344905,56.658756675585074,55.334746437304524
2001-10-01,34.61,35.1,33.2,33.27,61.99083111545495,60.82593393923833,56.383594832342894,55.030405107134804
2001-10-08,33.24,33.24,31.2,32.01,61.81395305577675,60.62651571128512,56.09684665784474,54.71288227807088
2001-10-15,31.76,32.2,30.51,30.55,61.6295049551527,60.418373734044394,55.796295520693626,54.37960114320094
2001-10-22,30.2,30.35,28.2,28.86,61.43617454243793,60.1999766839818,55.479397926332524,54.02760664467403
2001-10-29,28.65,30.6,28.55,29.96,61.25047439764479,59.990703488936944,55.1791697154345,53.69563965647163
2001-11-05,30.1,33.7,30.05,32.78,61.08250699706871,59.8023941222315,54.915650071723505,53.40714807500305
2001-11-12,33.58,37.1,33.5,36.25,60.93600253100931,59.639401775364846,54.69605418852676,53.170497756727144
2001-11-19,36.05,36.6,35.6,36.13,60.78965443348123,59.47670695339,54.47763002160291,52.93545640835849
2001-11-26,36.4,39.8,35.4,39.27,60.66269482030435,59.3368681509444,54.29871672723112,52.7469673544501
2001-12-03,38.55,38.75,36.4,37.34,60.525097800715535,59.18464068969219,54.099202412793105,52.53445745990596
2001-12-10,37.5,37.5,34.91,37.3,60.38807657475261,59.03318988907148,53.90156473734848,52.32432701218312
2001-12-17,37,37.6,35.25,36.23,60.24555104923785,58.875382346586555,53.69366397573261,52.1023362947737
2001-12-24,36,36.8,35.5,35.59,60.10009057107125,58.71423783207731,53.48067969366517,51.874579932087165
2001-12-31,35.1,38.07,35,36.62,59.96156496298233,58.56133653220134,53.282318756092636,51.664171933023894
2002-01-07,37.1,38.5,36.7,37.04,59.82633449122432,58.412399947203404,53.09123265307978,51.46245921670632
2002-01-14,37.06,38.35,36.3,37.33,59.69361275381297,58.26650098563106,52.905806386572955,51.26752874475175
2002-01-22,37.05,37.6,35.95,36.68,59.5578392272418,58.11711343555749,52.71491454673092,51.06632145172069
2002-01-28,36.8,37.5,35.3,37.45,59.42740949728757,57.97408842908305,52.535327316769376,50.87851012135213
2002-02-04,37.4,38.65,37.05,38.26,59.30252802532717,57.83765875137313,52.367382289513266,50.7044617058852
2002-02-11,37.6,40.55,36.91,37.08,59.17142166529574,57.69400713371657,52.18753073316605,50.51653809614886
2002-02-19,37.2,37.5,35,35.01,59.02887640473352,57.537024385386346,51.985442136305274,50.30265481206404
2002-02-25,35.25,36.75,35.07,36.06,58.89336680942536,57.38839445884388,51.79808399352521,50.106204400863156
2002-03-04,36.06,38.6,35.75,37.83,58.76909915863229,57.253042248056026,51.633753593601384,49.93687744360987
2002-03-11,38,39.05,37.11,38.7,58.6506973936846,57.12464749201411,51.48159178661784,49.78188603059456
2002-03-18,38.5,40.19,38.15,39.2,58.53594401673071,57.00060148860917,51.33710247148116,49.635928981896704
2002-03-25,38.9,39.45,38.06,38.16,58.415731957634954,56.87021670322087,51.18207773652256,49.477640306284336
2002-04-01,38.16,38.9,37.45,37.73,58.29369224107074,56.73775845613976,51.02381799844582,49.31560388826662
2002-04-08,37.45,39.1,36.56,37.05,58.1683607234243,56.60151099277547,50.85942013964058,49.14642314498018
2002-04-15,36.55,38.5,35.95,35.99,58.037514937445394,56.45887077829259,50.68448578505657,48.96495523953218
2002-04-22,36.16,37.65,34.9,35.27,57.90319331539557,56.31223499435977,50.50313889346767,48.776059305193805
2002-04-29,34.8,35.7,32.85,33.52,57.75933966751713,56.154503264294995,50.303337259426876,48.56563090098423
2002-05-06,33.32,35.9,33.05,35.21,57.6263052152014,56.00955860502652,50.12576858578656,48.381415302349964
2002-05-13,35.6,36.5,34.7,35.89,57.49806742632116,55.87032290533776,49.95828895536554,48.20911991886928
2002-05-20,36.05,37.6,35.25,36.94,57.376780892832535,55.73931721049113,49.80513261471418,48.053683782057284
2002-05-28,37.05,39.5,37.05,39.47,57.271136167801075,55.6267267799687,49.68354281924696,47.93528814368408
2002-06-03,39.4,39.85,38.5,39.15,57.16422680987895,55.51270098910386,49.55961878607935,47.81411175549534
2002-06-10,38.85,43.65,38.3,43.18,57.08172399684131,55.427353577414564,49.484564447419594,47.75019297266092
2002-06-17,43.1,48.2,43.1,47.1,57.02283476972131,55.36972483293419,49.456510748038184,47.74122479372767
2002-06-24,47.1,49.78,46.3,49.53,56.9786292548557,55.32931151229105,49.45737532747303,47.76589755519349
2002-07-01,48.9,49.6,47.3,48.89,56.930908728278375,55.28474880286343,49.45070032362041,47.781402416501166
2002-07-08,47.8,49.8,46,46.3,56.86818950274281,55.222570610456074,49.413633260989585,47.76096927972184
2002-07-15,45.89,49.15,44.65,48.74,56.820235582372646,55.1777085301069,49.40570816380147,47.77447315172568
2002-07-22,48.74,49.35,46.6,47.43,56.76483596241764,55.124091170036955,49.38246453834498,47.76972179790877
2002-07-29,47,49.15,46.55,48.18,56.714187962639365,55.076035175780646,49.36831789671739,47.77538080759279
2002-08-05,47.8,47.8,45.4,45.63,56.64879452333176,55.01066469013511,49.32433768616777,47.745789348177716
2002-08-12,45.33,48.25,45.1,45.64,56.583845883076116,54.94581579954594,49.28099253691874,47.71674397785802
2002-08-19,45.5,46.8,44.34,45.25,56.51697953568333,54.878716728268806,49.23356909530793,47.68271992299102
2002-08-26,45.1,47.45,44.65,46.47,56.45770532013358,54.82052491700051,49.20105651771607,47.66599275163942
2002-09-03,46.3,46.45,44.6,45.12,56.390816203200636,54.753393256675245,49.15304408809588,47.630875610237496
2002-09-09,44.7,45.9,43.05,43.17,56.31281728754753,54.67323136562559,49.082655334118286,47.5693462914756
2002-09-16,43.15,44.9,42.9,44.1,56.24076526815197,54.60006021430638,49.024035859599245,47.521493239179385
2002-09-23,44.3,44.65,43.21,44.34,56.1705542636201,54.52905633739076,48.96892955536867,47.4776105738114
2002-09-30,44.45,46.1,42.35,42.44,56.08954804377573,54.445395047858646,48.89211861942315,47.40812629003469
2002-10-07,42.5,43.8,42,42.84,56.0113796187387,54.36508089527831,48.82091722390052,47.34511765155145
2002-10-14,42.65,44.7,42.55,44.45,55.94317088942461,54.29646441849438,48.76949466832522,47.305184994288666
2002-10-21,44.4,47,44.16,46.63,55.88822592842505,54.243409301411376,48.744324142815515,47.29587209781572
2002-10-28,46.85,46.95,45.6,46.91,55.835257043891566,54.19265906403137,48.722743858782394,47.290549724052745
2002-11-04,47.5,50.1,47.15,48.39,55.79133222357362,54.15250225389966,48.71882922514966,47.30571455544512
2002-11-11,48.65,51.8,46.6,51.33,55.76501167948174,54.13296936632942,48.74954888132437,47.361221940887255
2002-11-18,51.6,51.74,49.05,50.65,55.7348346194258,54.10886577209877,48.77190712977938,47.40658439687502
2002-11-25,50.4,50.95,49.7,50.18,55.702062733765466,54.08167638959289,48.78847292825256,47.444838405193984
2002-12-02,50.25,50.45,48,49.11,55.66317150819753,54.04727032461301,48.792255599684886,47.46780615132924
2002-12-09,49.24,50.8,48.4,49.58,55.62728259074503,54.016354959044754,48.80152318086506,47.49693985958677
2002-12-16,49.85,51.6,49.25,51.45,55.602637855696386,53.99859471711365,48.83268173167841,47.551464827040746
2002-12-23,51.7,52.25,51.2,51.8,55.58020341406986,53.98337952875992,48.86759135836455,47.610065312185014
2002-12-30,51.8,52.2,50.55,51.62,55.556839382128445,53.96702396108684,48.89997263650144,47.665374756154876
2003-01-06,51.4,52.47,50.75,51.4,55.532315255980194,53.949259089383816,48.92938472313083,47.71688682848377
2003-01-13,51.1,51.7,50.57,50.63,55.5033930420806,53.92628843824621,48.94939196168223,47.75706769981503
2003-01-21,50.4,50.6,49.11,50.31,55.47275355510668,53.90126222068049,48.965399115074206,47.79228055912793
2003-01-27,50.25,52.39,50.15,52.36,55.45438922734794,53.89059604614291,49.00533559607333,47.85528358589858
2003-02-03,52,52.4,50.1,50.15,55.42309489562317,53.86470956831493,49.01880223611953,47.886934846782744
2003-02-10,50.46,57,50.36,56.93,55.431985191224214,53.885922650887146,49.11187515098871,48.011666779930565
2003-02-18,57.5,58.1,56.9,57.59,55.44471684201345,53.9115564041682,49.21161779627119,48.14378172089704
2003-02-24,57,58.4,56.01,58.29,55.46150317332901,53.941857051890224,49.31842229278565,48.28372955922949
2003-03-03,58,58.8,57.12,58.44,55.479075425993734,53.972986068832164,49.425734971694055,48.42381604806771
2003-03-10,58,60.5,57.01,60.02,55.5058655414746,54.01483391610668,49.55037338379177,48.58376341292195
2003-03-17,59.6,60.55,58.5,58.78,55.52518196895853,54.0478108440229,49.658957226335396,48.72440115895061
2003-03-24,58.58,58.63,55.6,56.54,55.53116909598532,54.06505782780128,49.73991067073145,48.83220252227543
2003-03-31,56.98,58.2,56.95,57.69,55.543905561495734,54.0901439327992,49.83344113342872,48.95437903920956
2003-04-07,58,58.1,56.45,58,55.558395794171275,54.11720176025388,49.92951829656485,49.079146224875636
2003-04-14,57.6,60.6,57,60.55,55.587844786536046,54.161719395131016,50.054465140134674,49.23736489763597
2003-04-21,60.5,60.75,57.6,59.09,55.60850646921135,54.195825143261594,50.16076555025074,49.37326331284099
2003-04-28,58.5,58.5,55.4,55.5,55.60786631305081,54.20485057479612,50.22358007318896,49.457770025767324
2003-05-05,55.25,55.4,49.9,53.34,55.59448657079093,54.19886544971102,50.2602438370338,49.51131802541191
2003-05-12,54.3,55.25,53.85,54.2,55.586259511376234,54.19887330127011,50.30659390953928,49.57598950092347
2003-05-19,54.1,55.6,53,53.19,55.57212228712033,54.191891479115995,50.340516334132936,49.625837921600386
2003-05-27,52.35,53.05,50,50.58,55.542670238228766,54.166895690333185,50.343333789025486,49.63899877785418
2003-06-02,50.2,50.9,48.15,50.76,55.5144538946404,54.14331855752811,50.348235744448715,49.654460863676874
2003-06-09,50.86,56.9,50.25,55.04,55.51165475661892,54.14952396543449,50.40343297098461,49.72874416210892
2003-06-16,59.3,60.4,58.05,59.16,55.53317891734683,54.18419854006816,50.50645140662009,49.85883044952811
2003-06-23,59,59.6,57.16,58.83,55.55262918922089,54.2163494152234,50.60437550771867,49.98257071918979
2003-06-30,59.55,62.15,59.4,61.98,55.59054878102489,54.270077100931196,50.738206384098454,50.148052502373375
2003-07-07,62,63.1,61.2,61.88,55.6276546879215,54.32274092722233,50.86928630899141,50.30987246785788
2003-07-14,61.9,63,60.2,61.41,55.66176881955618,54.37178770281248,50.99329470535622,50.46297767519777
2003-07-21,61.25,61.3,58.75,60.31,55.68919201236116,54.41288259760271,51.102903002940266,50.59879867278125
2003-07-28,59.95,60.8,57.9,57.91,55.70229412438263,54.43708410211757,51.18298649702332,50.69964282901875
2003-08-04,57.8,58.95,57.26,58.07,55.716262890610466,54.46222538860811,51.264010185293635,50.80130292792884
2003-08-11,58.4,58.45,55.65,55.83,55.716933906005096,54.47169095685304,51.317727712525475,50.87066426685396
2003-08-18,55.83,58.15,55.6,57.21,55.72574255552719,54.49064119244575,51.38704856296635,50.95810338041459
2003-08-25,57.05,59.34,57,59.18,55.74612165549458,54.52309350253263,51.47873034457851,51.07150885102956
2003-09-02,59.1,60.18,58.85,60,55.771218282895795,54.56099596964313,51.57898057581876,51.194660453084325
2003-09-08,60.35,66.18,59.02,66.13,55.83233203933889,54.641058281271896,51.75016903963266,51.400665136490055
2003-09-15,65.42,66.8,64,65.57,55.88978140783836,54.71669109593437,51.91275528622521,51.59610423805571
2003-09-22,66.2,67.6,65.15,65.82,55.948366768264094,54.793530603920985,52.07636992991668,51.792295903737696
2003-09-29,65.55,68.8,65.4,67.33,56.0155150469174,54.88028817759627,52.25582440132943,52.00660906368614
2003-10-06,67.6,71.7,67.4,71.54,56.1071049286465,54.995580300934705,52.48269705543144,52.27603514556633
2003-10-13,71.8,76.95,70.8,75.52,56.221635283049764,55.13761780750263,52.75372414889695,52.596641557351624
2003-10-20,74.65,82.17,74.5,82.11,56.374368998194015,55.324277891879774,53.099092100086395,53.00372236345712
2003-10-27,82.3,84.8,76.73,76.73,56.494461216493754,55.47241437705708,53.37710278126185,53.33098136534047
2003-11-03,76.4,78.2,74.82,77.27,56.61703076683892,55.623262720468446,53.65819568971759,53.66117472581853
2003-11-10,77.3,79.15,72.95,79.05,56.74937866791952,55.785385469807764,53.95692279925032,54.01136541925552
2003-11-17,78.3,79.3,72.6,73.09,56.84578351353652,55.905140587663766,54.18201782514149,54.27451899967958
2003-11-24,72.9,72.9,67.09,70.09,56.92392048395813,56.003305704704154,54.36917055661041,54.49266356520124
2003-12-01,73.09,73.9,70.3,71.49,57.00985605632415,56.1104800596889,54.57059207947382,54.72710958499157
2003-12-08,71.65,71.8,67.7,70.31,57.08832298224554,56.208746633670295,54.75576158442119,54.942046004508924
2003-12-15,70.8,71.92,69.02,71.29,57.17210868736504,56.31311516907742,54.950282036369174,55.16753502513639
2003-12-22,71.1,71.25,70.25,71.04,57.25392515528619,56.41503132707688,55.1395728359413,55.386465576513814
2003-12-29,72.2,75.1,72.05,75.07,57.359034741390694,56.544131456301265,55.374048449636106,55.65796260304466
2004-01-05,75.15,76,73.5,74.17,57.458214477429685,56.6661097853234,55.59517729140509,55.91330104989922
2004-01-12,74.25,75.1,72.3,74.72,57.56005392004072,56.791050202033965,55.820175205623855,56.17270379403854
2004-01-20,74.6,76,73.35,75.94,57.66849018009948,56.923568885756914,56.056879026734165,56.44535615550008
2004-01-26,75.99,76.18,67.76,70.73,57.74554923508415,57.019115121841644,56.22950397936082,56.642385725769046
2004-02-02,70.65,70.73,67.2,69.07,57.812360154051206,57.102512249026134,56.380568638427164,56.81380109506878
2004-02-09,68.7,69.4,64.2,68.18,57.873526170841465,57.17917306391177,56.51938547797508,56.97057625237818
2004-02-17,68.15,70.75,68.1,70.26,57.94660271260641,57.269697817794736,56.68103976646949,57.1538786488971
2004-02-23,70.35,74.48,69.87,73.77,58.03995608893322,57.383886760232144,56.8820863574522,57.38306652960197
2004-03-01,73.35,73.91,68.2,69.48,58.10744897336429,57.467596886458914,57.03029710618806,57.54992078436608
2004-03-08,68.5,68.7,63.75,64.62,58.145871103314946,57.51709448586058,57.1195877284682,57.64743911837483
2004-03-15,64.1,68.35,62.97,67.92,58.20353558058152,57.58908691156397,57.246651402250926,57.789129613293795
2004-03-22,68.5,68.85,63.76,64.9,58.243042745297856,57.6396814658092,57.336690797518564,57.88721058414492
2004-03-29,64.75,65.7,60.3,62.62,58.268865501962765,57.67414733801813,57.398847376371286,57.95249043815671
2004-04-05,62.8,62.82,61.08,61.71,58.28916718041726,57.70207711422562,57.449566819002214,58.004318156251095
2004-04-12,61.5,63.1,56.76,62.36,58.31318389321716,57.734311874680806,57.5073366211316,58.064396526509704
2004-04-19,62.1,64,61,63.8,58.34555448971735,57.77628895513284,57.58136795500064,58.14350829855785
2004-04-26,63.9,64.2,56.65,59.36,58.35153941898155,57.78724889315961,57.60229303788298,58.16028749443981
2004-05-03,59.3,64.75,59.05,64.75,58.38928844895806,57.835434021926666,57.68638370802553,58.251180080723394
2004-05-10,65.5,66.19,62.1,64.97,58.42811270589636,57.884808180944475,57.772073311460524,58.343853458920314
2004-05-17,64.5,64.7,62.07,63,58.455085492292255,57.92020743228742,57.8335783313257,58.40807616983176
2004-05-24,63,64.2,59.35,61.19,58.47122068112829,57.942835754555325,57.8730656450748,58.44644753300649
2004-06-01,61.25,61.5,55.5,57.8,58.46726067710983,57.94184727182484,57.872206049250394,58.43753101530985
2004-06-07,58.05,58.75,55.05,58.17,58.4655069268024,57.94342618343851,57.875709507494506,58.43384093234006
2004-06-14,59,59.4,53,54.45,58.44181662044958,57.919250223691535,57.83540704270045,58.37889140223882
2004-06-21,53.65,55.8,51.77,55,58.42151091767406,57.899047799998165,57.80204931278633,58.33228600358725
2004-06-28,54.7,55,49.21,49.56,58.36923061727481,57.84133812664177,57.70508402675355,58.21128895526191
2004-07-06,49.2,50.2,48.25,48.48,58.31088707381006,57.776553779744596,57.596553626438805,58.07706428001691
2004-07-12,48.15,48.44,46.05,47.38,58.246398064525046,57.70460531068062,57.476358877892466,57.929518565809786
2004-07-19,47.3,49.45,46,46.62,58.1778057455603,57.62789523932643,57.34863700874079,57.77352520628138
2004-07-26,46,46,43.5,44.4,58.09652075591097,57.536352711718635,57.1963001027556,57.589062789643016
2004-08-02,44.95,46.78,44.25,45.6,58.02279496974041,57.45374819468252,57.05987304272318,57.4236964063376
2004-08-09,45.05,46,42.6,44.3,57.94183452744106,57.36271879541136,56.90975688927938,57.242679904181216
2004-08-16,44.37,51.4,43.88,51.23,57.90223668362135,57.32027783488948,56.84293621999374,57.159746388261475
2004-08-23,51.25,52.2,47.8,48.44,57.84641227840824,57.25882262495945,56.744078146817344,57.039474024285454
2004-08-30,48.75,56,48.75,51.58,57.80944229446482,57.2195228144061,56.683324286266554,56.96417093429531
2004-09-07,52.1,54.25,48.58,50.72,57.76761667620839,57.17454341776661,56.613167529957536,56.87804443864986
2004-09-13,51.95,53.05,47.55,48.43,57.71252749227796,57.11402754636338,56.516894970781564,56.76151968777193
2004-09-20,47.9,49.6,46.3,47.02,57.64944473421142,57.044172684450835,56.405166794654725,56.627153898975074
2004-09-27,48.05,49.9,46.1,46.98,57.5864981576084,56.9745244305792,56.294282479423494,56.494089707265076
2004-10-04,46.75,48.7,46.6,47.35,57.52610583809449,56.90791872517727,56.1890556267244,56.367964331992454
2004-10-11,47.3,48.5,43.75,45.82,57.45704326677829,56.83118572361895,56.06706673699823,56.222475168792556
2004-10-18,46.39,48.9,45.11,45.67,57.38750318850821,56.75394568400913,55.944748304798246,56.07692378715404
2004-10-25,45.9,47.2,44.65,44.98,57.31430257972645,56.67246509104021,55.815751265918266,55.92386276940019
2004-11-01,44.66,45.6,43.1,43.36,57.23197631081951,56.58033730494304,55.66921301573099,55.75056811051191
2004-11-08,43.36,44.7,43.35,44.34,57.15591745352854,56.495629088299836,55.53592815672239,55.59318096416002
2004-11-15,42.9,43.8,41.8,43.28,57.07405363374371,56.404171447550354,55.3917407666433,55.42334398534402
2004-11-22,43.4,44.25,42.75,42.92,56.99054889254168,56.310855382169386,55.24501440468279,55.25088406830479
2004-11-29,43.25,44.8,42,42.42,56.90458695217271,56.21472489509555,55.09413188227476,55.073906357017826
2004-12-06,42,43.75,41.72,42.31,56.81848319434278,56.1184984252333,54.94373033071859,54.89785247623137
2004-12-13,42.85,44.15,42.6,44.13,56.74362488641156,56.03553303820746,54.8165099738866,54.749330373110936
2004-12-20,44.2,44.5,42.21,42.9,56.66195158324689,55.944629695382496,54.6763157388997,54.58589133348182
2004-12-27,42.38,44.95,42.17,44.77,56.59179257685605,55.8672966179058,54.55977084785383,54.45049972888207
2005-01-03,44.6,46.98,43.41,46.56,56.53260795988345,55.80288626068846,54.46565589670261,54.341665249863006
2005-01-10,46.4,47.3,45.62,46.17,56.47147162973665,55.73622268795013,54.36805994497669,54.22895262572696
2005-01-18,45.9,48.31,45.8,46.97,56.41541574991519,55.67555678699546,54.28102394562403,54.12882914123418
2005-01-24,46.8,47.35,42.4,43.35,56.33833365109563,55.5902588161512,54.1524236639108,53.980155635837846
2005-01-31,43.7,44.5,42.81,43.2,56.26082135816881,55.504513080399285,54.02357162080597,53.83146383396422
2005-02-07,43.5,46.2,42.61,46.19,56.20140648289938,55.440052782265035,53.931411954678836,53.7260643328061
2005-02-14,46.5,47.6,46.05,47.48,56.14995275733655,55.38496591179953,53.85551299050614,53.639911721319116
2005-02-22,47.9,50.7,47.8,50.18,56.11473179711628,55.34894538645836,53.81227166120607,53.59218880102506
2005-02-28,50.7,51.65,49.35,51.23,56.08591332043713,55.32044057409533,53.78189199460365,53.559606886528165
2005-03-07,51.3,53.8,50.4,53.65,56.07154215040505,55.308880431714044,53.7803403240789,53.560853688093296
2005-03-14,53.15,54.2,50.6,50.94,56.04126756544691,55.27864596505859,53.74692455556033,53.52470398205063
2005-03-21,50.3,52.4,49.1,51.59,56.01500639986905,55.25311900336268,53.721548972553734,53.498018409884416
2005-03-28,52.2,54.6,50.55,52.8,55.996038810489296,55.23614240126328,53.71070721993546,53.48839056974808
2005-04-04,52.8,53.4,51.25,53.21,55.979602003347765,55.22212065454173,53.704816546759744,53.48455069982052
2005-04-11,53.6,53.72,50.9,53.14,55.96284918916872,55.207711515063934,53.69817164620963,53.479798276374716
2005-04-18,53,55.6,52.8,54.12,55.951976922565954,55.20018409973477,53.70313433272481,53.488628644976444
2005-04-25,54.25,57.59,54.25,57.05,55.9584549348222,55.21298559385425,53.74250922292804,53.53775100849401
2005-05-02,57.45,57.48,51.8,53.49,55.94389177886455,55.201061818118234,53.739538526187715,53.5370923738941
2005-05-09,54.3,56.9,53.05,53.75,55.930948464534964,55.19101986781984,53.73966160235021,53.540029030805904
2005-05-16,53.1,53.15,49.81,50.05,55.89625260338727,55.155441875654994,53.696253818793146,53.49189069934651
2005-05-23,50.1,51.05,49.61,50.43,55.864003325491176,55.12273985575427,53.657827303277934,53.44965772418311
2005-05-31,49.85,49.95,47.65,48.34,55.81961392534078,55.07580047958988,53.59526462912172,53.379179686608175
2005-06-06,48.49,48.65,46.1,46.96,55.76734481663671,55.01963577038857,53.51720269230852,53.29063927713772
2005-06-13,47.3,51.95,47,51.34,55.741224788219974,54.99417116298103,53.491588542987245,53.26373390779789
2005-06-20,51.95,54.8,51.75,54.79,55.73561284256676,54.992758213756254,53.506863971893274,53.28478585389723
2005-06-27,55.05,56.75,53.85,56.15,55.73805760455752,55.00076680743268,53.537959689871,53.324306049015895
2005-07-05,56,57.2,54.6,55.47,55.73647614376367,55.00401409596256,53.56068957587252,53.35390182765016
2005-07-11,55.25,55.25,50.65,51.45,55.711187198962705,54.9794188427033,53.535857933803435,53.32764111278602
2005-07-18,51.2,51.8,49.36,51.76,55.68787636003077,54.95713912752888,53.51496548752339,53.30601847674759
2005-07-25,51.45,52.9,50.95,52.48,55.6689508357828,54.939996296196504,53.50278942296429,53.29462511844762
2005-08-01,52.5,53.3,51.1,51.73,55.645712187784085,54.91778178895639,53.48193307681177,53.273044082331104
2005-08-08,51.55,51.73,48.9,49,55.60650444626324,54.87682828176638,53.42920445237869,53.214105543264466
2005-08-15,48.5,49.25,47.76,48.56,55.56493214864516,54.83311320715208,53.37191969411541,53.149910984047025
2005-08-22,48.25,49.8,48.1,48.46,55.523015144818345,54.78900861748321,53.31413240359641,53.08522255668086
2005-08-29,49.5,51.1,48.25,49.85,55.48954602891971,54.754828627050806,53.27337790473057,53.04059879727836
2005-09-06,50.2,52.9,49.9,51.95,55.468663751462955,54.73541804831689,53.257808752910215,53.02555605524694
2005-09-12,50.8,51.3,49.38,49.77,55.43504331635108,54.701055293657255,53.21677570875833,52.98065183379526
2005-09-19,50.45,52.3,50.11,51.05,55.409172854307705,54.67578847501603,53.19128422983176,52.95402215332911
2005-09-26,50.7,54.52,50.47,53.11,55.39560841268937,54.66495256861453,53.190327944774914,52.95617357190388
2005-10-03,53.6,54.7,52.8,53.63,55.38519184388294,54.657790267101625,53.19550055718933,52.9654677295328
2005-10-10,54.7,57.8,54.5,56.93,55.39430575630841,54.67351490193137,53.2394358447518,53.02015093326338
2005-10-17,56.93,56.93,53.05,54.49,55.388970619103056,54.672244902610046,53.25414836422531,53.04042471349423
2005-10-24,54.35,55.34,51.71,52.52,55.372044538754366,54.65735047421828,53.24551132464619,53.03324644158397
2005-10-31,52.5,52.99,51.3,51.44,55.348846635870856,54.63508507301262,53.224270014944466,53.011270628596606
2005-11-07,51.44,52,49.95,50.72,55.321537806160705,54.607991058666514,53.19480801476865,52.97966689578838
2005-11-14,50.8,54.05,50.61,52.63,55.30565852706831,54.594302539229375,53.1881632145949,52.97484390412233
2005-11-21,52.63,53.5,52,52.61,55.28975493693812,54.58057034172606,53.1813612944232,52.9698115744103
2005-11-28,52.45,53.5,51.38,51.77,55.268989421085976,54.561120027942486,53.16475704390057,52.95326244924602
2005-12-05,52.25,53.25,51.95,52.72,55.25395113541585,54.54837871287022,53.159524608089974,52.95004503615297
2005-12-12,53.35,53.75,52.5,53.39,55.242954373554994,54.54036225118946,53.16223608328892,52.956113380481895
2005-12-19,53.5,54.25,52.71,53.54,55.232907445097446,54.53343932903589,53.166680364661985,52.96416698902697
2005-12-27,53.65,54.55,53.07,54.19,55.226754598813685,54.5310625862744,53.178719419195374,52.98107503055763
2006-01-03,54.4,55.25,54.35,55.05,55.22571179882068,54.53465384865313,53.2007344848519,53.009611926687874
2006-01-09,55.75,56,54.77,55.93,55.22986689145301,54.54431022340293,53.232843490912465,53.04989314149218
2006-01-17,55.9,56.65,54.5,56.57,55.237773281473935,54.55832883777384,53.27210415572526,53.09844633954056
2006-01-23,56.8,56.85,54.92,55.53,55.239497332910666,54.565053205678524,53.29866763624614,53.13198501071931
2006-01-30,55.63,57.45,54.7,56.95,55.24958879407343,54.58155802778455,53.34162448758442,53.18464728643353
2006-02-06,57.1,57.3,54.95,55.97,55.25383900767772,54.591166622747984,53.37254655243637,53.22306594455169
2006-02-13,57.1,58.1,56.05,57.34,55.2661467421457,54.61018969110267,53.41922247534888,53.27985124186822
2006-02-21,57.4,57.6,55.9,56.61,55.27407507995015,54.6240292088113,53.456761034462424,53.32578432818728
2006-02-27,56.1,56.15,54,54.49,55.26944926826903,54.62310167103406,53.46891678699816,53.3418424753847
2006-03-06,54,55.15,53.75,55.11,55.26850856462142,54.626471209642816,53.48822364832759,53.366230855034566
2006-03-13,54.82,55.1,54.02,54.06,55.26137872058236,54.622550993659125,53.4949504289355,53.375800084620295
2006-03-20,53.9,53.98,51.9,52.5,55.24508740069692,54.60786205944695,53.483245129771554,53.36372008345312
2006-03-27,52.91,53.9,52.5,52.65,55.22977715054531,54.59431284104247,53.47344224589189,53.353875668508934
2006-04-03,52.9,54.4,52.4,53.97,55.22234483697277,54.589992336952214,53.47928410182257,53.36237393515019
2006-04-10,54.4,54.45,51.63,53.73,55.21354044265435,54.58404083289026,53.48223370062466,53.367444639492945
2006-04-17,54,54.65,52.46,52.52,55.19764934859739,54.56975681328548,53.47091330414673,53.35575574791373
2006-04-24,52.55,52.65,50.08,51.72,55.17713224329593,54.55003531284752,53.45031432409794,53.33319359966665
2006-05-01,51.55,52.08,50.08,50.31,55.14841759879271,54.52069250791432,53.41336944969679,53.291494377602284
2006-05-08,50.5,52.15,50.3,52.05,55.13013784894733,54.50359428986647,53.39732980911212,53.27437031722156
2006-05-15,51.79,52.05,48.95,49.36,55.0960957377441,54.4679984816321,53.34983181135786,53.22037900250126
2006-05-22,49.69,51.15,48.75,50.94,55.07157599887835,54.443583267226344,53.321480848871296,53.18892549901849
2006-05-30,51,53,50.45,52.92,55.05888233516816,54.43303943838741,53.31675754476693,53.18521618179064
2006-06-05,52.9,53.48,51.5,52.61,55.044434651774836,54.420423248502374,53.308442750122616,53.177282165490084
2006-06-12,52.95,57.75,51.5,57.7,55.060101703976756,54.44311928138471,53.36010812953294,53.239664480448845
2006-06-19,57.2,57.5,53.5,53.58,55.05136954053147,54.4371461375689,53.36269509271491,53.24435876347714
2006-06-26,54,54.35,52.95,54.16,55.0461107231832,54.435228171218945,53.37207515044767,53.25698829777401
2006-07-03,53.5,53.85,51.2,51.88,55.02743160387238,54.417544931279714,53.35452132514828,53.23799535573575
2006-07-10,52.15,54.05,51.88,52.16,55.010514603259566,54.40192178296636,53.34046813308772,53.22312645427733
2006-07-17,52.1,55.6,52.02,55.46,55.01316643450877,54.40924412356867,53.365403802110215,53.25397988249419
2006-07-24,55.4,56.35,54.7,55.54,55.016274597137034,54.417069423751585,53.39098728679127,53.28551119445979
2006-07-31,55.3,57.25,54.28,56.28,55.02373020423357,54.42996167687441,53.424975671652554,53.326814488329305
2006-08-07,56.6,57.75,55.35,55.74,55.02795598473957,54.43902768603099,53.45221125198605,53.36009980573166
2006-08-14,55.15,56,54.12,54.52,55.02495919426913,54.439588048065374,53.46477347255092,53.37609842910088
2006-08-21,54.4,55.95,54.05,55.6,55.02835176539438,54.44761858060471,53.489893784638554,53.40677293352707
2006-08-28,55.5,55.75,53.81,53.9,55.02169482282569,54.44382883264205,53.494718563642806,53.41357606547842
2006-09-05,54.21,54.4,52.6,52.65,55.00770252298601,54.43141479227774,53.48478069818818,53.40304398181665
2006-09-11,52.55,53.69,52,53.13,54.99662463199494,54.42240846153533,53.480606807621264,53.399277857929526
2006-09-18,53.6,54.15,51.5,52.1,54.97953540112771,54.40633643065966,53.464364374590424,53.38135678402705
2006-09-25,52,52.9,50,50.45,54.952812478407196,54.37895693979004,53.428901264301125,53.340924276661156
2006-10-02,49.95,50.5,49,49.09,54.918223614227806,54.34235516166,53.377855367074055,53.28229083836238
2006-10-09,49.09,50,48.07,49.01,54.883366837742685,54.3054530498146,53.326468833343775,53.223362688867724
2006-10-16,49.15,50.29,48.08,49.21,54.84989564695954,54.27019039895083,53.278039788245614,53.168005962124724
2006-10-23,49.25,50.9,49.05,50.79,54.825943460251814,54.246106036328335,53.248768731913316,53.135205879888524
2006-10-30,50.65,50.85,48.4,49.21,54.79281105045682,54.21125409144025,53.20125380565551,53.081065109131444
2006-11-06,49.2,50.7,48.77,49.09,54.759166147504274,54.1758128866552,53.15288611382427,53.02601593521239
2006-11-13,48.9,52.75,47.6,51.15,54.73787313188478,54.15487300508666,53.129322747779284,53.00013985334739
2006-11-20,51.2,53,50.81,52.12,54.72242845264063,54.140790838961486,53.11744836251129,52.98799999330122
2006-11-27,52.2,54.1,52.15,53.68,54.71627843227107,54.13760197502403,53.12406661706998,52.997544820979826
2006-12-04,53.45,53.75,52.7,52.73,54.70455997544351,54.127860784885456,53.119430539222094,52.993854547587
2006-12-11,52.61,55.35,52.51,54.96,54.706066996237354,54.13361953377898,53.141084297584186,53.02097379520649
2006-12-18,54.94,56.05,54.45,55.78,54.71240288416516,54.14501317022342,53.17213036467143,53.05902932906571
2006-12-26,55.98,57.05,55.7,56.19,54.721120271279226,54.159165328214954,53.207634713322356,53.10221513142342
2007-01-03,55.55,55.9,53.82,54.42,54.71934375050472,54.16097041244876,53.221897834342094,53.12039147443827
2007-01-08,54.15,55.19,52.85,54.7,54.719229628082864,54.16470072101313,53.23928727158513,53.142179178239125
2007-01-16,55,55.1,54.3,54.55,54.71823122319742,54.16736715200958,53.25470742133118,53.16159739647031
2007-01-22,54.45,55,54.08,54.12,54.714701835449944,54.167039351649656,53.2648873340214,53.174816742725895
2007-01-29,54.15,54.4,53.32,53.89,54.709836337895666,54.1651221243026,53.272241600679976,53.18468133937795
2007-02-05,53.85,54.95,52,52.87,54.698981846226665,54.156159341435455,53.26750934655433,53.18034090711067
2007-02-12,53,53.3,51.45,52.33,54.68500555214863,54.14352156052587,53.25647982483016,53.16861206701259
2007-02-20,52.52,53.79,51.7,53.75,54.6794892952038,54.14079822792707,53.262285944538036,53.176631210915865
2007-02-26,53.75,54.1,52.7,53.82,54.67441856189876,54.1385781709864,53.268847286367,53.185505263179095
2007-03-05,53.89,54.75,52.9,54.54,54.673625532035054,54.14135617672352,53.28380202417445,53.20418794920421
2007-03-12,54.65,54.7,53.29,53.99,54.6695923430555,54.140308729133736,53.29211023565475,53.21502673611174
2007-03-19,53.91,54.45,53.1,53.26,54.66127616404042,54.134216627202015,53.291732468176455,53.21564705699296
2007-03-26,53.29,54.7,53.11,53.57,54.65483795658296,54.13031201386498,53.29500620384497,53.220534683793055
2007-04-02,53.6,53.81,52.77,53,54.64507490079191,54.122489785395324,53.291535542623265,53.21749282608557
2007-04-09,53.05,53.18,51.1,51.41,54.62598891317662,54.10371822978705,53.26939983035711,53.19256189055335
2007-04-16,53,53.1,51.05,51.98,54.61037835911658,54.0890212178162,53.2542304205882,53.17583689895951
2007-04-23,51.85,52.17,48.7,49.95,54.58288350154067,54.06037747236419,53.21535712152246,53.131342596904894
2007-04-30,49.86,50.4,47.75,48.42,54.54652430684131,54.02134371823018,53.1589411553869,53.066358561085515
2007-05-07,48.6,49.34,47.52,48.2,54.509081685562016,53.981057602533085,53.100600671205875,52.99923637403606
2007-05-14,48,50.2,46.85,49.85,54.48159447797758,53.95246896860552,53.06235831036816,52.95579863094591
2007-05-21,49.77,51.2,49.05,51.14,54.461880056278595,53.93300551553559,53.039742330246185,52.93075313258803
2007-05-29,51.05,51.45,49.9,50.6,54.43909610314421,53.909939733421155,53.01103947930211,52.89860481351785
2007-06-04,50.55,52.2,49.6,51.35,54.42087134737345,53.89222388751512,52.99149783836915,52.8772447471245
2007-06-11,51.5,59.8,51.2,59.39,54.450187740604285,53.930270781027126,53.066774334388334,52.96707585406072
2007-06-18,59.6,62.17,58.45,60.95,54.48853471558597,53.97885022198888,53.15951816574847,53.0771851526254
2007-06-25,61,64.44,60.41,63.4,54.54110973201319,54.044048490348814,53.27999442262202,53.21956880569263
2007-07-02,63.33,64.9,62.85,64.59,54.600395220319896,54.117030853737404,53.41305331176764,53.376402339407214
2007-07-09,64.54,68.7,64.54,68.4,54.681808817840135,54.21587493087417,53.5893703316292,53.58362437610504
2007-07-16,68.05,68.8,61.84,62.95,54.73058870682043,54.27631870297885,53.699495386551206,53.71281576402084
2007-07-23,62.72,64.3,62.2,63.48,54.782207652502905,54.340011999152004,53.814560146709425,53.847535546586066
2007-07-30,63.5,65,63.4,64.92,54.84201763685392,54.413229909192474,53.94521238027755,54.00025919421936
2007-08-06,64.89,65,60.81,61.35,54.88041281303767,54.461235238540624,54.03232752874488,54.10163492947151
2007-08-13,61.24,61.87,56.9,57.9,54.898227486707064,54.48503291855072,54.07782955781847,54.154026171823624
2007-08-20,57.5,59.38,57.5,58.4,54.91888691156425,54.51212611634622,54.12867862184413,54.21259132807433
2007-08-27,58.35,61.8,56.7,61.15,54.955648640699565,54.55806295983171,54.21128240276361,54.30827972354917
2007-09-04,60.97,62.26,59.8,60.21,54.98664776376329,54.59717671097474,54.28185555096639,54.389682761845044
2007-09-10,60.25,63.92,60.13,63.4,55.036284060142265,54.65809590328634,54.38912783860208,54.5139629996127
2007-09-17,63.6,66.48,63.3,66.48,55.10379860846001,54.739908388384706,54.53137339344205,54.67901178582494
2007-09-24,66.2,67.5,64.3,64.89,55.16153430988503,54.81015123690799,54.65323958881332,54.81985300257218
2007-10-01,64.3,65.44,62.15,63.25,55.20925387147862,54.86855849478406,54.75437794659199,54.936130892191876
2007-10-08,63.26,64.6,62.3,63.98,55.26099868639616,54.931613453297665,54.86291467663208,55.06087391436854
2007-10-15,63.76,65.52,62.62,65.52,55.321523767892344,55.004889484762735,54.988292151024645,55.20513772244622
2007-10-22,65.25,65.65,63.45,64.85,55.37773896690183,55.07302173746334,55.104312243365534,55.33817030558489
2007-10-29,64.89,65.12,63.35,64.31,55.43043667211185,55.13694546246359,55.21261445226712,55.46191968068027
2007-11-05,64.06,65.86,63.6,64.85,55.486009317114146,55.20416383296558,55.325995458711034,55.59141044370537
2007-11-12,64.77,67.8,63.01,66.05,55.54833374592173,55.27922152270284,55.45216021802032,55.7356668513784
2007-11-19,66.21,66.52,65.24,65.6,55.6076356117275,55.35064559521009,55.57154656839655,55.871726618945594
2007-11-26,65.62,66.25,62.97,63.65,55.655083189239434,55.40808057378995,55.66658719700365,55.97901314833945
2007-12-03,63.46,64.79,62.9,64.72,55.708563524406166,55.47252292276026,55.77309793586243,56.09957848422442
2007-12-10,64.6,65.9,63.9,65.6,55.7669200817843,55.542609269315555,55.88870854838169,56.230618780993744
2007-12-17,65.85,66.66,65.25,66.65,55.83112704295371,55.619477025237245,56.015311977224265,56.37433438401452
2007-12-24,66.5,68.08,66.35,67.7,55.90114989225782,55.70307926035671,56.15277889513927,56.53055046147639
2007-12-31,67.89,69.05,67.35,68.64,55.976305350120604,55.79260812360683,56.29968737872587,56.69757735166292
2008-01-07,68.69,69.96,66.66,69.96,56.05880502357122,55.89065235804554,56.46039693897615,56.88050731922619
2008-01-14,70.18,72.96,70.04,70.79,56.145714728446904,55.993762030308204,56.62898050439996,57.072362390685136
2008-01-22,70,70.24,66.83,67.9,56.21506154420828,56.0761581408251,56.76158073375996,57.22170911633086
2008-01-28,67.89,68.89,67.23,68.16,56.28553315751679,56.15978334400278,56.895679783951024,57.37258209403664
2008-02-04,68.2,69.9,67.85,68.99,56.3604857642571,56.248573770687884,57.03796590413984,57.53282234101544
2008-02-11,68.96,72.15,66.35,70.18,56.44201682169511,56.34498502486998,57.192578069973486,57.70726617079454
2008-02-19,70.4,77,70.4,75.65,56.55533825637538,56.47858374442105,57.409724210326736,57.95475215464565
2008-02-25,76,82.33,75.59,81.86,56.70462829616078,56.65423368390603,57.69737451373466,58.284479711133294
2008-03-03,82.3,92.86,81.28,81.28,56.84961573984125,56.82465421204509,57.97481716651425,58.60165930132456
2008-03-10,78.22,83.75,76.51,79.38,56.98253836084513,56.980746570439244,58.2266428469082,58.88825710406491
2008-03-17,79.05,79.05,69.02,71.75,57.06966202833277,57.08295593673378,58.38574116635634,59.065660454353676
2008-03-24,71.88,75.38,71.28,71.7,57.15597670663169,57.18411195101244,58.542379505575674,59.23992720670742
2008-03-31,72,72.97,67.31,70.55,57.23499749302324,57.276609446161146,58.68364562903949,59.395928210752835
2008-04-07,70.9,75.73,70.5,74.2,57.33508600338889,57.39372633580709,58.8661909745802,59.60012230439762
2008-04-14,73.8,82.23,73.07,74.94,57.43894980277892,57.51515383521327,59.05529461017338,59.811706824336966
2008-04-21,74.7,75.09,71.25,71.25,57.52043092488642,57.610204673723906,59.19876173240663,59.969476385380595
2008-04-28,71.5,73.25,68.52,69.6,57.591696819134874,57.693179035843464,59.32112924143714,60.10231119385811
2008-05-05,69.65,72.25,68.92,71.55,57.67404669040842,57.789073990612714,59.46499830918494,60.26021034980489
2008-05-12,71.7,72.4,69.55,71.98,57.75844759488978,57.887281091023695,59.612233623194534,60.42186262084207
2008-05-19,71.92,72.69,67.85,69.21,57.826008376040875,57.96563900734879,59.72514852174518,60.54307830883045
2008-05-27,69.25,69.65,65.11,65.74,57.87269859211143,58.01944081352631,59.79591148031289,60.61475998732934
2008-06-02,65.75,67.39,63.1,66.52,57.9237151195916,58.07826821274066,59.87501840407391,60.696211573711004
2008-06-09,66.75,72.4,65.5,71.63,58.00457815723413,58.172051823725155,60.013312305202454,60.847022448556366
2008-06-16,79.52,84.04,78.45,79.99,58.13428566073127,58.32304108446062,60.24833216043537,61.111063518231454
2008-06-23,80.06,82.59,78.8,81.15,58.27007158603669,58.481013118478195,60.49423413501848,61.38746264211792
2008-06-30,81.1,81.53,74.26,75.86,58.37384697490963,58.60128292388665,60.67500785107708,61.587083847054224
2008-07-07,75.65,75.7,70.86,73.59,58.46361778921695,58.705011069742106,60.82694893518206,61.752641311232786
2008-07-14,73.39,74.2,71.58,73.24,58.55079408544576,58.80559922842901,60.97298483006227,61.911087637974404
2008-07-21,73.04,74.84,70.78,74.8,58.64665960706555,58.91628712304196,61.13565559676742,62.08886573951958
2008-07-28,74.71,74.97,71.5,72.57,58.72880320820381,59.01077648551226,61.27017729562898,62.23343310862966
2008-08-04,72.38,72.38,68.2,69.05,58.78969522467458,59.08025208076823,61.36170462156276,62.32745472092442
2008-08-11,69.1,71.74,67.01,67.1,58.838723571431665,59.135752066368454,61.429213978956135,62.39328293167029
2008-08-18,67.75,70.28,66.79,69.71,58.902860895494015,59.20893025276037,61.52663499096842,62.49420316709553
2008-08-25,70.18,71.18,67.62,69.58,58.965852866612046,59.2807023617378,61.62138046166291,62.591938295825244
2008-09-02,69.48,70.43,65.61,65.84,59.00640830692702,59.32609542497837,61.67101127976099,62.63673914691731
2008-09-08,66.24,66.87,63.63,64.52,59.03893687148793,59.3620394012761,61.70452879411674,62.662715158683966
2008-09-15,64.5,64.79,59.45,62.74,59.06077205218711,59.385416291232666,61.7167108083036,62.66378115649522
2008-09-22,62.9,64.5,60.15,60.38,59.06855510792642,59.39229922347327,61.700984798794146,62.63228072675046
2008-09-29,60.15,60.3,55.11,57.44,59.05894711318939,59.37878850220356,61.650855565867154,62.5606630615539
2008-10-06,57.34,57.34,49.44,49.44,59.002198162669096,59.31000795893572,61.507198441562835,62.37968839863592
2008-10-13,50.3,52.57,45.66,52.57,58.964250090912934,59.263364305240664,61.402054930485626,62.24438235175818
2008-10-20,53.57,54.77,46.08,46.23,58.8891217717925,59.17316801247083,61.22356016659756,62.023494319320136
2008-10-27,46.09,48.93,43.64,44.29,58.80299125986453,59.070170309962386,61.02434181169641,61.77889439767434
2008-11-03,44.88,46.89,42,42.07,58.70427154741695,58.9525220725232,60.801349555088215,61.507047578396076
2008-11-10,42.55,44.45,36.7,42.51,58.608730122358445,58.83873299243653,60.5861572073813,61.24501933593544
2008-11-17,42.62,42.98,39.4,41.8,58.509563572964,58.72081788522244,60.36514359317681,60.97681217268116
2008-11-24,41.93,48,41.93,47.91,58.44702927459843,58.646002536535775,60.21861249208061,60.79658028064418
2008-12-01,47.91,47.99,41.31,41.37,58.34627983935006,58.52644542555629,59.99686410982084,60.52862744918702
2008-12-08,41.99,45.13,41.99,43.43,58.258278188380444,58.421971754791194,59.80195982617589,60.29278431195686
2008-12-15,43.8,47.14,43.43,45.23,58.18141519021891,58.33067783261271,59.630525004691464,60.08502176972297
2008-12-22,45.45,46.5,45.26,46.18,58.11061038083709,58.24659009674688,59.47228353404803,59.89322836600265
2008-12-29,46.3,49.44,46.04,48.91,58.05632949363451,58.181977016492574,59.34802137482394,59.74173556095434
2009-01-05,48.08,50.9,46.9,49.32,58.00478772671041,58.120648455824806,59.230044652767184,59.59798748425152
2009-01-12,49.17,49.98,45.58,49,57.95166213540239,58.05752978139003,59.109691186264044,59.4518083465377
2009-01-20,49.25,51.55,46.65,50.64,57.908525485636,58.00619739535965,59.01004776054329,59.33026616244753
2009-01-26,50.51,52.4,49.37,49.41,57.858386692210416,57.94670814002844,58.897106022183955,59.19343490503446
2009-02-02,49.32,50.45,48.69,49.86,57.811198570132476,57.890744761896755,58.790787127805324,59.06469787186157
2009-02-09,49.8,50.34,45.06,45.22,57.73691421278656,57.80305794693553,58.631130808654675,58.87373652190486
2009-02-17,45.5,45.97,43.91,44.1,57.65646044161968,57.70822709609169,58.460176328552855,58.669960845740654
2009-02-23,44.4,45.25,42.78,43.26,57.57152557175762,57.60823936532289,58.28135072468753,58.45740966166147
2009-03-02,43.2,43.75,41.11,41.55,57.477003296997985,57.4971096811338,58.08451130439708,58.2242040111558
2009-03-09,41.73,43.44,41.01,42.83,57.39059029819564,57.395607191991004,57.90504646552182,58.01187016272606
2009-03-16,42.76,44.34,41.54,44.08,57.3120617418641,57.30345766125058,57.74239886004509,57.81970643634364
2009-03-23,44.34,45.1,43.21,43.34,57.229630699139236,57.20682473625923,57.57295887345633,57.61998634756648
2009-03-30,43.34,47.69,43.05,47.6,57.17281871861334,57.14034152009135,57.45562994553331,57.48177963932419
2009-04-06,47.4,49.92,46.5,48.41,57.1211206730758,57.07992393171701,57.349210769703504,57.35665164429903
2009-04-13,48.21,50.85,46.78,50.69,57.083178958190395,57.03570300485392,57.27086711358935,57.264697828515594
2009-04-20,50.6,52.78,48.33,52.7,57.05731949531022,57.00569813976843,57.21709220637065,57.20173647915676
2009-04-27,52,57.24,51.33,57.2,57.05816126819924,57.0070427893202,57.21689112158982,57.20171252772011
2009-05-04,57,59.97,56.56,59.85,57.07463229316562,57.02671723368477,57.24786887310053,57.23824063078604
2009-05-11,59.8,61.67,56.11,56.3,57.07006219114105,57.02168804867657,57.23671747459346,57.22529938070623
2009-05-18,56.1,57.9,55.52,57.11,57.07029781243225,57.022299204049055,57.235226680774716,57.22370904442063
2009-05-26,57.11,57.25,54.16,56.97,57.06970608492528,57.021937271841104,57.23210636688325,57.220209609325174
2009-06-01,56.99,58.88,54.85,55.11,57.05814439710861,57.008705872035975,57.2071404096258,57.191103269886206
2009-06-08,55.37,56.82,54.26,56.1,57.05249162780414,57.00241725008417,57.19411522833609,57.176053569611916
2009-06-15,56.2,59.71,53.1,56.38,57.048524125575206,56.99810986427044,57.18453740212037,57.16507352037589
2009-06-22,56.32,57.88,54.77,56.84,57.047293894745856,56.99701567835854,57.18048402091895,57.16058974768105
2009-06-29,56.84,61.29,55.89,60.7,57.06884378327243,57.02264186743564,57.22189009126108,57.209409199437175
2009-07-06,60.51,62.49,58.51,62.15,57.098821106084976,57.058125314719824,57.279867854893304,57.27755527944494
2009-07-13,62.65,64.22,61.7,64.06,57.13989000811397,57.10658119489477,57.35963411542397,57.37110624110777
2009-07-20,63.95,64.98,59.49,59.61,57.15446292842009,57.123905892507956,57.38610900818369,57.40198753433387
2009-07-27,59.61,60.79,57.99,60.02,57.17136875185124,57.143948066262226,57.417095961028586,57.438098051101676
2009-08-03,60.24,63.51,59.97,62.43,57.20239312499666,57.180529740544145,57.47607130266354,57.50695187108648
2009-08-10,62.31,65.47,61.09,61.12,57.22550584992293,57.207792510505776,57.51894105204397,57.55678701769218
2009-08-17,61.12,61.12,58.53,58.63,57.23379195110333,57.217634776869055,57.53201233378463,57.57158995537918
2009-08-24,58.63,60.33,57,58.34,57.24031825227676,57.22540201024712,57.54151807103422,57.58218871461533
2009-08-31,58.34,59.98,57.49,59.63,57.25441666966746,57.2420428267852,57.56608844666911,57.61043438751719
2009-09-08,59.64,62.29,59.64,61.24,57.27793043562812,57.26971035047527,57.60931093553183,57.66049736148247
2009-09-14,61.2,64.74,60.47,64.6,57.32112848615539,57.32043899856887,57.69155433629028,57.75621463925513
2009-09-21,64.5,65.39,61.91,61.94,57.3483784655881,57.35240827885559,57.741536049980986,57.81392202354127
2009-09-28,62.1,63.35,60.59,60.66,57.36791605576162,57.3752981869604,57.77587091998121,57.853178271492425
2009-10-05,60.75,64.08,60.67,63.02,57.40126168375122,57.41436186732746,57.83756655621672,57.92444477809253
2009-10-12,63.04,69.49,63.02,68.21,57.465030051398706,57.48907216582346,57.959595184967114,58.06631450529125
2009-10-19,67.9,68.92,66.35,67.38,57.52352544932556,57.55752149339561,58.07042347690868,58.19477913280448
2009-10-26,67.68,68.59,66.1,67.64,57.58320966496376,57.62729643115758,58.18300673012152,58.32505804131752
2009-11-02,67.49,69.26,66.47,66.54,57.63605208581943,57.68897604063054,58.281324298002446,58.43836758557521
2009-11-09,66.89,71.49,65.87,71.33,57.716842339000436,57.78337759052237,58.43483812979065,58.61618320508452
2009-11-16,71.38,74.19,71.06,74.04,57.81314415410958,57.89588016775059,58.61842826944017,58.82892550570404
2009-11-23,74.15,75.74,72.8,73.84,57.907697875914245,58.00622009738554,58.79750558391735,59.03597480907364
2009-11-30,74.1,75.09,73.06,73.82,58.001575764551916,58.11565802058702,58.974240812341854,59.239892397914005
2009-12-07,74.28,75.09,73.3,74.31,58.09779065679645,58.227729591378804,59.154661508667246,59.447755951046226
2009-12-14,74,76.58,73.81,75.28,58.19916062342302,58.34573838313397,59.34437137327116,59.6661317310318
2009-12-21,75,75.79,73.35,73.65,58.290316017975094,58.45165022823339,59.51267288652679,59.85901267267274
2009-12-28,74.25,76.54,74.25,75.6,58.39243804736757,58.57032392907607,59.70193555845001,60.076129739256565
2010-01-04,75.9,76.77,72.43,72.44,58.47531451906452,58.66630784652191,59.85179514011531,60.24666588078406
2010-01-11,72.55,74.49,71.93,72.08,58.55557815022048,58.759136165923145,59.99565637376101,60.409884282428415
2010-01-19,72.2,72.64,70.52,71.07,58.62940954756431,58.84433245543233,60.12594276936382,60.55692036129147
2010-01-25,71.1,71.65,68.83,69.03,58.690769963212894,58.914821504183664,60.23069638384189,60.67379042527365
2010-02-01,69.06,70.67,66.55,66.62,58.737550081424025,58.96814453875679,60.305864661679045,60.75580710906298
2010-02-08,67.1,75.09,67.1,74.91,58.83296276530943,59.078468798004145,60.47767801860047,60.95103735583452
2010-02-16,74.9,79.27,74.68,78.98,58.95182434191528,59.216195657533525,60.69535239485223,61.1997127026506
2010-02-22,78.99,82.58,78.46,82.46,59.090515643732886,59.37705243499004,60.95140707255985,61.49295804468301
2010-03-01,82.46,84.6,80.66,82.43,59.228211716631215,59.536588404298065,61.20409640111797,61.78174483027359
2010-03-08,82.43,82.44,78.7,80.47,59.35353200148885,59.68145630461434,61.43075409051659,62.0395138670974
2010-03-15,80.47,82.83,79.82,82.18,59.48820142920868,59.83715556894227,61.67486286592227,62.31731367582709
2010-03-22,82.28,82.96,79.27,79.69,59.60738608154373,59.974545495800804,61.88680565573495,62.55693693547085
2010-03-29,79.89,81.72,79.37,81.5,59.73654604566442,60.12351057887485,62.11754911860866,62.818220563947115
2010-04-05,81.7,83.17,78,78.07,59.84470801589649,60.24770773749855,62.30522501133091,63.02858993547888
2010-04-12,78.37,82.81,78.1,81.59,59.97299882406229,60.395405261806516,62.53210471707996,63.28460938464468
2010-04-19,81.7,86.8,80.52,86.2,60.1277303944218,60.573983772105436,62.81055054393784,63.600683737959926
2010-04-26,86.21,87.1,83,84.13,60.2693367047792,60.73700118544727,63.0613675963621,63.88384672088462
2010-05-03,84.13,84.3,79.8,80.71,60.389930588526816,60.87522263053068,63.268998565816666,64.1159315937
2010-05-10,81.25,82.49,80.29,80.72,60.50987200098388,61.012556729973376,63.47430446504235,64.34495322689034
2010-05-17,80.85,84.13,80.51,82.97,60.64238013077159,61.16451135467944,63.70366558898303,64.60185042376082
2010-05-24,82.97,83.23,80,80.05,60.75687936303843,61.29520677783045,63.89597540558323,64.81492834895033
2010-06-01,80.33,80.33,76.56,77.06,60.853062965616374,61.40430569286276,64.0508462831646,64.98382588896482
2010-06-07,77.06,83.99,75.8,81.54,60.97510979177793,61.54365305831008,64.25660103277443,65.212186911186
2010-06-14,81.7,83.04,78.29,78.95,61.08115634167895,61.66411220669548,64.4294645500359,65.40167398827309
2010-06-21,78.76,79.57,77.48,78.91,61.18634126001712,61.783460911147415,64.59982379062372,65.58799572636588
2010-06-28,79,79.3,75.17,75.53,61.27096461541525,61.87859266954778,64.72841409896932,65.7251268197953
2010-07-06,75.4,76.09,73.55,74.99,61.35190287727121,61.96932905245748,64.84913863898144,65.85291817400503
2010-07-12,74.88,74.95,73.06,73.96,61.42628693109262,62.052309474239784,64.95632524322872,65.96473999229461
2010-07-19,74.01,75.54,72.96,75.34,61.50837373385903,62.144265810058194,65.07848612272015,66.09405392343537
2010-07-26,75.34,78.94,75.34,78.76,61.610153239853965,62.25925358991938,65.23944510951168,66.26875662793971
2010-08-02,78.76,81.78,78.16,80.23,61.72000484315866,62.383618616978765,65.41580457881155,66.4613255020371
2010-08-09,80.2,85.71,79.09,84.18,61.852512189216725,62.53445862654985,65.63655981906082,66.70572101235383
2010-08-16,84.18,84.79,82.88,83.55,61.98052096686146,62.67989489903047,65.8473061741307,66.93805589494205
2010-08-23,83.57,87.3,82.46,86.07,62.12264178711597,62.84176413848355,66.08522021914092,67.20194477914976
2010-08-30,85.93,89.95,85.75,89.45,62.28386513940437,63.02590417904768,66.36009998126868,67.50881450633389
2010-09-07,89.95,92.82,89.9,91.29,62.45499277869992,63.22150345808541,66.65339292266552,67.83683085797067
2010-09-13,91.29,98.79,91.25,98.22,62.66599577115596,63.46370758640315,67.02476477063416,68.25590905303314
2010-09-20,98.75,103.34,96.53,99.93,62.88584240377451,63.716069471618354,67.41188518509729,68.69279306609475
2010-09-27,101.33,106.4,97.92,98.02,63.09312356953395,63.95346691472134,67.77198065350791,69.0973062651831
2010-10-04,97.69,107.75,95.31,107.17,63.35316413844526,64.25254326825268,68.23548676346664,69.62244686842195
2010-10-11,107.25,119.8,107.25,109.87,63.62759974824794,64.5682350103409,68.72530456624938,70.17758553230578
2010-10-18,109.16,119.71,108,119.71,63.95846936625237,64.94983892030393,69.3251245125288,70.86079124910157
2010-10-25,120.97,130.5,120.5,125.26,64.3201303139441,65.36721027725685,69.98318187120493,71.61112516290706
2010-11-01,125.8,144.6,125.8,142.23,64.77977556282939,65.89913269748344,70.83314443742606,72.58517860893592
2010-11-08,143.15,157.23,139.21,140.18,65.22461464505459,66.41318714248355,71.64898979698575,73.51752097295059
2010-11-15,132.5,138.2,123.15,123.15,65.56635733151444,66.80582944599577,72.25488403466827,74.20210689056506
2010-11-22,123,123.74,111.13,111.76,65.83888619681524,67.11693097232106,72.71965010484864,74.72014679552278
2010-11-29,112.25,132.34,112.1,132.34,66.2312231514063,67.56830169223579,73.42106598596807,75.51490339144661
2010-12-06,133.55,140.95,126.42,136.97,66.64856106791717,68.04859026183969,74.16870050378022,76.36255989639217
2010-12-13,137.3,150.12,136.97,150.12,67.14101793477312,68.61655849532177,75.06224520373574,77.37990389782125
2010-12-20,151.64,159.12,148.12,148.12,67.61877004135263,69.16675532234376,75.92174820133886,78.35562936129958
2010-12-27,147.12,149.49,137.55,144.81,68.07417552783433,69.69023798447287,76.73219822249958,79.27224137010924
2011-01-03,144.97,149.09,139.61,140.6,68.50205649817158,70.18096298112012,77.48358412576428,80.11814148914222
2011-01-10,140.5,152.25,140.5,141.44,68.93236884921482,70.67410510581824,78.23601254781411,80.96396022722301
2011-01-18,142.99,156.94,142.47,156.94,69.45158791205131,71.27110091823472,79.16194181195748,82.01190560339924
2011-01-24,160.99,172.83,158.01,164.75,70.01382043174422,71.91801371464832,80.16886014358151,83.15312069852477
2011-01-31,165.89,181.22,165.46,167.86,70.59108402801712,72.58197209724591,81.20052061248056,84.32149144751064
2011-02-07,167.51,189.4,164.76,185.56,71.26936671811731,73.36382696162482,82.4282791935102,85.71788466892428
2011-02-14,186.61,208.93,182,194.93,71.9989279764175,74.20511535635407,83.75182885005715,87.22425867349085
2011-02-22,188.93,189.22,175.13,184.23,72.66105819484572,74.96653324316131,84.93392498123295,88.56226889868408
2011-02-28,189.56,212.7,187.21,212.7,73.48724664207377,75.91970602348545,86.43705527557138,90.27451346559879
2011-03-07,213.75,219.7,196.6,204.94,74.26277911026213,76.81258003024334,87.831207566447,91.85610638331467
2011-03-14,204.94,206.83,185,199.12,74.99939988247297,77.65899816152194,89.14048747742999,93.33560836423446
2011-03-21,202.62,211.16,196.87,204.49,75.76335622534924,78.53672135763597,90.4975405659308,94.86877238679675
2011-03-28,202.89,204,192.23,195.55,76.47006208832653,79.34650183266963,91.73345185339045,96.25747897456507
2011-04-04,195.01,215.06,188.85,202.97,77.2163744063895,80.2020277715439,93.0421171257035,97.72937581629522
2011-04-11,204.98,207.73,176.46,177.4,77.80742824469989,80.87467809838442,94.03456280657757,98.82828097744977
2011-04-18,176.97,179.8,164,167.51,78.33664695712054,81.47423049908764,94.89897971473547,99.77561503293322
2011-04-25,168.65,172.44,146.5,158.02,78.80675523465965,82.00395900774447,95.64157995338564,100.57898586006517
2011-05-02,158.02,158.87,143.8,145.56,79.2005796875525,82.4437932014625,96.22885548334581,101.19941364130565
2011-05-09,145.1,155.12,142.06,145.15,79.58966181328965,82.87774618968767,96.80439836001233,101.8056286255635
2011-05-16,146.7,161.32,145.18,155.61,80.03815938371272,83.38108358629883,97.4962289675416,102.54775788590055
2011-05-23,155.85,159.67,150.75,152.67,80.46666581802711,83.86059165836596,98.14533215615876,103.23909915643985
2011-05-31,153.45,168.49,153.4,161.63,80.94550554771426,84.39878825588592,98.89221060138043,104.04449089221309
2011-06-06,161.55,163.56,144.31,150.03,81.35308368607583,84.85298349286941,99.4938316531289,104.67877377645843
2011-06-13,150.1,158,117.87,123.77,81.60333097996329,85.12230540641357,99.77943363368031,104.94210103471417
2011-06-20,123.77,127.72,118.69,121.92,81.84118743435879,85.37696073232074,100.03991088504878,105.17627895147673
2011-06-27,121.75,124.66,116.4,117.81,82.05339281822688,85.601410831059,100.24897075698938,105.35053717283567
2011-07-05,118.1,119.59,112.26,113.88,82.24116041221964,85.79711041008281,100.40933580690715,105.46818493596898
2011-07-11,113.57,113.8,99.46,99.46,82.34274648648383,85.89166327921718,100.3981671503553,105.38531341961078
2011-07-18,96.94,102.13,94.46,98.64,82.43889547476417,85.97988706275201,100.37748283093936,105.29227461382305
2011-07-25,98,104.44,93.2,101.77,82.55294328907235,86.08916120072605,100.39386538586949,105.24369151570136
2011-08-01,101.75,108.62,100.08,101.58,82.66519731096572,86.19636423739922,100.40781991074161,105.19315783962271
2011-08-08,101.4,101.5,93.72,100.52,82.77053537992758,86.29548974440684,100.40913967649759,105.12870049011067
2011-08-15,101.02,108.39,100.52,106.22,82.90888030393981,86.4333756285286,100.47750273912703,105.14375289714363
2011-08-22,105,109,101.74,104.32,83.03519959418205,86.55715849615123,100.52270858925495,105.1323907882175
2011-08-29,104.1,107.23,103.5,105.89,83.17003617474734,86.6909497868353,100.58585319408724,105.142840570449
2011-09-06,105.53,115.47,103.86,111.87,83.3393574952503,86.86519926927934,100.71860786239209,105.23562897637383
2011-09-12,111.87,114.83,109.41,110.52,83.49971526813968,87.02890031239852,100.83391835812866,105.30851685256178
2011-09-19,110,110.95,99,101.24,83.60437771493531,87.12724702303936,100.8386957892095,105.25239937873334
2011-09-26,100.65,103.17,98.21,100.19,83.70222799390325,87.2176466976204,100.83106407404233,105.18257318040598
2011-10-03,100.35,103.64,98.25,101.98,83.81006145706607,87.31980831216974,100.84458096728889,105.13839975722797
2011-10-10,102.12,104,99.67,101.94,83.91702274640491,87.42098610931735,100.85746825002667,105.09428389850758
2011-10-17,102,102.48,96.47,97.1,83.99479842341727,87.48796890440859,100.81326274120283,104.98401791370058
2011-10-24,97.1,105.05,96.96,104.37,84.11500610233516,87.60479956942999,100.85510670895339,104.97554870109782
2011-10-31,104,104.64,97.3,98.74,84.2012892521739,87.68185978002217,100.83022310061276,104.88954113280681
2011-11-07,98.67,100.78,95.96,99.24,84.2900132093882,87.76184690957218,100.81151459354672,104.81161642752672
2011-11-14,99.88,100.9,93.12,93.27,84.34299248248917,87.79996561608034,100.72279089244617,104.65242171818151
2011-11-21,93.44,93.71,89.33,90.87,84.38149990147153,87.82121152877183,100.60687570547621,104.46231934965488
2011-11-28,91.1,93.67,88.5,91.84,84.42550285190532,87.84902321369383,100.50373599129414,104.28821839310791
2011-12-05,91.84,93.93,90.15,90.43,84.46092761384098,87.86688464474092,100.38522145022009,104.09707055320297
2011-12-12,90.45,90.84,84.35,86.29,84.47171860136994,87.85597194823752,100.21939531551162,103.85145578695189
2011-12-19,86.24,88.14,85.9,87.24,84.48805064501968,87.85170916658882,100.06669654709384,103.622332258856
2011-12-27,87.25,92.09,87.24,91.8,84.53118898929685,87.87903297858475,99.96944129359862,103.45926560700971
2012-01-03,92.25,96.48,91.85,95.86,84.59802563242785,87.93426458426929,99.92109492543864,103.3544481503613
2012-01-09,96,97.5,93.22,95.47,84.66216707412444,87.98641500237123,99.86872910278642,103.2456971413908
2012-01-17,95.94,99.47,95.67,98.6,84.74439617693197,88.05986541757973,99.85380287804776,103.18161856013025
2012-01-23,98.39,99.47,94.59,95.61,84.80850003429521,88.11211548389406,99.80387578536484,103.07718244205948
2012-01-30,95.63,97.86,92.69,96.34,84.87653248247045,88.16905586116815,99.76312430553702,102.98425578768625
2012-02-06,96.96,97.26,89.99,90.61,84.91035824953552,88.18594820814968,99.65544049017775,102.81357639751127
2012-02-13,90.86,94.57,90.62,92.65,84.9560198527831,88.2168413001348,99.57302354323448,102.67338913685595
2012-02-21,92.65,93.79,89.01,90.15,84.98666280350415,88.23021956103352,99.46216444272585,102.50065273496828
2012-02-27,90.75,92.74,87.8,88.23,85.00579753622684,88.23021804158,99.33002133163495,102.30381614552044
2012-03-05,88.7,94.24,88.25,88.8,85.02818221152933,88.23416116931993,99.20613872773336,102.11755661247878
2012-03-12,88.18,89.16,87,87.48,85.04264721323122,88.22894206088174,99.06818415446591,101.91565927989286
2012-03-19,87.73,90.5,87.43,89.63,85.06971124147174,88.23863796357459,98.95714669382514,101.74620191051503
2012-03-26,89.65,94.39,89.36,93.52,85.1195654524365,88.27518718181975,98.89318026213307,101.63273705657689
2012-04-02,93.52,93.8,88.2,88.54,85.13974500728939,88.27701979647843,98.7713781414021,101.45214757993445
2012-04-09,88.54,93.75,88.5,92.08,85.18069046447353,88.30333799857893,98.6926560456209,101.32287657883191
2012-04-16,89.73,92.25,86.55,91.01,85.2150816711728,88.32206922350225,98.60227185684889,101.18063000533078
2012-04-23,91.2,92.86,90.05,91.23,85.25056791500069,88.34219331192092,98.51553924676831,101.04337993629174
2012-04-30,91.23,91.65,87.87,87.99,85.26672975621013,88.33975598796299,98.39170937327692,100.86333331648082
2012-05-07,88.01,88.42,77.16,78.97,85.2295809080909,88.27491338597017,98.16321867476779,100.56135630521902
2012-05-14,78.77,80.65,76.26,77.99,85.18686951630275,88.20373751478698,97.92588669035875,100.25002725273325
2012-05-21,77.99,79.05,70.53,73.62,85.11862839821246,88.10281199565351,97.63993508223689,99.88271653200589
2012-05-29,73.65,75.33,68.55,68.59,85.0211143663646,87.96777523443791,97.29817114009292,99.45109285570236
2012-06-04,68.59,74.88,66.1,72.9,84.949603367153,87.86349997329992,97.01113383256241,99.08487088527887
2012-06-11,74.25,78.09,70.37,71.02,84.86742281631435,87.74693595964386,96.70535578747344,98.69776921789571
2012-06-18,71.32,74.8,67.38,69.12,84.77451766695556,87.61802982843525,96.38082218997376,98.28979998730405
2012-06-25,69.01,71.65,67.16,71.33,84.69519897865494,87.50530989882671,96.08610663479759,97.91794067713434
2012-07-02,71.21,72.75,69.97,70.62,84.61215945665698,87.38845654312549,95.78650538027055,97.54141735744973
2012-07-09,71.2,72.76,69.66,72.66,84.54164524157346,87.28652950822496,95.51442884638502,97.1982253938987
2012-07-16,72.5,73.4,70.45,72.94,84.4731989569624,87.18724556699156,95.24884733054519,96.86362918156905
2012-07-23,72.9,72.91,69.4,71.45,84.39636592476793,87.07833729317156,94.96886089136231,96.51309636527155
2012-07-30,71.5,73.97,70.21,73.94,84.33467645028553,86.98741454373784,94.72146252793452,96.20174331195746
2012-08-06,73.79,77.07,72.95,73.02,84.26792319689152,86.89075423547668,94.46615120407647,95.88199512834426
2012-08-13,73.1,74.17,71.59,73.76,84.20592954971221,86.79988396395089,94.22254942520497,95.57686416105675
2012-08-20,73.52,77.49,73.3,75.21,84.15285621903544,86.71967715451179,93.99887237314374,95.29594189676631
2012-08-27,75.5,77.29,75.11,77.26,84.11219040063405,86.65421226070893,93.80194446287146,95.04717028439711
2012-09-04,77.28,77.29,74.8,76.3,84.06610078175125,86.58255681253793,93.5960392338965,94.78858862530198
2012-09-10,76.18,76.6,72.75,75.9,84.0179231960182,86.50862908373144,93.38785053702713,94.52805636840127
2012-09-17,75.4,76.77,73.14,73.25,83.95439562554022,86.4168738651589,93.15093464835623,94.23456593573366
2012-09-24,73.5,73.67,70.46,70.65,83.87590361595001,86.30776055121316,92.88621777014028,93.9092615779994
2012-10-01,70.65,72.65,70.22,71.49,83.80283043827478,86.20521549549542,92.6344975610798,93.6000303838201
2012-10-08,71.99,72.53,70.41,71.36,83.72942140914041,86.10248044016328,92.38420935447886,93.29327134404326
2012-10-15,71.43,79.19,71.09,76.88,83.68901184330478,86.0386570461137,92.20180689148499,93.06688139447026
2012-10-22,76.8,77.63,72.06,72.42,83.62252799762157,85.9444102845489,91.96907975158517,92.78209682351205
2012-10-29,72.4,73.13,69.66,70.35,83.54422399763561,85.83649049019215,91.71473763686063,92.47268859146361
2012-11-05,70.2,71.1,69.03,69.58,83.46183919528968,85.72398882590016,91.45432895877993,92.15692736951239
2012-11-12,69.79,72.74,69.6,72.64,83.39799353632043,85.6334421904268,91.23298391220604,91.88772837131222
2012-11-19,72.54,73.15,71.28,71.43,83.32738590483771,85.535148472846,91.00000763088596,91.60555280756998
2012-11-26,71.6,73.98,71.47,73.91,83.2718261059891,85.45469761836264,90.79894871758142,91.36147621712074
2012-12-03,73.91,74.41,72.43,73.79,83.21588612896262,85.37397306737051,90.59884343855106,91.11911102791908
2012-12-10,73.85,75.53,73.27,75.09,83.1679457978183,85.30280370358248,90.41638645692105,90.89801984132708
2012-12-17,75.01,76.29,75.01,76.18,83.12671897895213,85.23967011393832,90.24889955742786,90.69501267110188
2012-12-24,76.18,77.1,74.62,74.66,83.07676783453353,85.16645440380725,90.06550073910518,90.47384008253495
2012-12-31,74.71,76.95,73.72,75.05,83.0294122720879,85.096444338729,89.88884778923335,90.26109746070688
2013-01-07,75.15,76.44,74.4,75.62,82.98569892534991,85.03086340904922,89.72097899171295,90.05915128883505
2013-01-14,75.62,78.88,75.12,78.55,82.9595296101561,84.98601314324264,89.58955570945751,89.9004043745063
2013-01-22,78.4,84,78.22,80.52,82.94513710508143,84.95510647789149,89.48285505405214,89.77101948658206
2013-01-28,80.72,83.88,80.18,83.1,82.94605075047917,84.94226837077805,89.40776264165153,89.67900542469818
2013-02-04,82.9,83.03,80.6,82.75,82.94489410888343,84.92709696336782,89.32943602233799,89.58343293608165
2013-02-11,82.55,83.86,81.35,83.19,82.9463401613384,84.91507553109537,89.25720736325165,89.49524765420466
2013-02-19,83.26,85.24,82.76,83.14,82.9474826972597,84.9027912713646,89.18524021780163,89.40758906587081
2013-02-25,83.16,85.97,81.39,85.4,82.96195182588944,84.90623216222022,89.14070797994515,89.35231197530707
2013-03-04,85.49,88.78,84.91,86.75,82.98430019269836,84.918991801236,89.1125820037105,89.31641801702698
2013-03-11,86.92,93.93,85.59,92.57,83.04085299392138,84.97193995486067,89.1532575095492,89.36129500989557
2013-03-18,92.41,92.5,87.11,87.11,83.06485976091889,84.98673621814883,89.12921918590744,89.33024266493149
2013-03-25,87.3,90.27,86.12,88.46,83.09668949684267,85.0107726457049,89.12134601901441,89.31823931782898
2013-04-01,88.71,89.7,86.56,86.65,83.1176529806371,85.02211677964466,89.09227135996719,89.28143601689341
2013-04-08,86.79,87.39,83.46,86.01,83.13471697485163,85.02895334172325,89.05600934396757,89.23631276148798
2013-04-15,85.81,87.52,84.19,85.36,83.14784548827433,85.03124432205735,89.01252688109737,89.1828463785709
2013-04-22,85.36,86.29,82.84,84.25,83.15434787477419,85.0258377869566,88.95649715308446,89.11480711817681
2013-04-29,84.35,87.62,83.6,86.18,83.17219832979028,85.03382506870777,88.92383248069522,89.07432701999507
2013-05-06,86.35,88.4,85.39,86.69,83.1929523219449,85.0452864869174,88.89755209856939,89.04143975075375
2013-05-13,86.52,87.12,85,86.37,83.21169596606322,85.054454054482,88.8678161915274,89.00459230591576
2013-05-20,86.35,86.91,81.03,81.53,83.20177445593895,85.03006336898385,88.7814889422153,88.90149448100658
2013-05-28,81.5,82.93,79.3,79.35,83.17905012286556,84.99075497196665,88.67053024877748,88.76974972954442
2013-06-03,79.46,86.38,79.32,84.73,83.18820026963331,84.98895043928869,88.6241710693801,88.71402904361966
2013-06-10,84.75,91.82,84.59,89.44,83.22508404385377,85.01975355043548,88.63376905679915,88.72404243612147
2013-06-17,88.5,89.46,84.32,84.53,83.23278266306407,85.0163642525086,88.58548942083681,88.66619357493359
2013-06-24,84.64,85.3,83.05,84.38,83.2395509069398,85.01196034764695,88.53601307470932,88.6070736635552
2013-07-01,84.15,85.89,83.2,85.03,83.25011402843278,85.01208518953175,88.49476586206568,88.55773471647167
2013-07-08,85.4,87.11,84.18,85.08,83.26090981587565,85.0125551882201,88.45459214604138,88.50976596176172
2013-07-15,84.69,86.39,83.58,85.9,83.27647966946931,85.01869667480682,88.42453812079383,88.47376918987534
2013-07-22,86.18,86.55,84.6,85.16,83.28759188380873,85.01967455248982,88.38613178996096,88.42806202863568
2013-07-29,85.12,86.24,84.34,85.02,83.29781258065941,85.01967680472173,88.34653023949083,88.38105427651656
2013-08-05,85.03,89.42,84.85,88.93,83.3310408250213,85.04673786489666,88.35339458961447,88.38862594166807
2013-08-12,88.56,93.72,87.75,93.32,83.38997273755805,85.10399227413613,88.41182524150136,88.45664489419678
2013-08-19,93.32,93.54,83.91,84.2,83.39475165946037,85.09773627223899,88.36227435630722,88.39793255082856
2013-08-26,84.26,85.54,82.43,83.59,83.39590356707417,85.08730211118544,88.30612995211537,88.33161623978265
2013-09-03,83.57,84.1,82.11,83.21,83.39480679086725,85.07431040107343,88.24617548209048,88.26097325716495
2013-09-09,83.37,85.15,82.91,84.39,83.40067813723381,85.06957468895527,88.20080871171294,88.20758052258336
2013-09-16,84.46,85.78,83.7,84.56,83.40751779424129,85.06604822051959,88.15797566804572,88.15726906709945
2013-09-23,84.5,86.98,84.1,86.69,83.42688347097143,85.07728664113883,88.14070536606872,88.13703087307049
2013-09-30,86.63,87.78,85.48,86.94,83.44760982217514,85.09017739102714,88.12657942058556,88.12052010240744
2013-10-07,87.12,87.12,83.1,83.26,83.44650297956643,85.07751180354599,88.06932554504925,88.0534784458225
2013-10-14,83.51,84.4,82.57,83.11,83.44451771125041,85.06389580490553,88.01098053863691,87.98529253622496
2013-10-21,83.11,83.4,78.76,78.91,83.41776539436988,85.02130829068473,87.90391017935883,87.86011608744944
2013-10-28,79.08,79.49,76.54,76.58,83.37742459558304,84.96289093227169,87.7706877066605,87.70452827934669
2013-11-04,76.58,78.94,75.27,76.9,83.33920970121382,84.90709237910718,87.64279726305273,87.55550030307984
2013-11-11,76.88,78.5,76.47,78.2,83.30888987996772,84.8606765148919,87.53170553054622,87.42645891958908
2013-11-18,78.2,79.45,76.65,77.23,83.27302622285877,84.80786906496186,87.41050899489274,87.2858181069051
2013-11-25,77.38,79.65,77.25,79.35,83.24988152537878,84.77009834478912,87.31567947730576,87.17635854680985
2013-12-02,78.92,80.52,78.2,80.41,83.23312706210221,84.73992465382172,87.23443618933746,87.08302946340558
2013-12-09,80.32,83.42,79.76,83.22,83.2330496163081,84.72940614410669,87.18720752828644,87.02974629839309
2013-12-16,83.21,83.85,82.34,83.15,83.23255964807029,84.71847599778069,87.13971096913012,86.97623255634629
2013-12-23,83,85.2,81.42,84.12,83.23779528436486,84.7143342953739,87.10418495772859,86.93683624522427
2013-12-30,84.12,85.29,82.9,83.31,83.23822127088779,84.70461571893533,87.05954748763767,86.88681091770394
2014-01-06,82.93,85.03,82.39,82.9,83.23622586515984,84.6921270288389,87.01061163484194,86.83182042228734
2014-01-13,82.73,87.14,82.62,87,83.25843102229754,84.70809846808568,87.01048679207909,86.83414014060061
2014-01-21,86.96,88.43,86.35,87.01,83.28056417260848,84.72402858249339,87.01048106511345,86.8365657938337
2014-01-27,87,87.16,83.66,85.87,83.29584108014471,84.73195918053841,86.997063640818,86.82323385184979
2014-02-03,85.83,88.05,84.76,87.47,83.32046738645654,84.75090755991185,87.00262759798484,86.83215476423807
2014-02-10,87.54,89.63,86.66,89.04,83.35421094169868,84.7805898605353,87.02659668506737,86.86260780197271
2014-02-18,89.22,89.63,87.46,88.35,83.38368462345858,84.80529166080841,87.0421661358313,86.88312355642826
2014-02-24,88.35,90.44,86.12,87.14,83.40584577612253,84.82144881194468,87.04331712246858,86.88666667978787
2014-03-03,87.4,93.35,86.82,91.27,83.4522419662339,84.86607546376513,87.09304280338071,86.94712644972182
2014-03-10,91.1,93.75,90.44,92.19,83.50379216112337,84.91676006263181,87.15300700569388,87.01944194696704
2014-03-17,92.15,93.6,91.66,93.31,83.56164589468607,84.97484476808073,87.2254422173916,87.10620826493991
2014-03-24,93.31,97.35,89.84,93.74,83.62169518144309,85.03550328179644,87.30208407365758,87.19770884059591
2014-03-31,93.91,94.8,90.61,92.4,83.67348459040213,85.08646865700892,87.36205955514396,87.26946458072563
2014-04-07,92.4,92.86,88.63,89.02,83.70502745417556,85.11369032720263,87.38156473684815,87.29360989685355
2014-04-14,90,92.89,89.52,92.34,83.75597124500639,85.1636993906822,87.43989926935582,87.3632152775866
2014-04-21,92.5,93.52,90.73,93.25,83.81198321406241,85.21965994853215,87.50825339559869,87.44441230824059
2014-04-28,93.26,95.1,91.78,94.32,83.87397741338947,85.28263808037622,87.58839159094458,87.53924800054071
2014-05-05,94.31,94.77,92,92.36,83.92404244339897,85.331616363557,87.64452816046288,87.60574113156774
2014-05-12,92.38,92.5,89.76,89.82,83.9588268537624,85.3626778420099,87.67012194681038,87.63628263320129
2014-05-19,89.8,90.66,85.26,86.31,83.97269808176381,85.36923370469495,87.65412051214203,87.6179890796399
2014-05-27,86.5,86.94,83.86,86.27,83.98625148541122,85.37546738147907,87.63783674141095,87.59939612681728
2014-06-02,86.27,88.6,84.72,84.78,83.99093436750319,85.37134649994634,87.60421513268847,87.56050790437843
2014-06-09,84.7,87.1,84.07,86.98,84.00856897300464,85.38247905011973,87.59687142524507,87.55250089880079
2014-06-16,77.75,77.95,76.1,77.08,83.96769245988958,85.32502244769675,87.47314352612455,87.40805261054146
2014-06-23,77.08,77.9,73.71,74.85,83.91390076396102,85.2525309428684,87.32463595522896,87.23483809177537
2014-06-30,74.73,75.07,71.52,72.06,83.84396624617955,85.16123315087623,87.1450520028145,87.02552998016468
2014-07-07,72,72.06,67.1,68.12,83.75119948366522,85.0433007415276,86.92122786160492,86.76476404940378
2014-07-14,67.91,69.14,67.25,67.74,83.65673812977928,84.92355471563468,86.69556635735074,86.50235351079131
2014-07-21,67.76,68.54,64.53,65.35,83.54873377503132,84.78809758957492,86.44444204726426,86.21059691064247
2014-07-28,65.32,66.05,62.02,63.27,83.429095227686,84.63918341940484,86.17180155259057,85.89417488428877
2014-08-04,63.27,65.08,63.27,64.21,83.31570823519229,84.49780498743664,85.91342741667773,85.59508281691927
2014-08-11,64.11,65.27,63.29,64.35,83.20381615120885,84.358373811053,85.65974003530505,85.30204719185832
2014-08-18,64.75,66.67,63.78,66.18,83.1033806576914,84.23257191616682,85.43056662312499,85.03829481679821
2014-08-25,66.21,67.72,65.01,66.57,83.00583858891446,84.11033958456704,85.2086776040294,84.78355971587686
2014-09-02,66.26,66.45,63.93,64.31,82.8955386562365,83.97331301304754,84.96281080868788,84.50116578876131
2014-09-08,64.27,68.48,64.12,68,82.80765937212891,83.86277105447974,84.76324832858566,84.27356350201978
2014-09-15,67.76,67.88,63.7,64.39,82.69900061477122,83.72801139320306,84.52356305413171,83.99930745371606
2014-09-22,64.4,64.4,60.83,61.89,82.57623364949234,83.57688328667571,84.25728584173017,83.69435148883721
2014-09-29,61.61,62.87,61.01,62.47,82.45761280200271,83.43081489022812,84.00096483182746,83.40160181312912
2014-10-06,62.7,65.5,62.32,64.1,82.34930830169591,83.2970376245518,83.76683583380596,83.1353728226032
2014-10-13,64.25,65.65,62.96,63,82.23515309047647,83.15657369635422,83.52252011811412,82.85764354229143
2014-10-20,63.15,64.66,61.98,63.81,82.12645012239106,83.02268737319605,83.29060811672454,82.59491742446671
2014-10-27,63.8,66.05,63.21,64.45,82.02216428096102,82.89415666473103,83.0689539035866,82.34464270137062
2014-11-03,64.45,64.88,62.02,64,81.915838827976,82.76340125528652,82.84461326942676,82.09161314686895
2014-11-10,63.98,65.77,58.57,59.63,81.7843589528847,82.6033085130354,82.57150017213938,81.78179779311904
2014-11-17,59.5,59.96,58.74,59.52,81.65300580272019,82.44356243336041,82.30030605246715,81.47473851321395
2014-11-24,59.29,60.71,58.53,60.08,81.52573143220266,82.28879729541327,82.038890687144,81.17963867165238
2014-12-01,59.95,60.91,58.97,59.64,81.39661207272064,82.13205821378412,81.77537432611878,80.8825402072158
2014-12-08,59.63,61.25,59.16,60.54,81.27356421388453,81.98263220538423,81.52554639287033,80.60195344573695
2014-12-15,60.6,61.13,59.49,60.89,81.1533071978734,81.8366624323366,81.28277525883655,80.33006443269231
2014-12-22,60.51,62.84,60.46,61.63,81.03812544449362,81.69682393799516,81.05156613814435,80.07213250948276
2014-12-29,61.55,62.29,59.47,59.58,80.91152883420162,81.54376633288793,80.79895947769559,79.78948240590368
2015-01-05,59.61,61.25,59.61,60.76,80.79264075848361,81.39993403992676,80.56320701325211,79.5270067865119
2015-01-12,60.7,60.75,58.66,59.23,80.66542753866955,81.24650889086152,80.31222810721385,79.2470480722152
2015-01-20,59.2,59.39,57.05,57.3,80.5275784086479,81.08078910614968,80.04149601183487,78.94433016777084
2015-01-26,57.4,59.78,57.26,59.36,80.4026959401603,80.93047222652234,79.79818429404857,78.6742014758016
2015-02-02,59.1,61.98,58.88,61.59,80.29170658358119,80.7966281280689,79.5839703611774,78.43855731751468
2015-02-09,61.63,63.49,61.25,63.32,80.19157852114118,80.67568260469126,79.39262953339885,78.2300254924455
2015-02-17,63.14,65.75,62.93,64.66,80.09994678945303,80.56484743095638,79.21930448006474,78.04285272703247
2015-02-23,64.44,66.24,63.58,64.93,80.01044857830581,80.45664779475598,79.05119501559338,77.8619857928665
2015-03-02,64.53,65.03,62.5,62.97,79.9099149583748,80.33563293112445,78.86200448599816,77.65657909227524
2015-03-09,62.75,63.14,60.26,60.5,79.79540218575902,80.19836211499211,78.64598090380994,77.41993662203696
2015-03-16,60.7,63.41,59.83,62.82,79.6952523203563,80.07809663322746,78.45979289317688,77.21855818587093
2015-03-23,62.59,64.55,62.36,63.55,79.6000000942775,79.96371534164803,78.28438356502186,77.03002634882444
2015-03-30,63.55,64.18,62.17,63.69,79.50613578693664,79.85109447423177,78.11268493484513,76.84602598539237
2015-04-06,63.84,67.19,63.75,65.06,79.4209078471907,79.74873395883917,77.95912393561166,76.68346010973178
2015-04-13,65.11,65.7,63.26,63.29,79.32574024927217,79.63483268576762,77.78654600695741,76.4987227289079
2015-04-20,63.42,66.59,62.35,66.33,79.24906921535316,79.54275771908411,77.6517631127579,76.35846448437123
2015-04-27,66.38,68.13,65.6,66.61,79.17450243532157,79.45325766566484,77.5218600173137,76.22400290527645
2015-05-04,66.61,66.93,64.96,66.16,79.09772071003944,79.36126280292667,77.38819107593353,76.08518907210022
2015-05-11,66.16,66.87,64.57,66.84,79.02540377369702,79.27461046519016,77.26409471033432,75.95766922282988
2015-05-18,66.84,66.93,63.28,63.3,78.93262853019438,79.1640595277148,77.09981124315392,75.78308068182533
2015-05-26,63.33,66.59,63.03,64.35,78.84659532352657,79.06154008461642,76.9498134638227,75.62538301724842
2015-06-01,64.35,65.95,63.33,64.01,78.75906378769456,78.95737717745645,76.7975803642483,75.46517083770017
2015-06-08,64.41,65.27,63.49,64.07,78.67240264440433,78.85435034577856,76.64784412466891,75.307996067525
2015-06-15,64.3,65.16,62.6,63.9,78.58524982644325,78.75086003196694,76.49786948790809,75.1506443976281
2015-06-22,64.11,67.63,63.71,67.51,78.51990911950257,78.6730686130606,76.39212984687387,75.04525619904013
2015-06-29,67.4,68.11,65.05,67.39,78.45424593885654,78.59498509324702,76.28622243691065,74.9396664583637
2015-07-06,67.15,67.36,65.06,65.52,78.37793770322907,78.5045007673422,76.1595609964764,74.80974002445524
2015-07-13,65.5,66.25,64.6,65.22,78.30030975217757,78.4125665059765,76.03086027887079,74.67746774825585
2015-07-20,65.15,65.42,63.94,64.64,78.21971795422962,78.3172546270424,75.8968501579429,74.53901991724543
2015-07-27,64.63,64.98,63.27,64.21,78.13706475095984,78.21962656733969,75.75935780314356,74.39655067700755
2015-08-03,64.11,64.25,61.62,61.79,78.04062189107216,78.10592672950342,75.59501241722423,74.22266721939366
2015-08-10,61.65,66.51,61.2,65.95,77.96929078846996,78.02180266909164,75.48154168290394,74.1085614646434
2015-08-17,65.94,67,65.67,66.91,77.90404423514566,77.94490438072422,75.38070001604625,74.0092709616828
2015-08-24,66.71,66.75,62.26,63,77.81611477063153,77.84147943691299,75.23504472173983,73.85741894841821
2015-08-31,63.15,63.53,62.11,62.62,77.72646217611452,77.73614047887207,75.08663243089583,73.70242006637106
2015-09-08,62.62,64.2,62.05,63.13,77.6403473550165,77.63505992192486,74.94596616700294,73.55659358269698
2015-09-14,63.2,63.7,60.4,60.55,77.5395193470223,77.51682421312262,74.77660185915585,73.37719229190115
2015-09-21,60.47,61.17,59.7,60.64,77.43981716798383,77.40002958188994,74.61028889610695,73.20150688097839
2015-09-28,60.32,61.57,59.78,60.39,77.33922827613732,77.2823131141952,74.44299137968217,73.02479644124075
2015-10-05,60.2,62.48,60.2,61.61,77.24643046919846,77.17385419991011,74.29201501050945,72.8673509730857
2015-10-12,61.82,64.16,61.51,63.85,77.16739548117958,77.08164759645052,74.1691677750917,72.74297371828452
2015-10-19,63.95,64.69,62.37,62.76,77.08239609780979,76.9825358483782,74.03494227185531,72.6052775290668
2015-10-26,62.68,63.44,61.91,63.32,77.00120202053658,76.88798542728216,73.90888412748055,72.47720473556242
2015-11-02,63.34,63.85,61.65,61.66,76.91069345404374,76.78260144508644,73.76477960833371,72.32800191162363
2015-11-09,61.87,62.91,61.56,61.99,76.82266576404938,76.6802305008298,73.62625278941213,72.18540878180814
2015-11-16,61.81,63.55,61.67,62.83,76.74011316367151,76.5843811548033,73.49923805071317,72.05636866067975
2015-11-23,62.89,64.16,61.45,63.93,76.6645372748003,76.49680758279774,73.38665877952832,71.94428081708416
2015-11-30,63.95,64.89,62.28,64.71,76.59400903129115,76.41523798014862,73.28458044094563,71.84449763340024
2015-12-07,64.77,65.23,63.43,63.71,76.51799717859917,76.32731245779465,73.17193831811097,71.732297666043
2015-12-14,63.81,64,62.87,63.69,76.44231577931541,76.23985700825973,73.06038610260379,71.62136942237343
2015-12-21,63.82,64.16,62.73,63.66,76.36690388681207,76.15279917429254,72.94979332492609,71.5115574303407
2015-12-28,63.66,64.44,63.05,63.28,76.2896950143235,76.0637140588995,72.8360310505152,71.39801870716359
2016-01-04,63.28,63.55,61.21,61.4,76.20185020597941,75.96223506887252,72.70148950874443,71.26011500085788
2016-01-11,61.4,62.46,61.15,61.41,76.11458265314178,75.86152755974537,72.56864845570038,71.12425134567363
2016-01-19,61.4,62.93,61.3,62.45,76.03396564633859,75.76871422023156,72.44960553269215,71.0046064995264
2016-01-25,62.37,62.49,60.67,61.13,75.94603664547523,75.66740823946871,72.31643370289576,70.86840503056742
2016-02-01,60.85,62.59,59.83,59.97,75.8517827419621,75.5587756564966,72.17118154168523,70.71808220255959
2016-02-08,59.95,60.12,57.85,58.64,75.75023830100658,75.4416907038565,72.01199117060658,70.5514879652829
2016-02-16,58.64,60.4,58.64,59.54,75.65460267681185,75.33164440140766,71.86526186271709,70.39960537265831
2016-02-22,59.47,60.16,57.26,57.53,75.54767286750912,75.20844963046366,71.69661172315571,70.22209357441476
2016-02-29,57.55,57.75,54.53,57.11,75.43889603643237,75.08320084409367,71.5250045264127,70.04123711131938
2016-03-07,57.19,57.9,55.66,57.15,75.330996944772,74.95909564794077,71.35588682610197,69.86342694426669
2016-03-14,57.15,58.89,56.82,57.16,75.22379342297393,74.83591851542907,71.1888763928537,69.6882072622768
2016-03-21,57.1,58.58,57.06,57.72,75.12052620513927,74.71746925234652,71.03041902352601,69.52312854141782
2016-03-28,57.64,59.39,57.01,59.2,75.02659979684937,74.61008192188045,70.89123762324922,69.3807405615362
2016-04-04,59.29,60.58,58.54,60.07,74.9383602700243,74.50945851757677,70.76392894532864,69.25231655379088
2016-04-11,60.44,62.37,59.12,60.02,74.8503463451274,74.40918544825098,70.63752978126595,69.12497425649721
2016-04-18,59.89,64.74,59.65,63.69,74.78450359382872,74.33500423407624,70.55579413678048,69.05000909433863
2016-04-25,63.69,64.75,63.1,63.77,74.71952127174123,74.26189001792346,70.47596126458306,68.97718138269258
2016-05-02,63.81,64.65,61.63,61.83,74.64347689845663,74.17585617696898,70.37424407323503,68.87859957051751
2016-05-09,61.81,62.06,60.25,60.62,74.56074252147458,74.08204402349514,70.25948826060873,68.76468785230347
2016-05-16,60.68,62.88,60.6,61.73,74.48504492547768,73.99656274997615,70.15914133989568,68.66765767503031
2016-05-23,61.67,64.59,61.1,64.28,74.4248381707551,73.92932010118739,70.08997497119103,68.607138258823
2016-05-31,64.28,64.46,62.81,63.92,74.36286272431997,73.8600514499681,70.01738703035349,68.54248807594269
2016-06-06,63.85,66.5,63.81,64.75,74.3061496698992,73.79700611121399,69.95541777117286,68.49017789558485
2016-06-13,65.03,66.64,62.52,65.92,74.25667386063725,73.74249395819521,69.90794226798259,68.45472716599058
2016-06-20,65.98,66.63,63.83,64.42,74.1986403865332,73.67797842907275,69.84337824130044,68.39907575680449
2016-06-27,64.31,66.42,64.15,64.99,74.14431212466575,73.61785401087847,69.78627967375573,68.35205402222788
2016-07-05,65.5,66.75,64.25,65.81,74.09514214162937,73.56382041910769,69.73949991288802,68.31699120812819
2016-07-11,65.94,75,65.88,74.28,74.09623274846341,73.56877667918306,69.79291756097169,68.39923960525745
2016-07-18,74.03,74.95,71.76,72.68,74.08787739301525,73.56262597552089,69.82688323672497,68.45828457621941
2016-07-25,72.5,74.78,71.54,74.04,74.08759493051959,73.56592960198788,69.8764493162929,68.53527375447845
2016-08-01,74.05,77.98,73.17,76.74,74.10324333800915,73.58789548709522,69.95719697139535,68.64844239234772
2016-08-08,76.77,77.1,70.2,70.65,74.08287022097075,73.56756403043713,69.96534759526128,68.67605008348775
2016-08-15,70.95,71.51,66.88,68.03,74.04716007217446,73.52924178801196,69.94257880002291,68.66713904785344
2016-08-22,68.05,69.12,67.07,68.03,74.0116606027221,73.49118475141672,69.92007787296382,68.65835092305547
2016-08-29,68.02,68.3,65.41,67.79,73.97495464046416,73.45173018566298,69.8950181332819,68.64637366894435
2016-09-06,67.8,69.59,67.63,69.08,73.94607585202485,73.42147599752691,69.88542968465505,68.6523547217865
2016-09-12,69.01,69.11,66.44,67.28,73.90674797089196,73.37897443353019,69.85477757071793,68.63342569114117
2016-09-19,67.56,72.36,67.18,70.07,73.88411228964776,73.35607495648154,69.85730959929772,68.65324050919439
2016-09-26,69.85,71,67.12,68.08,73.84986973926635,73.31956232702491,69.8364000746001,68.64533374355032
2016-10-03,68.1,70,66.85,66.98,73.80933953431493,73.27568992337768,69.8027953678401,68.62236362294963
2016-10-10,67.3,70.74,66.76,70.57,73.79022838661986,73.25696542563804,69.81182130468905,68.64922757297792
2016-10-17,70.49,71.79,68.61,69.07,73.76238043153656,73.22798988636028,69.80309399522211,68.65503133059202
2016-10-24,68.96,71.09,68.08,70.82,73.74502125494932,73.21132559648927,69.81505759527832,68.68489296741144
2016-10-31,70.72,70.85,67.7,68.53,73.71425416789947,73.17892887955855,69.79993927062799,68.68275651268853
2016-11-07,68.13,71.44,67.87,68.44,73.68313762413605,73.14613352399067,69.7839399850912,68.67940814699627
2016-11-14,68.5,72.75,67.97,72.32,73.67509551425914,73.14041633697343,69.81377598526659,68.72962320703769
2016-11-21,72.44,72.7,70.4,71.25,73.66078816609242,73.12733387097362,69.8306727383811,68.76438702487165
2016-11-28,71.25,72.3,70.05,71.04,73.64532628900632,73.11288865387345,69.84490011792955,68.79577479004584
2016-12-05,71.12,71.95,70.3,70.8,73.62853970323047,73.09688250401966,69.85613658713038,68.82341927570037
2016-12-12,70.77,72.43,70.65,71.04,73.61326808256244,73.08264802302298,69.87006439198767,68.8539928029321
2016-12-19,70.9,71,69.32,69.89,73.59130189918449,73.06055357303667,69.87029892855251,68.86828255737441
2016-12-27,69.77,71.96,69.52,70.65,73.57394908561997,73.04387154138936,69.87947188233424,68.89285797037614
2017-01-03,71.19,75.37,71.14,73.99,73.57640366328593,73.05041914317906,69.92783103665973,68.9631633776813
2017-01-09,73.99,74.18,72,72.27,73.56869626704236,73.04501831865879,69.9553859656402,69.00877491729949
2017-01-17,72.27,73.43,71.81,73.04,73.56557711502441,73.04498358980995,69.99167554251503,69.06437802188846
2017-01-23,73.14,75,72.53,74.85,73.57315483115995,73.05747505285625,70.04883230083838,69.14417970434516
2017-01-30,74.9,77.4,74.06,76.41,73.58989138082863,73.08067591754237,70.12366956788735,69.24439791531971
2017-02-06,76.46,76.5,75.05,75.82,73.6030483638326,73.09963317762858,70.19068522002985,69.33509587510841
2017-02-13,77.29,78.45,75.05,75.52,73.61435781301353,73.116383121036,70.25338304097068,69.42040489752071
2017-02-21,75.68,77.19,75.41,76.57,73.6317952300459,73.14028358386619,70.32769618166513,69.51902000238249
2017-02-27,76.58,79.18,76.03,77.99,73.6575073525825,73.17384563518891,70.41784093246908,69.6358611057979
2017-03-06,78.15,79.46,77.1,77.29,73.67893798767051,73.20233113252324,70.49868986267532,69.7414354353731
2017-03-13,77.15,78.89,76.8,78.36,73.706554872699,73.23802434267878,70.5911758642909,69.86031218798865
2017-03-20,78.33,78.74,76.67,77.47,73.72875808878928,73.26731137144917,70.67210320706396,69.96527339918882
2017-03-27,77.47,77.73,75.8,77.33,73.75000435375217,73.29542686368828,70.7504314046279,70.06685583506207
2017-04-03,77.31,78.07,73.38,73.46,73.74829341361205,73.29656577812642,70.78230868222052,70.11365782354397
2017-04-10,73.5,76.75,73.35,76.54,73.76476365895947,73.31901168969648,70.85004622713556,70.20229702597786
2017-04-17,76.61,79.39,76.54,79.33,73.79759691170896,73.36061022471588,70.94981038916926,70.32819637734367
2017-04-24,79.5,79.74,77.65,78.87,73.82752259364578,73.39873748959674,71.04298909047314,70.44601435834583
2017-05-01,78.82,79.44,77.71,77.77,73.85078204737059,73.42898844122583,71.12213039529111,70.54703484995485
2017-05-08,77.7,82.18,76.17,82.18,73.89992197629465,73.48954907485056,71.25222297887592,70.70748954167962
2017-05-15,83.03,87.18,78.42,79.45,73.93266579944336,73.53079787018031,71.34866741441856,70.82807589282886
2017-05-22,79.5,79.5,77.01,77.09,73.95129313985962,73.55542902678806,71.41621250366069,70.91444725982433
2017-05-30,77.1,77.81,76.57,76.69,73.96745070245632,73.57712155947465,71.47825706244114,70.99411005624054
2017-06-05,76.75,77.03,75.55,75.69,73.97761323518519,73.59174355560285,71.5278069793536,71.05888095201654
2017-06-12,75.72,75.75,68.58,69.36,73.9503706792254,73.56245813307272,71.50230336783179,71.03544811129906
2017-06-19,69.7,70.2,66.33,67.02,73.90948353657511,73.51718160620025,71.44957038703376,70.98006262010873
2017-06-26,67.31,68.69,66.15,68.59,73.8781001528785,73.48308346359678,71.41592838248042,70.94709623914171
2017-07-03,68.59,68.92,66.55,68.59,73.84690192188808,73.44922129429854,71.38268216621594,70.91458456687769
2017-07-10,68.77,68.77,66.28,66.58,73.80402934417782,73.40168343067018,71.32618002308399,70.85479719354144
2017-07-17,66.75,69.25,66.6,68.42,73.77226515925642,73.36720811281087,71.29198966987124,70.82121378397535
2017-07-24,68.79,69.72,67.76,68.8,73.7429302615617,73.33560113625163,71.26267214434334,70.7933349731619
2017-07-31,68.7,70.83,68.23,70.62,73.72450589423684,73.31680804880352,71.25511129558636,70.79094414594587
2017-08-07,70.67,71.2,67.75,68.25,73.69220792435934,73.28174363324086,71.21975704505005,70.75589664048455
2017-08-14,68.44,68.54,66.64,67.28,73.65437778911237,73.24020907522535,71.1734069621671,70.70795323854684
2017-08-21,67.23,70,67.17,68.15,73.62190358386687,73.20498271484317,71.13783746849455,70.6726711249117
2017-08-28,68.59,71.95,68.56,71.88,73.61162686655791,73.19581328429062,71.14656879239462,70.68932393698188
2017-09-05,72,75.75,72,74.59,73.61739897943957,73.20546163526438,71.18707974777821,70.7431263654373
2017-09-11,75.37,75.45,68.31,69.07,73.5905706668765,73.17684252360165,71.16217292721612,70.72004876039679
2017-09-18,68.93,69.95,67.86,68.46,73.56030181338461,73.1442000147878,71.13038265748416,70.68887567404649
2017-09-25,68.65,69.73,68.18,68.45,73.5301525401493,73.11171420153667,71.0988487438667,70.65799463026653
2017-10-02,68.8,69.97,67.4,68.84,73.50248202368824,73.08215216553988,71.07227405276238,70.63291884226285
2017-10-09,68.68,69.88,67.66,68.62,73.47367682000866,73.05127221975759,71.0434237697887,70.60515444443854
2017-10-16,68.54,68.88,66.84,66.88,73.43477607180802,73.0085644535309,70.99444231367355,70.5537730038256
2017-10-23,66.89,70.22,66.89,68.2,73.40389243716608,72.9752871908767,70.96156652174797,70.52130716929007
2017-10-30,68,69.37,67.95,68.72,73.37625885346598,72.94583883661457,70.93519515090388,70.49646155316194
2017-11-06,68.86,69.48,68.01,69.05,73.35073520241309,72.91887801421585,70.91301638442266,70.47651035932522
2017-11-13,69,69.75,68.58,69.35,73.32713204487673,72.8941798964704,70.89462795637063,70.46097228540349
2017-11-20,69.42,72.08,69.41,71.93,73.31888937794531,72.88750737123532,70.90680880394274,70.4812347366393
2017-11-27,71.98,73.46,71.02,73.28,73.31865994208722,72.89022358319909,70.93472870036695,70.51983839544427
2017-12-04,73.33,74.28,72.1,73.72,73.3210277300395,72.89596598054719,70.96749659800969,70.5639785555071
2017-12-11,73.72,76.75,72.76,75.92,73.33636089977378,72.91689355161607,71.02576134391546,70.63785471336217
2017-12-18,75.98,78.07,74.93,77.87,73.36310803310845,72.95117110489208,71.10628179869293,70.73760844145373
2017-12-26,77.9,79.45,77.17,78.63,73.39418114205766,72.99047095883746,71.19479613047302,70.84646901467505
2018-01-02,78.64,80.05,77.3,78.01,73.42141311172104,73.02520818403582,71.27497499952628,70.94527633861057
2018-01-08,78.1,84.65,77.93,81.68,73.47013633820056,73.08510293708747,71.39738705835538,71.09334149256077
2018-01-16,81.82,83.94,80.62,83.42,73.52883759874216,73.15662471606956,71.5388295635512,71.26336436852544
2018-01-22,83.35,83.95,80.32,80.48,73.5698474064192,73.20730551388223,71.64401980398002,71.39049037723544
2018-01-29,80.52,80.62,76.52,77.3,73.59185420638133,73.23562865911488,71.71056074746261,71.4720008547908
2018-02-05,77.36,77.91,75.74,76.68,73.61007335560622,73.25946513898259,71.76902473866893,71.5438353257592
2018-02-12,76.68,77.65,76.1,77.16,73.63101687563214,73.28645845982008,71.83244797703753,71.62129966609356
2018-02-20,77.01,81.42,76.96,81.34,73.6764976020296,73.34219231130922,71.94430153024885,71.75535070518193
2018-02-26,81.34,83.06,80.67,82.09,73.7261347843185,73.40273077282265,72.0636626887165,71.897897592007
2018-03-05,82.5,86.6,81.71,84.52,73.78981540505998,73.47966689204188,72.21020783355513,72.07199555625517
2018-03-12,84.49,85.03,82.04,82.85,73.8432678215493,73.5445134879447,72.33538185904271,72.22065768651372
2018-03-19,82.99,83.86,80.95,81.83,73.89038718543397,73.60185249494855,72.44708324893632,72.35320033911353
2018-03-26,82.08,82.77,80.67,81.46,73.93504566811578,73.65623413858212,72.55311756365472,72.47881136891885
2018-04-02,81.8,83.46,78.62,82.54,73.98581236033928,73.71771348710405,72.67061029819996,72.61758638451997
2018-04-09,82.89,84.45,82.31,83.41,74.04141228741693,73.78478813425212,72.7969560593976,72.76644726197486
2018-04-16,83.53,84.83,81.97,84.73,74.10447180194545,73.86053354508775,72.93734481163999,72.93146178249934
2018-04-23,84.89,85.39,81.36,84.51,74.16586134883663,73.93423227487953,73.07349369620893,73.09116575791315
2018-04-30,84.54,87.06,83.32,86.9,74.24098901049541,74.02396077124715,73.23615847625354,73.28163243711434
2018-05-07,86.9,88.08,83.5,84.62,74.30222211367833,74.09728976244959,73.37008602359172,73.43802371384379
2018-05-14,84.7,87.6,83.36,86.55,74.3744803902938,74.18346768796897,73.52514383507888,73.61887855917008
2018-05-21,87.3,89.88,86.63,89.21,74.4620055797316,74.2874575309588,73.70967155466619,73.83392851007808
2018-05-29,89.69,96.4,89.57,93.3,74.57314418988067,74.41903221932587,73.94014600696423,74.10242604787011
2018-06-04,93.3,95.84,89.35,94.94,74.6933026312383,74.5610458371852,74.18720311276465,74.38984086100294
2018-06-11,95.55,96.5,89.52,89.85,74.78272267471182,74.66685174834656,74.371471311438,74.60308443533393
2018-06-18,89.46,89.52,82.94,85.3,74.84477150848933,74.74043754939606,74.5000422371858,74.75062809829484
2018-06-25,85.3,86.22,83.35,83.92,74.89831267953069,74.80396393313727,74.6108652696895,74.87710219349077
2018-07-02,84.44,85.09,81.75,84.45,74.95466481711458,74.87071850799445,74.72661979592844,75.00914216323572
2018-07-09,84.35,89.3,84.14,87.86,75.03080248781006,74.96060972939242,74.88113015127045,75.1863953747773
2018-07-16,87.8,88.8,86.2,87.08,75.10188919879643,75.0444809423378,75.02464626713787,75.35044509374589
2018-07-23,86.98,88.59,86.1,88.34,75.17999014747609,75.13649145484757,75.18129748752447,75.52961136831492
2018-07-30,88.34,89.98,86.76,87.96,75.25538843569157,75.22523545862025,75.33163516414183,75.70106500461402
2018-08-06,87.65,89.17,85.1,85.23,75.31423570155769,75.29447258347409,75.44808651515193,75.83249859075728
2018-08-13,85.31,85.31,80.6,81.39,75.35008091865765,75.33665616421129,75.51799137967956,75.90915378260891
2018-08-20,81.43,84.05,81.13,81.63,75.38713058875406,75.3802087167081,75.58989736344803,75.98806200629707
2018-08-27,81.6,84.25,81.34,82.22,75.42744250268471,75.42754291244022,75.66789857093688,76.07401977172745
2018-09-04,82.69,83.4,81.2,81.99,75.46615965606121,75.47295784038181,75.74227623480822,76.15561949901397
2018-09-10,82.5,83.93,81.35,81.83,75.50370443685141,75.51695121172865,75.8138965143987,76.23388681626895
2018-09-17,81.93,82.38,77.9,79.13,75.52509851097028,75.54195500957137,75.85290949658226,76.27383320501006
2018-09-24,79.25,79.6,76.27,76.37,75.53008318052208,75.54768542473005,75.85899291426952,76.27515964356165
2018-10-01,76.25,77.2,75.37,76.06,75.53320953343936,75.55123085431669,75.8613577035134,76.2721919243401
2018-10-08,76.39,78.88,76.15,78.37,75.54994576038072,75.570737907228,75.8908711422956,76.30112720814232
2018-10-15,78.7,79.16,77.33,77.92,75.56392838126344,75.58699577638212,75.91474324650387,76.32345648803
2018-10-22,77.85,80.14,76.14,78.53,75.58142732886661,75.60736258761824,75.94551097301559,76.35389157095373
2018-10-29,78.83,79.78,76.49,78.79,75.60035696114468,75.62938776002227,75.97897554980364,76.38749306652679
2018-11-05,78.89,80.5,76.83,78.09,75.61504512066595,75.64641621843042,76.00381113157066,76.4109759207816
2018-11-12,78.09,79.34,75.62,78.29,75.6308265653818,75.66471091588073,76.03070747119924,76.43689349428806
2018-11-19,78.48,79.39,77.2,77.22,75.64020221986331,75.67547416213762,76.04469914800866,76.44769496333235
2018-11-26,77.2,79.32,77.18,78.91,75.659493062224,75.69785842399133,76.07840856979679,76.48165779142433
2018-12-03,80,81.85,78.6,80.23,75.68645770492475,75.7292227255554,76.12725082191683,76.53335906326674
2018-12-10,80.35,80.66,78.62,79.6,75.70954645002844,75.75601011153772,76.16810669460017,76.57565755894582
2018-12-17,79.21,79.8,73.07,73.18,75.69462287215217,75.7381830519423,76.1329524981931,76.52882090296036
2018-12-24,73.8,74.18,71.87,72.19,75.67394663101852,75.71362815192886,76.08656482174378,76.46897509740229
2018-12-31,72.25,73.37,70.65,72.52,75.65533927626325,75.69152691904354,76.04460523560562,76.41450647536915
2019-01-07,72.52,73.92,71.54,72.49,75.63666470826169,75.66937102341002,76.00278635048085,76.36037535157095
2019-01-14,72.6,74.66,72.21,73.89,75.62635990172328,75.65705703708885,75.97793004047519,76.32630120879067
2019-01-22,74,74.29,72.75,74.13,75.61753181970721,75.64648916832007,75.95618968705783,76.29600739901424
2019-01-28,74,74.85,73.15,73.64,75.60586496531366,75.63260343013101,75.92894039662185,76.25937281420025
2019-02-04,73.75,74.11,72.45,72.55,75.5878362634534,75.61127053442077,75.8891881566616,76.20820905124576
2019-02-11,72.49,72.71,69.72,71.86,75.56584312915574,75.5853101847016,75.84178594305382,76.1482337539872
2019-02-19,72.27,75.16,71.85,73.01,75.55076440862975,75.56748796889052,75.80847081431202,76.10494777117358
2019-02-25,73.33,73.95,71.9,73.85,75.54073040031925,75.555602239002,75.78542998120247,76.07384504329532
2019-03-04,74.15,74.9,72.51,73.49,75.52863169589259,75.5413074138186,75.75842492260008,76.03820580131884
2019-03-11,73.37,75.98,73.05,75.5,75.52846277733275,75.54102154936311,75.75538462939302,76.03078227302478
2019-03-18,75.4,77.82,74.89,76.58,75.53466653675851,75.54821171165125,75.76508598669427,76.03835768994858
2019-03-25,76.7,77.98,75.52,77.61,75.54691039199886,75.56248014271249,75.78679085743904,76.06003551491482
2019-04-01,77.73,78.48,76.47,78.25,75.5628578233145,75.58107889605012,75.815769788528,76.09024192160565
2019-04-08,78.39,79.31,76.86,78.11,75.57788521078757,75.5985800801605,75.84276073219237,76.11810065372144
2019-04-15,78.77,79.25,76.3,78.27,75.59376789390977,75.6170674152459,75.87131648828422,76.14778202401494
2019-04-22,78.08,78.84,77.05,77.7,75.60619404202829,75.6314821736179,75.89283041195146,76.16919192713198
2019-04-29,77.7,78.09,75.37,75.68,75.60662947540865,75.63181793712228,75.89032652475204,76.16244445227498
2019-05-06,75.19,75.2,68.35,68.45,75.56440747260388,75.58211677492766,75.80279327151966,76.05606590810567
2019-05-13,68.5,68.59,64.5,65.99,75.5079212928245,75.51573534395929,75.6873486447959,75.917223619718
2019-05-20,66.15,68.59,65.85,68.39,75.46592765687863,75.46642229659625,75.60149748426889,75.81339984565292
2019-05-28,68.46,69.81,68,68.08,75.42235286244278,75.41530518727724,75.51300927857162,75.70673226157496
2019-06-03,68.2,69.91,65.59,65.59,75.36434488095344,75.34730999566979,75.39626799294136,75.56719112693254
2019-06-10,65.65,67.52,64.85,65.75,75.30762308224575,75.28089262545754,75.28278248714206,75.43178159414727
2019-06-17,65.73,67.94,65.52,65.6,75.25035096966613,75.21389682874157,75.16886739905803,75.29617081353834
2019-06-24,65.57,67.6,65.57,66.08,75.19624860406338,75.15068647006515,75.0619395473044,75.16905121611022
2019-07-01,67.21,68.35,65.7,66.82,75.1468312081692,75.09303466058374,74.96497555263024,75.05389188899146
2019-07-08,66.66,67.1,62.6,62.68,75.07328058157233,75.00713130653126,74.82044642848165,74.88321751810882
2019-07-15,62.74,64.09,61.66,63.07,75.0024647669318,74.92452140129575,74.68220588226421,74.72027658682457
2019-07-22,63.17,64.68,62.9,64.54,74.9407393110797,74.85265620128678,74.5628858130611,74.57985897873044
2019-07-29,64.11,64.45,59.37,59.42,74.8491715275335,74.74585581235054,74.38473421526038,74.37075747557554
2019-08-05,59.6,60.14,57.26,58.9,74.75507612029142,74.63619591053497,74.20256087155144,74.15736771729175
2019-08-12,58.9,60.23,57.55,60.13,74.66879248536345,74.53580701150013,74.03700133188613,73.96388678326014
2019-08-19,60.25,60.25,58.06,58.21,74.57169046480084,74.42282564809874,73.85080131621689,73.74659179314621
2019-08-26,57.97,59.49,56.59,58.83,74.47881913462503,74.3149168200842,73.67408600661433,73.54084569944764
2019-09-03,58.65,59.86,57.55,58.43,74.38413583589568,74.20498659987601,73.49474381830122,73.33242024152423
2019-09-09,58.5,63.39,58.23,62.28,74.31272500500543,74.12246074105333,73.36280565573297,73.17997306577907
2019-09-16,62.57,62.78,60.2,60.52,74.23135199612635,74.02832606464466,73.21171382448905,73.00535274763038
2019-09-23,60.6,61.67,59.58,60.9,74.15270095190141,73.93747259706926,73.06687013243624,72.83838236490445
2019-09-30,60.98,62.91,60.08,61.67,74.07905669849787,73.8525765929373,72.93278930734876,72.68433571159542
2019-10-07,62.07,64,60.79,63.88,74.01888527254802,73.78356222205191,72.8262859037329,72.56289659833203
2019-10-14,64.2,65.85,61.72,65.16,73.96662046268048,73.72388359075744,72.73609430486545,72.46078767973435
2019-10-21,65.19,65.7,63.96,64.9,73.91313007646998,73.6628186524131,72.64390496010232,72.35650095311733
2019-10-28,65.11,65.99,63.81,64.23,73.85600246539937,73.59753963059708,72.54491784292465,72.24441128479847
2019-11-04,64.73,65.06,63.45,64.72,73.80210274583949,73.53610337017773,72.45285998594906,72.14062630155988
2019-11-11,64.57,66.88,63.73,66.69,73.76014343760446,73.48872549218342,72.3850616331732,72.06544524912456
2019-11-18,66.8,66.8,63.7,64.85,73.70757621968349,73.42894192476346,72.29641384925351,71.96592186637803
2019-11-25,64.9,66.14,64.75,65.36,73.65832798239921,73.37310149621838,72.21480898043876,71.87480570270384
2019-12-02,65.36,66.32,64.02,66,73.61314610639685,73.32207657236911,72.1416935806689,71.79377389990792
2019-12-09,66.01,67.8,64.81,66.8,73.57295055414673,73.27694109435964,72.07885012677868,71.72489425990919
2019-12-16,66.8,68.31,66.25,67.96,73.53983580161488,73.24014565426027,72.03039306646363,71.67296468391045
2019-12-23,67.97,69.34,67.57,68.75,73.51157718331628,73.20907198191246,71.99180020685817,71.63264792964962
2019-12-30,68.94,69.74,68.5,69.2,73.4861401497864,73.18132753913106,71.9589554985422,71.59909416510273
2020-01-06,69.29,71.39,69.05,71.31,73.4733015648319,73.16837717553845,71.95132072797111,71.59510665937717
2020-01-13,71.31,71.96,69.73,71.25,73.46018474144056,73.15510120892573,71.94306989587733,71.59034656752368
2020-01-21,71.25,71.3,68.71,69.4,73.43623084916067,73.12911434934838,71.91315142651406,71.56013489073025
2020-01-27,69.25,70.92,67.4,67.5,73.40120883825116,73.09015854070238,71.86123199796684,71.50413303016846
2020-02-03,67.29,68.42,66.75,67.75,73.36786837312874,73.05320242623385,71.81286456269665,71.45235188492475
2020-02-10,67.62,69.29,67.62,68.41,73.33861841222533,73.02106953747099,71.77283086195904,71.41038841064993
2020-02-18,68.42,70.24,68.42,69,73.31302184342164,72.99324206662344,71.74020932240657,71.37714167395131
2020-02-24,68.1,68.3,60.18,61.49,73.24326950216252,72.91363485508971,71.6196186244959,71.24076730603474
2020-03-02,62.45,65.07,61.7,62.79,73.18159829566008,72.84357509830708,71.51574075832536,71.1242049983653
2020-03-09,62,62.91,58.57,60.49,73.10672160955,72.75808322911465,71.3860261611686,70.97752630873268
2020-03-16,59.4,59.72,53.2,53.68,72.99210968265,72.62605497147372,71.1777199710372,70.73893973895706
2020-03-23,52.77,54.87,50.68,51.33,72.86430962552522,72.47867742841854,70.94421738314266,70.47123022531628
2020-03-30,51.05,51.73,48.35,50.98,72.73519865428318,72.3298976538274,70.70934423745862,70.20238567048433
2020-04-06,50.88,54.5,49.31,54.37,72.62684939968564,72.20560770466597,70.51711665819441,69.98400793709834
2020-04-13,54.33,54.55,51.91,52.86,72.51023081915652,72.0717280665714,70.30938587398036,69.74781472417284
2020-04-20,52.86,57.65,52.01,55.63,72.41064243674262,71.9579444813356,70.13668721663942,69.55308624521874
2020-04-27,55.48,57.98,54.55,55.84,72.31288053446096,71.84640161295266,69.96849089644365,69.3639402280433
2020-05-04,55.66,57.05,53.2,56.27,72.21823227172078,71.73860644608102,69.80733218001491,69.18333415593236
2020-05-11,55.75,58.86,55.75,58.25,72.13582382174013,71.6452596886687,69.67136356613238,69.03252954688502
2020-05-18,58.4,59.85,57.06,57.61,72.05012574609565,71.54812986383362,69.52946517123671,68.87497741520384
2020-05-26,57.8,59.45,56.56,57.59,71.9648152697175,71.45153380941262,69.38900087510451,68.71932255430448
2020-06-01,57.59,62.32,57.26,61.79,71.9047868610466,71.38467198374195,69.29960086480916,68.62374569148649
2020-06-08,62.16,62.16,59.35,59.84,71.83360817750061,71.30477805997903,69.18831144287023,68.50259057850047
2020-06-15,59.8,60.25,58.35,59.81,71.76267243604043,71.22522942288575,69.07797836707175,68.3826927774177
2020-06-22,60.05,60.09,58.55,59.5,71.6903262859753,71.14408596667201,68.96529626863561,68.26017287703952
2020-06-29,59.31,62.98,58.85,62.95,71.63876093915539,71.087379489394,68.8945280772399,68.18692911321828
2020-07-06,63,64.9,62.45,64.31,71.59552341149076,71.04047720919058,68.84059245280179,68.13345422889803
2020-07-13,64.01,64.21,61.68,61.94,71.53855867159996,70.97749812815812,68.75940901218058,68.04802727401668
2020-07-20,61.94,63.46,59.51,60.1,71.47107454964362,70.90222132450305,68.65753361203728,67.93839931161645
2020-07-27,59.8,63.31,59.75,62.66,71.41909180893775,70.84518173056185,68.58697439307214,67.86559380387001
2020-08-03,62.6,65.05,62.15,62.36,71.36564583956348,70.78646074972751,68.51371587080071,67.78965457898904
2020-08-10,62.36,63.95,62.01,62.85,71.31540604109998,70.73153714592317,68.44708391937952,67.7215214123823
2020-08-17,63.19,64.72,62.68,64.28,71.2738992207985,70.68688983003443,68.39805940268094,67.67405215152186
2020-08-24,64.28,66.45,64.21,65.08,71.2373570425047,70.64808782429024,68.35902340970823,67.6382721218457
2020-08-31,64.7,66.44,63.9,64.99,71.2004994788321,70.60893150716713,68.31938784018224,67.6017442305099
2020-09-08,65.04,65.61,63.4,64.81,71.16279741701008,70.5688004932767,68.2781009244154,67.56323741353734
2020-09-14,64.81,66.93,64.81,65.66,71.13033253549379,70.53482955560696,68.24729973706934,67.53698586300578
2020-09-21,65.51,66.23,64.65,65.95,71.09977010165608,70.50310063134671,68.22027268133911,67.51509640282639
2020-09-28,65.95,66.6,64.7,65.82,71.06862101551062,70.47069163043774,68.1920341792057,67.49171576278741
2020-10-05,65.7,68.68,65.65,67.64,71.04839316291174,70.45110206898143,68.18553965945034,67.49376106261103
2020-10-12,68.02,70.04,68.02,69.92,71.04173597610989,70.44742662213727,68.20594507522152,67.52722642726467
2020-10-19,70,72.13,70,71.29,71.04320066061662,70.45325757976954,68.24222807433657,67.57912675240584
2020-10-26,71.35,72.6,68.37,68.92,71.03067440303187,70.44264680067079,68.2502018616973,67.59762155582094
2020-11-02,68.75,70.94,68.06,68.62,71.01645213516737,70.43003332800178,68.25455242803028,67.61172332746479
2020-11-09,68.66,70.75,68.37,70.4,71.01281524941417,70.42982548490143,68.27979298770052,67.65018231605148
2020-11-16,70.4,73.05,70.33,72.96,71.02430306505185,70.44733534313741,68.33485424666874,67.72342118065767
2020-11-23,72.99,74.27,71.85,73.24,71.03737502337013,70.46666174214684,68.39256184376676,67.79951192299342
2020-11-30,73.24,73.48,71.07,71.57,71.04051735361574,70.47429730102472,68.4299434691342,67.85151865509006
2020-12-07,71.65,74.75,71.35,74.08,71.05844940462686,70.49925026087922,68.4964147224385,67.93742874260606
2020-12-14,74.2,77.41,74.2,77.16,71.09444675327212,70.54534541478317,68.59833925511569,68.06463662201838
2020-12-21,77.2,77.3,74.28,76.2,71.12456801136491,70.58447797246633,68.68777055799669,68.1768485306802
2020-12-28,76.4,78.39,76.15,78.12,71.1658389965486,70.63662691383334,68.79873796319673,68.31399544749841
2021-01-04,78.25,80.93,78.25,79.77,71.21660100836837,70.69983364799366,68.92781163421795,68.47200930339498
2021-01-11,80,82.08,78.65,80.7,71.27255026495617,70.76903895146775,69.06630796793303,68.64067124403782
2021-01-19,80.88,83.06,80.6,81.56,71.33324318374699,70.84371688259947,69.21329258007499,68.81886888205109
2021-01-25,81.56,82.47,79.75,80.64,71.38815030360689,70.91151122943269,69.34772443207412,68.9819189664366
2021-02-01,80.68,84.89,79.8,82.74,71.45512286818739,70.99336928320824,69.50528061522618,69.1716856013823
2021-02-08,83,88.72,82.73,88.66,71.55662656808009,71.11562970339365,69.73063025504705,69.44048993791495
2021-02-16,88.68,91.16,88.68,90.48,71.66826888921236,71.24963918641515,69.97474048734061,69.73069007670233
2021-02-22,90.83,95.6,87.28,88.83,71.76951804030845,71.37130258304896,70.19656706984249,69.99412883426506
2021-03-01,89.2,92.8,85.67,87.76,71.8638571669143,71.48471917416973,70.40319569255023,70.23917533310278
2021-03-08,88.27,89.34,82.87,87.56,71.95645977949887,71.59596679234156,70.60504044910846,70.47808325954274
2021-03-15,87.87,87.87,83.65,84.68,72.03152491354312,71.68651373495511,70.77062820853071,70.67397176630767
2021-03-22,84.95,85.16,77.12,80.38,72.0807784538762,71.74667626966131,70.88367964137153,70.80784801780688
2021-03-29,80.74,81.52,77.75,77.95,72.11540512966455,71.78960584564982,70.96681282206127,70.90636045894057
2021-04-05,78.75,83.43,77.65,82.4,72.17608120559574,71.86303417889792,71.10132090650761,71.0648934181276
2021-04-12,82.4,86.35,79.84,85.03,72.25191553476627,71.95415504963219,71.26518771937222,71.25751557787756
2021-04-19,85.04,89.05,84.54,88.8,72.3495443516703,72.07073529150325,71.47147962855608,71.49948088025165
2021-04-26,88.8,91.66,86.06,88.08,72.44234939974305,72.1815260507316,71.66687398586718,71.72817769569646
2021-05-03,88.4,91,86.36,89.66,72.54392845933158,72.30248434795837,71.87855782132758,71.97551317575582
2021-05-10,89.4,89.74,82.1,82.43,72.60225336517624,72.3725709614673,72.0026924351943,72.11971299402126
2021-05-17,82.7,84.3,81.5,82.82,72.66253505623715,72.44487150844677,72.1299548771332,72.26730315962097
2021-05-24,82.7,83.53,81.65,82.12,72.71833130959268,72.51182741496271,72.24748481975516,72.40320242638481
2021-06-01,82.39,86.34,82.3,85.8,72.79550929596677,72.60378708683147,72.40692617481686,72.58798584119329
2021-06-07,85.83,87.74,84.1,87,72.87931160100531,72.70341485785686,72.57860939628961,72.78677224338372
2021-06-14,87,87.14,83.1,85.18,72.95188203403772,72.78975800762947,72.7268610504509,72.95771331588878
2021-06-21,85.15,87.55,84.1,87.18,73.03582373295195,72.88934445740367,72.89689797926913,73.15388278739377
2021-06-28,87.19,87.94,84.68,86.97,73.11803126255106,72.98678844039742,73.06246388539537,73.34444992136075
2021-07-06,87.6,88.89,86.08,87.71,73.20411957368646,73.08867917783411,73.23478783968484,73.5425954396868
2021-07-12,87.75,89.97,87.17,89.93,73.30279733431368,73.20522811085948,73.43120210039443,73.76862860603596
2021-07-19,89.9,90.59,86.35,89.66,73.3993000049077,73.31910196476356,73.62212913450743,73.98781993560787
2021-07-26,89.66,91,87.96,89.39,73.4936404178581,73.43031925220464,73.80763349763087,74.200263798565
2021-08-02,89.44,91.94,89.01,91.7,73.60105256878519,73.55675302900599,74.01813192707051,74.44163947030893
2021-08-09,91.6,94.7,90.32,94.32,73.72328824684546,73.70044331946269,74.25697743381086,74.71582375347708
2021-08-16,94.24,96.71,91.8,93.1,73.8376051303449,73.83469630687125,74.47866005223662,74.9693985982567
2021-08-23,93.1,94.98,91.91,94.84,73.96151306467915,73.98006173035311,74.71820522809266,75.2434758589704
2021-08-30,94.81,94.97,92.08,94.02,74.07985222063975,74.1187464242607,74.94528516658569,75.50246239884667
2021-09-07,93.99,95.17,92.01,93.5,74.19442536388081,74.25287274658416,75.16357592933174,75.75070429679361
2021-09-13,93.21,93.97,92.13,92.33,74.30141990450689,74.3779739732514,75.3655338595749,75.9793842375275
2021-09-20,92.33,96.15,88.95,95.99,74.42937612925905,74.52753816720814,75.60817463769754,76.25539273080298
2021-09-27,96.02,107.28,96.02,104.53,74.60696093085635,74.73516766086067,75.9484314066658,76.64538731382639
2021-10-04,104.52,116.48,103.58,110.6,74.81930924394864,74.98336719261941,76.35609691952855,77.11372679915293
2021-10-11,110,112.89,103.5,107.33,75.01111272923508,75.20721932277429,76.7204957792988,77.53050298123358
2021-10-18,107.24,111.35,105.25,108.26,75.20727135620125,75.4359582893987,77.09154877013059,77.95435811252692
2021-10-25,107.84,115.15,107.66,114.85,75.44115176117941,75.70871982372812,77.53576584342316,78.46326351787137
2021-11-01,115.14,121.67,115.07,116.87,75.68556974488926,75.99357297373692,77.99852153938289,78.99301160728004
2021-11-08,117.2,120.75,116.2,117.69,75.93338349270702,76.28212956215397,78.4654801095078,79.52676317131755
2021-11-15,114.99,118.5,113.61,116.43,76.17230158419548,76.5599694959799,78.91212151998417,80.0357733344718
2021-11-22,116.45,116.5,110.81,111.78,76.38237650110288,76.80370673130184,79.29880244327848,80.47362473675494
2021-11-29,113.16,113.58,102.5,104.2,76.54649227395774,76.99330045634474,79.59175770865167,80.8008850852135
2021-12-06,104.3,107.35,104.05,106.23,76.72161621334442,77.19563055699288,79.90514879443224,81.15163149783123
2021-12-13,106.23,109.79,105.45,107.3,76.90201965751348,77.40396529362269,80.22744116155657,81.51229864958529
2021-12-20,107.69,109.45,104.27,109.12,77.09209623770514,77.62345342307859,80.56735361847943,81.89309453028066
2021-12-27,108.91,115.33,108.51,112.6,77.30158239559478,77.8655056485244,80.94420828179143,82.31663805400093
2022-01-03,112.76,117.68,112.76,115.12,77.52469990358537,78.12332221843081,81.34627641965271,82.76909821877334
2022-01-10,115.13,119.9,114.82,119.7,77.77352173306275,78.41105009235172,81.79749669706857,83.27848996747991
2022-01-18,119.77,124.78,119.05,120.75,78.02707027741046,78.70405320589946,82.25576144180894,83.79533838172156
2022-01-24,121.2,125.6,119.2,123.76,78.296881072234,79.01585906606624,82.74404660131707,84.34657509369782
2022-01-31,123.76,129.37,123.25,126.46,78.5810292664981,79.34419222131838,83.25835193541921,84.92744991999164
2022-02-07,126.76,127.37,122.5,122.91,78.84255711743322,79.64568570075562,83.72484191264958,85.45134716247452
2022-02-14,122.91,123.17,118.76,121.16,79.09221754741885,79.93298199348395,84.16525553720665,85.94388030506107
2022-02-22,120.74,125.13,115.86,118.63,79.32547880082642,80.20078142605499,84.57072311912187,86.3947233353361
2022-02-28,118.16,123.31,116.15,116.42,79.5443255335649,80.45143345770859,84.94542049419103,86.8088650824349
2022-03-07,117.43,121.73,115.37,121.03,79.78907877525478,80.73225398741303,85.36994495896525,87.28088073647028
2022-03-14,121.03,126.86,117.05,126.86,80.06678332525328,81.05147714320948,85.85806325356566,87.82679962286379
2022-03-21,127.34,135.9,127.1,135.9,80.39618283365887,81.43105169585164,86.44679192117077,88.48987824875532
2022-03-28,135.7,141.8,134.05,134.55,80.71567438036294,81.79865687442705,87.01271201621581,89.12519027291042
2022-04-04,134.6,140.45,132.3,132.41,81.02065565245519,82.14890838394659,87.54679775720152,89.7222221312151
2022-04-11,132.46,144.78,131.58,140.71,81.3728051766295,82.55417545395387,88.17224719535209,90.42550182595697
2022-04-18,141.31,144,135,135.85,81.69420455611841,82.92300468956665,88.7331619342303,91.05204662835756
2022-04-25,135.76,151.1,132.33,145.63,82.07140688912065,83.35696313462155,89.40253649970994,91.8048459852078
2022-05-02,145.7,155.95,143.36,143.61,82.43446643549753,83.77393916829199,90.04027136441924,92.5193998336877
2022-05-09,143.48,148.17,142.1,145.2,82.80476456862144,84.1990330148782,90.68920934836724,93.24602880149891
2022-05-16,145.66,151.95,141.12,142.27,83.15559191629919,84.60090821892749,91.29604217956292,93.92222150768514
2022-05-23,142.61,147.14,139.05,139.42,83.4875353268225,84.98027909630515,91.86220638921512,94.54977707309638
2022-05-31,139.42,142,134.12,138.18,83.81020473492384,85.34844325480823,92.40712160816553,95.1515732513985
2022-06-06,139.48,147.7,136.1,145.06,84.17156045920157,85.76167202121094,93.02656723630476,95.83996534448266
2022-06-13,145.3,146.55,117.3,118.29,84.37284918805584,85.98678155739633,93.32378409234823,96.14962099490359
2022-06-21,117.5,117.93,97.33,98.05,84.45354034328855,86.07026403796797,93.37938663243825,96.17583311911181
2022-06-27,97.5,99.49,91.2,97.48,84.53039261264968,86.14922414843187,93.42762914264486,96.19382162781372
2022-07-05,97.4,97.47,88.1,95.63,84.59587702201458,86.21483505397906,93.4535393880255,96.18604477777491
2022-07-11,95.88,96.69,82.54,88.71,84.6201491339791,86.23210263146017,93.39773304228403,96.08292691877112
2022-07-18,89.01,94.85,88.8,90.89,84.65713940457509,86.2643372153255,93.36823030061011,96.01130034058117
2022-07-25,90.91,97.65,89.5,96.74,84.72842471782243,86.33683315155162,93.40789817942645,96.02135137036626
2022-08-01,96.58,97.52,91.6,96.13,84.79569064869074,86.40460593250974,93.43992290672732,96.02284997215432
2022-08-08,96.04,108.59,95.14,108.59,84.93607005489315,86.5581380713851,93.61815910782464,96.19618997253839
2022-08-15,111.53,119.59,111.01,116.01,85.11939707521826,86.76195718507793,93.88159253008553,96.46948390395166
2022-08-22,115.5,118.4,111.21,117.68,85.31149502757685,86.97592287929885,94.16157379443746,96.76204274665577
2022-08-29,117.68,118.53,103.21,103.21,85.41709092711918,87.08826943376737,94.26802586744408,96.8509800880812
2022-09-06,103.3,106,101.19,104.84,85.53168036117746,87.21111878024648,94.39240203370944,96.96117346617663
2022-09-12,105,108.1,99.29,99.29,85.61285038854516,87.29470965373959,94.45002083331286,96.99329521147075
2022-09-19,99.1,99.74,92.38,92.54,85.65371852784577,87.33100924091094,94.42754999997977,96.93187044993323
2022-09-26,92.5,93.74,83.6,85.34,85.65186768107381,87.3172306302472,94.32063764703884,96.77198258165829
2022-10-03,85.39,90.52,81.55,84.23,85.64347908118548,87.2958657123908,94.20192426295603,96.598989718463
2022-10-10,84.75,89.78,82,83.15,85.62876829014603,87.26717460019434,94.07190162456831,96.41348641200145
2022-10-17,83.04,84.68,75.8,79.13,85.59042747427496,87.21086197320338,93.89611454663222,96.17509349597384
2022-10-24,79.4,80.8,72.11,72.11,85.51089692870401,87.1063577380947,93.63980731667183,95.84316117189144
2022-10-31,72.11,87.87,70.21,86.93,85.51926921821018,87.10513726931896,93.56086840706394,95.72022101779639
2022-11-07,86.23,89.31,84.19,88.2,85.5350847390467,87.11271417402955,93.49779936698083,95.61649383134403
2022-11-14,88.2,89.92,82.15,83.78,85.52473025681043,87.08965040811931,93.38347231560458,95.45323184746343
2022-11-21,83.47,83.66,79.3,80.18,85.49319792491184,87.04183275823614,93.22813734718571,95.24256658060186
2022-11-28,80.17,87.23,77.5,83.2,85.47966873361443,87.01524568032447,93.11015926074823,95.07646221397287
2022-12-05,83.29,86.39,80.1,80.95,85.45294502427157,86.97327166177551,92.96709856356296,94.88161445929738
2022-12-12,80.95,82.55,78.8,81.92,85.43210169079504,86.93830092363174,92.83713269810927,94.70283357020362
2022-12-19,81.92,89.65,81.33,85.21,85.43079135633607,86.92634036360661,92.74740172519034,94.57189793475254
2022-12-27,85.23,85.64,82.36,83.37,85.41863329523675,86.90172901160933,92.6370793519528,94.41738899772147
2023-01-03,83.37,86.1,80.37,85.68,85.42017528169552,86.89327413955668,92.5552313595769,94.29687328740808
2023-01-09,85.67,87.97,81.65,82.29,85.40170817088905,86.86141757111685,92.43446393181716,94.13126124206451
2023-01-17,82.4,86.79,81.97,86.7,85.40936770970387,86.86030049450012,92.36699965026638,94.02876108700156
2023-01-23,86.7,88.88,85.12,86.89,85.41810300345193,86.86050602741015,92.30256436026325,93.93029541683602
2023-01-30,87.25,87.4,84.5,85.43,85.41817319222213,86.85060633171874,92.22171066190721,93.8130499628107
2023-02-06,85.13,86.99,83.07,85.27,85.41729901409693,86.83966787959612,92.13992583059066,93.69521479090986
2023-02-13,85.58,86.77,80.88,81.5,85.3941881054592,86.80271516070619,92.01475023258371,93.52700493172489
2023-02-21,81.9,85.05,81.08,84.9,85.39127254141519,86.78954758173936,91.93104728867095,93.40801176025282
2023-02-27,84.9,86.25,83.11,84.17,85.38406739367822,86.7714192247723,91.8397408499807,93.28059090838727
2023-03-06,84.18,85.38,78.18,78.18,85.34156552114915,86.71196303636557,91.67903801645151,93.07230689585779
2023-03-13,78.69,82.49,76.86,77.83,85.29724950037541,86.65049616414159,91.51610815743443,92.86206818005286
2023-03-20,77.6,79.8,75.7,76.62,85.24605628798382,86.58108096577382,91.3408598261705,92.63803965343143
2023-03-27,76.84,83.95,76.55,82.78,85.23150728333495,86.55477590718715,91.24014382821555,92.50206669269446
2023-04-03,83.38,83.64,80.22,83.2,85.21952198962796,86.53155946492288,91.14555390082478,92.37376232451936
2023-04-10,83,83.81,81.9,82.93,85.20601448526438,86.50663517796839,91.04890032552096,92.24350353383633
2023-04-17,82.94,85.23,79.65,80.2,85.17648047650175,86.4629906438648,90.92126620404424,92.07738624371446
2023-04-24,80.38,81.81,77.68,80.55,85.14918560643389,86.42207029338823,90.79925130752608,91.91838781276667
2023-05-01,80.55,84.52,78.56,84.06,85.14275973264962,86.40572378616756,90.71996599802577,91.80999625672851
2023-05-08,83.9,84.87,79.52,80.53,85.11554581092308,86.36506133782038,90.60008404510782,91.65441010146328
2023-05-15,80.54,87.98,80.53,86.72,85.1250116173483,86.36751766074204,90.55443599751831,91.58634927247759
2023-05-22,86.72,87.25,79.86,83.35,85.1145395724082,86.34663518558119,90.46967792695928,91.47274445492617
2023-05-30,83.64,87.16,82.56,86.05,85.12005851298397,86.34458234692666,90.41768171605388,91.39794797968581
2023-06-05,85.99,86.96,83.77,84.04,85.1136864863587,86.32863368016592,90.34265016645324,91.29645904203497
2023-06-12,84.1,84.27,79.05,80.1,85.08410721505275,86.2855289488153,90.22214839978908,91.1420251242138
2023-06-20,80.44,81.2,78.2,78.67,85.04626587455097,86.23282632633214,90.08624077155626,90.96999719146602
2023-06-26,78.55,80.59,76.81,80.37,85.01867728532058,86.19225313376238,89.97193205659677,90.8237903336527
2023-07-03,80.31,81.94,79.21,81.17,84.99597122464021,86.15749705671212,89.86837991475446,90.69063460491266
2023-07-10,81,83.1,78.97,81.22,84.97369410827065,86.12332752690789,89.76663426869852,90.56000516208628
2023-07-17,81.22,85.8,81.01,84.48,84.97078145866433,86.11195501807116,89.70443857141971,90.47614302191958
2023-07-24,84.48,88.39,84.01,84.26,84.96658805772826,86.09913872036825,89.64038635293242,90.39040311816896
2023-07-31,84.01,86.31,83.25,84.29,84.96259638777116,86.08661872922383,89.57744063113321,90.30625962688387
2023-08-07,84.34,88.83,84.27,87.89,84.97986720554242,86.09909887642644,89.557588388414,90.27293190789237
2023-08-14,87.69,87.8,83.4,83.62,84.97184439017049,86.08194248281795,89.48773440737384,90.18116732985247
2023-08-21,83.8,87.49,83.6,87.31,84.98563881854706,86.09044115075693,89.4621140025812,90.1415650218545
2023-08-28,87.12,90,86.11,89.95,85.0149270851043,86.11715090057868,89.46785383784496,90.13892274569099
2023-09-05,89.06,89.24,85.16,85.91,85.02020775126888,86.11571733033246,89.4259967338703,90.08059277678491
2023-09-11,85.94,88.61,85.89,86.44,85.02858410671863,86.1179615010568,89.39086736053065,90.03037770400167
2023-09-18,86.55,88.42,85.55,85.91,85.03378420048429,86.1165223211187,89.34991597981852,89.9735449080844
2023-09-25,85.91,89.89,85.8,87.15,85.04626924944898,86.12367441578223,89.32403461535007,89.93459946107635
2023-10-02,87.3,88.06,86.45,87.14,85.05862164325754,86.13070781082872,89.2983400904636,89.89605326161322
2023-10-09,87.31,88.76,84.14,86.06,85.06452948017048,86.13021848341815,89.26024197175227,89.84314218214269
2023-10-16,86.2,86.23,81.51,82.4,85.04880954223437,86.10440382263324,89.17953324267283,89.74047815204416
2023-10-23,82.29,85.44,81.68,84.38,85.04486376322413,86.0924702321652,89.12306814570022,89.66654052236079
2023-10-30,84.38,85.25,79.2,79.62,85.0128586672759,86.04767805062772,89.01126734398609,89.52796754963857
2023-11-06,79.42,79.97,74.77,77.32,84.96747307041882,85.98727889456802,88.87372302229214,89.35958179033321
2023-11-13,77.3,81.87,76.82,81.51,84.9470749992069,85.95629426553987,88.78709098673576,89.25131169667344
2023-11-20,81.21,81.8,79.7,80.99,84.92372942399034,85.92192544709323,88.69536050453887,89.13736256982277
2023-11-27,80.8,80.99,78.86,79.56,84.89208500260986,85.8778982813694,88.58788567507371,89.00526101713555
2023-12-04,79.42,83.13,78.59,81.44,84.87171871940862,85.84718618253639,88.50379290242579,88.900912589313
2023-12-11,81.46,82.5,79.83,79.93,84.84256403669825,85.80623679719012,88.40292475063254,88.77717586394316
2023-12-18,80,80.89,78.31,79.76,84.81257840816316,85.76439432800542,88.30124328297804,88.65280102444049
2023-12-26,79.76,81.75,79.51,80.95,84.78979033495865,85.73107672019916,88.21475806788418,88.5465554930689
2024-01-02,80.87,81.75,79.59,80.1,84.76212195540137,85.69210733113204,88.11929032590906,88.4300512793714
2024-01-08,80.01,82.22,79.6,81.31,84.74175545418956,85.66178132884046,88.0391810279572,88.331843675518
2024-01-16,81.31,84.72,80.68,83.95,84.73708433056602,85.64993509127063,87.99107301586359,88.27140445240741
2024-01-22,83.89,85.86,83.54,84.37,84.73491864130014,85.6410774089781,87.94847215685343,88.21759197720179
2024-01-29,84.46,87.32,83.65,87.11,84.7489309207025,85.65124296324123,87.9386077785375,88.20231484648177
2024-02-05,86.93,92,86.51,91.78,84.79041215420868,85.69365650674821,87.98380062820176,88.2516622279096
2024-02-12,91.52,96.42,89.4,94.42,84.84722388191247,85.75404642711673,88.05952062081116,88.33674274890396
2024-02-20,94.25,94.9,90.84,93.49,84.89821371151771,85.80758243800175,88.1234086135075,88.4078221592639
2024-02-26,93.36,103.8,92.5,95.57,84.96117410260021,85.87514242112977,88.21101557099564,88.50661081913613
2024-03-04,93.95,101.5,92.89,95.28,85.02205213149342,85.94022794070672,88.29418009368982,88.60003687680322
2024-03-11,94.86,97.53,93.2,93.94,85.07466539325452,85.99558968506169,88.36060150435229,88.67369154057145
2024-03-18,93.88,96.2,91.42,91.53,85.11274996320581,86.0338901024661,88.39788854547756,88.71308889863253
2024-03-25,91.69,94.27,90.51,91.38,85.14972488967658,86.07088740279505,88.43297220964841,88.74987387934105
2024-04-01,91.57,92.9,86.17,86.25,85.15621618826256,86.07212693633973,88.40729018365255,88.71539286031566
2024-04-08,86.33,88.24,81.7,82.64,85.14137125499848,86.04837519283565,88.33943971090369,88.6315943381044
2024-04-15,82.6,85.58,79.7,80.9,85.11634841573594,86.01274629876758,88.2519168907754,88.52495165757882
2024-04-22,81.12,82.96,80.63,80.92,85.09159119794398,85.97750237974496,88.16565904500158,88.4200557726467
2024-04-29,81.29,82.5,74.93,77.92,85.04928092538974,85.9217411176014,88.04512187976626,88.27522741716193
2024-05-06,78.06,80.29,76.51,77.45,85.00444740960573,85.86311315138963,87.92047338706313,88.1259139355459
2024-05-13,77.45,78.43,73.68,75.92,84.95085184966706,85.79430267975371,87.77929134721532,87.95755650195215
2024-05-20,75.91,82.6,74.98,80.41,84.92406216323835,85.7570410695132,87.69259380195396,87.85345227433902
2024-05-28,80.66,83.19,76.07,76.15,84.87229778469417,85.69055635622938,87.5567985807545,87.6920253464171
2024-06-03,76.15,76.53,72.26,73.85,84.80726947917975,85.60861478975028,87.39554212686328,87.5011008588803
2024-06-10,73.84,74.28,71.2,72.24,84.73312629641173,85.51609842442329,87.21724163125312,87.2906029159992
2024-06-17,72.15,73.59,70,72.33,84.65995151000222,85.4248451481297,87.04209761206191,87.08424977233025
2024-06-24,72.43,75.84,72.07,72.71,84.58945032115264,85.33685314018418,86.87348469897883,86.88598425822914
2024-07-01,72.69,73.75,70.83,71.1,84.50986654344672,85.23832820495798,86.68791429075554,86.66824654432253
2024-07-08,71,71.96,70.21,71.34,84.43216821575677,85.14214600284754,86.50735059321724,86.45682245405601
2024-07-15,71.25,73,70.54,70.78,84.35162445047207,85.042753988987,86.32232293917939,86.24059042020696
2024-07-22,70.78,71.23,67.5,68.05,84.25544967495307,84.9251570755684,86.10735443401256,85.98968572475583
2024-07-29,68.14,70.2,67.8,68.33,84.16149421964361,84.81031169788281,85.89820908773007,85.74610385269023
2024-08-05,68.3,68.79,66.55,68.38,84.06838805905575,84.6966071186587,85.69211251022736,85.50657138575657
2024-08-12,68.34,70.8,66.26,67.24,83.9691055336336,84.57580014897941,85.47502883363644,85.25461867698752
2024-08-19,67.24,71.25,67.24,70.78,83.89129370157676,84.48032748358855,85.30214614147602,85.05496876420149
2024-08-26,70.8,71.36,68.27,69.95,83.80904418121347,84.37977158404814,85.12153265745864,84.84662436745388
2024-09-03,69.92,71.18,67.8,67.83,83.71477253412667,84.26524029280905,84.91810286148855,84.61191230721315
2024-09-09,68,70.85,67.51,69.86,83.63303346312887,84.16555004856816,84.74094871017692,84.40843765469987
2024-09-16,69.69,74.23,69.58,73.56,83.5736055370927,84.09215523854347,84.60940813711602,84.25880403187642
2024-09-23,73.6,74.55,71.68,72.77,83.50986745132815,84.01380122305181,84.47012098256171,84.10033776936778
2024-09-30,72.97,74,71.86,73.3,83.44963224512563,83.93965726995111,84.33870779453157,83.95136759323857
2024-10-07,73,74.14,71.11,72.12,83.3827907569538,83.85786033382688,84.1949582910665,83.78817631609046
2024-10-14,72.2,72.2,70.16,71.06,83.31008992652929,83.76929382632635,84.04042936999512,83.61261526345473
2024-10-21,71.05,72.75,70.61,70.68,83.23557612165301,83.67871047804728,83.88324784799518,83.43423436326914
2024-10-28,70.69,71.4,69.26,70.22,83.15878806193824,83.5855706131473,83.72250375566583,83.2519690617068
2024-11-04,70.18,71.36,68.95,70.96,83.08681881083535,83.49819642205286,83.57235665265799,83.08242466085568
2024-11-11,70.97,71.86,67.96,68.93,83.00329775590417,83.39737845373415,83.40009363321495,82.88721880346456
2024-11-18,69,71.12,68.4,70.77,82.93112490778674,83.30999175163218,83.2515042963536,82.72008475100299
2024-11-25,70.77,72.15,70.76,71.95,82.86633951010069,83.2313758917593,83.11854542227886,82.5715318578857
2024-12-02,71.91,72.06,70.06,70.1,82.79102187287296,83.1405013181139,82.9653860643697,82.39951072881142
2024-12-09,70.01,70.75,69.05,69.3,82.71142882347549,83.0447193020716,82.80461681655358,82.21882782220713
2024-12-16,69.27,69.91,67.48,68.12,82.62534369767327,82.94143404738598,82.63185661871177,82.024361231556
2024-12-23,68.15,69.86,68.15,68.8,82.54377824812948,82.84356945190234,82.46912889378575,81.84195624905178
2024-12-30,68.78,69.44,67.63,67.76,82.45655831746205,82.73918488822136,82.29608031856475,81.6477223697545
2025-01-06,67.76,69.15,66.9,66.96,82.36513319464517,82.62998637688419,82.1156558442287,81.44513309568893
2025-01-13,67.08,67.98,66.6,67.56,82.2777872760927,82.52569581372236,81.9444128342966,81.25361401850701
2025-01-21,67.66,68.44,66.76,67.68,82.19166463729569,82.42295743438865,81.77659621271664,81.06639175618277
2025-01-27,67.69,68.17,65.7,65.9,82.09554862173643,82.30861170819911,81.58981272786114,80.85720014575266
2025-02-03,65.57,67.31,65.01,65.77,81.99923270066424,82.19415764793476,81.40369728400395,80.64910083339744
2025-02-10,65.73,68.85,65.73,68.35,81.91870625405265,82.09835032857188,81.25012437478038,80.47945806328161
2025-02-18,68.56,69.25,67.02,67.33,81.83263719060692,81.99614721211118,81.08635820566532,80.298086227926
2025-02-24,67.36,68.19,65.18,65.33,81.73527649921691,81.88081055320384,80.90098928559867,80.09162986616151
2025-03-03,65.33,66.39,62.54,66.13,81.64320997119793,81.77180840404672,80.72721294106222,79.899055661111
2025-03-10,66,67.63,65.42,67.33,81.5587662545537,81.67186509329207,80.56959867116737,79.72568937613016
2025-03-17,67.49,67.8,65.24,65.35,81.46313931499881,81.55891100960147,80.39054456915363,79.52740400542491
2025-03-24,65.39,67.1,64.83,66.89,81.37716209190147,81.45739605451773,80.23171463304594,79.35309498466043
2025-03-31,66.8,68.58,60.8,63.33,81.27068915920589,81.33194694687401,80.03287093148069,79.13208677797546
2025-04-07,62.22,67.62,61.81,65.84,81.17965264499229,81.22473624135931,79.86589597934562,78.94874765000338
2025-04-14,66,67.2,63.75,67.11,81.09664584472685,81.12705640577897,79.71582661488273,78.78545457896885
2025-04-21,67.2,69.75,66.21,68.7,81.02350929107064,81.04105601542756,79.58622865470764,78.64634486063825
2025-04-28,68.8,68.86,65.53,68.36,80.94879832180179,80.9532978423104,79.45415537641696,78.50446424187082
2025-05-05,68.26,69.1,66.22,66.72,80.8648526089888,80.85479751122175,79.30434178375323,78.34191990750018
2025-05-12,67.61,68.89,64.75,65.14,80.77208061719536,80.74604458726866,79.13770246865025,78.15982446050018
2025-05-19,65.1,66.53,64.88,66.06,80.68528368140069,80.64441106071317,78.98384714548966,77.99293033001052
2025-05-27,66.1,66.79,64.51,65.09,80.5932761080591,80.53676807759405,78.8203901202486,77.81495887718279
2025-06-02,65.16,66.7,64.71,65.58,80.50470220771656,80.43326103207437,78.66462082471627,77.6462008237044
2025-06-09,65.56,68.16,64.69,67.9,80.43033818289227,80.34652566161019,78.53797822677842,77.51177046751538
2025-06-16,67.84,68.2,66.41,66.76,80.34968722016134,80.2525012625679,78.39941377705162,77.36347018520482
2025-06-23,66.7,69.52,66.27,69.32,80.28461531915744,80.17684381438404,78.29259714438042,77.25252576885717
2025-06-30,69.35,69.48,67.76,68.43,80.21467658571109,80.09555077760629,78.17656658974066,77.13083575825225
2025-07-07,68.17,68.37,67.13,67.42,80.13919176809627,80.00783070302079,78.05001874750842,76.99689319606945
2025-07-14,67.44,69.15,67.36,68.76,80.07205789335823,79.92999104417635,77.94072440930243,76.88328087612366
2025-07-21,68.74,68.99,67.8,68.23,80.00219324501984,79.84902224802288,77.8264805927224,76.7639252778323
2025-07-28,68.38,68.77,66.34,66.42,79.9220623114209,79.75608783800196,77.69228670339626,76.62125044641392
2025-08-04,66.36,67.72,65.88,66.64,79.843702061796,79.66531906403655,77.56225980100336,76.48357802646339
2025-08-11,66.55,68.5,66.55,67.48,79.77075986674114,79.58099159646537,77.44364497981509,76.35939074333976
2025-08-18,67.35,68.3,67.22,68,79.70131585572793,79.50084632590159,77.3325432741702,76.24408880205232
2025-08-25,68,68.2,66.51,66.53,79.62360897752305,79.41108268350781,77.2054545297682,76.11010137029987
2025-09-02,66.63,66.86,65.8,66.09,79.5437646767707,79.31889526009253,77.07468447647682,75.97189307553711
2025-09-08,66.09,67.1,65.91,66.76,79.46834423619978,79.2319824901265,76.9533352473418,75.84483248139178
2025-09-15,66.8,67.84,66.27,66.3,79.39065488967353,79.14248780161351,76.82800189149071,75.71317961957948
2025-09-22,66.35,67.02,66.03,66.33,79.31360087852501,79.05382006596221,76.70449598688494,75.58375645241287
2025-09-29,66.3,66.62,64.7,65.3,79.23092476714729,78.95863792017701,76.57032544586276,75.44191153582787
2025-10-06,65.36,65.56,63.26,63.77,79.13970987176589,78.85352623906851,76.41973338179379,75.28091965257507
2025-10-13,64,64.5,62.71,64.29,79.05210096396786,78.75274059035524,76.27703063612563,75.1293207608154
2025-10-20,64.17,64.78,63.65,64.18,78.96435995533088,78.65189117450504,76.1347126286418,74.97829564687312
2025-10-27,64.5,66.1,64.34,65.56,78.8852781856829,78.56128985149809,76.01030424477543,74.84838812070936
2025-11-03,65.85,66.04,63.52,63.55,78.79480456806826,78.4574054926642,75.863712430131,74.69254828456164
2025-11-10,63.76,65.12,62.86,64.14,78.70834554406785,78.3583231017115,75.72578640154123,74.54699589442976
2025-11-17,64.14,64.87,63.11,63.93,78.62115766475182,78.25847311484846,75.58701244387603,74.40055457174796
2025-11-24,63.95,64.95,63.89,64.73,78.53920393221641,78.16485046353462,75.45928288571278,74.26716761213764
2025-12-01,64.7,64.85,63.82,63.95,78.45313193261632,78.0664777959669,75.32387955764557,74.12486185197022
2025-12-08,63.91,64.53,63.55,63.83,78.36685976782212,77.96795545827855,75.18865744520268,73.9828637574603
2025-12-15,63.83,64.39,62.97,63.65,78.28003463644853,77.86886926133545,75.05290853408265,73.8403414987367
2025-12-22,63.75,64.81,63.48,64.46,78.19850050879987,77.77607431835042,74.92828608074049,73.71095747806447
2025-12-29,64.46,64.8,63.68,64.01,78.11479254119632,77.68080736805042,74.7998356562612,73.5771511680222
2026-01-05,64.3,65.76,64.24,64.48,78.03435128726596,77.58945229975942,74.67842582501106,73.45167322087707
2026-01-12,64.47,65.25,64.47,64.62,77.95521057170687,77.49969830460537,74.56009140354034,73.32985703852015
2026-01-20,64.72,64.97,63.57,63.84,77.87193499311273,77.40516752049045,74.43397268114575,73.1989624586785
2026-01-26,63.84,64.4,62.55,63.11,77.78484393120647,77.30623902553896,74.30074947313227,73.05980435580017
2026-02-02,62.97,63.21,60.9,61.07,77.68623128264478,77.19387750979128,74.14509359697777,72.89442774399603
2026-02-09,61.1,64.5,60.99,64.18,77.6065485022162,77.10381607373736,74.02785720171921,72.77422874063058
2026-02-17,64.13,65.72,63.41,65.55,77.5354184225571,77.02385886907481,73.9281177052284,72.67458420627705
2026-02-23,65.5,66.38,64.99,65.56,77.46476698643582,76.94452420562101,73.82966926163748,72.5764520103284
2026-03-02,65.59,65.76,63.62,64.21,77.38656777117662,76.8563960104264,73.7164966820888,72.4610526722549
2026-03-09,64.2,66.25,64.08,65.8,77.31821043919327,76.77988115914317,73.6233614270054,72.36917608367207
2026-03-16,65.9,69.22,65.9,67.34,77.25934194102693,76.71455326184807,73.54943952786417,72.29980813769039
2026-03-23,67.6,70.31,66.65,69.47,77.21338712131586,76.66441794515708,73.501446121654,72.26077630130845
2026-03-30,69.48,71.38,68.6,70.88,77.17602200555588,76.62438737114215,73.4706055790463,72.24173111094558
2026-04-06,70.92,73.64,70.3,73.26,77.15291863089183,76.60110441355638,73.46812786635165,72.25577619907047
2026-04-13,73.33,79.92,72.65,79.84,77.16877161832019,76.62351891588472,73.54309106792398,72.36038618253157
2026-04-20,79.76,81.79,77.66,79.56,77.182879160395,76.64384058428689,73.61387823183075,72.45969120070355
2026-04-27,79.36,84.27,78.7,84.24,77.22451409160212,76.69640916155826,73.73889142910333,72.62217821862488
2026-05-04,84.39,84.9,81.9,84.7,77.26861725330357,76.7517973334506,73.86784564758447,72.78876886388522
2026-05-11,84.75,88.88,79.94,80.33,77.28667850844633,76.77655998166202,73.94387099290701,72.892785845073
2026-05-18,81.22,84.1,76.84,77.34,77.28699308951744,76.78045922054325,73.98382545181398,72.95412672996855
2026-05-26,77,79.09,75.42,76.04,77.27963619813386,76.77533493527997,74.00801574061617,72.99669049921036
2026-06-01,77.46,78.36,73.28,73.6,77.25792743000328,76.75336029904966,74.00321555543245,73.00501200956607
2026-06-08,73.75,74.47,70.92,73.02,77.23292490829235,76.72752389559604,73.99164831360383,73.0052187404686
2026-06-15,76.6,80.47,76.11,79.8,77.24806989408414,76.74878670600714,74.05998186285555,73.09893986128974
2026-06-22,79.67,80.4,75.5,76.17,77.24170959972376,76.7447812616749,74.08480560564549,73.14129931147885
2026-06-29,76.19,78.5,76.17,77.11,77.24093255193777,76.74730872699203,74.12039612793201,73.19604001063087
2026-07-06,77.81,81.6,77.55,81.55,77.26635477877,76.78054534479831,74.20780323230929,73.311267044967
2026-07-13,81.6,82.96,77.73,78.63,77.27439988332003,76.79334433895195,74.25982907663506,73.38462887882952
2026-07-20,78.94,82.05,78.68,79.89,77.28983115244499,76.81477448193499,74.32606638161582,73.47435813567324
2026-07-27,79.8,81.95,79.2,81.65,77.31555486246006,76.8482362502261,74.41223030653798,73.58712560966396
2026-08-03,81.37,84.49,80.39,84.38,77.35723300486443,76.90035918275048,74.5294981852846,73.7359928426341
2026-08-10,84.12,85.25,82.6,84.72,77.40067115822806,76.95447434411552,74.6493864419283,73.88749638963226
2026-08-17,84.58,89.45,84.26,88.28,77.46485598915297,77.03285168429466,74.80974660143502,74.08601368080974
2026-08-24,88.35,92.75,87.05,91.46,77.5474232104559,77.13269354115074,75.00563193553579,74.32565487141926
2026-08-31,91.25,93.74,85.68,86.43,77.59982779328507,77.19703476231925,75.14003626570596,74.49261135595141
2026-09-08,86.4,88.8,85.56,86.19,77.65050727533058,77.25926981586721,75.27003583905059,74.65395464759347
2026-09-14,86.2,86.51,80.71,81.13,77.6710352560071,77.28605687596502,75.33897659388529,74.74327941107494
2026-09-21,81.39,83.96,81.39,83.16,77.70341852883301,77.32670700139086,75.43098863395723,74.85937210885321