scenario,date,px_close,px_pctile250,oi,nc_l,nc_s,nc_net,d_nc_l,d_nc_s,d_nc_net,d_oi,w,t5,t10,t20,t40,t60
S1_nc_l_up_2w,2012-01-03,24.51,,567599.0,128269.0,77965.0,50304.0,14782.0,2994.0,11788.0,22807.0,-4.855161158710731,-4.855161158710731,-2.0807833537331732,-3.7535699714402404,1.3871889024887896,0.3671970624234966
S1_nc_l_up_2w,2012-01-24,24.89,,636763.0,138927.0,64073.0,74854.0,8744.0,-18116.0,26860.0,23604.0,-5.022097227802325,-5.022097227802325,-1.968662113298525,3.6560867818401066,1.7677782241864115,-11.410204901566889
S1_nc_l_up_2w,2012-01-31,23.64,,666733.0,143389.0,62166.0,81223.0,4462.0,-1907.0,6369.0,29970.0,3.2148900169204575,3.2148900169204575,2.580372250423002,5.795262267343482,2.622673434856182,-9.813874788494081
S1_nc_l_up_2w,2012-02-21,25.4,,699138.0,156282.0,69069.0,87213.0,10011.0,-1200.0,11211.0,-6488.0,2.677165354330713,2.677165354330713,-5.31496062992125,0.8267716535433012,-12.047244094488185,-18.385826771653534
S1_nc_l_up_2w,2012-02-28,26.08,,723747.0,198170.0,66073.0,132097.0,41888.0,-2996.0,44884.0,24609.0,-7.783742331288335,-7.783742331288335,-7.476993865030668,-6.326687116564411,-15.490797546012269,-25.19171779141103
S1_nc_l_up_2w,2012-03-27,24.43,46.9,746727.0,199828.0,64519.0,135309.0,8966.0,-699.0,9665.0,8078.0,-0.7367990176013084,-0.7367990176013084,-1.9647973802701668,-9.783053622595173,-20.139173147769128,-13.58984854686861
S1_nc_l_up_2w,2012-04-17,23.02,2.6,730255.0,191803.0,92688.0,99115.0,669.0,26145.0,-25476.0,3698.0,-4.430929626411817,-4.430929626411817,-8.99218071242398,-11.424847958297125,-13.119026933101651,-2.4326672458731435
S1_nc_l_up_2w,2012-05-22,19.92,1.0,729589.0,191733.0,122709.0,69024.0,7463.0,-2551.0,10014.0,2322.0,-1.5060240963855498,-2.208835341365467,-0.20080321285141922,8.534136546184733,16.415662650602414,1.1546184738955745
S1_nc_l_up_2w,2012-05-29,19.62,3.7,753540.0,197758.0,128348.0,69410.0,6025.0,5639.0,386.0,23951.0,-2.854230377166167,-2.854230377166167,3.516819571865426,4.638124362895013,20.132517838939854,1.4271151885830724
S1_nc_l_up_2w,2012-06-05,19.06,1.8,775795.0,200920.0,129053.0,71867.0,3162.0,705.0,2457.0,22255.0,6.558237145855195,6.558237145855195,13.168940188877244,15.477439664218284,18.363064008394538,3.305351521511035
S1_nc_l_up_2w,2012-09-04,19.34,2.3,728205.0,167764.0,106757.0,61007.0,2878.0,16985.0,-14107.0,4789.0,0.5170630816959676,0.5170630816959676,0.5170630816959676,11.633919338159249,1.1375387797311287,-0.9307135470527417
S1_nc_l_up_2w,2012-09-11,19.44,5.6,725692.0,173290.0,119051.0,54239.0,5526.0,12294.0,-6768.0,-2513.0,0.0,0.0,2.160493827160481,10.442386831275696,0.7716049382715973,0.6687242798353754
S1_nc_l_up_2w,2012-10-02,21.59,44.1,674997.0,161209.0,103724.0,57485.0,3342.0,-11118.0,14460.0,-8388.0,-0.5558128763316406,-0.5558128763316406,-6.5771190365910055,-9.4025011579435,-11.255210745715605,-9.911996294580828
S1_nc_l_up_2w,2012-10-09,21.47,43.0,679261.0,161314.0,75917.0,85397.0,105.0,-27807.0,27912.0,4264.0,-6.054960409874233,-6.054960409874233,-8.47694457382394,-8.756404285048902,-8.849557522123884,-12.20307405682346
S1_nc_l_up_2w,2012-10-16,20.17,22.9,701034.0,163728.0,92202.0,71526.0,2414.0,16285.0,-13871.0,21773.0,-2.578086266732782,-2.578086266732782,-3.0242935052057662,-4.06544372830937,-8.081308874566195,-4.858701041150226
S1_nc_l_up_2w,2012-11-20,19.9,24.8,726929.0,160890.0,128885.0,32005.0,769.0,-1987.0,2756.0,4074.0,-3.3668341708542604,-3.718592964824108,-1.6582914572864205,-3.3668341708542604,-7.236180904522604,-8.442211055276383
S1_nc_l_up_2w,2012-11-27,19.23,6.0,737882.0,163242.0,134468.0,28774.0,2352.0,5583.0,-3231.0,10953.0,1.0920436817472678,1.0920436817472678,-1.8200728029121205,-0.9360374414976613,-4.576183047321891,-6.344253770150798
S1_nc_l_up_2w,2012-12-04,19.44,14.2,759782.0,165295.0,128433.0,36862.0,2053.0,-6035.0,8088.0,21900.0,-2.880658436214001,-2.880658436214001,-0.2572016460905435,-1.7489711934156382,-3.806584362139931,-6.893004115226331
S1_nc_l_up_2w,2012-12-11,18.88,1.6,764194.0,170673.0,140219.0,30454.0,5378.0,11786.0,-6408.0,4412.0,2.701271186440679,2.701271186440679,0.9004237288135597,0.4766949152542388,-3.7605932203389703,0.15889830508475367
S1_nc_l_up_2w,2012-12-18,19.39,14.1,754990.0,178111.0,143405.0,34706.0,7438.0,3186.0,4252.0,-9204.0,-1.9082001031459517,-1.7534811758638469,-1.4956162970603315,-5.105724600309447,-7.168643630737492,-5.77617328519856
S1_nc_l_up_2w,2012-12-24,19.02,4.0,756985.0,185559.0,140911.0,44648.0,7448.0,-2494.0,9942.0,1995.0,2.5762355415352323,3.5226077812828605,-1.1566771819137678,-2.628811777076756,-4.100946372239756,-4.468980021030489
S1_nc_l_up_2w,2012-12-31,19.51,22.4,754102.0,186823.0,134316.0,52507.0,1264.0,-6595.0,7859.0,-2883.0,-3.3316248077908894,-4.613018964633531,-4.15171706817018,-4.305484366991285,-5.843157355202466,-9.687339825730401
S1_nc_l_up_2w,2013-01-22,18.17,0.4,823614.0,195714.0,178505.0,17209.0,8807.0,31513.0,-22706.0,37604.0,0.9906439185470628,0.9906439185470628,2.036323610346713,0.9906439185470628,0.8255365987892116,-2.806824435883337
S1_nc_l_up_2w,2013-01-29,18.35,1.2,829549.0,198633.0,173334.0,25299.0,2919.0,-5171.0,8090.0,5935.0,1.0354223433242327,1.0354223433242327,-1.416893732970037,-2.7792915531335227,-2.3433242506812,-5.177111716621264
S1_nc_l_up_2w,2013-02-05,18.54,4.0,841251.0,199024.0,173535.0,25489.0,391.0,201.0,190.0,11702.0,-2.4271844660194164,-2.4271844660194164,-1.024811218985966,-1.9417475728155331,-4.638619201725991,-4.962243797195242
S1_nc_l_up_2w,2013-02-12,18.09,0.4,848854.0,204192.0,193540.0,10652.0,5168.0,20005.0,-14837.0,7603.0,0.7186290768380177,1.4372581536760798,-1.3819789939192972,3.7589828634604805,-1.492537313432829,-3.427307904919852
S1_nc_l_up_2w,2013-03-05,18.18,5.2,785424.0,201344.0,198815.0,2529.0,3214.0,-783.0,3997.0,-1062.0,3.4653465346534684,3.4653465346534684,0.8800880088008833,-3.6853685368536726,-4.785478547854794,-8.25082508250825
S1_nc_l_up_2w,2013-03-12,18.81,16.8,797883.0,204540.0,169997.0,34543.0,3196.0,-28818.0,32014.0,12459.0,-2.4986709197235446,-2.4986709197235446,-5.103668261562988,-5.05050505050505,-7.2301967038809085,-12.227538543327999
S1_nc_l_up_2w,2013-03-19,18.34,8.0,801467.0,204745.0,164107.0,40638.0,205.0,-5890.0,6095.0,3584.0,-2.6717557251908275,-2.6717557251908275,-4.525627044711,-3.107960741548532,-7.688113413304254,-11.559432933478742
S1_nc_l_up_2w,2013-03-26,17.85,1.2,836833.0,205678.0,188133.0,17545.0,933.0,24026.0,-23093.0,35366.0,-1.4565826330532272,-1.904761904761909,0.056022408963585235,-2.6330532212885283,-7.002801120448177,-8.347338935574244
S1_nc_l_up_2w,2013-04-02,17.59,0.4,857592.0,208372.0,222478.0,-14106.0,2694.0,34345.0,-31651.0,20759.0,0.7390562819783897,0.7390562819783897,1.7623649801023156,0.4548038658328757,-5.287094940306991,-3.4110289937464566
S1_nc_l_up_2w,2013-04-09,17.72,3.2,870275.0,214068.0,238769.0,-24701.0,5696.0,16291.0,-10595.0,12683.0,1.0158013544018019,1.0158013544018019,0.0,-0.5643340857787726,-7.674943566591419,-7.392776523702027
S1_nc_l_up_2w,2013-05-07,17.62,4.4,805148.0,214277.0,203095.0,11182.0,2790.0,-7081.0,9871.0,-24157.0,-3.4619750283768402,-3.4619750283768402,-4.199772985244055,-7.150964812712834,-6.867196367763906,-4.540295119182747
S1_nc_l_up_2w,2013-05-14,17.01,0.4,841726.0,219773.0,224209.0,-4436.0,5496.0,21114.0,-15618.0,36578.0,-0.7642563198118957,-0.7642563198118957,-2.0576131687242927,-4.7031158142269325,-5.173427395649632,-1.116990005878904
S1_nc_l_up_2w,2013-05-21,16.88,1.2,863297.0,221241.0,234171.0,-12930.0,1468.0,9962.0,-8494.0,21571.0,-0.9478672985781977,-1.3033175355450122,-3.08056872037914,0.35545023696683664,-3.8507109004739304,1.8364928909952782
S1_nc_l_up_2w,2013-05-28,16.72,0.8,894044.0,235437.0,237973.0,-2536.0,14196.0,3802.0,10394.0,30747.0,-2.0334928229665095,-2.0334928229665095,-2.8708133971291905,1.9138755980861344,-3.409090909090906,-2.2727272727272707
S1_nc_l_up_2w,2013-06-04,16.38,0.4,932648.0,247704.0,244479.0,3225.0,12267.0,6506.0,5761.0,38604.0,-0.8547008547008628,-0.8547008547008628,2.19780219780219,0.793650793650813,3.296703296703307,0.42735042735042583
S1_nc_l_up_2w,2013-07-09,16.34,2.4,835810.0,236420.0,226314.0,10106.0,5238.0,16625.0,-11387.0,3390.0,-2.0807833537331732,-2.0807833537331732,0.0,1.346389228886169,0.0611995104039309,13.096695226438193
S1_nc_l_up_2w,2013-07-16,16.0,0.4,859880.0,236472.0,248826.0,-12354.0,52.0,22512.0,-22460.0,24070.0,2.124999999999999,2.124999999999999,5.875000000000008,7.624999999999993,7.1250000000000036,15.999999999999993
S1_nc_l_up_2w,2013-07-23,16.34,6.0,857234.0,238128.0,232975.0,5153.0,1656.0,-15851.0,17507.0,-2646.0,3.6719706242350103,3.6719706242350103,1.346389228886169,0.8567931456548328,3.488372093023262,16.3402692778458
S1_nc_l_up_2w,2013-09-03,16.47,13.6,934375.0,243207.0,216481.0,26726.0,117.0,7508.0,-7391.0,25007.0,4.371584699453557,4.371584699453557,2.0036429872495543,11.171827565270199,12.32544019429267,5.403764420157864
S1_nc_l_up_2w,2013-09-10,17.19,32.4,922110.0,245067.0,189250.0,55817.0,1860.0,-27231.0,29091.0,-12265.0,-2.2687609075043635,-2.2687609075043635,1.2798138452588592,8.376963350785328,6.108202443280963,-2.9668411867364797
S1_nc_l_up_2w,2013-10-01,18.31,61.6,787891.0,248300.0,111308.0,136992.0,13691.0,-24168.0,37859.0,-45206.0,1.7476788640087504,1.7476788640087504,2.293828509011475,1.0376843255051948,-5.1884216275259405,-11.086837793555427
S1_nc_l_up_2w,2013-10-08,18.63,70.0,814946.0,272709.0,99639.0,173070.0,24409.0,-11669.0,36078.0,27055.0,0.5367686527106841,0.5367686527106841,4.508856682769724,-2.093397745571657,-10.466988727858295,-13.687600644122389
S1_nc_l_up_2w,2013-10-15,18.73,72.8,820355.0,282109.0,92697.0,189412.0,9400.0,-6942.0,16342.0,5409.0,3.950880939668977,3.950880939668977,-1.2279765082754968,-4.538174052322486,-11.959423384943946,-16.711158569140416
S1_nc_l_up_2w,2013-10-22,19.47,95.6,830021.0,283117.0,88547.0,194570.0,1008.0,-4150.0,5158.0,9666.0,-4.982023626091414,-4.982023626091414,-6.31741140215717,-9.244992295839738,-18.387262455059062,-22.033898305084744
S1_nc_l_up_2w,2013-10-29,18.5,66.0,824363.0,286598.0,88386.0,198212.0,3481.0,-161.0,3642.0,-5658.0,-1.4054054054054133,-1.4054054054054133,-3.3513513513513615,-6.162162162162166,-11.99999999999999,-19.999999999999996
S1_nc_l_up_2w,2013-12-17,15.93,0.4,821697.0,238474.0,199659.0,38815.0,11620.0,44084.0,-32464.0,12974.0,2.1343377275580666,2.1343377275580666,2.0715630885122627,-2.5737602008788496,-1.883239171374762,7.030759573132461
S1_nc_l_up_2w,2013-12-24,16.27,8.0,832792.0,246553.0,212586.0,33967.0,8079.0,12927.0,-4848.0,11095.0,1.2292562999385304,-0.061462814996915416,-5.224339274738776,-6.760909649661951,7.0067609096496675,3.5033804548248337
S1_nc_l_up_2w,2014-01-14,15.5,0.8,819167.0,246739.0,241611.0,5128.0,316.0,22074.0,-21758.0,-18946.0,-2.0000000000000018,-3.0322580645161357,-4.580645161290331,2.0000000000000018,14.967741935483868,10.193548387096762
S1_nc_l_up_2w,2014-04-29,17.04,61.2,789475.0,251029.0,81055.0,169974.0,6898.0,163.0,6735.0,-8888.0,0.9389671361502261,0.9389671361502261,4.460093896713624,0.4107981220657253,3.9906103286384997,0.11737089201877549
S1_nc_l_up_2w,2014-05-06,17.2,68.4,782434.0,252127.0,83954.0,168173.0,1098.0,2899.0,-1801.0,-7041.0,3.488372093023262,3.488372093023262,2.209302325581386,-0.9302325581395321,3.8953488372093226,-4.302325581395339
S1_nc_l_up_2w,2014-05-13,17.8,83.6,807765.0,260268.0,83620.0,176648.0,8141.0,-334.0,8475.0,25331.0,-1.2359550561797938,-1.2359550561797938,-3.876404494382024,-5.561797752808994,-2.8651685393258464,-9.831460674157299
S1_nc_l_up_2w,2014-05-20,17.58,76.4,823802.0,265456.0,75272.0,190184.0,5188.0,-8348.0,13536.0,16037.0,-3.1854379977246827,-2.6734926052332186,-3.0716723549487956,-0.28441410693968994,-3.7542662116040737,-9.49943117178611
S1_nc_l_up_2w,2014-06-10,16.97,50.4,872550.0,263562.0,119584.0,143978.0,1672.0,25880.0,-24208.0,22436.0,0.5303476723629963,0.5303476723629963,4.949911608721269,2.6517383618149815,-3.7713612256924045,-10.842663523865637
S1_nc_l_up_2w,2014-07-01,17.8,80.4,844150.0,272551.0,94835.0,177716.0,4494.0,8636.0,-4142.0,-35111.0,-0.6741573033707926,-2.134831460674147,-4.101123595505618,-6.516853932584265,-12.35955056179776,-17.41573033707866
S1_nc_l_up_2w,2014-07-29,16.62,27.6,854026.0,252137.0,191475.0,60662.0,938.0,20631.0,-19693.0,-3924.0,-2.9482551143201086,-2.9482551143201086,-3.429602888086647,-5.354993983152834,-12.03369434416367,-0.7220216606498298
S1_nc_l_up_2w,2014-08-05,16.13,13.2,864912.0,266410.0,217851.0,48559.0,14273.0,26376.0,-12103.0,10886.0,-0.49597024178548166,-0.49597024178548166,-4.15375077495349,-3.0998140111593186,-0.5579665220086794,1.0539367637941721
S1_nc_l_up_2w,2014-08-12,16.05,11.6,887972.0,272169.0,234330.0,37839.0,5759.0,16479.0,-10720.0,23060.0,-3.676012461059186,-3.676012461059186,-1.9937694704049824,-9.532710280373834,5.42056074766355,-3.3644859813084182
S1_nc_l_up_2w,2014-08-19,15.46,5.2,895368.0,276483.0,251871.0,24612.0,4314.0,17541.0,-13227.0,7396.0,1.7464424320827954,1.7464424320827954,1.0996119016817518,-10.219922380336355,6.727037516170764,5.821474773609303
S1_nc_l_up_2w,2014-08-26,15.73,11.2,894888.0,279352.0,242760.0,36592.0,2869.0,-9111.0,11980.0,-480.0,0.5721551176096629,-0.6357279084551748,-7.692307692307699,-7.0565797838525235,4.895104895104896,0.6357279084551859
S1_nc_l_up_2w,2014-09-02,15.82,13.6,892598.0,284050.0,240097.0,43953.0,4698.0,-2663.0,7361.0,-2290.0,-5.941845764854614,-5.941845764854614,-14.348925410872315,3.9823008849557473,1.9595448798988446,1.1378002528444897
S1_nc_l_up_2w,2014-09-09,14.88,1.2,892171.0,286377.0,245464.0,40913.0,2327.0,5367.0,-3040.0,-427.0,-8.93817204301075,-8.93817204301075,-4.905913978494625,14.4489247311828,5.376344086021501,1.4112903225806495
S1_nc_l_up_2w,2014-09-30,16.45,34.8,784342.0,261721.0,252076.0,9645.0,6750.0,5828.0,922.0,-51735.0,3.5258358662614064,3.5258358662614064,2.1884498480243098,-1.9452887537993901,-2.7355623100303927,-10.273556231003035
S1_nc_l_up_2w,2014-10-28,16.13,28.8,777467.0,254603.0,241905.0,12698.0,8773.0,11528.0,-2755.0,24922.0,-2.7898326100433968,-2.7898326100433968,0.8679479231246123,-0.8059516429014146,-8.493490390576564,-4.835709857408554
S1_nc_l_up_2w,2014-11-04,15.68,18.8,798420.0,255496.0,249255.0,6241.0,893.0,7350.0,-6457.0,20953.0,3.7627551020408045,3.7627551020408045,0.1913265306122458,-3.7627551020408156,-9.630102040816324,-9.311224489795912
S1_nc_l_up_2w,2014-11-11,16.27,36.0,809762.0,261525.0,253016.0,8509.0,6029.0,3761.0,2268.0,11342.0,-3.441917639827896,-3.441917639827896,-1.659496004917027,-4.917025199754144,-8.35894283958205,-8.91210817455439
S1_nc_l_up_2w,2014-11-18,15.71,21.2,816091.0,262975.0,248298.0,14677.0,1450.0,-4718.0,6168.0,6329.0,1.8459579885423238,1.8459579885423238,-3.94653087205602,-6.301718650541055,-2.4188415022278864,-3.6282622533418185
S1_nc_l_up_2w,2014-11-25,16.0,28.0,825980.0,266906.0,233015.0,33891.0,3931.0,-15283.0,19214.0,9889.0,-4.749999999999998,-5.687500000000001,-3.312499999999996,-7.750000000000002,-4.062500000000002,-11.4375
S1_nc_l_up_2w,2014-12-02,15.24,10.8,836657.0,267712.0,260829.0,6883.0,806.0,27814.0,-27008.0,10677.0,1.1811023622047223,1.1811023622047223,-3.4776902887139083,-4.7244094488189,-2.952755905511817,-10.498687664041995
S1_nc_l_up_2w,2014-12-30,14.6,4.8,834430.0,246432.0,258568.0,-12136.0,3328.0,8575.0,-5247.0,13917.0,1.8493150684931514,1.2328767123287676,2.260273972602733,1.7123287671232834,-5.684931506849312,-16.917808219178077
S1_nc_l_up_2w,2015-01-06,14.87,10.4,841420.0,247711.0,258310.0,-10599.0,1279.0,-258.0,1537.0,6990.0,0.0,0.0,6.186953597848022,-2.824478816408882,-9.616677874915936,-14.324142568930732
S1_nc_l_up_2w,2015-03-03,13.46,0.4,819751.0,246737.0,253672.0,-6935.0,5192.0,45429.0,-40237.0,-16446.0,-3.268945022288272,-3.268945022288272,-4.754829123328386,-11.367013372956913,-2.154531946508176,-10.92124814264488
S1_nc_l_up_2w,2015-03-10,13.02,0.4,847114.0,265284.0,264161.0,1123.0,18547.0,10489.0,8058.0,27363.0,-1.5360983102918557,-1.5360983102918557,-4.377880184331795,-0.38402457757296116,-0.9984639016897057,-6.912442396313367
S1_nc_l_up_2w,2015-05-05,12.75,7.6,808794.0,238061.0,202046.0,36015.0,882.0,8086.0,-7204.0,-26086.0,6.4313725490196205,6.4313725490196205,0.8627450980392082,-5.490196078431364,-2.431372549019617,-11.607843137254903
S1_nc_l_up_2w,2015-05-12,13.57,20.8,849346.0,242083.0,177452.0,64631.0,4022.0,-24594.0,28616.0,40552.0,-5.232129697862941,-5.232129697862941,-12.527634487840833,-11.495946941783352,-12.306558585114225,-21.14959469417834
S1_nc_l_up_2w,2015-05-19,12.86,10.4,865099.0,245570.0,190073.0,55497.0,3487.0,12621.0,-9134.0,15753.0,-6.065318818040433,-7.698289269051328,-6.29860031104198,-11.74183514774494,-4.587869362363916,-18.429237947122857
S1_nc_l_up_2w,2015-05-26,12.08,1.2,891727.0,255744.0,224454.0,31290.0,10174.0,34381.0,-24207.0,26628.0,1.9867549668874274,1.9867549668874274,-0.08278145695364003,-6.870860927152322,-5.794701986754958,-12.33443708609272
S1_nc_l_up_2w,2015-06-02,12.32,4.4,912450.0,267237.0,232245.0,34992.0,11493.0,7791.0,3702.0,20723.0,-2.029220779220775,-2.029220779220775,-8.198051948051944,1.2175324675324672,-6.980519480519476,-14.529220779220786
S1_nc_l_up_2w,2015-07-21,11.42,2.4,811703.0,242981.0,219937.0,23044.0,2176.0,47508.0,-45332.0,16987.0,-2.189141856392296,-2.189141856392296,-3.5901926444833587,-6.042031523642732,0.4378283712784592,23.38003502626971
S1_nc_l_up_2w,2015-07-28,11.17,0.8,819269.0,249347.0,234204.0,15143.0,6366.0,14267.0,-7901.0,7566.0,-1.43240823634736,-1.43240823634736,-4.923903312444056,-5.102954341987465,-1.96956132497762,26.947179946284685
S1_nc_l_up_2w,2015-10-20,14.06,63.6,756639.0,240225.0,75769.0,164456.0,7770.0,2221.0,5549.0,14328.0,2.560455192034139,2.560455192034139,10.170697012802265,5.120910384068278,3.769559032716918,6.1166429587482085
S1_nc_l_up_2w,2015-10-27,14.42,70.4,801494.0,248315.0,76330.0,171985.0,8090.0,561.0,7529.0,44855.0,7.420249653259359,7.420249653259359,2.011095700416088,4.022191400832176,5.062413314840497,-2.219140083217752
S1_nc_l_up_2w,2015-11-03,15.49,92.4,827353.0,257996.0,72638.0,185358.0,9681.0,-3692.0,13373.0,25859.0,-5.035506778566812,-5.035506778566812,-4.5836023240800605,-0.9683666881859287,-1.6139444803098812,-17.1723692704971
S1_nc_l_up_2w,2016-03-22,16.58,100.0,827890.0,237051.0,62452.0,174599.0,37702.0,762.0,36940.0,59300.0,-4.342581423401681,-4.2822677925210995,-11.821471652593484,-6.091676718938466,1.3872135102533267,18.697225572979505
S1_nc_l_up_2w,2016-03-29,15.86,97.2,865776.0,258383.0,69263.0,189120.0,21332.0,6811.0,14521.0,37886.0,-7.692307692307687,-7.692307692307687,-11.286254728877676,-0.567465321563676,4.728877679697363,20.05044136191676
S1_nc_l_up_2w,2016-04-05,14.64,76.0,865816.0,259853.0,73618.0,186235.0,1470.0,4355.0,-2885.0,40.0,-3.8934426229508268,-3.8934426229508268,3.6202185792349573,10.997267759562845,18.920765027322407,42.21311475409835
S1_nc_l_up_2w,2016-05-03,16.25,98.4,789143.0,261390.0,54891.0,206499.0,20266.0,3748.0,16518.0,16693.0,-1.4153846153846183,-1.4153846153846183,3.5076923076923006,7.138461538461538,28.123076923076916,15.692307692307693
S1_nc_l_up_2w,2016-05-10,16.02,97.2,805306.0,297398.0,65622.0,231776.0,36008.0,10731.0,25277.0,16163.0,4.993757802746579,4.993757802746579,3.682896379525591,22.409488139825218,23.158551810237206,22.971285892634196
S1_nc_l_up_2w,2016-05-17,16.82,99.2,848078.0,310859.0,58525.0,252334.0,13461.0,-7097.0,20558.0,42772.0,-1.2485136741973935,-1.2485136741973935,3.5077288941736118,17.479191438763376,18.370986920332943,16.52794292508919
S1_nc_l_up_2w,2016-06-07,19.0,100.0,899793.0,318851.0,63177.0,255674.0,7547.0,7232.0,315.0,4295.0,1.7894736842105186,1.7894736842105186,1.2631578947368327,8.263157894736839,0.21052631578946102,5.578947368421039
S1_nc_l_up_2w,2016-06-14,19.34,98.4,940081.0,328829.0,66760.0,262069.0,9978.0,3583.0,6395.0,40288.0,-0.5170630816959787,-0.5170630816959787,2.4301964839710477,0.4136504653567741,1.5511892450879028,4.550155118924493
S1_nc_l_up_2w,2016-06-21,19.24,96.4,899424.0,349725.0,32409.0,317316.0,20896.0,-34351.0,55247.0,-40657.0,2.9625779625779725,2.9625779625779725,6.912681912681928,0.20790020790022457,2.494802494802495,6.444906444906451
S1_nc_l_up_2w,2016-08-09,20.39,98.0,866930.0,347273.0,49882.0,297391.0,10754.0,3158.0,7596.0,20176.0,-0.6375674350171612,-0.6375674350171612,1.6674840608141173,-0.49043648847475474,16.772927905836177,6.424717999019114
S1_nc_l_up_2w,2016-08-16,20.26,96.4,883140.0,348427.0,51518.0,296909.0,1154.0,1636.0,-482.0,16210.0,2.3198420533069974,2.3198420533069974,1.2833168805528095,-0.6416584402764158,14.2645607107601,9.131293188548861
S1_nc_l_up_2w,2016-08-23,20.73,98.8,903799.0,367444.0,58163.0,309281.0,19017.0,6645.0,12372.0,20659.0,-1.013024602026058,-1.013024602026058,-2.1225277375783946,7.09117221418234,10.323203087313072,-1.7848528702363753
S1_nc_l_up_2w,2016-08-30,20.52,96.4,908026.0,369812.0,57140.0,312672.0,2368.0,-1023.0,3391.0,4227.0,-1.4619883040935755,-1.1208576998050668,-1.900584795321636,13.401559454191037,10.477582846003909,-4.580896686159852
S1_nc_l_up_2w,2016-09-27,23.02,100.0,857858.0,365849.0,36553.0,329296.0,4940.0,2573.0,2367.0,-38780.0,1.0425716768027948,1.0425716768027948,1.1728931364031192,-0.39096437880103974,-14.205039096437877,-20.938314509122502
S1_nc_l_up_2w,2016-10-04,23.26,99.6,830713.0,365919.0,36982.0,328937.0,70.0,429.0,-359.0,-27145.0,0.12897678417884695,0.12897678417884695,-1.2897678417884806,-8.899398108340495,-14.83233018056751,-16.208082545141888
S1_nc_l_up_2w,2017-01-17,20.73,80.0,828260.0,228371.0,36200.0,192171.0,4895.0,-4282.0,9177.0,9139.0,-0.7235890014471891,-0.7235890014471891,-1.3506994693680663,-1.2542209358417877,-12.059816690786295,-19.440424505547515
S1_nc_l_up_2w,2017-01-24,20.58,77.6,834634.0,231324.0,34232.0,197092.0,2953.0,-1968.0,4921.0,6374.0,-0.631681243926141,-0.631681243926141,0.6802721088435382,0.6316812439261632,-15.937803692905728,-20.651117589893097
S1_nc_l_up_2w,2017-01-31,20.45,73.6,831344.0,233451.0,36030.0,197421.0,2127.0,1798.0,329.0,-3290.0,1.3202933985330123,1.3202933985330123,0.09779951100243878,-4.743276283618581,-16.283618581907078,-25.77017114914425
S1_nc_l_up_2w,2017-02-07,20.72,77.6,859366.0,245518.0,31699.0,213819.0,12067.0,-4331.0,16398.0,28022.0,-1.2065637065637014,-1.2065637065637014,-0.04826254826253429,-11.196911196911197,-22.29729729729729,-25.820463320463315
S1_nc_l_up_2w,2017-04-04,16.16,8.0,801818.0,228322.0,123843.0,104479.0,7955.0,18639.0,-10684.0,-5088.0,3.4653465346534684,3.4653465346534684,1.6089108910891214,-2.413366336633671,-11.943069306930687,-17.69801980198019
S1_nc_l_up_2w,2017-04-11,16.72,10.4,801536.0,240490.0,136363.0,104127.0,12168.0,12520.0,-352.0,-282.0,-0.11961722488037507,-1.794258373205726,-7.894736842105255,-5.263157894736836,-14.234449760765544,-15.37081339712918
S1_nc_l_up_2w,2017-06-13,13.79,0.8,854313.0,221926.0,210076.0,11850.0,953.0,11225.0,-10272.0,12208.0,-1.305293691080489,-1.305293691080489,-8.266860043509784,-2.175489485134152,-1.087744742567065,1.7403915881073262
S1_nc_l_up_2w,2017-08-15,13.13,2.8,815068.0,179189.0,232991.0,-53802.0,3603.0,32053.0,-28450.0,35883.0,2.894135567402878,2.894135567402878,5.255140898705246,9.139375476009137,8.910891089108919,13.023610053313007
S1_nc_l_up_2w,2017-08-22,13.51,8.0,840614.0,183907.0,252539.0,-68632.0,4718.0,19548.0,-14830.0,25546.0,2.2945965951147285,2.2945965951147285,5.77350111028867,4.145077720207269,4.219096965210967,11.69504071058476
S1_nc_l_up_2w,2017-09-26,13.21,4.0,711181.0,185260.0,211447.0,-26187.0,8127.0,14624.0,-6497.0,-56235.0,6.283118849356528,6.283118849356528,7.267221801665391,8.099924299772887,12.641937925813785,10.295230885692641
S1_nc_l_up_2w,2018-01-09,14.73,48.8,769647.0,186461.0,171315.0,15146.0,13941.0,-9403.0,23344.0,12443.0,-7.739307535641549,-8.89341479972845,-10.658520027155472,-4.95587236931433,-12.491513917175833,-16.22539035980991
S1_nc_l_up_2w,2018-01-16,13.59,10.4,823655.0,197271.0,232293.0,-35022.0,10810.0,60978.0,-50168.0,54008.0,-2.94334069168507,-2.94334069168507,0.9565857247976428,-0.8094186902133926,-6.10743193524651,-11.331861662987485
S1_nc_l_up_2w,2018-01-23,13.19,4.8,912141.0,205857.0,290317.0,-84460.0,8586.0,58024.0,-49438.0,88486.0,4.0181956027293575,4.0181956027293575,4.927975739196366,1.4404852160727843,-3.9423805913570864,-10.91736163760424
S1_nc_l_up_2w,2018-03-20,12.56,0.8,945319.0,189751.0,305907.0,-116156.0,7378.0,9180.0,-1802.0,37288.0,-0.15923566878981443,-0.15923566878981443,-2.3089171974522316,-6.847133757961787,-7.56369426751593,-2.6273885350318493
S1_nc_l_up_2w,2018-04-10,12.13,0.4,999540.0,201698.0,317550.0,-115852.0,6487.0,3284.0,3203.0,9489.0,-3.9571310799670245,-3.9571310799670245,-8.161582852431993,-4.699093157460843,0.577081615828523,-5.358615004122013
S1_nc_l_up_2w,2018-04-17,11.65,0.4,1021576.0,209163.0,323199.0,-114036.0,7465.0,5649.0,1816.0,22036.0,-4.37768240343347,-4.37768240343347,0.34334763948498104,-1.1158798283261828,7.381974248927037,-4.892703862660952
S1_nc_l_up_2w,2018-04-24,11.14,0.4,1010242.0,219642.0,333878.0,-114236.0,10479.0,10679.0,-200.0,-11334.0,4.937163375224407,4.937163375224407,3.7701974865349985,9.066427289048473,6.732495511669656,-1.526032315978454
S1_nc_l_up_2w,2018-05-01,11.69,3.2,977547.0,229548.0,332439.0,-102891.0,9906.0,-1439.0,11345.0,-32695.0,-1.112061591103497,-1.112061591103497,-1.4542343883661268,7.784431137724557,0.2566295979469668,-5.645851154833192
S1_nc_l_up_2w,2018-05-08,11.56,3.2,1000067.0,230701.0,326306.0,-95605.0,1153.0,-6133.0,7286.0,22520.0,-0.34602076124568004,-0.34602076124568004,5.103806228373697,5.536332179930792,-0.692041522491349,-8.391003460207614
S1_nc_l_up_2w,2018-05-15,11.52,4.8,1028716.0,236742.0,325053.0,-88311.0,6041.0,-1253.0,7294.0,28649.0,5.46875,5.46875,9.375,8.59375,-3.819444444444442,-5.902777777777779
S1_nc_l_up_2w,2018-05-22,12.15,12.4,1032703.0,251911.0,297565.0,-45654.0,15169.0,-27488.0,42657.0,3987.0,2.551440329218102,3.703703703703698,0.411522633744843,-2.139917695473248,-9.711934156378598,-15.226337448559669
S1_nc_l_up_2w,2018-07-03,11.39,4.4,946405.0,251418.0,250602.0,816.0,338.0,31235.0,-30897.0,-18668.0,0.17559262510973284,-0.8779631255487419,-2.721685689201059,-7.989464442493421,-8.95522388059703,-11.764705882352944
S1_nc_l_up_2w,2018-07-10,11.41,5.2,962201.0,253434.0,261407.0,-7973.0,2016.0,10805.0,-8789.0,15796.0,-2.4539877300613466,-2.4539877300613466,-1.9281332164767795,-4.645048203330404,-4.5574057843996485,7.1866783523225175
S1_nc_l_up_2w,2018-10-30,13.32,65.6,801819.0,204730.0,143406.0,61324.0,7000.0,-5523.0,12523.0,23286.0,-2.7027027027026973,-2.7027027027026973,-5.3303303303303355,-3.603603603603611,-8.033033033033032,-3.9789789789789864
S1_nc_l_up_2w,2019-02-12,12.85,80.0,904601.0,168753.0,174890.0,-6137.0,8689.0,5531.0,3158.0,-33168.0,3.891050583657596,4.591439688715959,0.46692607003890885,-3.8132295719844334,-0.3112840466926059,-8.326848249027242
S1_nc_l_up_2w,2019-02-19,13.35,92.4,871056.0,172752.0,176414.0,-3662.0,3999.0,1524.0,2475.0,-33545.0,-3.520599250936318,-3.520599250936318,-6.816479400749065,-4.269662921348316,-6.292134831460672,-11.23595505617978
S1_nc_l_up_2w,2019-02-26,12.88,82.4,839602.0,172817.0,166949.0,5868.0,65.0,-9465.0,9530.0,-31454.0,-3.4161490683229934,-3.4161490683229934,-4.270186335403736,-2.2515527950310643,-1.552795031055909,-9.782608695652184
S1_nc_l_up_2w,2019-04-09,12.78,78.0,915486.0,188407.0,204435.0,-16028.0,11461.0,-10510.0,21971.0,4359.0,-2.1126760563380254,-2.1126760563380254,-0.7824726134585291,-8.841940532081372,-2.1126760563380254,-3.2863849765258246
S1_nc_l_up_2w,2019-04-16,12.51,58.4,887198.0,203598.0,205283.0,-1685.0,15191.0,848.0,14343.0,-28288.0,1.51878497202238,1.358912869704243,-2.3980815347721784,-5.275779376498802,1.918465227817756,-1.6786570743405171
S1_nc_l_up_2w,2019-04-23,12.7,69.2,880933.0,213850.0,198787.0,15063.0,10252.0,-6496.0,16748.0,-6265.0,-2.8346456692913358,-2.8346456692913358,-5.905511811023622,-7.007874015748017,-1.5748031496062964,-9.055118110236204
S1_nc_l_up_2w,2019-06-04,12.42,52.8,1025985.0,217402.0,318471.0,-101069.0,558.0,-14791.0,15349.0,-13491.0,0.9661835748792313,0.9661835748792313,1.5297906602254496,-0.5636070853462183,-1.6908212560386437,-8.45410628019324
S1_nc_l_up_2w,2019-07-02,12.35,44.0,851542.0,219443.0,210810.0,8633.0,11966.0,976.0,10990.0,-36717.0,0.24291497975710286,1.2145748987854255,-4.534412955465594,-1.1336032388663875,-7.9352226720647785,-6.072874493927127
S1_nc_l_up_2w,2019-07-09,12.38,44.4,868182.0,222563.0,209030.0,13533.0,3120.0,-1780.0,4900.0,16640.0,-3.150242326332797,-3.150242326332797,-3.231017770597744,-5.250403877221332,-11.066235864297258,4.038772213247177
S1_nc_l_up_2w,2019-07-30,12.15,32.4,949627.0,225774.0,294003.0,-68229.0,7314.0,-12164.0,19478.0,2337.0,-3.4567901234567877,-3.4567901234567877,-3.539094650205754,-7.489711934156384,-2.8806584362139898,0.3292181069958877
S1_nc_l_up_2w,2019-08-06,11.73,20.0,985687.0,226126.0,301013.0,-74887.0,352.0,7010.0,-6658.0,36060.0,-0.08525149190110604,-0.08525149190110604,-2.4722932651321528,-6.1381074168798015,9.80392156862746,5.797101449275366
S1_nc_l_up_2w,2019-08-13,11.72,19.2,1047548.0,230080.0,311808.0,-81728.0,3954.0,10795.0,-6841.0,61861.0,-2.3890784982935287,-2.3890784982935287,-4.0955631399317465,-7.764505119453924,5.716723549488045,7.167235494880542
S1_nc_l_up_2w,2019-09-03,11.19,6.0,1088400.0,230966.0,350433.0,-119467.0,5202.0,17360.0,-12158.0,13195.0,-2.770330652368169,-2.770330652368169,-2.2341376228775744,15.10277033065237,10.277033065236818,14.20911528150135
S1_nc_l_up_2w,2019-11-05,12.71,77.2,978065.0,180017.0,347054.0,-167037.0,3088.0,-7442.0,10530.0,10296.0,-0.9441384736428082,-0.9441384736428082,-0.15735641227381247,2.7537372147915073,4.720692368213997,17.151848937844207
S1_nc_l_up_2w,2019-11-12,12.59,68.0,969252.0,193059.0,331306.0,-138247.0,13042.0,-15748.0,28790.0,-8813.0,0.7942811755361268,0.7942811755361268,1.5091342335186608,6.59253375694997,11.755361397934871,19.459888800635426
S1_nc_l_up_2w,2019-11-19,12.69,75.6,952863.0,198094.0,281545.0,-83451.0,5035.0,-49761.0,54796.0,-16389.0,0.7092198581560183,0.7092198581560183,2.9156816390859097,5.831363278171797,13.869188337273442,20.409771473601257
S1_nc_l_up_2w,2019-11-26,12.78,86.8,978753.0,204409.0,270591.0,-66182.0,6315.0,-10954.0,17269.0,25890.0,0.6259780907668322,2.1909233176838905,5.007824726134591,5.164319248826299,11.189358372456981,18.54460093896715
S1_nc_l_up_2w,2019-12-03,12.86,92.0,1004980.0,216173.0,267352.0,-51179.0,11764.0,-3239.0,15003.0,26227.0,4.6656298600311175,4.6656298600311175,3.188180404354579,2.0995334370140117,13.608087091757382,7.38724727838258
S1_nc_l_up_2w,2019-12-10,13.46,100.0,1010184.0,226474.0,209344.0,17130.0,10301.0,-58008.0,68309.0,5204.0,-1.411589895988119,-1.411589895988119,-0.6686478454680622,1.634472511144125,10.84695393759285,-6.3150074294205165
S1_nc_l_up_2w,2019-12-17,13.27,96.4,1003578.0,238665.0,186575.0,52090.0,12191.0,-22769.0,34960.0,-6606.0,0.7535795026375247,0.7535795026375247,-1.0550113036925324,8.741522230595322,13.489073097211769,-16.428033157498113
S1_nc_l_up_2w,2020-01-21,14.56,100.0,1121428.0,281116.0,135542.0,145574.0,27263.0,-20015.0,47278.0,47782.0,-0.13736263736264798,-0.13736263736264798,1.0302197802197766,7.005494505494503,-26.71703296703297,-30.219780219780223
S1_nc_l_up_2w,2020-01-28,14.54,98.8,1172016.0,298975.0,133622.0,165353.0,17859.0,-1920.0,19779.0,50588.0,1.1691884456671353,1.1691884456671353,5.983493810178819,1.719394773039884,-21.526822558459415,-32.324621733149925
S1_nc_l_up_2w,2020-02-18,15.28,99.2,1241072.0,315647.0,123917.0,191730.0,9228.0,-10138.0,19366.0,-10668.0,-0.8507853403141308,-0.8507853403141308,-9.947643979057585,-28.730366492146587,-33.507853403141354,-32.85340314136126
S1_nc_l_up_2w,2020-02-25,15.15,96.8,1206094.0,337831.0,121727.0,216104.0,22184.0,-2190.0,24374.0,-34978.0,-9.174917491749179,-9.174917491749179,-16.897689768976896,-25.610561056105617,-35.11551155115512,-26.13861386138614
S1_nc_l_up_2w,2020-04-14,10.05,0.8,1040411.0,200912.0,144793.0,56119.0,5268.0,18136.0,-12868.0,21282.0,-2.9850746268656803,-2.9850746268656803,-7.064676616915433,1.990049751243772,21.69154228855721,17.81094527363183
S1_nc_l_up_2w,2020-05-19,10.85,15.6,970769.0,208295.0,138673.0,69622.0,21607.0,-3901.0,25508.0,17718.0,1.8433179723502446,-0.4608294930875445,7.096774193548394,11.612903225806459,8.663594470046077,20.829493087557594
S1_nc_l_up_2w,2020-05-26,11.05,22.0,979826.0,217461.0,130398.0,87063.0,9166.0,-8275.0,17441.0,9057.0,1.538461538461533,1.538461538461533,8.597285067873294,6.696832579185497,7.330316742081444,19.819004524886875
S1_nc_l_up_2w,2020-06-02,11.22,27.6,996216.0,221084.0,127678.0,93406.0,3623.0,-2720.0,6343.0,16390.0,6.951871657753994,6.951871657753994,8.645276292335113,6.595365418894827,7.040998217468797,12.12121212121211
S1_nc_l_up_2w,2020-07-14,11.32,28.8,938702.0,223923.0,75121.0,148802.0,1873.0,8643.0,-6770.0,14080.0,3.0918727915194344,3.0918727915194344,6.095406360424027,12.54416961130742,6.27208480565371,24.91166077738516
S1_nc_l_up_2w,2020-07-21,11.67,38.0,944754.0,225964.0,73227.0,152737.0,2041.0,-1894.0,3935.0,6052.0,2.9134532990574113,2.9134532990574113,9.51156812339331,10.454155955441301,5.826906598114823,21.67952013710368
S1_nc_l_up_2w,2020-08-11,12.74,68.0,1002453.0,263040.0,43923.0,219117.0,15018.0,-8877.0,23895.0,12626.0,1.1773940345368938,1.1773940345368938,0.15698587127157548,-5.572998430141296,10.989010989010994,14.992150706436425
S1_nc_l_up_2w,2020-08-18,12.89,72.4,1018436.0,284216.0,43108.0,241108.0,21176.0,-815.0,21991.0,15983.0,-1.0085337470907785,-1.0085337470907785,-2.4049650892164487,-4.189294026377044,10.162916989914649,12.412723041117136
S1_nc_l_up_2w,2020-08-25,12.76,66.4,1062658.0,300927.0,46838.0,254089.0,16711.0,3730.0,12981.0,44222.0,-1.4106583072100332,-1.4106583072100332,-5.721003134796243,0.4702194357366851,13.479623824451426,21.081504702194366
S1_nc_l_up_2w,2020-09-01,12.58,57.2,1075405.0,302868.0,45542.0,257326.0,1941.0,-1296.0,3237.0,12747.0,-4.292527821939595,-4.3720190779014345,-1.8282988871224148,7.392686804451509,18.36248012718602,17.408585055643865
S1_nc_l_up_2w,2020-09-29,12.99,72.0,971839.0,288757.0,40412.0,248345.0,13641.0,-45.0,13686.0,-9959.0,6.851424172440335,6.851424172440335,7.852193995381063,14.164742109314865,15.781370284834484,14.164742109314865
S1_nc_l_up_2w,2020-10-06,13.88,86.4,946439.0,306256.0,44283.0,261973.0,17499.0,3871.0,13628.0,-25400.0,0.9365994236311126,0.9365994236311126,4.7550432276656895,6.051873198847257,5.187319884726227,11.599423631123917
S1_nc_l_up_2w,2020-10-13,14.01,85.2,978938.0,331552.0,51018.0,280534.0,25296.0,6735.0,18561.0,32499.0,3.783012134189856,3.783012134189856,5.8529621698786505,4.782298358315495,6.85224839400429,11.34903640256959
S1_nc_l_up_2w,2020-10-20,14.54,90.8,1008665.0,347906.0,51918.0,295988.0,16354.0,900.0,15454.0,29727.0,1.9944979367262805,1.9944979367262805,1.237964236588729,5.295735900962861,-0.3438789546079679,13.136176066024753
S1_nc_l_up_2w,2020-10-27,14.83,94.8,1036579.0,358746.0,50283.0,308463.0,10840.0,-1635.0,12475.0,27914.0,-0.7417397167902906,-0.7417397167902906,-1.011463250168576,1.4160485502360043,0.0,6.136210384356033
S1_nc_l_up_2w,2020-11-17,15.31,97.6,1079515.0,350269.0,52626.0,297643.0,11141.0,-4577.0,15718.0,23130.0,-1.7635532331809367,-1.7635532331809367,-4.637491835401708,-5.355976485956893,7.446113651208353,9.274983670803394
S1_nc_l_up_2w,2021-01-05,16.12,100.0,1089003.0,330921.0,57271.0,273650.0,31862.0,2096.0,29766.0,36735.0,-4.094292803970223,-4.094292803970223,0.9305210918113982,-0.49627791563277013,0.8684863523573227,-8.746898263027292
S1_nc_l_up_2w,2021-02-23,18.41,99.6,1065425.0,282375.0,44439.0,237936.0,122.0,-10874.0,10996.0,-59249.0,-10.755024443237371,-10.755024443237371,-13.633894622487775,-16.18685497012493,-7.984790874524705,-7.930472569255842
S1_nc_l_up_2w,2021-04-20,16.77,97.2,1014761.0,275744.0,46575.0,229169.0,30636.0,-6916.0,37552.0,-38078.0,6.976744186046524,6.976744186046524,2.0870602265951277,2.6237328562910056,1.610017889087656,3.3392963625521688
S1_nc_l_up_2w,2021-04-27,17.94,98.8,1021800.0,311478.0,43710.0,267768.0,35734.0,-2865.0,38599.0,7039.0,-4.570791527313267,-4.570791527313267,0.8918617614269708,-5.016722408026764,-6.967670011148275,-1.7837235228539638
S1_nc_l_up_2w,2021-06-08,17.71,96.8,1017887.0,311503.0,41394.0,270109.0,1883.0,1000.0,883.0,-6889.0,-3.7267080745341574,-3.7267080745341574,-7.227555053642021,0.22586109542630517,1.2422360248447228,11.067193675889332
S1_nc_l_up_2w,2021-08-03,17.98,96.0,987110.0,320806.0,37519.0,283287.0,12861.0,561.0,12300.0,33037.0,8.954393770856495,8.954393770856495,11.345939933259164,10.344827586206895,5.339265850945507,9.566184649610676
S1_nc_l_up_2w,2021-08-10,19.59,100.0,998508.0,335075.0,37654.0,297421.0,14269.0,135.0,14134.0,11398.0,2.1949974476773937,2.1949974476773937,-0.05104645227157478,-0.5104645227156812,0.9188361408882129,-1.071975497702915
S1_nc_l_up_2w,2021-08-17,20.02,99.6,1033177.0,339414.0,37147.0,302267.0,4339.0,-507.0,4846.0,34669.0,-2.197802197802201,-2.197802197802201,-0.899100899100902,-2.4975024975025018,-0.7992007992008054,-2.0979020979020935
S1_nc_l_up_2w,2021-11-09,19.9,94.8,897739.0,268559.0,56528.0,212031.0,252.0,-2718.0,2970.0,13232.0,0.45226130653266416,0.45226130653266416,1.0552763819095423,-0.4020100502512447,-8.592964824120585,-8.391959798994964
S1_nc_l_up_2w,2021-11-16,19.99,95.2,906385.0,278893.0,51504.0,227389.0,10334.0,-5024.0,15358.0,8646.0,0.6003001500750393,0.6003001500750393,-6.953476738369169,-3.5017508754377147,-9.504752376188087,-8.654327163581776
S1_nc_l_up_2w,2021-11-23,20.11,96.8,920493.0,297379.0,47753.0,249626.0,18486.0,-3751.0,22237.0,14108.0,-7.508702138239675,-7.508702138239675,-1.4420686225758317,-4.226752859273986,-6.0169070114371,-9.497762307309799
S1_nc_l_up_2w,2022-03-29,19.11,64.8,819459.0,222154.0,60573.0,161581.0,10079.0,4294.0,5785.0,1997.0,2.8257456828885363,2.8257456828885363,5.80847723704867,-0.47095761381475976,2.982731554160134,-3.8723181580324395
S1_nc_l_up_2w,2022-04-05,19.65,83.6,859871.0,243133.0,54586.0,188547.0,20979.0,-5987.0,26966.0,40412.0,2.900763358778624,2.900763358778624,-0.15267175572517555,-5.241730279898205,-1.5267175572518887,-8.040712468193378
S1_nc_l_up_2w,2022-04-12,20.22,97.6,916130.0,292621.0,52757.0,239864.0,49488.0,-1829.0,51317.0,56259.0,-2.3738872403560873,-2.9673590504450953,-5.934718100890201,-8.259149357072193,-4.599406528189909,-6.7260138476755715
S1_nc_l_up_2w,2022-04-19,19.74,84.4,909622.0,296437.0,56922.0,239515.0,3816.0,4165.0,-349.0,-6508.0,-3.7993920972644424,-3.7993920972644424,-5.673758865248213,1.317122593718345,-6.484295845997967,-2.482269503546086
S1_nc_l_up_2w,2022-05-24,19.75,82.0,847420.0,262661.0,53174.0,209487.0,9909.0,-2948.0,12857.0,22139.0,-1.7721518987341867,-1.5696202531645498,-3.8987341772151907,-6.9367088607594996,-9.417721518987342,-8.405063291139236
S1_nc_l_up_2w,2022-09-13,18.38,26.0,751873.0,182761.0,114431.0,68330.0,4417.0,-6142.0,10559.0,-8728.0,-1.0337323177366575,-1.0337323177366575,-1.0337323177366575,1.9586507072905324,3.3732317736670403,6.039173014145804
S1_nc_l_up_2w,2022-10-18,18.67,47.2,711664.0,205568.0,79156.0,126412.0,22518.0,-2779.0,25297.0,24455.0,-2.9994643813604838,-2.9994643813604838,-1.2854847348687803,8.677021960364195,8.677021960364195,5.677557579003745
S1_nc_l_up_2w,2022-11-15,20.29,99.2,832522.0,251928.0,95734.0,156194.0,56997.0,-9015.0,66012.0,66182.0,-2.7106949236076927,-2.7106949236076927,-3.2528339083292224,0.0,-2.7599802858550904,4.484967964514541
S1_nc_l_up_2w,2022-11-22,19.74,92.0,872727.0,287196.0,99234.0,187962.0,35268.0,3500.0,31768.0,40205.0,-1.2158054711246091,-0.5572441742654477,-1.266464032421477,5.116514690982776,-0.20263424518742745,8.054711246200608
S1_nc_l_up_2w,2022-12-20,20.58,100.0,922300.0,326115.0,92949.0,233166.0,38063.0,-2052.0,40115.0,22523.0,-1.263362487852271,-2.0894071914480117,-6.025267249757038,-4.178814382896013,4.033041788143832,-0.4859086491739495
S1_nc_l_up_2w,2022-12-27,20.32,98.0,943801.0,342482.0,96052.0,246430.0,16367.0,3103.0,13264.0,21501.0,-3.0511811023622104,-3.8385826771653586,-3.297244094488194,1.7716535433070835,4.7244094488189115,2.460629921259838
S1_nc_l_up_2w,2023-04-04,22.47,100.0,1005892.0,328123.0,81472.0,246651.0,13515.0,-10307.0,23822.0,52415.0,8.455718736092589,7.031597685803304,8.455718736092589,12.016021361815765,10.725411659991103,1.4241210502892843
S1_nc_l_up_2w,2023-04-11,24.37,100.0,992086.0,341373.0,81585.0,259788.0,13250.0,113.0,13137.0,-13806.0,0.5744768157570856,0.5744768157570856,9.35576528518669,7.468198604842025,0.5334427574887224,-3.4468608945424695
S1_nc_l_up_2w,2023-06-20,26.22,96.8,967113.0,342320.0,81319.0,261001.0,11641.0,1900.0,9741.0,-34625.0,-12.166285278413413,-12.166285278413413,-10.25934401220442,-7.665903890160175,-7.742181540808534,2.898550724637694
S1_nc_l_up_2w,2023-07-25,24.69,82.8,911185.0,303615.0,83801.0,219814.0,23117.0,-391.0,23508.0,30165.0,-1.2150668286755817,-1.2150668286755817,-5.022276225192391,-5.224787363304994,8.505467800729027,11.30012150668287
S1_nc_l_up_2w,2023-09-05,26.59,98.8,966992.0,317572.0,82151.0,235421.0,29245.0,2254.0,26991.0,22940.0,0.6769462203836119,0.6769462203836119,3.0086498683715712,-3.4599473486273014,1.8804061677322403,1.0154193305754067
S1_nc_l_up_2w,2023-09-12,26.77,99.6,996532.0,328566.0,84131.0,244435.0,10994.0,1980.0,9014.0,29540.0,2.316025401568922,2.316025401568922,-2.988419872992154,1.2700784460216719,2.9137093761673505,-14.082928651475534
S1_nc_l_up_2w,2023-09-19,27.39,100.0,956532.0,329115.0,84806.0,244309.0,549.0,675.0,-126.0,-40000.0,-5.184373859072656,-5.184373859072656,-6.279664110989403,0.3650967506389158,-0.766703176341732,-20.080321285140556
S1_nc_l_up_2w,2023-10-17,27.49,100.0,842662.0,318662.0,90703.0,227959.0,7354.0,1075.0,6279.0,20913.0,0.14550745725718794,0.14550745725718794,-1.455074572571835,-1.1276827937431788,-20.37104401600581,-21.389596216806105
S1_nc_l_up_2w,2023-10-24,27.53,100.0,857661.0,320884.0,96189.0,224695.0,2222.0,5486.0,-3264.0,14999.0,-1.5982564475118144,-1.5982564475118144,0.07264802034143703,0.7264802034144591,-24.0101707228478,-14.638576098801314
S1_nc_l_up_2w,2024-01-30,23.91,42.0,851084.0,178443.0,104759.0,73684.0,7443.0,1314.0,6129.0,31964.0,-1.3383521539104937,-1.3383521539104937,-2.5512337933918827,0.4182350480970376,-7.193642827268921,-18.778753659556667
S1_nc_l_up_2w,2024-02-06,23.59,35.6,881004.0,183705.0,103181.0,80524.0,5262.0,-1578.0,6840.0,29920.0,-1.2293344637558268,-1.2293344637558268,-3.476049173378548,-9.071640525646462,-5.214073760067828,-18.355235269181847
S1_nc_l_up_2w,2024-02-13,23.3,27.6,884135.0,184125.0,91970.0,92155.0,420.0,-11211.0,11631.0,3131.0,-2.3605150214592308,-2.274678111587991,3.0472103004291817,-5.536480686695278,-10.557939914163095,-16.09442060085837
S1_nc_l_up_2w,2024-02-20,22.75,23.2,848563.0,184174.0,92484.0,91690.0,49.0,514.0,-465.0,-35572.0,4.791208791208801,4.791208791208801,-8.307692307692305,-4.8791208791208796,-15.076923076923077,-18.109890109890113
S1_nc_l_up_2w,2024-02-27,23.84,38.8,822162.0,187869.0,84615.0,103254.0,3695.0,-7869.0,11564.0,-26401.0,-12.5,-12.5,-8.011744966442958,-6.082214765100669,-16.65268456375838,-23.61577181208053
S1_nc_l_up_2w,2024-03-26,22.39,18.0,839231.0,184549.0,84124.0,100425.0,5360.0,-3742.0,9102.0,4741.0,-0.312639571237161,-0.7592675301473895,-4.332291201429205,-11.255024564537742,-18.66904868244752,-15.185350602947755
S1_nc_l_up_2w,2024-04-02,22.32,16.8,845531.0,196650.0,79189.0,117461.0,12101.0,-4935.0,17036.0,6300.0,-3.7186379928315527,-3.7186379928315527,-12.141577060931908,-12.903225806451612,-17.92114695340502,-9.722222222222232
S1_nc_l_up_2w,2024-04-09,21.49,8.0,834056.0,197840.0,92146.0,105694.0,1190.0,12957.0,-11767.0,-11475.0,-8.748255002326655,-8.748255002326655,-7.538389948813395,-7.166123778501621,-10.93531875290832,-6.561191251745003
S1_nc_l_up_2w,2024-04-30,19.44,1.6,833374.0,199571.0,159266.0,40305.0,2274.0,7070.0,-4796.0,6296.0,2.6234567901234573,2.6234567901234573,-2.77777777777779,-5.76131687242799,3.652263374485587,-4.938271604938271
S1_nc_l_up_2w,2024-05-07,19.95,6.0,825438.0,200063.0,171502.0,28561.0,492.0,12236.0,-11744.0,-7936.0,-5.263157894736848,-5.263157894736848,-6.9172932330827,-4.060150375939841,0.6516290726817031,-8.922305764411021
S1_nc_l_up_2w,2024-05-14,18.9,0.8,829891.0,209791.0,183900.0,25891.0,9728.0,12398.0,-2670.0,4453.0,-1.7460317460317398,-1.7460317460317398,-3.0687830687830653,1.0052910052910091,1.5873015873015817,-1.904761904761898
S1_nc_l_up_2w,2024-07-02,20.62,24.4,775139.0,181116.0,116258.0,64858.0,803.0,-26868.0,27671.0,-33835.0,-4.704170708050448,-4.073714839961207,-6.062075654704168,-7.75945683802135,-4.99515033947624,12.948593598448088
S1_nc_l_up_2w,2024-08-06,17.85,0.4,803315.0,186989.0,161174.0,25815.0,1824.0,12488.0,-10664.0,9159.0,2.857142857142847,2.857142857142847,-1.5686274509803977,7.89915966386554,26.834733893557416,24.593837535013986
S1_nc_l_up_2w,2024-08-13,18.36,6.4,808191.0,188878.0,154316.0,34562.0,1889.0,-6858.0,8747.0,4876.0,-4.302832244008714,-4.302832244008714,7.135076252723316,2.015250544662317,20.261437908496728,20.15250544662308
S1_nc_l_up_2w,2024-10-01,23.0,70.8,791833.0,230838.0,101377.0,129461.0,33125.0,19047.0,14078.0,-18226.0,-2.347826086956517,-2.347826086956517,-0.5652173913043401,-4.0000000000000036,-5.869565217391315,-16.30434782608695
S1_nc_l_up_2w,2024-11-26,21.65,58.0,877135.0,224726.0,148632.0,76094.0,4596.0,240.0,4356.0,-2261.0,-1.4318706697459493,-2.2170900692840556,-1.524249422632784,-11.085450346420323,-11.50115473441108,-1.24711316397228
S1_nc_l_up_2w,2024-12-03,21.34,53.2,890137.0,228964.0,140649.0,88315.0,4238.0,-7983.0,12221.0,13002.0,-1.2652296157450782,-1.2652296157450782,-7.122774133083409,-7.778819119025304,-9.090909090909093,-14.386129334582943
S1_nc_l_up_2w,2024-12-10,21.07,48.4,930326.0,237266.0,139939.0,97327.0,8302.0,-710.0,9012.0,40189.0,-5.932605600379681,-5.932605600379681,-7.356430944470816,-9.207403891789278,-8.35310868533461,-10.583768391077363
S1_nc_l_up_2w,2024-12-31,19.29,28.8,966547.0,228766.0,183647.0,45119.0,3460.0,18435.0,-14975.0,7734.0,1.140487299118731,-0.5702436495593544,-6.428201140487289,0.7776049766718529,-4.095386210471741,-1.192327630896839
S1_nc_l_up_2w,2025-01-07,19.51,35.6,959156.0,232677.0,182850.0,49827.0,3911.0,-797.0,4708.0,-7391.0,-6.304459251665817,-6.304459251665817,-6.9195284469502845,1.1788826242952188,-6.663249615581757,-2.357765248590471
S1_nc_l_up_2w,2025-03-25,19.55,50.4,898876.0,211369.0,159327.0,52042.0,22238.0,1998.0,20240.0,-463.0,-0.9718670076726443,-0.9718670076726443,-6.39386189258312,-8.23529411764705,-9.25831202046037,-17.85166240409208
S1_nc_l_up_2w,2025-04-01,19.36,43.6,894479.0,212886.0,159813.0,53073.0,1517.0,486.0,1031.0,-4397.0,-5.475206611570238,-5.475206611570238,-9.297520661157034,-10.950413223140497,-11.98347107438017,-17.975206611570236
S1_nc_l_up_2w,2025-04-29,17.6,1.2,814178.0,196828.0,158063.0,38765.0,3750.0,-1780.0,5530.0,-16115.0,-1.0795454545454608,-1.0795454545454608,3.295454545454546,-3.9204545454545547,-11.363636363636376,-7.499999999999996
S1_nc_l_up_2w,2025-05-20,17.41,2.4,805373.0,202598.0,174167.0,28431.0,1740.0,2239.0,-499.0,17371.0,-0.9190120620333198,-2.871912693854106,-3.790924755887426,-8.615738081562318,-3.561171740379099,-5.399195864445727
S1_nc_l_up_2w,2025-05-27,17.25,1.6,824628.0,209622.0,190119.0,19503.0,7024.0,15952.0,-8928.0,19255.0,-1.7391304347826098,-1.7391304347826098,-4.579710144927529,-7.304347826086954,-3.94202898550724,-5.159420289855077
S1_nc_l_up_2w,2025-06-03,16.95,1.2,878105.0,214220.0,218064.0,-3844.0,4598.0,27945.0,-23347.0,53477.0,-2.890855457227126,-2.890855457227126,-5.545722713864299,-8.20058997050147,-3.539823008849541,-2.654867256637161
S1_nc_l_up_2w,2025-06-10,16.46,0.4,903273.0,217346.0,236861.0,-19515.0,3126.0,18797.0,-15671.0,25168.0,-2.7339003645200477,-2.7339003645200477,-2.8554070473876147,-1.2150668286755706,-2.6123936816524918,-5.34629404617254
S1_nc_l_up_2w,2025-07-15,16.56,9.6,866727.0,204179.0,256278.0,-52099.0,2204.0,-6148.0,8352.0,16195.0,-1.8115942028985366,-1.8115942028985366,0.0,2.3550724637681153,-4.045893719806748,-1.449275362318836
S1_nc_l_up_2w,2025-12-09,14.66,6.0,941986.0,154913.0,337475.0,-182562.0,5277.0,2944.0,2333.0,-9451.0,1.2960436562073685,1.2960436562073685,3.47885402455661,2.046384720327432,-3.547066848567526,-0.27285129604366354
S1_nc_l_up_2w,2025-12-16,14.85,10.4,942193.0,159080.0,316729.0,-157649.0,4167.0,-20746.0,24913.0,207.0,2.154882154882154,2.154882154882154,0.6734006734006703,-1.7508417508417473,-6.599326599326605,-4.511784511784511
S1_nc_l_up_2w,2025-12-23,15.17,16.8,938797.0,161284.0,310825.0,-149541.0,2204.0,-5904.0,8108.0,-3396.0,-2.0435069215557045,-1.4502307185234042,-1.3843111404087005,-2.9004614370467974,-4.614370468029005,2.307185234014497
S1_nc_l_up_2w,2026-01-27,14.83,14.0,1006304.0,153423.0,321176.0,-167753.0,9767.0,-828.0,10595.0,20588.0,-1.3486176668914274,-1.3486176668914274,-4.855023600809172,-1.8206338503034325,4.720161834120029,-8.159136884693197
S1_nc_l_up_2w,2026-02-03,14.63,7.6,1059582.0,154357.0,364646.0,-210289.0,934.0,43470.0,-42536.0,53278.0,-3.5543403964456655,-3.5543403964456655,-3.1442241968557827,-6.288448393711555,4.16951469583049,-0.13670539986330166
S1_nc_l_up_2w,2026-02-10,14.11,0.4,1095771.0,167418.0,402819.0,-235401.0,13061.0,38173.0,-25112.0,36189.0,-1.9135364989369186,0.425230333097093,3.1892274982282087,0.7795889440113557,-1.133947554925585,3.1892274982282087
S1_nc_l_up_2w,2026-02-17,13.84,0.8,1099675.0,171981.0,425573.0,-253592.0,4563.0,22754.0,-18191.0,3904.0,4.9132947976878505,4.9132947976878505,0.7947976878612595,4.552023121387294,-2.4566473988439252,11.199421965317935
S1_nc_l_up_2w,2026-02-24,14.52,11.6,1054389.0,183446.0,429569.0,-246123.0,11465.0,3996.0,7469.0,-45286.0,-3.9256198347107474,-3.9256198347107474,-1.377410468319551,9.50413223140496,-6.404958677685945,1.6528925619834656
S1_nc_l_up_2w,2026-03-03,13.95,2.8,1048631.0,193313.0,438347.0,-245034.0,9867.0,8778.0,1089.0,-5758.0,2.6523297491039433,2.6523297491039433,3.7275985663082434,11.18279569892473,5.3046594982078865,-0.21505376344085336
S1_nc_l_up_2w,2026-03-10,14.32,10.8,1035892.0,198364.0,407119.0,-208755.0,5051.0,-31228.0,36279.0,-12739.0,1.0474860335195624,1.0474860335195624,11.033519553072635,-0.41899441340782495,3.56145251396649,-0.27932960893854997
S1_nc_l_up_2w,2026-04-28,14.13,11.2,972678.0,221030.0,364981.0,-143951.0,27959.0,16069.0,11890.0,-5474.0,8.77565463552723,8.77565463552723,6.015569709837232,0.0,-4.175513092710559,4.458598726114649
S1_nc_l_up_2w,2026-05-05,15.37,50.8,969640.0,247159.0,342678.0,-95519.0,26129.0,-22303.0,48432.0,-3038.0,-2.5374105400130076,-2.5374105400130076,-2.1470396877033227,-7.482108002602461,-3.6434612882238038,-4.684450227716319
S1_nc_l_up_2w,2026-07-07,15.1,61.6,997547.0,263310.0,322583.0,-59273.0,20190.0,-17267.0,37457.0,5207.0,-1.192052980132452,-1.192052980132452,-1.3245033112582738,-0.26490066225165476,21.721854304635755,
S1_nc_l_up_2w,2026-07-14,14.92,55.2,1000488.0,270018.0,332163.0,-62145.0,6708.0,9580.0,-2872.0,2941.0,-0.13404825737265424,-0.13404825737265424,-2.4128686327077764,12.198391420911525,22.989276139410197,
S1_nc_l_up_2w,2026-08-11,16.74,99.2,1115157.0,317380.0,289993.0,27387.0,39080.0,-56775.0,95855.0,59349.0,4.420549581839928,4.420549581839928,3.046594982078865,9.61768219832737,,
S1_nc_l_up_2w,2026-08-18,17.48,100.0,1174925.0,325076.0,247124.0,77952.0,7696.0,-42869.0,50565.0,59768.0,-1.3157894736842146,-1.3157894736842146,5.148741418764291,3.0320366132723153,,
S1_nc_l_up_2w,2026-08-25,17.25,98.0,1251139.0,364998.0,254864.0,110134.0,39922.0,7740.0,32182.0,76214.0,6.55072463768116,6.55072463768116,6.3768115942029135,,,
S1_nc_l_up_2w,2026-09-01,18.38,100.0,1275546.0,396661.0,265136.0,131525.0,31663.0,10272.0,21391.0,24407.0,-1.6322089227421177,-0.16322089227419623,-2.0130576713819237,,,
S2_high_nc_l_stall,2016-05-03,16.25,98.4,789143.0,261390.0,54891.0,206499.0,20266.0,3748.0,16518.0,16693.0,-1.4153846153846183,-1.4153846153846183,3.5076923076923006,7.138461538461538,28.123076923076916,15.692307692307693
S2_high_nc_l_stall,2016-08-02,19.05,87.2,846754.0,336519.0,46724.0,289795.0,5926.0,8086.0,-2160.0,15845.0,7.034120734908145,7.034120734908145,6.351706036745419,7.71653543307087,22.152230971128596,19.002624671916024
S2_high_nc_l_stall,2016-09-27,23.02,100.0,857858.0,365849.0,36553.0,329296.0,4940.0,2573.0,2367.0,-38780.0,1.0425716768027948,1.0425716768027948,1.1728931364031192,-0.39096437880103974,-14.205039096437877,-20.938314509122502
S2_high_nc_l_stall,2017-01-17,20.73,80.0,828260.0,228371.0,36200.0,192171.0,4895.0,-4282.0,9177.0,9139.0,-0.7235890014471891,-0.7235890014471891,-1.3506994693680663,-1.2542209358417877,-12.059816690786295,-19.440424505547515
S2_high_nc_l_stall,2020-11-17,15.31,97.6,1079515.0,350269.0,52626.0,297643.0,11141.0,-4577.0,15718.0,23130.0,-1.7635532331809367,-1.7635532331809367,-4.637491835401708,-5.355976485956893,7.446113651208353,9.274983670803394
S2_high_nc_l_stall,2021-01-26,15.74,95.6,1104626.0,299405.0,61545.0,237860.0,-17517.0,2337.0,-19854.0,2961.0,3.494282083862754,3.494282083862754,4.447268106734437,15.37484116899619,-0.6988564167725531,7.496823379923767
S2_high_nc_l_stall,2021-03-09,15.9,87.2,1031790.0,267363.0,54430.0,212933.0,-3458.0,6629.0,-10087.0,22404.0,2.515723270440251,2.515723270440251,-2.955974842767295,-4.779874213836477,10.251572327044034,9.622641509433949
S2_high_nc_l_stall,2021-06-01,17.69,96.8,1024776.0,309620.0,40394.0,269226.0,13395.0,-2840.0,16235.0,3476.0,0.11305822498586249,0.11305822498586249,-3.617863199547766,-2.6003391746749593,5.2006783493498965,11.531938948558507
S2_high_nc_l_stall,2021-06-15,17.05,87.6,1002786.0,308086.0,38425.0,269661.0,-3417.0,-2969.0,-448.0,-15101.0,-3.6363636363636376,-3.6363636363636376,1.0557184750733084,-0.7038123167155463,14.193548387096765,12.844574780058625
S2_high_nc_l_stall,2021-07-20,17.41,88.8,920665.0,282512.0,40043.0,242469.0,-8836.0,-4324.0,-4512.0,-7505.0,5.399195864445727,5.399195864445727,3.273980470993676,14.991384261918439,12.119471568064322,14.07237219988513
S2_high_nc_l_stall,2023-03-14,20.68,88.0,932452.0,324347.0,93204.0,231143.0,-5486.0,4080.0,-9566.0,3273.0,0.5802707930367523,0.5802707930367523,3.046421663442933,16.295938104448737,28.916827852998072,23.210831721470026
S2_high_nc_l_stall,2023-03-28,21.31,95.2,953477.0,314608.0,91779.0,222829.0,11974.0,-199.0,12173.0,24059.0,5.443453777569207,5.443453777569207,12.857813233223858,24.16705771938059,19.61520412951665,13.467855466916955
S2_high_nc_l_stall,2023-04-04,22.47,100.0,1005892.0,328123.0,81472.0,246651.0,13515.0,-10307.0,23822.0,52415.0,8.455718736092589,7.031597685803304,8.455718736092589,12.016021361815765,10.725411659991103,1.4241210502892843
S2_high_nc_l_stall,2023-05-16,26.07,96.0,963347.0,340486.0,69657.0,270829.0,-5992.0,-211.0,-5781.0,7372.0,-0.9973149213655552,-0.9973149213655552,-3.874184886843124,-0.8822401227464582,-6.712696586114308,-6.674338319907946
S2_high_nc_l_stall,2023-05-23,25.81,94.0,983887.0,350244.0,76434.0,273810.0,9758.0,6777.0,2981.0,20540.0,-1.8597442851607915,-2.90585044556374,-5.075552111584647,-3.4095311894614455,-3.099573808601308,-7.942657884540861
S2_high_nc_l_stall,2023-07-25,24.69,82.8,911185.0,303615.0,83801.0,219814.0,23117.0,-391.0,23508.0,30165.0,-1.2150668286755817,-1.2150668286755817,-5.022276225192391,-5.224787363304994,8.505467800729027,11.30012150668287
S2_high_nc_l_stall,2023-10-24,27.53,100.0,857661.0,320884.0,96189.0,224695.0,2222.0,5486.0,-3264.0,14999.0,-1.5982564475118144,-1.5982564475118144,0.07264802034143703,0.7264802034144591,-24.0101707228478,-14.638576098801314
S3_nc_s_cover_big,2012-07-10,22.49,41.9,669005.0,175206.0,62661.0,112545.0,108.0,-29823.0,29931.0,-9676.0,1.4673188083592859,1.4673188083592859,4.446420631391734,-4.757670075589138,-14.406402845709199,-4.046242774566478
S3_nc_s_cover_big,2013-03-12,18.81,16.8,797883.0,204540.0,169997.0,34543.0,3196.0,-28818.0,32014.0,12459.0,-2.4986709197235446,-2.4986709197235446,-5.103668261562988,-5.05050505050505,-7.2301967038809085,-12.227538543327999
S3_nc_s_cover_big,2013-06-25,17.04,12.0,861280.0,224028.0,222115.0,1913.0,-9631.0,-30048.0,20417.0,-52842.0,-3.110328638497639,-3.110328638497639,-4.8708920187793385,-5.223004694835687,-4.107981220657275,1.0563380281690016
S3_nc_s_cover_big,2013-09-17,16.8,23.6,848751.0,232210.0,155360.0,76850.0,-12857.0,-33890.0,21033.0,-73359.0,3.630952380952368,3.630952380952368,8.988095238095228,11.48809523809524,6.428571428571428,-1.8452380952381109
S3_nc_s_cover_big,2014-02-25,17.34,62.4,813934.0,247898.0,165051.0,82847.0,12424.0,-45811.0,58235.0,-30197.0,2.3068050749711633,2.3068050749711633,3.979238754325265,-2.076124567474047,0.46136101499423265,0.5767012687428075
S3_nc_s_cover_big,2014-03-04,17.74,76.4,787953.0,239036.0,119374.0,119662.0,-8862.0,-45677.0,36815.0,-25981.0,1.6347237880496301,1.6347237880496301,-3.382187147688831,-3.1567080045095786,-0.11273957158962622,-1.465614430665152
S3_nc_s_cover_big,2014-06-24,17.81,81.2,879261.0,268057.0,86199.0,181858.0,17154.0,-51344.0,68498.0,12997.0,-0.05614823133069935,-0.05614823133069935,-2.1897810218977964,-4.772599663110599,-11.84727681078046,-22.571588994946655
S3_nc_s_cover_big,2015-01-27,15.2,17.6,823104.0,241699.0,170291.0,71408.0,-3604.0,-44626.0,41022.0,7478.0,-4.802631578947358,-4.802631578947358,-3.223684210526301,-9.276315789473689,-17.63157894736842,-13.881578947368423
S3_nc_s_cover_big,2015-04-28,13.17,11.6,834880.0,237179.0,193960.0,43219.0,2577.0,-33914.0,36491.0,-18611.0,-3.1890660592255093,-3.1890660592255093,3.037205770690976,-9.870918754745638,-12.604403948367505,-12.300683371298405
S3_nc_s_cover_big,2015-06-30,12.47,13.6,838247.0,239238.0,233461.0,5777.0,-8819.0,-36948.0,28129.0,-27517.0,-1.122694466720131,-1.2830793905372895,-0.0801924619085792,-8.099438652766633,-15.557337610264643,-10.264635124298326
S3_nc_s_cover_big,2015-07-07,12.33,12.8,790993.0,236496.0,202901.0,33595.0,-2742.0,-30560.0,27818.0,-47254.0,2.514193025141931,2.514193025141931,-7.380373073803737,-10.705596107055959,-13.138686131386857,4.460665044606649
S3_nc_s_cover_big,2015-07-14,12.64,19.6,794716.0,240805.0,172429.0,68376.0,4309.0,-30472.0,34781.0,3723.0,-9.651898734177223,-9.651898734177223,-11.629746835443044,-15.981012658227856,-9.572784810126588,10.6012658227848
S3_nc_s_cover_big,2015-09-01,10.71,6.4,818040.0,230003.0,215866.0,14137.0,-8241.0,-33653.0,25412.0,-17938.0,3.361344537815114,6.72268907563025,7.096171802054152,20.261437908496728,36.78804855275444,39.2156862745098
S3_nc_s_cover_big,2015-09-08,11.07,9.6,817130.0,224551.0,173980.0,50571.0,-5452.0,-41886.0,36434.0,-910.0,2.981029810298108,2.981029810298108,-1.7163504968382925,23.12556458897923,39.927732610659426,38.57271906052393
S3_nc_s_cover_big,2015-09-29,11.76,25.2,750053.0,214717.0,134816.0,79901.0,-1199.0,-35285.0,34086.0,-20882.0,15.901360544217692,15.901360544217692,17.602040816326525,22.619047619047628,27.55102040816326,28.826530612244895
S3_nc_s_cover_big,2015-10-06,13.63,60.4,743349.0,213865.0,83340.0,130525.0,-852.0,-51476.0,50624.0,-6704.0,1.4673514306676294,1.4673514306676294,3.1548055759354376,13.646368305209089,12.545854732208351,11.812179016874547
S3_nc_s_cover_big,2016-03-01,14.39,76.8,752262.0,184697.0,98185.0,86512.0,-10376.0,-30240.0,19864.0,-45943.0,3.2661570535093665,3.2661570535093665,6.4628214037526055,10.284920083391235,8.061153578874226,19.249478804725495
S3_nc_s_cover_big,2016-03-08,14.86,88.4,751073.0,174952.0,62593.0,112359.0,-9745.0,-35592.0,25847.0,-1189.0,3.0955585464333746,3.0955585464333746,11.574697173620452,-1.6150740242261152,12.045760430686393,21.668909825033644
S3_nc_s_cover_big,2016-06-21,19.24,96.4,899424.0,349725.0,32409.0,317316.0,20896.0,-34351.0,55247.0,-40657.0,2.9625779625779725,2.9625779625779725,6.912681912681928,0.20790020790022457,2.494802494802495,6.444906444906451
S3_nc_s_cover_big,2017-11-14,15.1,47.6,708272.0,181273.0,172908.0,8365.0,10372.0,-33715.0,44087.0,-3508.0,-1.4569536423840956,-1.4569536423840956,-0.1986754966887383,-8.278145695364236,-6.092715231788082,-9.0728476821192
S3_nc_s_cover_big,2018-03-06,13.45,14.4,841282.0,179921.0,261949.0,-82028.0,-15172.0,-33470.0,18298.0,-23226.0,-6.171003717472123,-6.171003717472123,-6.617100371747209,-8.773234200743495,-12.639405204460964,-4.907063197026018
S3_nc_s_cover_big,2018-05-29,12.46,16.8,1006973.0,249092.0,260310.0,-11218.0,-2819.0,-37255.0,34436.0,-25730.0,-3.5313001605136507,-3.5313001605136507,-0.882825040128421,-2.7287319422151013,-10.272873194221521,-18.29855537720707
S3_nc_s_cover_big,2018-06-05,12.02,10.8,997686.0,244496.0,218282.0,26214.0,-4596.0,-42028.0,37432.0,-9287.0,2.7454242928452555,2.7454242928452555,-1.4975041597337757,-5.241264559068215,-12.811980033277859,-13.727121464226288
S3_nc_s_cover_big,2018-09-11,11.18,17.6,907199.0,194789.0,298065.0,-103276.0,-24104.0,-37183.0,13079.0,-103429.0,-5.903398926654746,-5.903398926654746,-7.334525939177105,16.010733452593918,15.921288014311274,13.77459749552774
S3_nc_s_cover_big,2018-09-18,10.52,6.0,811721.0,188789.0,237017.0,-48228.0,-6000.0,-61048.0,55048.0,-95478.0,-1.520912547528519,-1.520912547528519,14.733840304182522,25.95057034220534,19.86692015209126,21.10266159695817
S3_nc_s_cover_big,2018-10-09,12.97,60.4,748480.0,178309.0,212631.0,-34322.0,-13117.0,-58679.0,45562.0,-63888.0,2.1588280647648395,2.1588280647648395,6.476484194294518,-0.07710100231302919,-1.927525057825752,-8.018504240555135
S3_nc_s_cover_big,2018-10-16,13.25,65.2,744792.0,175331.0,163771.0,11560.0,-2978.0,-48860.0,45882.0,-3688.0,4.226415094339631,4.226415094339631,0.5283018867924483,-4.830188679245284,-3.849056603773582,-3.698113207547171
S3_nc_s_cover_big,2019-06-11,12.54,59.6,993278.0,205247.0,281635.0,-76388.0,-12155.0,-36836.0,24681.0,-32707.0,0.5582137161084466,0.5582137161084466,-1.674641148325351,-0.31897926634768536,-9.569377990430617,-12.51993620414672
S3_nc_s_cover_big,2019-06-18,12.61,60.8,936818.0,202237.0,225494.0,-23257.0,-3010.0,-56141.0,53131.0,-56460.0,-2.2204599524187074,-2.2204599524187074,-2.0618556701030966,-6.5027755749405225,-7.930214115781132,-14.908802537668508
S3_nc_s_cover_big,2019-10-01,12.88,84.8,880474.0,208928.0,318097.0,-109169.0,-6189.0,-45241.0,39052.0,-98530.0,-3.2608695652173947,-3.2608695652173947,-2.2515527950310643,-4.192546583850943,-0.7763975155279601,4.347826086956519
S3_nc_s_cover_big,2019-11-19,12.69,75.6,952863.0,198094.0,281545.0,-83451.0,5035.0,-49761.0,54796.0,-16389.0,0.7092198581560183,0.7092198581560183,2.9156816390859097,5.831363278171797,13.869188337273442,20.409771473601257
S3_nc_s_cover_big,2019-12-10,13.46,100.0,1010184.0,226474.0,209344.0,17130.0,10301.0,-58008.0,68309.0,5204.0,-1.411589895988119,-1.411589895988119,-0.6686478454680622,1.634472511144125,10.84695393759285,-6.3150074294205165
S3_nc_s_cover_big,2022-03-08,19.43,75.6,837413.0,213623.0,62547.0,151076.0,32692.0,-33845.0,66537.0,21202.0,-3.6026762738033957,-3.6026762738033957,-1.4410705095213694,1.1322696860524895,-4.168811116829641,-0.4117344312918103
S3_nc_s_cover_big,2022-10-11,18.74,50.4,687209.0,183050.0,81935.0,101115.0,15229.0,-38799.0,54028.0,191.0,-0.3735325506936893,-0.3735325506936893,-3.3617929562433257,1.3874066168623411,4.002134471718244,1.1739594450373758
S3_nc_s_cover_big,2025-02-18,20.49,59.6,988298.0,205612.0,226319.0,-20707.0,-26329.0,-32148.0,5819.0,-23597.0,4.343582235236698,4.343582235236698,-11.469009272815999,-2.830649097120541,-14.299658369936552,-11.761835041483648
S3_nc_s_cover_big,2025-02-25,21.38,71.6,965822.0,206226.0,172735.0,33491.0,614.0,-53584.0,54198.0,-22476.0,-15.154349859681936,-15.154349859681936,-12.862488306828812,-8.559401309635161,-16.089803554724035,-17.025257249766135
S3_nc_s_cover_big,2026-03-10,14.32,10.8,1035892.0,198364.0,407119.0,-208755.0,5051.0,-31228.0,36279.0,-12739.0,1.0474860335195624,1.0474860335195624,11.033519553072635,-0.41899441340782495,3.56145251396649,-0.27932960893854997
S3_nc_s_cover_big,2026-03-24,15.9,53.2,940662.0,205205.0,301009.0,-95804.0,12896.0,-99055.0,111951.0,-64947.0,-2.4528301886792447,-2.4528301886792447,-10.31446540880504,-14.52830188679246,-7.169811320754715,-14.402515723270447
S3_nc_s_cover_big,2026-03-31,15.51,43.2,927493.0,192731.0,257848.0,-65117.0,-12474.0,-43161.0,30687.0,-13169.0,-6.060606060606055,-8.059316569954866,-12.959381044487428,-5.286911669890393,-10.251450676982587,-9.73565441650548
S3_nc_s_cover_big,2026-08-11,16.74,99.2,1115157.0,317380.0,289993.0,27387.0,39080.0,-56775.0,95855.0,59349.0,4.420549581839928,4.420549581839928,3.046594982078865,9.61768219832737,,
S3_nc_s_cover_big,2026-08-18,17.48,100.0,1174925.0,325076.0,247124.0,77952.0,7696.0,-42869.0,50565.0,59768.0,-1.3157894736842146,-1.3157894736842146,5.148741418764291,3.0320366132723153,,
S3_nc_s_cover_big,2026-09-08,18.08,98.8,1276579.0,394122.0,235936.0,158186.0,-2539.0,-29200.0,26661.0,1033.0,-0.5530973451327359,-0.5530973451327359,,,,
S5_nc_s_up_2w,2012-01-03,24.51,,567599.0,128269.0,77965.0,50304.0,14782.0,2994.0,11788.0,22807.0,-4.855161158710731,-4.855161158710731,-2.0807833537331732,-3.7535699714402404,1.3871889024887896,0.3671970624234966
S5_nc_s_up_2w,2012-02-14,24.25,,705626.0,146271.0,70269.0,76002.0,9167.0,1201.0,7966.0,9572.0,4.7422680412370966,6.391752577319587,3.134020618556699,0.7835051546391858,-0.12371134020618957,-15.670103092783505
S5_nc_s_up_2w,2012-04-10,23.87,27.4,726557.0,191134.0,66543.0,124591.0,5560.0,472.0,5088.0,-9404.0,-3.5609551738584044,-3.5609551738584044,-7.834101382488479,-14.662756598240467,-16.71554252199414,-8.169250104733973
S5_nc_s_up_2w,2012-04-17,23.02,2.6,730255.0,191803.0,92688.0,99115.0,669.0,26145.0,-25476.0,3698.0,-4.430929626411817,-4.430929626411817,-8.99218071242398,-11.424847958297125,-13.119026933101651,-2.4326672458731435
S5_nc_s_up_2w,2012-04-24,22.0,3.6,725118.0,187309.0,105019.0,82290.0,-4494.0,12331.0,-16825.0,-5137.0,-4.772727272727273,-4.772727272727273,-7.40909090909091,-9.45454545454545,-1.7272727272727217,5.409090909090919
S5_nc_s_up_2w,2012-05-01,20.95,1.1,706597.0,184434.0,112721.0,71713.0,-2875.0,7702.0,-10577.0,-18521.0,-2.768496420047728,-2.768496420047728,-2.673031026252981,-7.016706443914078,2.24343675417662,7.0167064439141
S5_nc_s_up_2w,2012-05-08,20.37,1.1,715111.0,180816.0,120056.0,60760.0,-3618.0,7335.0,-10953.0,8514.0,0.09818360333824216,0.09818360333824216,-2.2091310751104487,-2.4054982817869552,7.60922925871379,8.198330878743242
S5_nc_s_up_2w,2012-05-15,20.39,5.1,727267.0,184270.0,125260.0,59010.0,3454.0,5204.0,-1750.0,12156.0,-2.3050514958312895,-2.3050514958312895,-4.4629720451201615,-1.9127023050514946,10.152035311427166,2.0107896027464545
S5_nc_s_up_2w,2012-06-05,19.06,1.8,775795.0,200920.0,129053.0,71867.0,3162.0,705.0,2457.0,22255.0,6.558237145855195,6.558237145855195,13.168940188877244,15.477439664218284,18.363064008394538,3.305351521511035
S5_nc_s_up_2w,2012-08-07,21.42,29.5,662690.0,170204.0,46941.0,123263.0,-9246.0,1833.0,-11079.0,-9174.0,-5.135387488328669,-5.135387488328669,-7.656395891690016,-10.130718954248374,0.7469654528477809,-9.150326797385622
S5_nc_s_up_2w,2012-08-14,20.32,12.4,676534.0,156976.0,57102.0,99874.0,-13228.0,10161.0,-23389.0,13844.0,-2.657480314960625,-2.657480314960625,-0.7874015748031482,-2.952755905511817,3.740157480314954,-6.742125984251979
S5_nc_s_up_2w,2012-08-21,19.78,6.6,690427.0,151013.0,76200.0,74813.0,-5963.0,19098.0,-25061.0,13893.0,1.921132457027297,1.921132457027297,-2.6794742163801843,-3.3872598584428815,1.6683518705763234,-2.7300303336703857
S5_nc_s_up_2w,2012-08-28,20.16,13.5,723416.0,164886.0,89772.0,75114.0,13873.0,13572.0,301.0,32989.0,-4.067460317460315,-4.513888888888895,-2.182539682539686,-3.6210317460317443,-2.3809523809523836,-2.5793650793650813
S5_nc_s_up_2w,2012-09-04,19.34,2.3,728205.0,167764.0,106757.0,61007.0,2878.0,16985.0,-14107.0,4789.0,0.5170630816959676,0.5170630816959676,0.5170630816959676,11.633919338159249,1.1375387797311287,-0.9307135470527417
S5_nc_s_up_2w,2012-09-11,19.44,5.6,725692.0,173290.0,119051.0,54239.0,5526.0,12294.0,-6768.0,-2513.0,0.0,0.0,2.160493827160481,10.442386831275696,0.7716049382715973,0.6687242798353754
S5_nc_s_up_2w,2012-10-23,19.65,12.4,709045.0,157763.0,95648.0,62115.0,-5965.0,3446.0,-9411.0,8011.0,-0.45801526717557106,-0.45801526717557106,-0.3053435114503733,1.2722646310432628,-2.1374045801526576,-6.055979643765896
S5_nc_s_up_2w,2012-10-30,19.56,10.7,721447.0,158622.0,108753.0,49869.0,859.0,13105.0,-12246.0,12402.0,0.15337423312884457,0.15337423312884457,-1.0736196319018232,-2.0449897750511203,-0.5623721881390598,-3.9877300613496813
S5_nc_s_up_2w,2012-11-06,19.59,14.1,716401.0,157055.0,121092.0,35963.0,-1567.0,12339.0,-13906.0,-5046.0,-1.225114854517606,-1.225114854517606,1.5824400204185851,-0.10209290454312736,-3.7774374680959566,-4.389994895354765
S5_nc_s_up_2w,2012-11-13,19.35,6.2,722855.0,160121.0,130872.0,29249.0,3066.0,9780.0,-6714.0,6454.0,2.8423772609818876,2.8423772609818876,-0.9819121447028456,-4.186046511627916,-0.8268733850129162,-4.496124031007753
S5_nc_s_up_2w,2012-12-18,19.39,14.1,754990.0,178111.0,143405.0,34706.0,7438.0,3186.0,4252.0,-9204.0,-1.9082001031459517,-1.7534811758638469,-1.4956162970603315,-5.105724600309447,-7.168643630737492,-5.77617328519856
S5_nc_s_up_2w,2013-01-15,18.7,1.6,786010.0,186907.0,146992.0,39915.0,2234.0,6647.0,-4413.0,20242.0,-2.834224598930468,-0.7486631016042855,-0.16042780748661833,-2.4064171122994638,0.8556149732620311,-3.4224598930481354
S5_nc_s_up_2w,2013-01-22,18.17,0.4,823614.0,195714.0,178505.0,17209.0,8807.0,31513.0,-22706.0,37604.0,0.9906439185470628,0.9906439185470628,2.036323610346713,0.9906439185470628,0.8255365987892116,-2.806824435883337
S5_nc_s_up_2w,2013-02-12,18.09,0.4,848854.0,204192.0,193540.0,10652.0,5168.0,20005.0,-14837.0,7603.0,0.7186290768380177,1.4372581536760798,-1.3819789939192972,3.7589828634604805,-1.492537313432829,-3.427307904919852
S5_nc_s_up_2w,2013-02-19,18.22,2.8,825539.0,196667.0,211467.0,-14800.0,-7525.0,17927.0,-25452.0,-23315.0,-2.3600439077936297,-2.3600439077936297,-0.2195389681668436,0.658616904500553,-2.4698133918770515,-7.0801317233809
S5_nc_s_up_2w,2013-04-02,17.59,0.4,857592.0,208372.0,222478.0,-14106.0,2694.0,34345.0,-31651.0,20759.0,0.7390562819783897,0.7390562819783897,1.7623649801023156,0.4548038658328757,-5.287094940306991,-3.4110289937464566
S5_nc_s_up_2w,2013-04-09,17.72,3.2,870275.0,214068.0,238769.0,-24701.0,5696.0,16291.0,-10595.0,12683.0,1.0158013544018019,1.0158013544018019,0.0,-0.5643340857787726,-7.674943566591419,-7.392776523702027
S5_nc_s_up_2w,2013-05-21,16.88,1.2,863297.0,221241.0,234171.0,-12930.0,1468.0,9962.0,-8494.0,21571.0,-0.9478672985781977,-1.3033175355450122,-3.08056872037914,0.35545023696683664,-3.8507109004739304,1.8364928909952782
S5_nc_s_up_2w,2013-05-28,16.72,0.8,894044.0,235437.0,237973.0,-2536.0,14196.0,3802.0,10394.0,30747.0,-2.0334928229665095,-2.0334928229665095,-2.8708133971291905,1.9138755980861344,-3.409090909090906,-2.2727272727272707
S5_nc_s_up_2w,2013-06-04,16.38,0.4,932648.0,247704.0,244479.0,3225.0,12267.0,6506.0,5761.0,38604.0,-0.8547008547008628,-0.8547008547008628,2.19780219780219,0.793650793650813,3.296703296703307,0.42735042735042583
S5_nc_s_up_2w,2013-06-11,16.24,0.4,926315.0,244450.0,254069.0,-9619.0,-3254.0,9590.0,-12844.0,-6333.0,3.078817733990147,3.078817733990147,4.92610837438423,-0.1847290640393906,3.386699507389168,1.9704433497536922
S5_nc_s_up_2w,2013-07-16,16.0,0.4,859880.0,236472.0,248826.0,-12354.0,52.0,22512.0,-22460.0,24070.0,2.124999999999999,2.124999999999999,5.875000000000008,7.624999999999993,7.1250000000000036,15.999999999999993
S5_nc_s_up_2w,2013-09-03,16.47,13.6,934375.0,243207.0,216481.0,26726.0,117.0,7508.0,-7391.0,25007.0,4.371584699453557,4.371584699453557,2.0036429872495543,11.171827565270199,12.32544019429267,5.403764420157864
S5_nc_s_up_2w,2013-12-03,16.82,25.6,769550.0,218324.0,104068.0,114256.0,-15443.0,18948.0,-34391.0,-15350.0,-1.189060642092743,-1.189060642092743,-5.291319857312726,-3.3293697978596826,-7.253269916765759,5.826397146254458
S5_nc_s_up_2w,2013-12-10,16.62,19.6,808723.0,226854.0,155575.0,71279.0,8530.0,51507.0,-42977.0,39173.0,-4.151624548736466,-4.151624548736466,-2.105896510228644,-7.220216606498198,-5.354993983152834,9.626955475330924
S5_nc_s_up_2w,2013-12-17,15.93,0.4,821697.0,238474.0,199659.0,38815.0,11620.0,44084.0,-32464.0,12974.0,2.1343377275580666,2.1343377275580666,2.0715630885122627,-2.5737602008788496,-1.883239171374762,7.030759573132461
S5_nc_s_up_2w,2013-12-24,16.27,8.0,832792.0,246553.0,212586.0,33967.0,8079.0,12927.0,-4848.0,11095.0,1.2292562999385304,-0.061462814996915416,-5.224339274738776,-6.760909649661951,7.0067609096496675,3.5033804548248337
S5_nc_s_up_2w,2014-01-14,15.5,0.8,819167.0,246739.0,241611.0,5128.0,316.0,22074.0,-21758.0,-18946.0,-2.0000000000000018,-3.0322580645161357,-4.580645161290331,2.0000000000000018,14.967741935483868,10.193548387096762
S5_nc_s_up_2w,2014-01-21,15.19,0.8,825219.0,243808.0,244709.0,-901.0,-2931.0,3098.0,-6029.0,6052.0,-0.7241606319947302,-0.7241606319947302,5.727452271231059,8.360763660302851,14.022383146807105,11.389071757735358
S5_nc_s_up_2w,2014-01-28,15.08,1.6,840563.0,252456.0,258730.0,-6274.0,8648.0,14021.0,-5373.0,15344.0,6.49867374005304,6.49867374005304,2.5198938992042397,14.655172413793105,15.11936339522546,13.527851458885953
S5_nc_s_up_2w,2014-04-22,16.99,58.4,798363.0,244131.0,80892.0,163239.0,4832.0,393.0,4439.0,17213.0,0.294290759270166,0.294290759270166,1.2360211889346662,3.472630959387879,3.178340200117735,-0.41200706297820355
S5_nc_s_up_2w,2014-04-29,17.04,61.2,789475.0,251029.0,81055.0,169974.0,6898.0,163.0,6735.0,-8888.0,0.9389671361502261,0.9389671361502261,4.460093896713624,0.4107981220657253,3.9906103286384997,0.11737089201877549
S5_nc_s_up_2w,2014-05-06,17.2,68.4,782434.0,252127.0,83954.0,168173.0,1098.0,2899.0,-1801.0,-7041.0,3.488372093023262,3.488372093023262,2.209302325581386,-0.9302325581395321,3.8953488372093226,-4.302325581395339
S5_nc_s_up_2w,2014-06-03,17.19,62.8,850114.0,261890.0,93704.0,168186.0,4824.0,792.0,4032.0,26390.0,-1.2798138452588814,-1.2798138452588814,-0.7562536358348027,3.5485747527632228,-3.1995346131471814,-9.249563699825492
S5_nc_s_up_2w,2014-06-10,16.97,50.4,872550.0,263562.0,119584.0,143978.0,1672.0,25880.0,-24208.0,22436.0,0.5303476723629963,0.5303476723629963,4.949911608721269,2.6517383618149815,-3.7713612256924045,-10.842663523865637
S5_nc_s_up_2w,2014-06-17,17.06,55.6,866264.0,250903.0,137543.0,113360.0,-12659.0,17959.0,-30618.0,-6286.0,4.396248534583824,4.396248534583824,4.337631887456039,0.058616647127784915,-6.096131301289565,-15.82649472450176
S5_nc_s_up_2w,2014-07-08,17.68,75.6,835680.0,254596.0,116086.0,138510.0,-17955.0,21251.0,-39206.0,-8470.0,-2.5452488687782715,-2.5452488687782715,-2.7714932126696734,-8.766968325791858,-11.595022624434382,-9.276018099547512
S5_nc_s_up_2w,2014-07-15,17.23,59.6,824652.0,249900.0,148570.0,101330.0,-4696.0,32484.0,-37180.0,-11028.0,-0.2321532211259414,-0.2321532211259414,-3.5403366221706256,-6.848520023215321,-15.728380731282654,-1.7991874637260485
S5_nc_s_up_2w,2014-07-22,17.19,55.6,857950.0,251199.0,170844.0,80355.0,1299.0,22274.0,-20975.0,33298.0,-3.315881326352532,-3.315881326352532,-6.166375799883661,-10.063990692262948,-19.25538103548575,-4.013961605584648
S5_nc_s_up_2w,2014-07-29,16.62,27.6,854026.0,252137.0,191475.0,60662.0,938.0,20631.0,-19693.0,-3924.0,-2.9482551143201086,-2.9482551143201086,-3.429602888086647,-5.354993983152834,-12.03369434416367,-0.7220216606498298
S5_nc_s_up_2w,2014-08-05,16.13,13.2,864912.0,266410.0,217851.0,48559.0,14273.0,26376.0,-12103.0,10886.0,-0.49597024178548166,-0.49597024178548166,-4.15375077495349,-3.0998140111593186,-0.5579665220086794,1.0539367637941721
S5_nc_s_up_2w,2014-08-12,16.05,11.6,887972.0,272169.0,234330.0,37839.0,5759.0,16479.0,-10720.0,23060.0,-3.676012461059186,-3.676012461059186,-1.9937694704049824,-9.532710280373834,5.42056074766355,-3.3644859813084182
S5_nc_s_up_2w,2014-08-19,15.46,5.2,895368.0,276483.0,251871.0,24612.0,4314.0,17541.0,-13227.0,7396.0,1.7464424320827954,1.7464424320827954,1.0996119016817518,-10.219922380336355,6.727037516170764,5.821474773609303
S5_nc_s_up_2w,2014-09-30,16.45,34.8,784342.0,261721.0,252076.0,9645.0,6750.0,5828.0,922.0,-51735.0,3.5258358662614064,3.5258358662614064,2.1884498480243098,-1.9452887537993901,-2.7355623100303927,-10.273556231003035
S5_nc_s_up_2w,2014-11-04,15.68,18.8,798420.0,255496.0,249255.0,6241.0,893.0,7350.0,-6457.0,20953.0,3.7627551020408045,3.7627551020408045,0.1913265306122458,-3.7627551020408156,-9.630102040816324,-9.311224489795912
S5_nc_s_up_2w,2014-11-11,16.27,36.0,809762.0,261525.0,253016.0,8509.0,6029.0,3761.0,2268.0,11342.0,-3.441917639827896,-3.441917639827896,-1.659496004917027,-4.917025199754144,-8.35894283958205,-8.91210817455439
S5_nc_s_up_2w,2014-12-09,15.42,14.0,820007.0,259348.0,261220.0,-1872.0,-8364.0,391.0,-8755.0,-16650.0,-4.60440985732814,-4.60440985732814,-3.8261997405966253,-3.5019455252918275,-5.901426718547342,-13.942931258106361
S5_nc_s_up_2w,2015-02-10,14.71,10.0,864567.0,240555.0,204961.0,35594.0,-366.0,507.0,-873.0,11040.0,2.9231815091774305,2.58327668252889,-6.254248810333118,-10.673011556764111,-12.984364377974167,-11.896668932698839
S5_nc_s_up_2w,2015-03-03,13.46,0.4,819751.0,246737.0,253672.0,-6935.0,5192.0,45429.0,-40237.0,-16446.0,-3.268945022288272,-3.268945022288272,-4.754829123328386,-11.367013372956913,-2.154531946508176,-10.92124814264488
S5_nc_s_up_2w,2015-03-10,13.02,0.4,847114.0,265284.0,264161.0,1123.0,18547.0,10489.0,8058.0,27363.0,-1.5360983102918557,-1.5360983102918557,-4.377880184331795,-0.38402457757296116,-0.9984639016897057,-6.912442396313367
S5_nc_s_up_2w,2015-03-31,11.93,0.4,903521.0,254869.0,271542.0,-16673.0,2626.0,8683.0,-6057.0,20187.0,7.041072925398151,8.71751886001677,8.96898575020957,10.39396479463537,0.5029337803855949,-3.4367141659681466
S5_nc_s_up_2w,2015-05-26,12.08,1.2,891727.0,255744.0,224454.0,31290.0,10174.0,34381.0,-24207.0,26628.0,1.9867549668874274,1.9867549668874274,-0.08278145695364003,-6.870860927152322,-5.794701986754958,-12.33443708609272
S5_nc_s_up_2w,2015-06-02,12.32,4.4,912450.0,267237.0,232245.0,34992.0,11493.0,7791.0,3702.0,20723.0,-2.029220779220775,-2.029220779220775,-8.198051948051944,1.2175324675324672,-6.980519480519476,-14.529220779220786
S5_nc_s_up_2w,2015-06-09,12.07,3.2,892859.0,262026.0,233614.0,28412.0,-5211.0,1369.0,-6580.0,-19591.0,-6.296603148301571,-6.296603148301571,-6.793703396851702,1.988400994200501,-10.853355426677712,-11.101905550952774
S5_nc_s_up_2w,2015-06-16,11.31,0.4,873992.0,251836.0,263414.0,-11578.0,-10190.0,29800.0,-39990.0,-18867.0,-0.5305039787798504,-0.5305039787798504,10.256410256410264,10.16799292661361,-6.8081343943413035,0.17683465959328348
S5_nc_s_up_2w,2015-06-23,11.25,1.2,865764.0,248057.0,270409.0,-22352.0,-3779.0,6995.0,-10774.0,-8228.0,10.844444444444456,10.844444444444456,9.42222222222222,1.1555555555555541,-5.8666666666666645,1.6888888888888953
S5_nc_s_up_2w,2015-07-28,11.17,0.8,819269.0,249347.0,234204.0,15143.0,6366.0,14267.0,-7901.0,7566.0,-1.43240823634736,-1.43240823634736,-4.923903312444056,-5.102954341987465,-1.96956132497762,26.947179946284685
S5_nc_s_up_2w,2015-08-04,11.01,0.8,824041.0,243607.0,237035.0,6572.0,-5740.0,2831.0,-8571.0,4772.0,-3.542234332425076,-3.542234332425076,-2.5431425976385036,-2.7247956403269713,16.9845594913715,33.060853769300635
S5_nc_s_up_2w,2015-08-11,10.62,0.8,843937.0,242951.0,244280.0,-1329.0,-656.0,7245.0,-7901.0,19896.0,1.0357815442561424,1.0357815442561424,-0.18832391713746732,7.6271186440677985,31.638418079096063,37.85310734463279
S5_nc_s_up_2w,2015-08-18,10.73,3.6,851159.0,242238.0,251889.0,-9651.0,-713.0,7609.0,-8322.0,7222.0,-1.2115563839701804,-1.2115563839701804,-0.18639328984155767,6.896551724137923,31.31407269338302,36.90587138863
S5_nc_s_up_2w,2015-10-27,14.42,70.4,801494.0,248315.0,76330.0,171985.0,8090.0,561.0,7529.0,44855.0,7.420249653259359,7.420249653259359,2.011095700416088,4.022191400832176,5.062413314840497,-2.219140083217752
S5_nc_s_up_2w,2016-01-12,14.05,64.0,852726.0,231898.0,65262.0,166636.0,-18594.0,4813.0,-23407.0,-15971.0,4.982206405693934,0.92526690391459,-3.3451957295373758,-4.768683274021357,5.4804270462633475,4.555160142348735
S5_nc_s_up_2w,2016-02-02,12.99,51.2,877254.0,199504.0,93918.0,105586.0,-25148.0,23885.0,-49033.0,-7090.0,3.0792917628945427,3.0792917628945427,1.3086989992301845,12.93302540415704,18.167821401077756,17.936874518860655
S5_nc_s_up_2w,2016-02-09,13.39,60.0,862851.0,195422.0,111416.0,84006.0,-4082.0,17498.0,-21580.0,-14403.0,-1.2696041822255366,-1.7176997759522084,4.331590739357738,9.260642270351017,7.7669902912621325,18.297236743838674
S5_nc_s_up_2w,2016-02-16,13.22,57.6,822756.0,193540.0,115283.0,78257.0,-1882.0,3867.0,-5749.0,-40095.0,5.9001512859303995,5.9001512859303995,8.85022692889561,15.88502269288956,5.975794251134636,26.85325264750378
S5_nc_s_up_2w,2016-02-23,14.0,70.4,798205.0,195073.0,128425.0,66648.0,1533.0,13142.0,-11609.0,-24551.0,2.7857142857142803,2.7857142857142803,6.142857142857139,18.428571428571416,11.21428571428571,20.071428571428562
S5_nc_s_up_2w,2016-03-29,15.86,97.2,865776.0,258383.0,69263.0,189120.0,21332.0,6811.0,14521.0,37886.0,-7.692307692307687,-7.692307692307687,-11.286254728877676,-0.567465321563676,4.728877679697363,20.05044136191676
S5_nc_s_up_2w,2016-04-05,14.64,76.0,865816.0,259853.0,73618.0,186235.0,1470.0,4355.0,-2885.0,40.0,-3.8934426229508268,-3.8934426229508268,3.6202185792349573,10.997267759562845,18.920765027322407,42.21311475409835
S5_nc_s_up_2w,2016-04-12,14.07,60.0,840440.0,237875.0,75115.0,162760.0,-21978.0,1497.0,-23475.0,-25376.0,7.818052594171987,7.818052594171987,12.0824449182658,13.85927505330491,39.374555792466225,40.22743425728501
S5_nc_s_up_2w,2016-05-10,16.02,97.2,805306.0,297398.0,65622.0,231776.0,36008.0,10731.0,25277.0,16163.0,4.993757802746579,4.993757802746579,3.682896379525591,22.409488139825218,23.158551810237206,22.971285892634196
S5_nc_s_up_2w,2016-06-14,19.34,98.4,940081.0,328829.0,66760.0,262069.0,9978.0,3583.0,6395.0,40288.0,-0.5170630816959787,-0.5170630816959787,2.4301964839710477,0.4136504653567741,1.5511892450879028,4.550155118924493
S5_nc_s_up_2w,2016-07-05,20.87,100.0,842090.0,340083.0,36450.0,303633.0,-5976.0,3462.0,-9438.0,-13671.0,-5.5103018687110765,-5.5103018687110765,-7.235265931959756,-8.720651653090561,-1.6770483948251091,11.499760421657879
S5_nc_s_up_2w,2016-08-02,19.05,87.2,846754.0,336519.0,46724.0,289795.0,5926.0,8086.0,-2160.0,15845.0,7.034120734908145,7.034120734908145,6.351706036745419,7.71653543307087,22.152230971128596,19.002624671916024
S5_nc_s_up_2w,2016-08-09,20.39,98.0,866930.0,347273.0,49882.0,297391.0,10754.0,3158.0,7596.0,20176.0,-0.6375674350171612,-0.6375674350171612,1.6674840608141173,-0.49043648847475474,16.772927905836177,6.424717999019114
S5_nc_s_up_2w,2016-08-16,20.26,96.4,883140.0,348427.0,51518.0,296909.0,1154.0,1636.0,-482.0,16210.0,2.3198420533069974,2.3198420533069974,1.2833168805528095,-0.6416584402764158,14.2645607107601,9.131293188548861
S5_nc_s_up_2w,2016-08-23,20.73,98.8,903799.0,367444.0,58163.0,309281.0,19017.0,6645.0,12372.0,20659.0,-1.013024602026058,-1.013024602026058,-2.1225277375783946,7.09117221418234,10.323203087313072,-1.7848528702363753
S5_nc_s_up_2w,2016-10-04,23.26,99.6,830713.0,365919.0,36982.0,328937.0,70.0,429.0,-359.0,-27145.0,0.12897678417884695,0.12897678417884695,-1.2897678417884806,-8.899398108340495,-14.83233018056751,-16.208082545141888
S5_nc_s_up_2w,2016-10-11,23.29,99.2,833715.0,356168.0,42076.0,314092.0,-9751.0,5094.0,-14845.0,3002.0,-1.41691713181622,-1.41691713181622,-1.545727780163153,-5.667668527264924,-15.714899098325464,-10.905968226706742
S5_nc_s_up_2w,2016-10-18,22.96,96.0,843124.0,349183.0,44463.0,304720.0,-6985.0,2387.0,-9372.0,9409.0,-0.13066202090592505,-0.13066202090592505,-7.709059233449478,-8.013937282229966,-21.472125435540068,-10.627177700348433
S5_nc_s_up_2w,2016-10-25,22.93,95.2,852696.0,343440.0,44580.0,298860.0,-5743.0,117.0,-5860.0,9572.0,-7.588312254688178,-7.588312254688178,-4.186655037069342,-13.868294810292191,-20.6279982555604,-9.986916703009152
S5_nc_s_up_2w,2016-11-22,19.75,67.2,819282.0,262752.0,46038.0,216714.0,-31975.0,4216.0,-36191.0,-28139.0,-0.45569620253164134,0.30379746835442756,-0.6075949367088662,-7.848101265822793,4.506329113924057,5.316455696202538
S5_nc_s_up_2w,2016-12-20,18.25,45.6,812810.0,227741.0,44017.0,183724.0,-23999.0,1955.0,-25954.0,-8956.0,1.5890410958903978,4.054794520547933,13.863013698630144,10.575342465753423,11.232876712328776,-3.013698630136985
S5_nc_s_up_2w,2016-12-27,18.54,45.6,808168.0,224858.0,49385.0,175473.0,-2883.0,5368.0,-8251.0,-4642.0,10.625674217907232,12.675296655879187,10.895361380798274,9.816612729234087,6.796116504854388,-4.47680690399136
S5_nc_s_up_2w,2017-03-07,18.4,26.8,765590.0,219523.0,53047.0,166476.0,-3524.0,9767.0,-13291.0,-199.0,-1.5217391304347738,-1.5217391304347738,-6.032608695652176,-12.173913043478258,-14.293478260869563,-22.663043478260857
S5_nc_s_up_2w,2017-03-14,18.12,22.8,769600.0,220065.0,76789.0,143276.0,542.0,23742.0,-23200.0,4010.0,-4.580573951434886,-4.580573951434886,-3.0905077262693315,-7.726269315673296,-12.58278145695365,-20.86092715231789
S5_nc_s_up_2w,2017-03-21,17.29,18.0,788422.0,215749.0,89633.0,126116.0,-4316.0,12844.0,-17160.0,18822.0,1.5615962984383946,1.5615962984383946,-6.535569693464427,-5.031810294968175,-5.725853094274136,-22.093695777906298
S5_nc_s_up_2w,2017-03-28,17.56,18.4,806906.0,220367.0,105204.0,115163.0,4618.0,15571.0,-10953.0,18484.0,-7.972665148063774,-7.972665148063774,-4.783599088838264,-12.300683371298394,-11.161731207289293,-26.87927107061503
S5_nc_s_up_2w,2017-04-04,16.16,8.0,801818.0,228322.0,123843.0,104479.0,7955.0,18639.0,-10684.0,-5088.0,3.4653465346534684,3.4653465346534684,1.6089108910891214,-2.413366336633671,-11.943069306930687,-17.69801980198019
S5_nc_s_up_2w,2017-04-11,16.72,10.4,801536.0,240490.0,136363.0,104127.0,12168.0,12520.0,-352.0,-282.0,-0.11961722488037507,-1.794258373205726,-7.894736842105255,-5.263157894736836,-14.234449760765544,-15.37081339712918
S5_nc_s_up_2w,2017-04-18,16.7,10.0,790120.0,233385.0,141665.0,91720.0,-7105.0,5302.0,-12407.0,-11416.0,-3.113772455089814,-3.113772455089814,-4.910179640718559,-4.910179640718559,-18.44311377245509,-15.329341317365264
S5_nc_s_up_2w,2017-04-25,16.18,3.2,775917.0,222675.0,143816.0,78859.0,-10710.0,2151.0,-12861.0,-14203.0,-1.8541409147095123,-1.8541409147095123,-4.573547589616811,-1.9159456118665097,-19.28306551297898,-10.939431396786148
S5_nc_s_up_2w,2017-05-02,15.88,2.4,765024.0,219074.0,152488.0,66586.0,-3601.0,8672.0,-12273.0,-10893.0,-2.770780856423183,-2.770780856423183,0.0,-6.360201511335017,-20.969773299748105,-9.13098236775819
S5_nc_s_up_2w,2017-05-09,15.44,2.4,777908.0,223782.0,168834.0,54948.0,4708.0,16346.0,-11638.0,12884.0,2.849740932642497,2.849740932642497,2.7849740932642364,-8.41968911917098,-9.84455958549223,-7.318652849740925
S5_nc_s_up_2w,2017-05-16,15.88,5.2,792922.0,220319.0,176987.0,43332.0,-3463.0,8153.0,-11616.0,15014.0,-0.06297229219144329,-0.06297229219144329,-6.360201511335017,-14.231738035264495,-10.957178841309823,-16.624685138539043
S5_nc_s_up_2w,2017-06-06,13.98,1.2,842105.0,220973.0,198851.0,22122.0,2757.0,29700.0,-26943.0,27952.0,-1.3590844062947194,-1.3590844062947194,-2.6466380543633816,-1.859799713876964,5.793991416309008,-0.5007153075822668
S5_nc_s_up_2w,2017-06-13,13.79,0.8,854313.0,221926.0,210076.0,11850.0,953.0,11225.0,-10272.0,12208.0,-1.305293691080489,-1.305293691080489,-8.266860043509784,-2.175489485134152,-1.087744742567065,1.7403915881073262
S5_nc_s_up_2w,2017-06-20,13.61,1.6,831702.0,196748.0,225691.0,-28943.0,-25178.0,15615.0,-40793.0,-22611.0,-7.053637031594406,-7.053637031594406,0.8082292432035398,6.539309331373988,-4.922850844966931,4.849375459221172
S5_nc_s_up_2w,2017-06-27,12.65,0.8,821489.0,204851.0,251820.0,-46969.0,8103.0,26129.0,-18026.0,-10213.0,10.039525691699591,8.45849802371541,6.640316205533603,12.490118577075094,8.063241106719365,11.067193675889332
S5_nc_s_up_2w,2017-08-15,13.13,2.8,815068.0,179189.0,232991.0,-53802.0,3603.0,32053.0,-28450.0,35883.0,2.894135567402878,2.894135567402878,5.255140898705246,9.139375476009137,8.910891089108919,13.023610053313007
S5_nc_s_up_2w,2017-08-22,13.51,8.0,840614.0,183907.0,252539.0,-68632.0,4718.0,19548.0,-14830.0,25546.0,2.2945965951147285,2.2945965951147285,5.77350111028867,4.145077720207269,4.219096965210967,11.69504071058476
S5_nc_s_up_2w,2017-10-03,14.04,21.2,683879.0,180403.0,227184.0,-46781.0,-4857.0,15737.0,-20594.0,-27302.0,0.92592592592593,0.92592592592593,-0.07122507122506727,4.985754985754998,7.33618233618234,6.8376068376068355
S5_nc_s_up_2w,2017-10-24,14.28,31.6,717017.0,173476.0,236343.0,-62867.0,2169.0,2795.0,-626.0,16867.0,3.2212885154061732,3.2212885154061732,3.08123249299721,4.201680672268915,2.030812324929987,-7.773109243697474
S5_nc_s_up_2w,2017-12-19,14.41,43.6,787027.0,170978.0,226423.0,-55445.0,-1055.0,21218.0,-22273.0,27315.0,2.012491325468413,3.6086051353226845,5.829285218598201,-8.049965301873696,-7.14781401804302,-10.548230395558633
S5_nc_s_up_2w,2018-01-23,13.19,4.8,912141.0,205857.0,290317.0,-84460.0,8586.0,58024.0,-49438.0,88486.0,4.0181956027293575,4.0181956027293575,4.927975739196366,1.4404852160727843,-3.9423805913570864,-10.91736163760424
S5_nc_s_up_2w,2018-01-30,13.72,16.8,925960.0,203808.0,308326.0,-104518.0,-2049.0,18009.0,-20058.0,13819.0,0.8746355685131046,0.8746355685131046,-1.7492711370262426,-2.478134110787167,-11.00583090379008,-20.043731778425656
S5_nc_s_up_2w,2018-02-27,13.01,2.8,864508.0,195093.0,295419.0,-100326.0,1050.0,11962.0,-10912.0,-6460.0,3.382013835511133,3.382013835511133,-2.997694081475788,-3.6126056879323687,-16.525749423520374,-5.0730207532667215
S5_nc_s_up_2w,2018-03-20,12.56,0.8,945319.0,189751.0,305907.0,-116156.0,7378.0,9180.0,-1802.0,37288.0,-0.15923566878981443,-0.15923566878981443,-2.3089171974522316,-6.847133757961787,-7.56369426751593,-2.6273885350318493
S5_nc_s_up_2w,2018-03-27,12.54,0.8,974778.0,187783.0,308377.0,-120594.0,-1968.0,2470.0,-4438.0,29459.0,-0.5582137161084466,-2.1531100478468845,-3.8277511961722355,-13.397129186602875,-1.5151515151515138,-5.34290271132376
S5_nc_s_up_2w,2018-04-03,12.47,1.6,990051.0,195211.0,314266.0,-119055.0,7428.0,5889.0,1539.0,15273.0,-2.7265437048917374,-2.7265437048917374,-6.575781876503606,-6.2550120288693005,1.0425020048115297,-6.01443464314354
S5_nc_s_up_2w,2018-04-10,12.13,0.4,999540.0,201698.0,317550.0,-115852.0,6487.0,3284.0,3203.0,9489.0,-3.9571310799670245,-3.9571310799670245,-8.161582852431993,-4.699093157460843,0.577081615828523,-5.358615004122013
S5_nc_s_up_2w,2018-04-17,11.65,0.4,1021576.0,209163.0,323199.0,-114036.0,7465.0,5649.0,1816.0,22036.0,-4.37768240343347,-4.37768240343347,0.34334763948498104,-1.1158798283261828,7.381974248927037,-4.892703862660952
S5_nc_s_up_2w,2018-04-24,11.14,0.4,1010242.0,219642.0,333878.0,-114236.0,10479.0,10679.0,-200.0,-11334.0,4.937163375224407,4.937163375224407,3.7701974865349985,9.066427289048473,6.732495511669656,-1.526032315978454
S5_nc_s_up_2w,2018-06-19,11.84,10.4,963032.0,240839.0,226900.0,13939.0,-4286.0,4984.0,-9270.0,-23033.0,2.3648648648648685,2.3648648648648685,-3.8006756756756688,-6.418918918918914,-13.597972972972972,-1.520270270270263
S5_nc_s_up_2w,2018-07-10,11.41,5.2,962201.0,253434.0,261407.0,-7973.0,2016.0,10805.0,-8789.0,15796.0,-2.4539877300613466,-2.4539877300613466,-1.9281332164767795,-4.645048203330404,-4.5574057843996485,7.1866783523225175
S5_nc_s_up_2w,2018-07-17,11.13,2.0,972560.0,249069.0,276782.0,-27713.0,-4365.0,15375.0,-19740.0,10359.0,0.5390835579514697,0.5390835579514697,-5.211141060197666,-7.097933513027865,4.851752021563338,15.453728661275811
S5_nc_s_up_2w,2018-07-24,11.19,4.8,976927.0,251355.0,288890.0,-37535.0,2286.0,12108.0,-9822.0,4367.0,-5.719392314566562,-5.719392314566562,-2.770330652368169,-9.115281501340478,-3.8427167113494143,22.698838248436104
S5_nc_s_up_2w,2018-07-31,10.55,0.4,1030191.0,246330.0,314656.0,-68326.0,-5025.0,25766.0,-30791.0,53264.0,3.127962085308056,3.127962085308056,-1.9905213270142275,-2.274881516587679,-6.161137440758302,32.79620853080567
S5_nc_s_up_2w,2018-08-21,10.17,0.8,1056652.0,233969.0,336431.0,-102462.0,-12491.0,11347.0,-23838.0,22556.0,1.37659783677484,1.37659783677484,7.079646017699126,5.8013765978367715,35.004916420845625,24.385447394296953
S5_nc_s_up_2w,2018-10-02,12.07,41.6,812368.0,191426.0,271310.0,-79884.0,-4882.0,6447.0,-11329.0,-5333.0,7.456503728251862,7.456503728251862,9.776304888152442,10.356255178127594,6.379453189726592,1.4913007456503813
S5_nc_s_up_2w,2018-11-20,12.46,51.6,796564.0,170336.0,140351.0,29985.0,-5761.0,5105.0,-10866.0,6836.0,-0.9630818619582704,3.049759229534499,2.0866773675762396,0.08025682182986049,4.574638844301759,7.14285714285714
S5_nc_s_up_2w,2018-11-27,12.34,47.6,812476.0,169510.0,147633.0,21877.0,-826.0,7282.0,-8108.0,15912.0,3.322528363047006,3.322528363047006,3.970826580226916,0.4051863857374549,0.8103727714748654,6.158833063209079
S5_nc_s_up_2w,2018-12-24,12.4,51.6,868536.0,162493.0,165630.0,-3137.0,-1026.0,2673.0,-3699.0,15227.0,-2.9838709677419417,-3.790322580645167,3.7903225806451557,4.677419354838719,7.741935483870965,1.3709677419354804
S5_nc_s_up_2w,2018-12-31,12.03,40.4,879349.0,162540.0,182901.0,-20361.0,47.0,17271.0,-17224.0,10813.0,5.153782211138824,6.068162926018283,9.393183707398167,4.156275976724855,6.234413965087282,4.156275976724855
S5_nc_s_up_2w,2019-01-08,12.76,69.6,901214.0,160525.0,193700.0,-33175.0,-2015.0,10799.0,-12814.0,21865.0,3.1347962382445083,3.1347962382445083,1.6457680250783868,1.0971786833855912,-4.467084639498431,-0.39184952978055243
S5_nc_s_up_2w,2019-02-05,12.82,75.2,937769.0,160064.0,169359.0,-9295.0,6190.0,7935.0,-1745.0,24744.0,0.23400936037440978,0.23400936037440978,4.836193447737913,-5.148205928237126,-3.120124804992197,-4.602184087363492
S5_nc_s_up_2w,2019-02-12,12.85,80.0,904601.0,168753.0,174890.0,-6137.0,8689.0,5531.0,3158.0,-33168.0,3.891050583657596,4.591439688715959,0.46692607003890885,-3.8132295719844334,-0.3112840466926059,-8.326848249027242
S5_nc_s_up_2w,2019-02-19,13.35,92.4,871056.0,172752.0,176414.0,-3662.0,3999.0,1524.0,2475.0,-33545.0,-3.520599250936318,-3.520599250936318,-6.816479400749065,-4.269662921348316,-6.292134831460672,-11.23595505617978
S5_nc_s_up_2w,2019-03-12,12.33,51.2,881080.0,176302.0,242289.0,-65987.0,5240.0,48715.0,-43475.0,55715.0,3.649635036496335,3.649635036496335,2.108678021086785,3.649635036496335,-5.515004055150041,1.4598540145985384
S5_nc_s_up_2w,2019-05-07,11.95,33.6,960539.0,211735.0,260498.0,-48763.0,-1543.0,44804.0,-46347.0,95477.0,-0.08368200836820217,-0.08368200836820217,-1.171548117154797,2.175732217573234,4.93723849372385,1.4225941422594035
S5_nc_s_up_2w,2019-05-14,11.94,33.2,1006144.0,210309.0,289159.0,-78850.0,-1426.0,28661.0,-30087.0,45605.0,-1.0887772194304812,-1.0887772194304812,-0.5862646566164198,5.695142378559459,3.685092127303191,-4.2713567839196
S5_nc_s_up_2w,2019-05-21,11.81,30.0,1030604.0,208788.0,322644.0,-113856.0,-1521.0,33485.0,-35006.0,24460.0,-0.5080440304826461,0.508044030482635,3.386960203217626,5.842506350550369,-2.201524132091448,-1.5241320914479273
S5_nc_s_up_2w,2019-05-28,11.75,30.4,1039476.0,216844.0,333262.0,-116418.0,8056.0,10618.0,-2562.0,8872.0,5.702127659574474,5.702127659574474,6.723404255319143,4.936170212765956,2.6382978723404227,-3.0638297872340403
S5_nc_s_up_2w,2019-07-23,11.98,29.6,947290.0,218460.0,306167.0,-87707.0,3312.0,71865.0,-68553.0,55417.0,1.4190317195325486,1.4190317195325486,-2.086811352253759,-4.507512520868118,-8.263772954924875,3.088480801335547
S5_nc_s_up_2w,2019-08-13,11.72,19.2,1047548.0,230080.0,311808.0,-81728.0,3954.0,10795.0,-6841.0,61861.0,-2.3890784982935287,-2.3890784982935287,-4.0955631399317465,-7.764505119453924,5.716723549488045,7.167235494880542
S5_nc_s_up_2w,2019-08-20,11.44,10.8,1045587.0,225542.0,315689.0,-90147.0,-4538.0,3881.0,-8419.0,-1961.0,-1.748251748251739,-1.748251748251739,-3.7587412587412605,-3.9335664335664267,7.954545454545459,12.062937062937063
S5_nc_s_up_2w,2019-08-27,11.24,8.0,1075205.0,225764.0,333073.0,-107309.0,222.0,17384.0,-17162.0,29618.0,-0.4448398576512469,-2.0462633451957313,-3.8256227758007078,4.982206405693956,8.451957295373669,13.434163701067604
S5_nc_s_up_2w,2019-09-03,11.19,6.0,1088400.0,230966.0,350433.0,-119467.0,5202.0,17360.0,-12158.0,13195.0,-2.770330652368169,-2.770330652368169,-2.2341376228775744,15.10277033065237,10.277033065236818,14.20911528150135
S5_nc_s_up_2w,2019-09-10,10.88,4.0,1064916.0,223325.0,365247.0,-141922.0,-7641.0,14814.0,-22455.0,-23484.0,0.5514705882352811,0.5514705882352811,5.698529411764697,14.522058823529417,16.81985294117647,20.03676470588236
S5_nc_s_up_2w,2019-09-17,10.94,4.8,985311.0,200003.0,375716.0,-175713.0,-23322.0,10469.0,-33791.0,-79605.0,5.118829981718465,5.118829981718465,17.733089579524687,15.082266910420472,15.082266910420472,22.66910420475321
S5_nc_s_up_2w,2019-10-22,12.18,32.8,931054.0,170495.0,348814.0,-178319.0,-3432.0,26556.0,-29988.0,28955.0,1.3136288998357948,1.3136288998357948,4.351395730706087,4.187192118226601,10.262725779967163,18.637110016420365
S5_nc_s_up_2w,2019-10-29,12.34,42.4,967769.0,176929.0,354496.0,-177567.0,6434.0,5682.0,752.0,36715.0,2.998379254457051,2.998379254457051,2.0259319286871857,3.565640194489461,8.914100486223653,15.153970826580231
S5_nc_s_up_2w,2020-01-07,13.59,99.6,990792.0,213854.0,175062.0,38792.0,-11684.0,2367.0,-14051.0,934.0,5.371596762325237,5.371596762325237,7.8734363502575455,8.388520971302427,-1.2509197939661543,-24.282560706401767
S5_nc_s_up_2w,2020-04-07,10.38,1.6,1019129.0,195644.0,126657.0,68987.0,2154.0,13688.0,-11534.0,3451.0,-3.1791907514450823,-2.1194605009633993,-5.298651252408481,-1.0597302504817052,13.005780346820806,17.919075144508657
S5_nc_s_up_2w,2020-04-14,10.05,0.8,1040411.0,200912.0,144793.0,56119.0,5268.0,18136.0,-12868.0,21282.0,-2.9850746268656803,-2.9850746268656803,-7.064676616915433,1.990049751243772,21.69154228855721,17.81094527363183
S5_nc_s_up_2w,2020-04-21,9.75,0.4,965724.0,184854.0,152376.0,32478.0,-16058.0,7583.0,-23641.0,-74687.0,-4.205128205128206,-4.205128205128206,10.564102564102562,11.282051282051286,24.20512820512819,20.923076923076913
S5_nc_s_up_2w,2020-04-28,9.34,0.8,950948.0,186537.0,168720.0,17817.0,1683.0,16344.0,-14661.0,-14776.0,15.417558886509642,15.417558886509642,9.743040685224846,15.631691648822276,25.80299785867237,26.017130620985007
S5_nc_s_up_2w,2020-10-13,14.01,85.2,978938.0,331552.0,51018.0,280534.0,25296.0,6735.0,18561.0,32499.0,3.783012134189856,3.783012134189856,5.8529621698786505,4.782298358315495,6.85224839400429,11.34903640256959
S5_nc_s_up_2w,2020-10-20,14.54,90.8,1008665.0,347906.0,51918.0,295988.0,16354.0,900.0,15454.0,29727.0,1.9944979367262805,1.9944979367262805,1.237964236588729,5.295735900962861,-0.3438789546079679,13.136176066024753
S5_nc_s_up_2w,2020-11-10,14.68,89.2,1056385.0,339128.0,57203.0,281925.0,6327.0,5784.0,543.0,21383.0,4.2915531335149915,4.2915531335149915,2.452316076294281,1.975476839237067,6.267029972752036,10.831062670299719
S5_nc_s_up_2w,2020-12-01,14.51,80.8,1081320.0,327289.0,58710.0,268579.0,-18656.0,2715.0,-21371.0,-4396.0,-0.8270158511371362,-0.8270158511371362,-2.0675396278428626,5.3066850447967,9.097174362508609,11.716057891109589
S5_nc_s_up_2w,2021-01-12,15.46,95.6,1095452.0,311865.0,58600.0,253265.0,-19056.0,1329.0,-20385.0,6449.0,4.139715394566634,5.239327296248364,2.199223803363526,8.085381630012932,5.821474773609303,0.0
S5_nc_s_up_2w,2021-01-19,16.1,98.4,1101665.0,316922.0,59208.0,257714.0,5057.0,608.0,4449.0,6213.0,-2.2360248447205078,-2.2360248447205078,1.1801242236024745,5.341614906832293,-0.6832298136645987,1.7391304347825987
S5_nc_s_up_2w,2021-01-26,15.74,95.6,1104626.0,299405.0,61545.0,237860.0,-17517.0,2337.0,-19854.0,2961.0,3.494282083862754,3.494282083862754,4.447268106734437,15.37484116899619,-0.6988564167725531,7.496823379923767
S5_nc_s_up_2w,2021-03-09,15.9,87.2,1031790.0,267363.0,54430.0,212933.0,-3458.0,6629.0,-10087.0,22404.0,2.515723270440251,2.515723270440251,-2.955974842767295,-4.779874213836477,10.251572327044034,9.622641509433949
S5_nc_s_up_2w,2021-03-16,16.3,92.4,1047853.0,273487.0,59720.0,213767.0,6124.0,5290.0,834.0,16063.0,-5.337423312883438,-5.337423312883438,-8.40490797546013,-2.6993865030674913,9.447852760736186,8.343558282208585
S5_nc_s_up_2w,2021-03-23,15.43,77.2,1048979.0,263414.0,64727.0,198687.0,-10073.0,5007.0,-15080.0,1126.0,-3.2404406999351876,-3.2404406999351876,-1.8794556059624101,9.786130913804293,9.850939727802977,7.258587167854835
S5_nc_s_up_2w,2021-08-10,19.59,100.0,998508.0,335075.0,37654.0,297421.0,14269.0,135.0,14134.0,11398.0,2.1949974476773937,2.1949974476773937,-0.05104645227157478,-0.5104645227156812,0.9188361408882129,-1.071975497702915
S5_nc_s_up_2w,2021-08-31,19.84,97.6,1058996.0,333709.0,42277.0,291432.0,-5276.0,2369.0,-7645.0,-4382.0,-1.814516129032251,-1.7641129032258118,-1.6129032258064502,-4.536290322580639,-0.7056451612903247,0.4536290322580738
S5_nc_s_up_2w,2021-09-07,19.48,92.8,1052962.0,327732.0,43803.0,283929.0,-5977.0,1526.0,-7503.0,-6034.0,-2.6694045174537995,-2.6694045174537995,-2.6180698151950788,1.8993839835728998,0.30800821355234653,-4.517453798767967
S5_nc_s_up_2w,2021-09-14,18.96,90.8,1024815.0,303937.0,44888.0,259049.0,-23795.0,1085.0,-24880.0,-28147.0,0.05274261603374075,0.05274261603374075,0.10548523206750371,5.854430379746822,4.957805907172985,4.535864978902948
S5_nc_s_up_2w,2021-10-05,19.85,96.4,888354.0,296884.0,49509.0,247375.0,-215.0,1325.0,-1540.0,-1519.0,1.1083123425692731,1.1083123425692731,-4.937027707808561,-1.5617128463476182,-6.297229219143574,-5.390428211586906
S5_nc_s_up_2w,2022-01-11,18.11,53.2,883009.0,211346.0,88421.0,122925.0,-17221.0,32841.0,-50062.0,9091.0,3.036996134732206,5.300938707896186,2.098288238542234,2.043070127001667,5.466593042517953,9.552733296521264
S5_nc_s_up_2w,2022-02-08,18.08,46.4,931602.0,184040.0,104950.0,79090.0,2854.0,17357.0,-14503.0,34567.0,-0.05530973451326471,-0.05530973451326471,2.488938053097356,4.756637168141609,8.351769911504437,3.871681415929218
S5_nc_s_up_2w,2022-02-15,18.07,44.4,871213.0,182861.0,108298.0,74563.0,-1179.0,3348.0,-4527.0,-60389.0,2.2689540675152164,2.54565578306587,3.1543995572772543,2.7116768123962354,11.234089651355838,3.1543995572772543
S5_nc_s_up_2w,2022-03-29,19.11,64.8,819459.0,222154.0,60573.0,161581.0,10079.0,4294.0,5785.0,1997.0,2.8257456828885363,2.8257456828885363,5.80847723704867,-0.47095761381475976,2.982731554160134,-3.8723181580324395
S5_nc_s_up_2w,2022-05-10,18.54,36.0,797453.0,251330.0,64145.0,187185.0,-13569.0,838.0,-14407.0,-21174.0,7.8748651564185534,7.8748651564185534,6.526429341963325,2.373247033441217,2.5889967637540368,-3.2362459546925404
S5_nc_s_up_2w,2022-06-21,18.66,32.0,779773.0,227142.0,64031.0,163111.0,-5960.0,1412.0,-7372.0,-21033.0,-0.6966773847802754,-0.6966773847802754,-3.5905680600214485,0.0535905680600246,-2.1972132904608754,-2.5723472668810365
S5_nc_s_up_2w,2022-06-28,18.53,24.8,734324.0,210575.0,87866.0,122709.0,-16567.0,23835.0,-40402.0,-45449.0,-3.9395574743658957,-2.9141932002158755,3.291958985429022,-6.098219104155433,-2.644360496492182,-0.21586616297897265
S5_nc_s_up_2w,2022-07-05,17.8,5.2,713245.0,191390.0,107878.0,83512.0,-19185.0,20012.0,-39197.0,-21079.0,5.000000000000004,5.000000000000004,5.842696629213484,-0.6179775280898858,1.6853932584269593,2.752808988764044
S5_nc_s_up_2w,2022-08-02,17.69,2.4,760093.0,182484.0,148046.0,34438.0,711.0,30376.0,-29665.0,37624.0,1.6393442622950838,1.6393442622950838,3.2786885245901454,2.317693612210281,3.39174674957603,0.9609949123798645
S5_nc_s_up_2w,2022-08-09,17.98,6.8,765669.0,174128.0,148063.0,26065.0,-8356.0,17.0,-8373.0,5576.0,1.6129032258064502,1.6129032258064502,-0.5005561735261344,0.38932146829810943,-0.16685205784204848,2.725250278086744
S5_nc_s_up_2w,2022-11-01,18.43,35.6,737846.0,184759.0,115666.0,69093.0,-15002.0,27793.0,-42795.0,14343.0,3.0927835051546504,3.0927835051546504,10.092240911557248,6.511123168746602,10.092240911557248,15.08410200759631
S5_nc_s_up_2w,2022-11-29,19.5,84.0,876309.0,282793.0,103758.0,179035.0,-4403.0,4524.0,-8927.0,3582.0,-0.5641025641025643,-0.5641025641025643,1.1282051282051286,3.3333333333333215,7.487179487179496,13.282051282051288
S5_nc_s_up_2w,2023-01-03,19.7,85.6,940021.0,325685.0,97193.0,228492.0,-16797.0,1141.0,-17938.0,-3780.0,-0.3045685279187804,-0.3045685279187804,0.6091370558375608,8.477157360406107,3.0964467005076157,11.472081218274122
S5_nc_s_up_2w,2023-02-07,20.84,96.8,1001483.0,323990.0,88010.0,235980.0,-9728.0,1364.0,-11092.0,6092.0,3.5028790786948205,3.5028790786948205,2.1593090211132315,0.19193857965451588,10.12476007677543,22.456813819577736
S5_nc_s_up_2w,2023-02-14,21.57,98.8,969635.0,327871.0,89045.0,238826.0,3881.0,1035.0,2846.0,-31848.0,-1.1126564673157202,-1.298099211868342,-4.63606861381548,-4.960593416782566,11.451089476124231,20.6305053314789
S5_nc_s_up_2w,2023-05-30,25.33,91.2,962437.0,332464.0,82077.0,250387.0,-17780.0,5643.0,-23423.0,-21450.0,-2.96091590998816,-2.96091590998816,-0.6711409395973034,-10.896170548756412,-3.5530990919857786,-4.105803395183571
S5_nc_s_up_2w,2023-06-06,24.58,87.6,1021535.0,316809.0,82941.0,233868.0,-15655.0,864.0,-16519.0,59098.0,2.359641985353944,2.359641985353944,5.248169243287237,-5.410903173311632,-2.400325467860054,2.0341741253051326
S5_nc_s_up_2w,2023-06-27,23.03,78.0,891033.0,302773.0,82599.0,220174.0,-39547.0,1280.0,-40827.0,-76080.0,1.2592270950933626,2.1710811984368306,3.821102909248797,5.905340859748143,3.560573165436387,16.9344333478072
S5_nc_s_up_2w,2023-07-18,23.86,78.0,881020.0,280498.0,84192.0,196306.0,1729.0,1727.0,2.0,3325.0,3.4786253143336276,3.4786253143336276,2.2212908633696626,-0.2933780385582563,11.567476948868416,10.645431684828166
S5_nc_s_up_2w,2023-08-08,23.45,69.2,912260.0,284974.0,85751.0,199223.0,-11739.0,639.0,-12378.0,-7398.0,1.449893390191903,1.449893390191903,-0.2132196162046962,11.812366737739865,10.575692963752669,17.313432835820898
S5_nc_s_up_2w,2023-09-12,26.77,99.6,996532.0,328566.0,84131.0,244435.0,10994.0,1980.0,9014.0,29540.0,2.316025401568922,2.316025401568922,-2.988419872992154,1.2700784460216719,2.9137093761673505,-14.082928651475534
S5_nc_s_up_2w,2023-09-19,27.39,100.0,956532.0,329115.0,84806.0,244309.0,549.0,675.0,-126.0,-40000.0,-5.184373859072656,-5.184373859072656,-6.279664110989403,0.3650967506389158,-0.766703176341732,-20.080321285140556
S5_nc_s_up_2w,2023-09-26,25.97,87.6,903444.0,324664.0,85424.0,239240.0,-4451.0,618.0,-5069.0,-53088.0,-1.1551790527531636,-1.1551790527531636,4.3896804004620815,6.006931074316535,6.777050442818644,-19.44551405467847
S5_nc_s_up_2w,2023-10-03,25.67,82.8,820468.0,305051.0,87669.0,217382.0,-19613.0,2245.0,-21858.0,-82976.0,5.609661082976225,5.609661082976225,7.089988313206064,5.531749123490459,4.635761589403975,-14.80327230229841
S5_nc_s_up_2w,2023-10-10,27.11,99.2,821749.0,311308.0,89628.0,221680.0,6257.0,1959.0,4298.0,1281.0,1.4016967908520694,1.4016967908520694,1.5492438214681048,1.6230173367761003,-15.160457395794912,-22.132054592401328
S5_nc_s_up_2w,2023-10-17,27.49,100.0,842662.0,318662.0,90703.0,227959.0,7354.0,1075.0,6279.0,20913.0,0.14550745725718794,0.14550745725718794,-1.455074572571835,-1.1276827937431788,-20.37104401600581,-21.389596216806105
S5_nc_s_up_2w,2023-10-24,27.53,100.0,857661.0,320884.0,96189.0,224695.0,2222.0,5486.0,-3264.0,14999.0,-1.5982564475118144,-1.5982564475118144,0.07264802034143703,0.7264802034144591,-24.0101707228478,-14.638576098801314
S5_nc_s_up_2w,2023-10-31,27.09,95.6,865859.0,310643.0,97054.0,213589.0,-10241.0,865.0,-11106.0,8198.0,1.6980435585086884,1.6980435585086884,0.33222591362125353,-0.8490217792543442,-19.269102990033215,-13.141380583241046
S5_nc_s_up_2w,2023-12-19,21.4,24.0,774617.0,188054.0,95207.0,92847.0,-12419.0,2126.0,-14545.0,-6910.0,-4.392523364485967,-3.598130841121494,-1.4953271028037451,10.140186915887849,7.8504672897196315,3.598130841121505
S5_nc_s_up_2w,2023-12-26,20.46,9.2,792894.0,183582.0,105039.0,78543.0,-4472.0,9832.0,-14304.0,18277.0,1.9550342130987275,1.9061583577712593,4.643206256109478,17.49755620723361,10.557184750733128,6.793743890518078
S5_nc_s_up_2w,2024-04-16,19.61,0.4,811191.0,186059.0,123495.0,62564.0,-11781.0,31349.0,-43130.0,-22865.0,1.3258541560428494,1.3258541560428494,-0.8669046404895409,-3.620601733809281,-2.6517083120856655,-2.0907700152983155
S5_nc_s_up_2w,2024-04-23,19.87,2.4,827078.0,197297.0,152196.0,45101.0,11238.0,28701.0,-17463.0,15887.0,-2.1640664318067437,-2.1640664318067437,0.4026170105686955,-6.542526421741323,-4.781077000503265,-6.039255158530443
S5_nc_s_up_2w,2024-04-30,19.44,1.6,833374.0,199571.0,159266.0,40305.0,2274.0,7070.0,-4796.0,6296.0,2.6234567901234573,2.6234567901234573,-2.77777777777779,-5.76131687242799,3.652263374485587,-4.938271604938271
S5_nc_s_up_2w,2024-05-07,19.95,6.0,825438.0,200063.0,171502.0,28561.0,492.0,12236.0,-11744.0,-7936.0,-5.263157894736848,-5.263157894736848,-6.9172932330827,-4.060150375939841,0.6516290726817031,-8.922305764411021
S5_nc_s_up_2w,2024-05-14,18.9,0.8,829891.0,209791.0,183900.0,25891.0,9728.0,12398.0,-2670.0,4453.0,-1.7460317460317398,-1.7460317460317398,-3.0687830687830653,1.0052910052910091,1.5873015873015817,-1.904761904761898
S5_nc_s_up_2w,2024-05-21,18.57,1.2,858459.0,203079.0,194658.0,8421.0,-6712.0,10758.0,-17470.0,28568.0,0.7000538502961673,-1.3462574044157294,3.0694668820678617,1.8847603661820145,0.5385029617662962,-2.5309639203015544
S5_nc_s_up_2w,2024-05-28,18.7,4.0,875017.0,203331.0,198226.0,5105.0,252.0,3568.0,-3316.0,16558.0,0.8556149732620311,0.8556149732620311,0.21390374331551332,2.99465240641712,-0.21390374331550221,-4.70588235294117
S5_nc_s_up_2w,2024-07-23,18.18,1.2,787803.0,177323.0,142078.0,35245.0,-635.0,31709.0,-32344.0,18258.0,5.225522552255213,5.225522552255213,-1.8151815181518094,-3.3553355335533497,16.281628162816286,21.06710671067107
S5_nc_s_up_2w,2024-07-30,19.13,13.2,794156.0,185165.0,148686.0,36479.0,7842.0,6608.0,1234.0,6353.0,-6.6910611604809045,-6.6910611604809045,-4.025091479351806,2.8227914270779086,23.209618400418197,16.832200731834824
S5_nc_s_up_2w,2024-08-06,17.85,0.4,803315.0,186989.0,161174.0,25815.0,1824.0,12488.0,-10664.0,9159.0,2.857142857142847,2.857142857142847,-1.5686274509803977,7.89915966386554,26.834733893557416,24.593837535013986
S5_nc_s_up_2w,2024-10-08,22.46,65.2,799899.0,230158.0,127072.0,103086.0,-680.0,25695.0,-26375.0,8066.0,1.825467497773814,1.825467497773814,-3.2056990204808677,-2.7604630454140744,-5.743544078361529,-12.689225289403394
S5_nc_s_up_2w,2024-10-15,22.87,73.2,813905.0,233674.0,128201.0,105473.0,3516.0,1129.0,2387.0,14006.0,-4.940970703979019,-4.940970703979019,-3.4543069523393255,-6.602536073458687,-6.777437691298649,-16.0034980323568
S5_nc_s_up_2w,2024-10-22,21.74,55.6,824496.0,226981.0,133430.0,93551.0,-6693.0,5229.0,-11922.0,10591.0,1.5639374425022945,1.5639374425022945,0.4599816007359703,1.0119595216191435,-9.843606255749759,-16.23735050597975
S5_nc_s_up_2w,2024-10-29,22.08,63.2,850281.0,222539.0,139696.0,82843.0,-4442.0,6266.0,-10708.0,25785.0,-1.0869565217391242,-1.0869565217391242,-3.2608695652173836,-1.9474637681159424,-12.817028985507239,-13.224637681159413
S5_nc_s_up_2w,2024-11-19,21.96,63.2,879396.0,220130.0,148392.0,71738.0,6811.0,3195.0,3616.0,25290.0,-1.4116575591985536,-1.4116575591985536,-3.59744990892531,-10.746812386156645,-17.07650273224044,-6.693989071038264
S5_nc_s_up_2w,2024-11-26,21.65,58.0,877135.0,224726.0,148632.0,76094.0,4596.0,240.0,4356.0,-2261.0,-1.4318706697459493,-2.2170900692840556,-1.524249422632784,-11.085450346420323,-11.50115473441108,-1.24711316397228
S5_nc_s_up_2w,2024-12-24,19.52,34.0,958813.0,225306.0,165212.0,60094.0,3838.0,11927.0,-8089.0,13651.0,-1.1782786885245922,0.8196721311475308,-1.997950819672134,-2.305327868852458,7.786885245901631,-1.2295081967213073
S5_nc_s_up_2w,2024-12-31,19.29,28.8,966547.0,228766.0,183647.0,45119.0,3460.0,18435.0,-14975.0,7734.0,1.140487299118731,-0.5702436495593544,-6.428201140487289,0.7776049766718529,-4.095386210471741,-1.192327630896839
S5_nc_s_up_2w,2025-01-21,17.75,1.2,992164.0,231219.0,262686.0,-31467.0,2636.0,48265.0,-45629.0,4187.0,8.563380281690147,8.563380281690147,10.929577464788732,16.50704225352113,10.704225352112662,0.6197183098591408
S5_nc_s_up_2w,2025-04-01,19.36,43.6,894479.0,212886.0,159813.0,53073.0,1517.0,486.0,1031.0,-4397.0,-5.475206611570238,-5.475206611570238,-9.297520661157034,-10.950413223140497,-11.98347107438017,-17.975206611570236
S5_nc_s_up_2w,2025-04-22,17.97,5.6,830293.0,193078.0,159843.0,33235.0,4656.0,1235.0,3421.0,-24350.0,-2.058987200890361,-2.058987200890361,-3.116304952698934,-3.116304952698934,-11.46355036171396,-6.56649972175849
S5_nc_s_up_2w,2025-05-27,17.25,1.6,824628.0,209622.0,190119.0,19503.0,7024.0,15952.0,-8928.0,19255.0,-1.7391304347826098,-1.7391304347826098,-4.579710144927529,-7.304347826086954,-3.94202898550724,-5.159420289855077
S5_nc_s_up_2w,2025-06-03,16.95,1.2,878105.0,214220.0,218064.0,-3844.0,4598.0,27945.0,-23347.0,53477.0,-2.890855457227126,-2.890855457227126,-5.545722713864299,-8.20058997050147,-3.539823008849541,-2.654867256637161
S5_nc_s_up_2w,2025-06-10,16.46,0.4,903273.0,217346.0,236861.0,-19515.0,3126.0,18797.0,-15671.0,25168.0,-2.7339003645200477,-2.7339003645200477,-2.8554070473876147,-1.2150668286755706,-2.6123936816524918,-5.34629404617254
S5_nc_s_up_2w,2025-06-17,16.01,0.4,877614.0,199061.0,246202.0,-47141.0,-18285.0,9341.0,-27626.0,-25659.0,-1.6864459712679691,-0.12492192379763845,-2.810743285446604,4.622111180512167,3.560274828232335,-1.2492192379762734
S5_nc_s_up_2w,2025-06-24,15.74,0.4,860131.0,201571.0,248791.0,-47220.0,2510.0,2589.0,-79.0,-17483.0,-0.2541296060991183,-0.2541296060991183,5.08259212198221,3.3672172808132173,5.336721728081306,-2.096569250317659
S5_nc_s_up_2w,2025-07-01,15.7,0.8,840169.0,197850.0,264765.0,-66915.0,-3721.0,15974.0,-19695.0,-19962.0,2.8662420382165488,5.350318471337578,5.414012738853513,4.840764331210212,4.713375796178365,0.44585987261147597
S5_nc_s_up_2w,2025-07-29,16.56,12.4,872591.0,199477.0,261625.0,-62148.0,716.0,3135.0,-2419.0,6086.0,-2.83816425120772,-2.83816425120772,2.3550724637681153,-0.8454106280193052,-5.797101449275354,-8.635265700483075
S5_nc_s_up_2w,2025-08-05,16.09,4.8,888761.0,195681.0,272653.0,-76972.0,-3796.0,11028.0,-14824.0,16170.0,5.344934742075824,5.344934742075824,1.3051584835301444,-0.24860161591049312,0.3729024238657397,-10.316967060285897
S5_nc_s_up_2w,2025-09-02,16.14,6.0,940447.0,184300.0,270105.0,-85805.0,-6235.0,4832.0,-11067.0,24665.0,-1.8587360594795599,-1.8587360594795599,-1.6109045848822778,2.850061957868655,-10.842627013630734,-7.682775712515488
S5_nc_s_up_2w,2025-09-09,15.84,3.2,954758.0,170080.0,309690.0,-139610.0,-14220.0,39585.0,-53805.0,14311.0,0.2525252525252597,0.2525252525252597,-1.1363636363636354,5.050505050505061,-10.290404040404033,-5.808080808080806
S5_nc_s_up_2w,2025-10-14,15.87,8.0,867493.0,173974.0,314725.0,-140751.0,-3512.0,22432.0,-25944.0,33144.0,-3.969754253308122,-3.969754253308122,-9.325771896660362,-10.018903591682415,-6.112161310649011,-6.175173282923751
S5_nc_s_up_2w,2025-11-04,14.21,0.4,929991.0,165775.0,361303.0,-195528.0,1384.0,29493.0,-28109.0,31734.0,0.49261083743841194,0.49261083743841194,3.5186488388458725,4.996481351161153,2.7445460942997713,0.3518648838845895
S5_nc_s_up_2w,2026-01-13,14.86,14.4,970010.0,143494.0,309205.0,-165711.0,-3058.0,8555.0,-11613.0,26840.0,-0.8748317631224745,-0.605652759084796,-0.9421265141318913,-6.729475100942128,-2.893674293405113,-7.402422611036341
S5_nc_s_up_2w,2026-01-20,14.73,9.6,985716.0,143656.0,322004.0,-178348.0,162.0,12799.0,-12637.0,15706.0,0.6788866259334725,0.6788866259334725,-0.6788866259334614,-3.801765105227428,0.6109979633401208,-7.19619823489478
S5_nc_s_up_2w,2026-02-10,14.11,0.4,1095771.0,167418.0,402819.0,-235401.0,13061.0,38173.0,-25112.0,36189.0,-1.9135364989369186,0.425230333097093,3.1892274982282087,0.7795889440113557,-1.133947554925585,3.1892274982282087
S5_nc_s_up_2w,2026-02-17,13.84,0.8,1099675.0,171981.0,425573.0,-253592.0,4563.0,22754.0,-18191.0,3904.0,4.9132947976878505,4.9132947976878505,0.7947976878612595,4.552023121387294,-2.4566473988439252,11.199421965317935
S5_nc_s_up_2w,2026-02-24,14.52,11.6,1054389.0,183446.0,429569.0,-246123.0,11465.0,3996.0,7469.0,-45286.0,-3.9256198347107474,-3.9256198347107474,-1.377410468319551,9.50413223140496,-6.404958677685945,1.6528925619834656
S5_nc_s_up_2w,2026-03-03,13.95,2.8,1048631.0,193313.0,438347.0,-245034.0,9867.0,8778.0,1089.0,-5758.0,2.6523297491039433,2.6523297491039433,3.7275985663082434,11.18279569892473,5.3046594982078865,-0.21505376344085336
S5_nc_s_up_2w,2026-04-14,13.93,4.4,946729.0,180153.0,315122.0,-134969.0,-13062.0,51154.0,-64216.0,22472.0,-3.6611629576453697,-3.6611629576453697,1.4357501794687755,7.537688442211055,-0.1435750179468731,6.676238334529794
S5_nc_s_up_2w,2026-04-21,13.42,0.8,978152.0,193071.0,348912.0,-155841.0,12918.0,33790.0,-20872.0,31423.0,5.290611028315961,5.290611028315961,14.53055141579731,12.071535022354695,3.2041728763040123,10.432190760059612
S5_nc_s_up_2w,2026-04-28,14.13,11.2,972678.0,221030.0,364981.0,-143951.0,27959.0,16069.0,11890.0,-5474.0,8.77565463552723,8.77565463552723,6.015569709837232,0.0,-4.175513092710559,4.458598726114649
S5_nc_s_up_2w,2026-06-09,14.14,13.6,1009892.0,225149.0,330207.0,-105058.0,5860.0,3755.0,2105.0,30463.0,-2.4752475247524885,-2.4752475247524885,-5.162659123055169,7.14285714285714,10.18387553041018,27.227722772277207
S5_nc_s_up_2w,2026-06-16,13.79,5.6,1010191.0,219683.0,336379.0,-116696.0,-5466.0,6172.0,-11638.0,299.0,-2.828136330674391,-2.755620014503257,8.48440899202323,4.4960116026105945,21.464829586657007,31.617113850616384
S5_nc_s_up_2w,2026-06-23,13.4,1.2,1007082.0,215963.0,350385.0,-134422.0,-3720.0,14006.0,-17726.0,-3109.0,10.447761194029859,10.447761194029859,12.835820895522376,10.074626865671643,31.04477611940297,30.07462686567164
S5_nc_s_up_2w,2026-07-21,14.9,56.0,1015444.0,268757.0,333247.0,-64490.0,-1261.0,1084.0,-2345.0,14956.0,-2.281879194630876,-2.281879194630876,1.0738255033557076,17.315436241610737,20.87248322147652,
S5_nc_s_up_2w,2026-07-28,14.56,34.4,1032923.0,267954.0,352583.0,-84629.0,-803.0,19336.0,-20139.0,17479.0,3.434065934065944,3.434065934065944,14.972527472527464,18.475274725274726,,
S5_nc_s_up_2w,2026-09-01,18.38,100.0,1275546.0,396661.0,265136.0,131525.0,31663.0,10272.0,21391.0,24407.0,-1.6322089227421177,-0.16322089227419623,-2.0130576713819237,,,
S6_both_up,2012-01-03,24.51,,567599.0,128269.0,77965.0,50304.0,14782.0,2994.0,11788.0,22807.0,-4.855161158710731,-4.855161158710731,-2.0807833537331732,-3.7535699714402404,1.3871889024887896,0.3671970624234966
S6_both_up,2012-01-17,23.86,,613159.0,130183.0,82189.0,47994.0,6093.0,5170.0,923.0,29511.0,4.3168482816429155,4.3168482816429155,-0.9220452640402277,1.63453478625315,2.43084660519699,1.5088013411567402
S6_both_up,2012-03-20,25.61,,738649.0,190862.0,65218.0,125644.0,25428.0,4813.0,20615.0,32566.0,-4.607575165950795,-4.607575165950795,-5.310425614994141,-12.768449824287387,-19.05505661850839,-22.022647403358064
S6_both_up,2012-05-15,20.39,5.1,727267.0,184270.0,125260.0,59010.0,3454.0,5204.0,-1750.0,12156.0,-2.3050514958312895,-2.3050514958312895,-4.4629720451201615,-1.9127023050514946,10.152035311427166,2.0107896027464545
S6_both_up,2012-05-29,19.62,3.7,753540.0,197758.0,128348.0,69410.0,6025.0,5639.0,386.0,23951.0,-2.854230377166167,-2.854230377166167,3.516819571865426,4.638124362895013,20.132517838939854,1.4271151885830724
S6_both_up,2012-08-28,20.16,13.5,723416.0,164886.0,89772.0,75114.0,13873.0,13572.0,301.0,32989.0,-4.067460317460315,-4.513888888888895,-2.182539682539686,-3.6210317460317443,-2.3809523809523836,-2.5793650793650813
S6_both_up,2012-09-04,19.34,2.3,728205.0,167764.0,106757.0,61007.0,2878.0,16985.0,-14107.0,4789.0,0.5170630816959676,0.5170630816959676,0.5170630816959676,11.633919338159249,1.1375387797311287,-0.9307135470527417
S6_both_up,2012-09-11,19.44,5.6,725692.0,173290.0,119051.0,54239.0,5526.0,12294.0,-6768.0,-2513.0,0.0,0.0,2.160493827160481,10.442386831275696,0.7716049382715973,0.6687242798353754
S6_both_up,2012-11-13,19.35,6.2,722855.0,160121.0,130872.0,29249.0,3066.0,9780.0,-6714.0,6454.0,2.8423772609818876,2.8423772609818876,-0.9819121447028456,-4.186046511627916,-0.8268733850129162,-4.496124031007753
S6_both_up,2012-12-11,18.88,1.6,764194.0,170673.0,140219.0,30454.0,5378.0,11786.0,-6408.0,4412.0,2.701271186440679,2.701271186440679,0.9004237288135597,0.4766949152542388,-3.7605932203389703,0.15889830508475367
S6_both_up,2012-12-18,19.39,14.1,754990.0,178111.0,143405.0,34706.0,7438.0,3186.0,4252.0,-9204.0,-1.9082001031459517,-1.7534811758638469,-1.4956162970603315,-5.105724600309447,-7.168643630737492,-5.77617328519856
S6_both_up,2013-01-22,18.17,0.4,823614.0,195714.0,178505.0,17209.0,8807.0,31513.0,-22706.0,37604.0,0.9906439185470628,0.9906439185470628,2.036323610346713,0.9906439185470628,0.8255365987892116,-2.806824435883337
S6_both_up,2013-02-12,18.09,0.4,848854.0,204192.0,193540.0,10652.0,5168.0,20005.0,-14837.0,7603.0,0.7186290768380177,1.4372581536760798,-1.3819789939192972,3.7589828634604805,-1.492537313432829,-3.427307904919852
S6_both_up,2013-04-02,17.59,0.4,857592.0,208372.0,222478.0,-14106.0,2694.0,34345.0,-31651.0,20759.0,0.7390562819783897,0.7390562819783897,1.7623649801023156,0.4548038658328757,-5.287094940306991,-3.4110289937464566
S6_both_up,2013-04-09,17.72,3.2,870275.0,214068.0,238769.0,-24701.0,5696.0,16291.0,-10595.0,12683.0,1.0158013544018019,1.0158013544018019,0.0,-0.5643340857787726,-7.674943566591419,-7.392776523702027
S6_both_up,2013-05-14,17.01,0.4,841726.0,219773.0,224209.0,-4436.0,5496.0,21114.0,-15618.0,36578.0,-0.7642563198118957,-0.7642563198118957,-2.0576131687242927,-4.7031158142269325,-5.173427395649632,-1.116990005878904
S6_both_up,2013-05-28,16.72,0.8,894044.0,235437.0,237973.0,-2536.0,14196.0,3802.0,10394.0,30747.0,-2.0334928229665095,-2.0334928229665095,-2.8708133971291905,1.9138755980861344,-3.409090909090906,-2.2727272727272707
S6_both_up,2013-06-04,16.38,0.4,932648.0,247704.0,244479.0,3225.0,12267.0,6506.0,5761.0,38604.0,-0.8547008547008628,-0.8547008547008628,2.19780219780219,0.793650793650813,3.296703296703307,0.42735042735042583
S6_both_up,2013-07-09,16.34,2.4,835810.0,236420.0,226314.0,10106.0,5238.0,16625.0,-11387.0,3390.0,-2.0807833537331732,-2.0807833537331732,0.0,1.346389228886169,0.0611995104039309,13.096695226438193
S6_both_up,2013-08-27,16.47,12.0,909368.0,243090.0,208973.0,34117.0,12995.0,30994.0,-17999.0,39089.0,0.0,-0.7285974499089076,4.068002428658168,7.043108682452948,16.87917425622345,7.10382513661203
S6_both_up,2013-12-10,16.62,19.6,808723.0,226854.0,155575.0,71279.0,8530.0,51507.0,-42977.0,39173.0,-4.151624548736466,-4.151624548736466,-2.105896510228644,-7.220216606498198,-5.354993983152834,9.626955475330924
S6_both_up,2013-12-17,15.93,0.4,821697.0,238474.0,199659.0,38815.0,11620.0,44084.0,-32464.0,12974.0,2.1343377275580666,2.1343377275580666,2.0715630885122627,-2.5737602008788496,-1.883239171374762,7.030759573132461
S6_both_up,2013-12-24,16.27,8.0,832792.0,246553.0,212586.0,33967.0,8079.0,12927.0,-4848.0,11095.0,1.2292562999385304,-0.061462814996915416,-5.224339274738776,-6.760909649661951,7.0067609096496675,3.5033804548248337
S6_both_up,2014-01-28,15.08,1.6,840563.0,252456.0,258730.0,-6274.0,8648.0,14021.0,-5373.0,15344.0,6.49867374005304,6.49867374005304,2.5198938992042397,14.655172413793105,15.11936339522546,13.527851458885953
S6_both_up,2014-07-01,17.8,80.4,844150.0,272551.0,94835.0,177716.0,4494.0,8636.0,-4142.0,-35111.0,-0.6741573033707926,-2.134831460674147,-4.101123595505618,-6.516853932584265,-12.35955056179776,-17.41573033707866
S6_both_up,2014-08-05,16.13,13.2,864912.0,266410.0,217851.0,48559.0,14273.0,26376.0,-12103.0,10886.0,-0.49597024178548166,-0.49597024178548166,-4.15375077495349,-3.0998140111593186,-0.5579665220086794,1.0539367637941721
S6_both_up,2014-08-12,16.05,11.6,887972.0,272169.0,234330.0,37839.0,5759.0,16479.0,-10720.0,23060.0,-3.676012461059186,-3.676012461059186,-1.9937694704049824,-9.532710280373834,5.42056074766355,-3.3644859813084182
S6_both_up,2014-08-19,15.46,5.2,895368.0,276483.0,251871.0,24612.0,4314.0,17541.0,-13227.0,7396.0,1.7464424320827954,1.7464424320827954,1.0996119016817518,-10.219922380336355,6.727037516170764,5.821474773609303
S6_both_up,2014-09-23,14.15,3.2,836077.0,254971.0,246248.0,8723.0,7494.0,13499.0,-6005.0,11902.0,16.254416961130723,16.254416961130723,20.353356890459363,15.971731448763249,11.024734982332163,4.028268551236747
S6_both_up,2014-09-30,16.45,34.8,784342.0,261721.0,252076.0,9645.0,6750.0,5828.0,922.0,-51735.0,3.5258358662614064,3.5258358662614064,2.1884498480243098,-1.9452887537993901,-2.7355623100303927,-10.273556231003035
S6_both_up,2014-10-28,16.13,28.8,777467.0,254603.0,241905.0,12698.0,8773.0,11528.0,-2755.0,24922.0,-2.7898326100433968,-2.7898326100433968,0.8679479231246123,-0.8059516429014146,-8.493490390576564,-4.835709857408554
S6_both_up,2014-11-11,16.27,36.0,809762.0,261525.0,253016.0,8509.0,6029.0,3761.0,2268.0,11342.0,-3.441917639827896,-3.441917639827896,-1.659496004917027,-4.917025199754144,-8.35894283958205,-8.91210817455439
S6_both_up,2014-12-30,14.6,4.8,834430.0,246432.0,258568.0,-12136.0,3328.0,8575.0,-5247.0,13917.0,1.8493150684931514,1.2328767123287676,2.260273972602733,1.7123287671232834,-5.684931506849312,-16.917808219178077
S6_both_up,2015-03-03,13.46,0.4,819751.0,246737.0,253672.0,-6935.0,5192.0,45429.0,-40237.0,-16446.0,-3.268945022288272,-3.268945022288272,-4.754829123328386,-11.367013372956913,-2.154531946508176,-10.92124814264488
S6_both_up,2015-03-10,13.02,0.4,847114.0,265284.0,264161.0,1123.0,18547.0,10489.0,8058.0,27363.0,-1.5360983102918557,-1.5360983102918557,-4.377880184331795,-0.38402457757296116,-0.9984639016897057,-6.912442396313367
S6_both_up,2015-03-31,11.93,0.4,903521.0,254869.0,271542.0,-16673.0,2626.0,8683.0,-6057.0,20187.0,7.041072925398151,8.71751886001677,8.96898575020957,10.39396479463537,0.5029337803855949,-3.4367141659681466
S6_both_up,2015-05-19,12.86,10.4,865099.0,245570.0,190073.0,55497.0,3487.0,12621.0,-9134.0,15753.0,-6.065318818040433,-7.698289269051328,-6.29860031104198,-11.74183514774494,-4.587869362363916,-18.429237947122857
S6_both_up,2015-05-26,12.08,1.2,891727.0,255744.0,224454.0,31290.0,10174.0,34381.0,-24207.0,26628.0,1.9867549668874274,1.9867549668874274,-0.08278145695364003,-6.870860927152322,-5.794701986754958,-12.33443708609272
S6_both_up,2015-06-02,12.32,4.4,912450.0,267237.0,232245.0,34992.0,11493.0,7791.0,3702.0,20723.0,-2.029220779220775,-2.029220779220775,-8.198051948051944,1.2175324675324672,-6.980519480519476,-14.529220779220786
S6_both_up,2015-07-28,11.17,0.8,819269.0,249347.0,234204.0,15143.0,6366.0,14267.0,-7901.0,7566.0,-1.43240823634736,-1.43240823634736,-4.923903312444056,-5.102954341987465,-1.96956132497762,26.947179946284685
S6_both_up,2015-09-22,10.88,8.0,770935.0,215916.0,170101.0,45815.0,3151.0,14106.0,-10955.0,-10074.0,8.088235294117641,8.088235294117641,25.27573529411764,29.227941176470583,35.845588235294116,34.099264705882334
S6_both_up,2016-01-05,14.57,74.0,868697.0,250492.0,60449.0,190043.0,4433.0,6452.0,-2019.0,8739.0,-3.568977350720659,-3.568977350720659,-2.6767330130405,-11.530542210020588,1.853122855181888,4.186684969114607
S6_both_up,2016-03-29,15.86,97.2,865776.0,258383.0,69263.0,189120.0,21332.0,6811.0,14521.0,37886.0,-7.692307692307687,-7.692307692307687,-11.286254728877676,-0.567465321563676,4.728877679697363,20.05044136191676
S6_both_up,2016-05-03,16.25,98.4,789143.0,261390.0,54891.0,206499.0,20266.0,3748.0,16518.0,16693.0,-1.4153846153846183,-1.4153846153846183,3.5076923076923006,7.138461538461538,28.123076923076916,15.692307692307693
S6_both_up,2016-05-10,16.02,97.2,805306.0,297398.0,65622.0,231776.0,36008.0,10731.0,25277.0,16163.0,4.993757802746579,4.993757802746579,3.682896379525591,22.409488139825218,23.158551810237206,22.971285892634196
S6_both_up,2016-06-07,19.0,100.0,899793.0,318851.0,63177.0,255674.0,7547.0,7232.0,315.0,4295.0,1.7894736842105186,1.7894736842105186,1.2631578947368327,8.263157894736839,0.21052631578946102,5.578947368421039
S6_both_up,2016-06-14,19.34,98.4,940081.0,328829.0,66760.0,262069.0,9978.0,3583.0,6395.0,40288.0,-0.5170630816959787,-0.5170630816959787,2.4301964839710477,0.4136504653567741,1.5511892450879028,4.550155118924493
S6_both_up,2016-08-02,19.05,87.2,846754.0,336519.0,46724.0,289795.0,5926.0,8086.0,-2160.0,15845.0,7.034120734908145,7.034120734908145,6.351706036745419,7.71653543307087,22.152230971128596,19.002624671916024
S6_both_up,2016-08-09,20.39,98.0,866930.0,347273.0,49882.0,297391.0,10754.0,3158.0,7596.0,20176.0,-0.6375674350171612,-0.6375674350171612,1.6674840608141173,-0.49043648847475474,16.772927905836177,6.424717999019114
S6_both_up,2016-08-23,20.73,98.8,903799.0,367444.0,58163.0,309281.0,19017.0,6645.0,12372.0,20659.0,-1.013024602026058,-1.013024602026058,-2.1225277375783946,7.09117221418234,10.323203087313072,-1.7848528702363753
S6_both_up,2016-09-27,23.02,100.0,857858.0,365849.0,36553.0,329296.0,4940.0,2573.0,2367.0,-38780.0,1.0425716768027948,1.0425716768027948,1.1728931364031192,-0.39096437880103974,-14.205039096437877,-20.938314509122502
S6_both_up,2017-03-28,17.56,18.4,806906.0,220367.0,105204.0,115163.0,4618.0,15571.0,-10953.0,18484.0,-7.972665148063774,-7.972665148063774,-4.783599088838264,-12.300683371298394,-11.161731207289293,-26.87927107061503
S6_both_up,2017-04-04,16.16,8.0,801818.0,228322.0,123843.0,104479.0,7955.0,18639.0,-10684.0,-5088.0,3.4653465346534684,3.4653465346534684,1.6089108910891214,-2.413366336633671,-11.943069306930687,-17.69801980198019
S6_both_up,2017-04-11,16.72,10.4,801536.0,240490.0,136363.0,104127.0,12168.0,12520.0,-352.0,-282.0,-0.11961722488037507,-1.794258373205726,-7.894736842105255,-5.263157894736836,-14.234449760765544,-15.37081339712918
S6_both_up,2017-05-09,15.44,2.4,777908.0,223782.0,168834.0,54948.0,4708.0,16346.0,-11638.0,12884.0,2.849740932642497,2.849740932642497,2.7849740932642364,-8.41968911917098,-9.84455958549223,-7.318652849740925
S6_both_up,2017-06-06,13.98,1.2,842105.0,220973.0,198851.0,22122.0,2757.0,29700.0,-26943.0,27952.0,-1.3590844062947194,-1.3590844062947194,-2.6466380543633816,-1.859799713876964,5.793991416309008,-0.5007153075822668
S6_both_up,2017-06-27,12.65,0.8,821489.0,204851.0,251820.0,-46969.0,8103.0,26129.0,-18026.0,-10213.0,10.039525691699591,8.45849802371541,6.640316205533603,12.490118577075094,8.063241106719365,11.067193675889332
S6_both_up,2017-08-15,13.13,2.8,815068.0,179189.0,232991.0,-53802.0,3603.0,32053.0,-28450.0,35883.0,2.894135567402878,2.894135567402878,5.255140898705246,9.139375476009137,8.910891089108919,13.023610053313007
S6_both_up,2017-08-22,13.51,8.0,840614.0,183907.0,252539.0,-68632.0,4718.0,19548.0,-14830.0,25546.0,2.2945965951147285,2.2945965951147285,5.77350111028867,4.145077720207269,4.219096965210967,11.69504071058476
S6_both_up,2017-09-26,13.21,4.0,711181.0,185260.0,211447.0,-26187.0,8127.0,14624.0,-6497.0,-56235.0,6.283118849356528,6.283118849356528,7.267221801665391,8.099924299772887,12.641937925813785,10.295230885692641
S6_both_up,2018-01-16,13.59,10.4,823655.0,197271.0,232293.0,-35022.0,10810.0,60978.0,-50168.0,54008.0,-2.94334069168507,-2.94334069168507,0.9565857247976428,-0.8094186902133926,-6.10743193524651,-11.331861662987485
S6_both_up,2018-01-23,13.19,4.8,912141.0,205857.0,290317.0,-84460.0,8586.0,58024.0,-49438.0,88486.0,4.0181956027293575,4.0181956027293575,4.927975739196366,1.4404852160727843,-3.9423805913570864,-10.91736163760424
S6_both_up,2018-03-20,12.56,0.8,945319.0,189751.0,305907.0,-116156.0,7378.0,9180.0,-1802.0,37288.0,-0.15923566878981443,-0.15923566878981443,-2.3089171974522316,-6.847133757961787,-7.56369426751593,-2.6273885350318493
S6_both_up,2018-04-03,12.47,1.6,990051.0,195211.0,314266.0,-119055.0,7428.0,5889.0,1539.0,15273.0,-2.7265437048917374,-2.7265437048917374,-6.575781876503606,-6.2550120288693005,1.0425020048115297,-6.01443464314354
S6_both_up,2018-04-10,12.13,0.4,999540.0,201698.0,317550.0,-115852.0,6487.0,3284.0,3203.0,9489.0,-3.9571310799670245,-3.9571310799670245,-8.161582852431993,-4.699093157460843,0.577081615828523,-5.358615004122013
S6_both_up,2018-04-17,11.65,0.4,1021576.0,209163.0,323199.0,-114036.0,7465.0,5649.0,1816.0,22036.0,-4.37768240343347,-4.37768240343347,0.34334763948498104,-1.1158798283261828,7.381974248927037,-4.892703862660952
S6_both_up,2018-04-24,11.14,0.4,1010242.0,219642.0,333878.0,-114236.0,10479.0,10679.0,-200.0,-11334.0,4.937163375224407,4.937163375224407,3.7701974865349985,9.066427289048473,6.732495511669656,-1.526032315978454
S6_both_up,2018-09-25,10.36,4.8,817701.0,196308.0,264863.0,-68555.0,7519.0,27846.0,-20327.0,5980.0,16.50579150579152,16.50579150579152,25.193050193050205,33.30115830115832,20.270270270270284,20.366795366795376
S6_both_up,2019-02-05,12.82,75.2,937769.0,160064.0,169359.0,-9295.0,6190.0,7935.0,-1745.0,24744.0,0.23400936037440978,0.23400936037440978,4.836193447737913,-5.148205928237126,-3.120124804992197,-4.602184087363492
S6_both_up,2019-02-12,12.85,80.0,904601.0,168753.0,174890.0,-6137.0,8689.0,5531.0,3158.0,-33168.0,3.891050583657596,4.591439688715959,0.46692607003890885,-3.8132295719844334,-0.3112840466926059,-8.326848249027242
S6_both_up,2019-03-12,12.33,51.2,881080.0,176302.0,242289.0,-65987.0,5240.0,48715.0,-43475.0,55715.0,3.649635036496335,3.649635036496335,2.108678021086785,3.649635036496335,-5.515004055150041,1.4598540145985384
S6_both_up,2019-05-28,11.75,30.4,1039476.0,216844.0,333262.0,-116418.0,8056.0,10618.0,-2562.0,8872.0,5.702127659574474,5.702127659574474,6.723404255319143,4.936170212765956,2.6382978723404227,-3.0638297872340403
S6_both_up,2019-07-23,11.98,29.6,947290.0,218460.0,306167.0,-87707.0,3312.0,71865.0,-68553.0,55417.0,1.4190317195325486,1.4190317195325486,-2.086811352253759,-4.507512520868118,-8.263772954924875,3.088480801335547
S6_both_up,2019-08-13,11.72,19.2,1047548.0,230080.0,311808.0,-81728.0,3954.0,10795.0,-6841.0,61861.0,-2.3890784982935287,-2.3890784982935287,-4.0955631399317465,-7.764505119453924,5.716723549488045,7.167235494880542
S6_both_up,2019-09-03,11.19,6.0,1088400.0,230966.0,350433.0,-119467.0,5202.0,17360.0,-12158.0,13195.0,-2.770330652368169,-2.770330652368169,-2.2341376228775744,15.10277033065237,10.277033065236818,14.20911528150135
S6_both_up,2019-10-29,12.34,42.4,967769.0,176929.0,354496.0,-177567.0,6434.0,5682.0,752.0,36715.0,2.998379254457051,2.998379254457051,2.0259319286871857,3.565640194489461,8.914100486223653,15.153970826580231
S6_both_up,2020-04-14,10.05,0.8,1040411.0,200912.0,144793.0,56119.0,5268.0,18136.0,-12868.0,21282.0,-2.9850746268656803,-2.9850746268656803,-7.064676616915433,1.990049751243772,21.69154228855721,17.81094527363183
S6_both_up,2020-08-25,12.76,66.4,1062658.0,300927.0,46838.0,254089.0,16711.0,3730.0,12981.0,44222.0,-1.4106583072100332,-1.4106583072100332,-5.721003134796243,0.4702194357366851,13.479623824451426,21.081504702194366
S6_both_up,2020-10-06,13.88,86.4,946439.0,306256.0,44283.0,261973.0,17499.0,3871.0,13628.0,-25400.0,0.9365994236311126,0.9365994236311126,4.7550432276656895,6.051873198847257,5.187319884726227,11.599423631123917
S6_both_up,2020-10-13,14.01,85.2,978938.0,331552.0,51018.0,280534.0,25296.0,6735.0,18561.0,32499.0,3.783012134189856,3.783012134189856,5.8529621698786505,4.782298358315495,6.85224839400429,11.34903640256959
S6_both_up,2020-11-10,14.68,89.2,1056385.0,339128.0,57203.0,281925.0,6327.0,5784.0,543.0,21383.0,4.2915531335149915,4.2915531335149915,2.452316076294281,1.975476839237067,6.267029972752036,10.831062670299719
S6_both_up,2021-03-16,16.3,92.4,1047853.0,273487.0,59720.0,213767.0,6124.0,5290.0,834.0,16063.0,-5.337423312883438,-5.337423312883438,-8.40490797546013,-2.6993865030674913,9.447852760736186,8.343558282208585
S6_both_up,2021-09-28,18.98,88.8,889873.0,297099.0,48184.0,248915.0,3050.0,3602.0,-552.0,-63102.0,4.58377239199157,4.58377239199157,5.742887249736572,3.5827186512118026,5.953635405690205,1.475237091675452
S6_both_up,2022-02-08,18.08,46.4,931602.0,184040.0,104950.0,79090.0,2854.0,17357.0,-14503.0,34567.0,-0.05530973451326471,-0.05530973451326471,2.488938053097356,4.756637168141609,8.351769911504437,3.871681415929218
S6_both_up,2022-03-29,19.11,64.8,819459.0,222154.0,60573.0,161581.0,10079.0,4294.0,5785.0,1997.0,2.8257456828885363,2.8257456828885363,5.80847723704867,-0.47095761381475976,2.982731554160134,-3.8723181580324395
S6_both_up,2022-04-19,19.74,84.4,909622.0,296437.0,56922.0,239515.0,3816.0,4165.0,-349.0,-6508.0,-3.7993920972644424,-3.7993920972644424,-5.673758865248213,1.317122593718345,-6.484295845997967,-2.482269503546086
S6_both_up,2022-09-06,17.98,9.2,760601.0,178344.0,120573.0,57771.0,2894.0,7674.0,-4780.0,7959.0,2.2246941045606095,2.2246941045606095,1.1679644048943283,-0.38932146829810943,2.502780867630694,9.176863181312566
S6_both_up,2022-11-22,19.74,92.0,872727.0,287196.0,99234.0,187962.0,35268.0,3500.0,31768.0,40205.0,-1.2158054711246091,-0.5572441742654477,-1.266464032421477,5.116514690982776,-0.20263424518742745,8.054711246200608
S6_both_up,2022-12-27,20.32,98.0,943801.0,342482.0,96052.0,246430.0,16367.0,3103.0,13264.0,21501.0,-3.0511811023622104,-3.8385826771653586,-3.297244094488194,1.7716535433070835,4.7244094488189115,2.460629921259838
S6_both_up,2023-04-25,26.65,100.0,959708.0,354581.0,75053.0,279528.0,13885.0,3529.0,10356.0,-1352.0,-5.666041275797362,-5.666041275797362,-1.7260787992495197,-3.1519699812382784,-6.454033771106937,-6.153846153846143
S6_both_up,2023-05-23,25.81,94.0,983887.0,350244.0,76434.0,273810.0,9758.0,6777.0,2981.0,20540.0,-1.8597442851607915,-2.90585044556374,-5.075552111584647,-3.4095311894614455,-3.099573808601308,-7.942657884540861
S6_both_up,2024-04-23,19.87,2.4,827078.0,197297.0,152196.0,45101.0,11238.0,28701.0,-17463.0,15887.0,-2.1640664318067437,-2.1640664318067437,0.4026170105686955,-6.542526421741323,-4.781077000503265,-6.039255158530443
S6_both_up,2024-05-14,18.9,0.8,829891.0,209791.0,183900.0,25891.0,9728.0,12398.0,-2670.0,4453.0,-1.7460317460317398,-1.7460317460317398,-3.0687830687830653,1.0052910052910091,1.5873015873015817,-1.904761904761898
S6_both_up,2024-07-16,19.63,18.8,769545.0,177958.0,110369.0,67589.0,2616.0,3046.0,-430.0,-9217.0,-7.386653082017314,-7.386653082017314,-2.5471217524197676,-6.469689251146205,-4.584819154355568,12.480896586856849
S6_both_up,2024-07-30,19.13,13.2,794156.0,185165.0,148686.0,36479.0,7842.0,6608.0,1234.0,6353.0,-6.6910611604809045,-6.6910611604809045,-4.025091479351806,2.8227914270779086,23.209618400418197,16.832200731834824
S6_both_up,2024-10-01,23.0,70.8,791833.0,230838.0,101377.0,129461.0,33125.0,19047.0,14078.0,-18226.0,-2.347826086956517,-2.347826086956517,-0.5652173913043401,-4.0000000000000036,-5.869565217391315,-16.30434782608695
S6_both_up,2024-11-19,21.96,63.2,879396.0,220130.0,148392.0,71738.0,6811.0,3195.0,3616.0,25290.0,-1.4116575591985536,-1.4116575591985536,-3.59744990892531,-10.746812386156645,-17.07650273224044,-6.693989071038264
S6_both_up,2024-12-24,19.52,34.0,958813.0,225306.0,165212.0,60094.0,3838.0,11927.0,-8089.0,13651.0,-1.1782786885245922,0.8196721311475308,-1.997950819672134,-2.305327868852458,7.786885245901631,-1.2295081967213073
S6_both_up,2024-12-31,19.29,28.8,966547.0,228766.0,183647.0,45119.0,3460.0,18435.0,-14975.0,7734.0,1.140487299118731,-0.5702436495593544,-6.428201140487289,0.7776049766718529,-4.095386210471741,-1.192327630896839
S6_both_up,2025-01-21,17.75,1.2,992164.0,231219.0,262686.0,-31467.0,2636.0,48265.0,-45629.0,4187.0,8.563380281690147,8.563380281690147,10.929577464788732,16.50704225352113,10.704225352112662,0.6197183098591408
S6_both_up,2025-05-27,17.25,1.6,824628.0,209622.0,190119.0,19503.0,7024.0,15952.0,-8928.0,19255.0,-1.7391304347826098,-1.7391304347826098,-4.579710144927529,-7.304347826086954,-3.94202898550724,-5.159420289855077
S6_both_up,2025-06-03,16.95,1.2,878105.0,214220.0,218064.0,-3844.0,4598.0,27945.0,-23347.0,53477.0,-2.890855457227126,-2.890855457227126,-5.545722713864299,-8.20058997050147,-3.539823008849541,-2.654867256637161
S6_both_up,2025-06-10,16.46,0.4,903273.0,217346.0,236861.0,-19515.0,3126.0,18797.0,-15671.0,25168.0,-2.7339003645200477,-2.7339003645200477,-2.8554070473876147,-1.2150668286755706,-2.6123936816524918,-5.34629404617254
S6_both_up,2025-06-24,15.74,0.4,860131.0,201571.0,248791.0,-47220.0,2510.0,2589.0,-79.0,-17483.0,-0.2541296060991183,-0.2541296060991183,5.08259212198221,3.3672172808132173,5.336721728081306,-2.096569250317659
S6_both_up,2025-12-09,14.66,6.0,941986.0,154913.0,337475.0,-182562.0,5277.0,2944.0,2333.0,-9451.0,1.2960436562073685,1.2960436562073685,3.47885402455661,2.046384720327432,-3.547066848567526,-0.27285129604366354
S6_both_up,2026-02-10,14.11,0.4,1095771.0,167418.0,402819.0,-235401.0,13061.0,38173.0,-25112.0,36189.0,-1.9135364989369186,0.425230333097093,3.1892274982282087,0.7795889440113557,-1.133947554925585,3.1892274982282087
S6_both_up,2026-02-17,13.84,0.8,1099675.0,171981.0,425573.0,-253592.0,4563.0,22754.0,-18191.0,3904.0,4.9132947976878505,4.9132947976878505,0.7947976878612595,4.552023121387294,-2.4566473988439252,11.199421965317935
S6_both_up,2026-02-24,14.52,11.6,1054389.0,183446.0,429569.0,-246123.0,11465.0,3996.0,7469.0,-45286.0,-3.9256198347107474,-3.9256198347107474,-1.377410468319551,9.50413223140496,-6.404958677685945,1.6528925619834656
S6_both_up,2026-03-03,13.95,2.8,1048631.0,193313.0,438347.0,-245034.0,9867.0,8778.0,1089.0,-5758.0,2.6523297491039433,2.6523297491039433,3.7275985663082434,11.18279569892473,5.3046594982078865,-0.21505376344085336
S6_both_up,2026-04-21,13.42,0.8,978152.0,193071.0,348912.0,-155841.0,12918.0,33790.0,-20872.0,31423.0,5.290611028315961,5.290611028315961,14.53055141579731,12.071535022354695,3.2041728763040123,10.432190760059612
S6_both_up,2026-04-28,14.13,11.2,972678.0,221030.0,364981.0,-143951.0,27959.0,16069.0,11890.0,-5474.0,8.77565463552723,8.77565463552723,6.015569709837232,0.0,-4.175513092710559,4.458598726114649
S6_both_up,2026-06-09,14.14,13.6,1009892.0,225149.0,330207.0,-105058.0,5860.0,3755.0,2105.0,30463.0,-2.4752475247524885,-2.4752475247524885,-5.162659123055169,7.14285714285714,10.18387553041018,27.227722772277207
S6_both_up,2026-07-14,14.92,55.2,1000488.0,270018.0,332163.0,-62145.0,6708.0,9580.0,-2872.0,2941.0,-0.13404825737265424,-0.13404825737265424,-2.4128686327077764,12.198391420911525,22.989276139410197,
S6_both_up,2026-08-25,17.25,98.0,1251139.0,364998.0,254864.0,110134.0,39922.0,7740.0,32182.0,76214.0,6.55072463768116,6.55072463768116,6.3768115942029135,,,
S6_both_up,2026-09-01,18.38,100.0,1275546.0,396661.0,265136.0,131525.0,31663.0,10272.0,21391.0,24407.0,-1.6322089227421177,-0.16322089227419623,-2.0130576713819237,,,
S7_oi_shrink_big,2012-06-26,20.53,22.0,700186.0,176069.0,100689.0,75380.0,-164.0,-8078.0,7914.0,-43753.0,7.208962493911342,7.208962493911342,11.44666341938625,14.807598636142227,-3.068679980516331,-6.4296151972722875
S7_oi_shrink_big,2013-06-25,17.04,12.0,861280.0,224028.0,222115.0,1913.0,-9631.0,-30048.0,20417.0,-52842.0,-3.110328638497639,-3.110328638497639,-4.8708920187793385,-5.223004694835687,-4.107981220657275,1.0563380281690016
S7_oi_shrink_big,2013-09-17,16.8,23.6,848751.0,232210.0,155360.0,76850.0,-12857.0,-33890.0,21033.0,-73359.0,3.630952380952368,3.630952380952368,8.988095238095228,11.48809523809524,6.428571428571428,-1.8452380952381109
S7_oi_shrink_big,2013-10-01,18.31,61.6,787891.0,248300.0,111308.0,136992.0,13691.0,-24168.0,37859.0,-45206.0,1.7476788640087504,1.7476788640087504,2.293828509011475,1.0376843255051948,-5.1884216275259405,-11.086837793555427
S7_oi_shrink_big,2014-09-16,13.55,0.4,824175.0,247477.0,232749.0,14728.0,-38900.0,-12715.0,-26185.0,-67996.0,4.428044280442811,4.428044280442811,21.40221402214022,24.05904059040589,20.073800738007375,14.169741697416981
S7_oi_shrink_big,2014-09-30,16.45,34.8,784342.0,261721.0,252076.0,9645.0,6750.0,5828.0,922.0,-51735.0,3.5258358662614064,3.5258358662614064,2.1884498480243098,-1.9452887537993901,-2.7355623100303927,-10.273556231003035
S7_oi_shrink_big,2015-04-14,13.19,9.6,893089.0,250609.0,237700.0,12909.0,-1852.0,-28296.0,26444.0,-42951.0,-5.913570887035624,-5.913570887035624,-0.15163002274449777,2.8809704321455687,-8.946171341925702,-9.780136467020462
S7_oi_shrink_big,2015-07-07,12.33,12.8,790993.0,236496.0,202901.0,33595.0,-2742.0,-30560.0,27818.0,-47254.0,2.514193025141931,2.514193025141931,-7.380373073803737,-10.705596107055959,-13.138686131386857,4.460665044606649
S7_oi_shrink_big,2016-03-01,14.39,76.8,752262.0,184697.0,98185.0,86512.0,-10376.0,-30240.0,19864.0,-45943.0,3.2661570535093665,3.2661570535093665,6.4628214037526055,10.284920083391235,8.061153578874226,19.249478804725495
S7_oi_shrink_big,2016-06-21,19.24,96.4,899424.0,349725.0,32409.0,317316.0,20896.0,-34351.0,55247.0,-40657.0,2.9625779625779725,2.9625779625779725,6.912681912681928,0.20790020790022457,2.494802494802495,6.444906444906451
S7_oi_shrink_big,2016-06-28,19.81,100.0,855761.0,346059.0,32988.0,313071.0,-3666.0,579.0,-4245.0,-43663.0,5.350832912670378,3.836446239273106,-1.968702675416445,-3.5840484603735345,2.5744573447753716,11.913175164058565
S7_oi_shrink_big,2017-02-21,20.8,80.0,802571.0,226927.0,27796.0,199131.0,-12944.0,-8999.0,-3945.0,-56291.0,-7.54807692307693,-7.54807692307693,-11.538461538461553,-16.875000000000007,-21.0576923076923,-21.634615384615387
S7_oi_shrink_big,2017-07-03,13.92,6.8,776748.0,199570.0,245468.0,-45898.0,-5281.0,-6352.0,1071.0,-44741.0,-2.5862068965517238,-3.4482758620689724,1.2931034482758674,6.896551724137945,-0.7183908045977017,-6.034482758620685
S7_oi_shrink_big,2017-09-26,13.21,4.0,711181.0,185260.0,211447.0,-26187.0,8127.0,14624.0,-6497.0,-56235.0,6.283118849356528,6.283118849356528,7.267221801665391,8.099924299772887,12.641937925813785,10.295230885692641
S7_oi_shrink_big,2018-09-11,11.18,17.6,907199.0,194789.0,298065.0,-103276.0,-24104.0,-37183.0,13079.0,-103429.0,-5.903398926654746,-5.903398926654746,-7.334525939177105,16.010733452593918,15.921288014311274,13.77459749552774
S7_oi_shrink_big,2018-09-18,10.52,6.0,811721.0,188789.0,237017.0,-48228.0,-6000.0,-61048.0,55048.0,-95478.0,-1.520912547528519,-1.520912547528519,14.733840304182522,25.95057034220534,19.86692015209126,21.10266159695817
S7_oi_shrink_big,2018-10-09,12.97,60.4,748480.0,178309.0,212631.0,-34322.0,-13117.0,-58679.0,45562.0,-63888.0,2.1588280647648395,2.1588280647648395,6.476484194294518,-0.07710100231302919,-1.927525057825752,-8.018504240555135
S7_oi_shrink_big,2019-06-18,12.61,60.8,936818.0,202237.0,225494.0,-23257.0,-3010.0,-56141.0,53131.0,-56460.0,-2.2204599524187074,-2.2204599524187074,-2.0618556701030966,-6.5027755749405225,-7.930214115781132,-14.908802537668508
S7_oi_shrink_big,2019-06-25,12.33,43.6,888259.0,207477.0,209834.0,-2357.0,5240.0,-15660.0,20900.0,-48559.0,0.16220600162206722,0.16220600162206722,1.3787510137875048,-2.1897810218978075,-7.623682076236815,-10.381184103811837
S7_oi_shrink_big,2019-09-17,10.94,4.8,985311.0,200003.0,375716.0,-175713.0,-23322.0,10469.0,-33791.0,-79605.0,5.118829981718465,5.118829981718465,17.733089579524687,15.082266910420472,15.082266910420472,22.66910420475321
S7_oi_shrink_big,2019-10-01,12.88,84.8,880474.0,208928.0,318097.0,-109169.0,-6189.0,-45241.0,39052.0,-98530.0,-3.2608695652173947,-3.2608695652173947,-2.2515527950310643,-4.192546583850943,-0.7763975155279601,4.347826086956519
S7_oi_shrink_big,2020-03-03,13.76,86.0,1142524.0,306000.0,124093.0,181907.0,-31831.0,2366.0,-34197.0,-63570.0,-8.502906976744185,-8.502906976744185,-20.85755813953488,-24.273255813953487,-29.06976744186046,-21.511627906976738
S7_oi_shrink_big,2020-03-17,10.89,1.6,1048963.0,201033.0,107083.0,93950.0,-53219.0,-9684.0,-43535.0,-78785.0,3.489439853076215,3.489439853076215,-4.315886134067959,-6.703397612488526,-5.785123966942152,9.641873278236911
S7_oi_shrink_big,2020-04-21,9.75,0.4,965724.0,184854.0,152376.0,32478.0,-16058.0,7583.0,-23641.0,-74687.0,-4.205128205128206,-4.205128205128206,10.564102564102562,11.282051282051286,24.20512820512819,20.923076923076913
S7_oi_shrink_big,2020-06-30,11.96,45.2,918143.0,211027.0,76126.0,134901.0,-8484.0,-10791.0,2307.0,-40476.0,1.8394648829431315,1.0033444816053505,-1.170568561872909,0.4180602006688794,5.1839464882943,7.35785953177257
S7_oi_shrink_big,2020-09-15,12.08,42.0,992063.0,257061.0,45660.0,211401.0,-31326.0,-5438.0,-25888.0,-55688.0,6.705298013245042,6.705298013245042,7.533112582781465,15.97682119205297,21.52317880794701,23.92384105960266
S7_oi_shrink_big,2021-02-23,18.41,99.6,1065425.0,282375.0,44439.0,237936.0,122.0,-10874.0,10996.0,-59249.0,-10.755024443237371,-10.755024443237371,-13.633894622487775,-16.18685497012493,-7.984790874524705,-7.930472569255842
S7_oi_shrink_big,2021-03-02,16.43,94.4,1009386.0,270821.0,47801.0,223020.0,-11554.0,3362.0,-14916.0,-56039.0,-3.2258064516129004,-3.2258064516129004,-0.7912355447352359,-9.129640900791236,5.295191722458914,2.1302495435179702
S7_oi_shrink_big,2021-06-22,16.43,76.8,925321.0,282164.0,40173.0,241991.0,-25922.0,1748.0,-27670.0,-77465.0,4.869141813755329,4.869141813755329,8.034083992696296,7.547169811320775,22.76323797930615,18.624467437614122
S7_oi_shrink_big,2021-09-21,18.97,89.6,952975.0,294049.0,44582.0,249467.0,-9888.0,-306.0,-9582.0,-71840.0,0.05271481286241997,0.05271481286241997,4.638903531892469,-0.5271481286241331,5.3769109119662595,1.6868740115972614
S7_oi_shrink_big,2021-09-28,18.98,88.8,889873.0,297099.0,48184.0,248915.0,3050.0,3602.0,-552.0,-63102.0,4.58377239199157,4.58377239199157,5.742887249736572,3.5827186512118026,5.953635405690205,1.475237091675452
S7_oi_shrink_big,2022-02-15,18.07,44.4,871213.0,182861.0,108298.0,74563.0,-1179.0,3348.0,-4527.0,-60389.0,2.2689540675152164,2.54565578306587,3.1543995572772543,2.7116768123962354,11.234089651355838,3.1543995572772543
S7_oi_shrink_big,2022-03-01,18.34,51.6,816211.0,180931.0,96392.0,84539.0,-2098.0,-11391.0,9293.0,-41165.0,5.943293347873491,5.943293347873491,2.1264994547437244,4.198473282442738,3.7077426390403456,7.306434023991271
S7_oi_shrink_big,2022-04-26,18.99,55.2,846421.0,277698.0,55149.0,222549.0,-18739.0,-1773.0,-16966.0,-63201.0,-1.948393891521838,-1.948393891521838,-2.369668246445489,4.0021063717746275,-3.2122169562927794,-5.792522380200094
S7_oi_shrink_big,2022-06-14,18.7,33.2,800806.0,233102.0,62619.0,170483.0,-19586.0,5334.0,-24920.0,-49008.0,-0.21390374331550221,-1.3368983957219305,-0.8021390374331472,1.443850267379676,-1.1229946524064172,-2.566844919786093
S7_oi_shrink_big,2022-06-28,18.53,24.8,734324.0,210575.0,87866.0,122709.0,-16567.0,23835.0,-40402.0,-45449.0,-3.9395574743658957,-2.9141932002158755,3.291958985429022,-6.098219104155433,-2.644360496492182,-0.21586616297897265
S7_oi_shrink_big,2023-02-21,21.33,96.4,926553.0,317876.0,84538.0,233338.0,-9995.0,-4507.0,-5488.0,-43082.0,-5.907172995780585,-5.907172995780585,-1.4533520862634708,-2.4847632442569045,14.25222691045478,21.472105016408815
S7_oi_shrink_big,2023-06-27,23.03,78.0,891033.0,302773.0,82599.0,220174.0,-39547.0,1280.0,-40827.0,-76080.0,1.2592270950933626,2.1710811984368306,3.821102909248797,5.905340859748143,3.560573165436387,16.9344333478072
S7_oi_shrink_big,2023-09-26,25.97,87.6,903444.0,324664.0,85424.0,239240.0,-4451.0,618.0,-5069.0,-53088.0,-1.1551790527531636,-1.1551790527531636,4.3896804004620815,6.006931074316535,6.777050442818644,-19.44551405467847
S7_oi_shrink_big,2023-10-03,25.67,82.8,820468.0,305051.0,87669.0,217382.0,-19613.0,2245.0,-21858.0,-82976.0,5.609661082976225,5.609661082976225,7.089988313206064,5.531749123490459,4.635761589403975,-14.80327230229841
S7_oi_shrink_big,2023-12-12,22.51,31.6,781527.0,200473.0,93081.0,107392.0,-48768.0,9309.0,-58077.0,-71901.0,-4.931141714793441,-4.931141714793441,-8.351843625055544,-3.3318525099955587,6.708129720124378,-2.4877832074633566
S7_oi_shrink_big,2024-09-17,20.0,39.6,756272.0,174439.0,102189.0,72250.0,-1970.0,-10817.0,8847.0,-63604.0,15.999999999999993,15.999999999999993,14.999999999999991,14.349999999999996,6.800000000000006,6.600000000000006
S7_oi_shrink_big,2025-03-04,18.14,6.0,904274.0,191009.0,165000.0,26009.0,-15217.0,-7735.0,-7482.0,-61548.0,2.7012127894156412,2.7012127894156412,9.757442116868798,6.725468577728777,-4.961411245865499,-6.0639470782800515
S7_oi_shrink_big,2026-02-24,14.52,11.6,1054389.0,183446.0,429569.0,-246123.0,11465.0,3996.0,7469.0,-45286.0,-3.9256198347107474,-3.9256198347107474,-1.377410468319551,9.50413223140496,-6.404958677685945,1.6528925619834656
S7_oi_shrink_big,2026-03-24,15.9,53.2,940662.0,205205.0,301009.0,-95804.0,12896.0,-99055.0,111951.0,-64947.0,-2.4528301886792447,-2.4528301886792447,-10.31446540880504,-14.52830188679246,-7.169811320754715,-14.402515723270447
S8_nc_up_price_down,2012-01-03,24.51,,567599.0,128269.0,77965.0,50304.0,14782.0,2994.0,11788.0,22807.0,-4.855161158710731,-4.855161158710731,-2.0807833537331732,-3.7535699714402404,1.3871889024887896,0.3671970624234966
S8_nc_up_price_down,2012-01-24,24.89,,636763.0,138927.0,64073.0,74854.0,8744.0,-18116.0,26860.0,23604.0,-5.022097227802325,-5.022097227802325,-1.968662113298525,3.6560867818401066,1.7677782241864115,-11.410204901566889
S8_nc_up_price_down,2012-02-28,26.08,,723747.0,198170.0,66073.0,132097.0,41888.0,-2996.0,44884.0,24609.0,-7.783742331288335,-7.783742331288335,-7.476993865030668,-6.326687116564411,-15.490797546012269,-25.19171779141103
S8_nc_up_price_down,2012-03-20,25.61,,738649.0,190862.0,65218.0,125644.0,25428.0,4813.0,20615.0,32566.0,-4.607575165950795,-4.607575165950795,-5.310425614994141,-12.768449824287387,-19.05505661850839,-22.022647403358064
S8_nc_up_price_down,2012-05-22,19.92,1.0,729589.0,191733.0,122709.0,69024.0,7463.0,-2551.0,10014.0,2322.0,-1.5060240963855498,-2.208835341365467,-0.20080321285141922,8.534136546184733,16.415662650602414,1.1546184738955745
S8_nc_up_price_down,2012-07-24,23.49,52.7,668671.0,180428.0,44484.0,135944.0,11468.0,-4825.0,16293.0,2043.0,-3.618561089825445,-3.618561089825445,-8.812260536398453,-15.79395487441464,-18.646232439335886,-14.389101745423583
S8_nc_up_price_down,2012-10-02,21.59,44.1,674997.0,161209.0,103724.0,57485.0,3342.0,-11118.0,14460.0,-8388.0,-0.5558128763316406,-0.5558128763316406,-6.5771190365910055,-9.4025011579435,-11.255210745715605,-9.911996294580828
S8_nc_up_price_down,2012-10-09,21.47,43.0,679261.0,161314.0,75917.0,85397.0,105.0,-27807.0,27912.0,4264.0,-6.054960409874233,-6.054960409874233,-8.47694457382394,-8.756404285048902,-8.849557522123884,-12.20307405682346
S8_nc_up_price_down,2013-03-12,18.81,16.8,797883.0,204540.0,169997.0,34543.0,3196.0,-28818.0,32014.0,12459.0,-2.4986709197235446,-2.4986709197235446,-5.103668261562988,-5.05050505050505,-7.2301967038809085,-12.227538543327999
S8_nc_up_price_down,2013-04-16,17.9,6.0,854731.0,213959.0,216032.0,-2073.0,-109.0,-22737.0,22628.0,-15544.0,-1.0055865921787643,-1.0055865921787643,-1.2849162011173032,-4.972067039106132,-9.441340782122898,-9.888268156424584
S8_nc_up_price_down,2013-05-28,16.72,0.8,894044.0,235437.0,237973.0,-2536.0,14196.0,3802.0,10394.0,30747.0,-2.0334928229665095,-2.0334928229665095,-2.8708133971291905,1.9138755980861344,-3.409090909090906,-2.2727272727272707
S8_nc_up_price_down,2013-06-25,17.04,12.0,861280.0,224028.0,222115.0,1913.0,-9631.0,-30048.0,20417.0,-52842.0,-3.110328638497639,-3.110328638497639,-4.8708920187793385,-5.223004694835687,-4.107981220657275,1.0563380281690016
S8_nc_up_price_down,2013-07-02,16.51,4.4,832420.0,231182.0,209689.0,21493.0,7154.0,-12426.0,19580.0,-28860.0,-1.0296789824349006,-1.8170805572380377,-2.604482132041208,2.4833434282253153,-0.3634161114476231,6.0569351907934665
S8_nc_up_price_down,2013-08-13,17.22,25.6,870259.0,230496.0,193345.0,37151.0,8915.0,-22347.0,31262.0,18217.0,-4.297328687572577,-4.297328687572577,-4.355400696864109,-0.464576074332157,7.781649245063882,5.1103368176539155
S8_nc_up_price_down,2013-09-10,17.19,32.4,922110.0,245067.0,189250.0,55817.0,1860.0,-27231.0,29091.0,-12265.0,-2.2687609075043635,-2.2687609075043635,1.2798138452588592,8.376963350785328,6.108202443280963,-2.9668411867364797
S8_nc_up_price_down,2014-02-04,16.06,9.2,852157.0,249418.0,234862.0,14556.0,-3038.0,-23868.0,20830.0,11594.0,-3.735990037359882,-3.735990037359882,2.49066002490661,13.511830635118315,5.666251556662516,10.834371108343731
S8_nc_up_price_down,2014-03-11,18.03,83.6,792621.0,245308.0,98423.0,146885.0,6272.0,-20951.0,27223.0,4668.0,-4.936217415418753,-4.936217415418753,-5.823627287853583,-4.825291181364399,-4.27066001109262,-6.655574043261248
S8_nc_up_price_down,2014-05-20,17.58,76.4,823802.0,265456.0,75272.0,190184.0,5188.0,-8348.0,13536.0,16037.0,-3.1854379977246827,-2.6734926052332186,-3.0716723549487956,-0.28441410693968994,-3.7542662116040737,-9.49943117178611
S8_nc_up_price_down,2014-11-25,16.0,28.0,825980.0,266906.0,233015.0,33891.0,3931.0,-15283.0,19214.0,9889.0,-4.749999999999998,-5.687500000000001,-3.312499999999996,-7.750000000000002,-4.062500000000002,-11.4375
S8_nc_up_price_down,2015-01-20,15.83,34.4,815626.0,245303.0,214917.0,30386.0,-1017.0,-22970.0,21953.0,-2499.0,-3.9797852179406235,-3.9797852179406235,-8.591282375236887,-4.674668351231837,-19.58307012002527,-15.161086544535696
S8_nc_up_price_down,2015-01-27,15.2,17.6,823104.0,241699.0,170291.0,71408.0,-3604.0,-44626.0,41022.0,7478.0,-4.802631578947358,-4.802631578947358,-3.223684210526301,-9.276315789473689,-17.63157894736842,-13.881578947368423
S8_nc_up_price_down,2015-02-17,15.14,21.2,857342.0,239236.0,184870.0,54366.0,-1319.0,-20091.0,18772.0,-7225.0,-6.406869220607669,-6.406869220607669,-11.096433289299867,-15.323645970937916,-14.134742404227218,-14.398943196829583
S8_nc_up_price_down,2015-04-14,13.19,9.6,893089.0,250609.0,237700.0,12909.0,-1852.0,-28296.0,26444.0,-42951.0,-5.913570887035624,-5.913570887035624,-0.15163002274449777,2.8809704321455687,-8.946171341925702,-9.780136467020462
S8_nc_up_price_down,2015-04-28,13.17,11.6,834880.0,237179.0,193960.0,43219.0,2577.0,-33914.0,36491.0,-18611.0,-3.1890660592255093,-3.1890660592255093,3.037205770690976,-9.870918754745638,-12.604403948367505,-12.300683371298405
S8_nc_up_price_down,2015-05-12,13.57,20.8,849346.0,242083.0,177452.0,64631.0,4022.0,-24594.0,28616.0,40552.0,-5.232129697862941,-5.232129697862941,-12.527634487840833,-11.495946941783352,-12.306558585114225,-21.14959469417834
S8_nc_up_price_down,2015-06-30,12.47,13.6,838247.0,239238.0,233461.0,5777.0,-8819.0,-36948.0,28129.0,-27517.0,-1.122694466720131,-1.2830793905372895,-0.0801924619085792,-8.099438652766633,-15.557337610264643,-10.264635124298326
S8_nc_up_price_down,2015-07-14,12.64,19.6,794716.0,240805.0,172429.0,68376.0,4309.0,-30472.0,34781.0,3723.0,-9.651898734177223,-9.651898734177223,-11.629746835443044,-15.981012658227856,-9.572784810126588,10.6012658227848
S8_nc_up_price_down,2015-11-03,15.49,92.4,827353.0,257996.0,72638.0,185358.0,9681.0,-3692.0,13373.0,25859.0,-5.035506778566812,-5.035506778566812,-4.5836023240800605,-0.9683666881859287,-1.6139444803098812,-17.1723692704971
S8_nc_up_price_down,2016-03-22,16.58,100.0,827890.0,237051.0,62452.0,174599.0,37702.0,762.0,36940.0,59300.0,-4.342581423401681,-4.2822677925210995,-11.821471652593484,-6.091676718938466,1.3872135102533267,18.697225572979505
S8_nc_up_price_down,2016-03-29,15.86,97.2,865776.0,258383.0,69263.0,189120.0,21332.0,6811.0,14521.0,37886.0,-7.692307692307687,-7.692307692307687,-11.286254728877676,-0.567465321563676,4.728877679697363,20.05044136191676
S8_nc_up_price_down,2016-05-03,16.25,98.4,789143.0,261390.0,54891.0,206499.0,20266.0,3748.0,16518.0,16693.0,-1.4153846153846183,-1.4153846153846183,3.5076923076923006,7.138461538461538,28.123076923076916,15.692307692307693
S8_nc_up_price_down,2016-05-17,16.82,99.2,848078.0,310859.0,58525.0,252334.0,13461.0,-7097.0,20558.0,42772.0,-1.2485136741973935,-1.2485136741973935,3.5077288941736118,17.479191438763376,18.370986920332943,16.52794292508919
S8_nc_up_price_down,2016-08-23,20.73,98.8,903799.0,367444.0,58163.0,309281.0,19017.0,6645.0,12372.0,20659.0,-1.013024602026058,-1.013024602026058,-2.1225277375783946,7.09117221418234,10.323203087313072,-1.7848528702363753
S8_nc_up_price_down,2017-02-07,20.72,77.6,859366.0,245518.0,31699.0,213819.0,12067.0,-4331.0,16398.0,28022.0,-1.2065637065637014,-1.2065637065637014,-0.04826254826253429,-11.196911196911197,-22.29729729729729,-25.820463320463315
S8_nc_up_price_down,2017-05-23,15.87,4.8,798742.0,222316.0,159396.0,62920.0,1997.0,-17591.0,19588.0,5820.0,-5.35601764335224,-6.301197227473221,-10.901071203528668,-17.706364209199744,-9.199747952110894,-16.257088846880908
S8_nc_up_price_down,2017-08-01,14.88,17.2,762626.0,174500.0,200233.0,-25733.0,-6118.0,-22324.0,16206.0,-8434.0,-7.392473118279574,-7.392473118279574,-11.760752688172039,-7.123655913978499,-12.096774193548388,-4.704301075268824
S8_nc_up_price_down,2017-09-12,14.02,17.2,801502.0,176887.0,216340.0,-39453.0,-2573.0,-19450.0,16877.0,-22965.0,-1.854493580599148,-1.854493580599148,-5.777460770328091,1.0699001426533572,4.992867332382311,3.0670470756062773
S8_nc_up_price_down,2017-09-19,13.76,12.0,767416.0,177133.0,196823.0,-19690.0,246.0,-19517.0,19763.0,-34086.0,-3.9970930232558044,-3.9970930232558044,2.034883720930236,1.9622093023255793,9.738372093023262,0.6540697674418672
S8_nc_up_price_down,2017-11-14,15.1,47.6,708272.0,181273.0,172908.0,8365.0,10372.0,-33715.0,44087.0,-3508.0,-1.4569536423840956,-1.4569536423840956,-0.1986754966887383,-8.278145695364236,-6.092715231788082,-9.0728476821192
S8_nc_up_price_down,2018-01-02,15.33,60.4,757204.0,172520.0,180718.0,-8198.0,7687.0,-21677.0,29364.0,1015.0,-3.9138943248532287,-3.9138943248532287,-12.45923026744945,-13.698630136986301,-10.567514677103718,-19.43900848010437
S8_nc_up_price_down,2018-01-09,14.73,48.8,769647.0,186461.0,171315.0,15146.0,13941.0,-9403.0,23344.0,12443.0,-7.739307535641549,-8.89341479972845,-10.658520027155472,-4.95587236931433,-12.491513917175833,-16.22539035980991
S8_nc_up_price_down,2018-02-13,13.48,12.4,893480.0,196114.0,282845.0,-86731.0,-7653.0,-20500.0,12847.0,-34890.0,-0.8902077151335397,-0.7418397626112738,-0.7418397626112738,-5.341246290801194,-10.608308605341243,-16.3946587537092
S8_nc_up_price_down,2018-03-06,13.45,14.4,841282.0,179921.0,261949.0,-82028.0,-15172.0,-33470.0,18298.0,-23226.0,-6.171003717472123,-6.171003717472123,-6.617100371747209,-8.773234200743495,-12.639405204460964,-4.907063197026018
S8_nc_up_price_down,2018-05-01,11.69,3.2,977547.0,229548.0,332439.0,-102891.0,9906.0,-1439.0,11345.0,-32695.0,-1.112061591103497,-1.112061591103497,-1.4542343883661268,7.784431137724557,0.2566295979469668,-5.645851154833192
S8_nc_up_price_down,2018-05-29,12.46,16.8,1006973.0,249092.0,260310.0,-11218.0,-2819.0,-37255.0,34436.0,-25730.0,-3.5313001605136507,-3.5313001605136507,-0.882825040128421,-2.7287319422151013,-10.272873194221521,-18.29855537720707
S8_nc_up_price_down,2018-06-26,12.12,16.0,965073.0,251080.0,219367.0,31713.0,10241.0,-7533.0,17774.0,2041.0,-6.02310231023101,-6.02310231023101,-6.848184818481851,-7.755775577557755,-16.006600660066006,-10.89108910891088
S8_nc_up_price_down,2018-09-11,11.18,17.6,907199.0,194789.0,298065.0,-103276.0,-24104.0,-37183.0,13079.0,-103429.0,-5.903398926654746,-5.903398926654746,-7.334525939177105,16.010733452593918,15.921288014311274,13.77459749552774
S8_nc_up_price_down,2018-09-18,10.52,6.0,811721.0,188789.0,237017.0,-48228.0,-6000.0,-61048.0,55048.0,-95478.0,-1.520912547528519,-1.520912547528519,14.733840304182522,25.95057034220534,19.86692015209126,21.10266159695817
S8_nc_up_price_down,2018-10-23,13.81,77.6,778533.0,197730.0,148929.0,48801.0,22399.0,-14842.0,37241.0,33741.0,-3.54815351194786,-3.54815351194786,-6.154960173787105,-9.775524981897178,-9.703113685734976,-5.648081100651714
S8_nc_up_price_down,2018-10-30,13.32,65.6,801819.0,204730.0,143406.0,61324.0,7000.0,-5523.0,12523.0,23286.0,-2.7027027027026973,-2.7027027027026973,-5.3303303303303355,-3.603603603603611,-8.033033033033032,-3.9789789789789864
S8_nc_up_price_down,2019-01-15,13.16,82.0,890199.0,164578.0,169416.0,-4838.0,4053.0,-24284.0,28337.0,-11015.0,-1.747720364741645,-1.4437689969604817,-4.787234042553202,-3.115501519756836,-5.699088145896658,-3.7993920972644424
S8_nc_up_price_down,2019-03-19,12.78,78.0,920560.0,173724.0,229191.0,-55467.0,-2578.0,-13098.0,10520.0,39480.0,-1.4866979655712043,-1.4866979655712043,-0.9389671361502261,-2.1126760563380254,-7.276995305164313,-0.23474178403755097
S8_nc_up_price_down,2019-04-09,12.78,78.0,915486.0,188407.0,204435.0,-16028.0,11461.0,-10510.0,21971.0,4359.0,-2.1126760563380254,-2.1126760563380254,-0.7824726134585291,-8.841940532081372,-2.1126760563380254,-3.2863849765258246
S8_nc_up_price_down,2019-04-23,12.7,69.2,880933.0,213850.0,198787.0,15063.0,10252.0,-6496.0,16748.0,-6265.0,-2.8346456692913358,-2.8346456692913358,-5.905511811023622,-7.007874015748017,-1.5748031496062964,-9.055118110236204
S8_nc_up_price_down,2019-06-18,12.61,60.8,936818.0,202237.0,225494.0,-23257.0,-3010.0,-56141.0,53131.0,-56460.0,-2.2204599524187074,-2.2204599524187074,-2.0618556701030966,-6.5027755749405225,-7.930214115781132,-14.908802537668508
S8_nc_up_price_down,2019-07-30,12.15,32.4,949627.0,225774.0,294003.0,-68229.0,7314.0,-12164.0,19478.0,2337.0,-3.4567901234567877,-3.4567901234567877,-3.539094650205754,-7.489711934156384,-2.8806584362139898,0.3292181069958877
S8_nc_up_price_down,2019-10-01,12.88,84.8,880474.0,208928.0,318097.0,-109169.0,-6189.0,-45241.0,39052.0,-98530.0,-3.2608695652173947,-3.2608695652173947,-2.2515527950310643,-4.192546583850943,-0.7763975155279601,4.347826086956519
S8_nc_up_price_down,2019-11-05,12.71,77.2,978065.0,180017.0,347054.0,-167037.0,3088.0,-7442.0,10530.0,10296.0,-0.9441384736428082,-0.9441384736428082,-0.15735641227381247,2.7537372147915073,4.720692368213997,17.151848937844207
S8_nc_up_price_down,2019-12-10,13.46,100.0,1010184.0,226474.0,209344.0,17130.0,10301.0,-58008.0,68309.0,5204.0,-1.411589895988119,-1.411589895988119,-0.6686478454680622,1.634472511144125,10.84695393759285,-6.3150074294205165
S8_nc_up_price_down,2020-02-11,15.41,100.0,1251740.0,306419.0,134055.0,172364.0,12999.0,-2329.0,15328.0,52411.0,-0.8436080467229101,1.10317975340688,-4.023361453601559,-20.441271901362757,-32.7060350421804,-32.965606748864374
S8_nc_up_price_down,2020-02-18,15.28,99.2,1241072.0,315647.0,123917.0,191730.0,9228.0,-10138.0,19366.0,-10668.0,-0.8507853403141308,-0.8507853403141308,-9.947643979057585,-28.730366492146587,-33.507853403141354,-32.85340314136126
S8_nc_up_price_down,2020-02-25,15.15,96.8,1206094.0,337831.0,121727.0,216104.0,22184.0,-2190.0,24374.0,-34978.0,-9.174917491749179,-9.174917491749179,-16.897689768976896,-25.610561056105617,-35.11551155115512,-26.13861386138614
S8_nc_up_price_down,2020-05-05,10.78,11.2,923784.0,177939.0,145745.0,32194.0,-8598.0,-22975.0,14377.0,-27164.0,-4.916512059369193,-4.916512059369193,0.6493506493506551,7.792207792207795,12.894248608534319,12.337662337662337
S8_nc_up_price_down,2020-07-07,12.18,52.8,924622.0,222050.0,66478.0,155572.0,11023.0,-9648.0,20671.0,6479.0,-7.060755336617397,-7.060755336617397,-4.187192118226601,4.92610837438423,3.284072249589487,10.919540229885062
S8_nc_up_price_down,2020-08-18,12.89,72.4,1018436.0,284216.0,43108.0,241108.0,21176.0,-815.0,21991.0,15983.0,-1.0085337470907785,-1.0085337470907785,-2.4049650892164487,-4.189294026377044,10.162916989914649,12.412723041117136
S8_nc_up_price_down,2020-08-25,12.76,66.4,1062658.0,300927.0,46838.0,254089.0,16711.0,3730.0,12981.0,44222.0,-1.4106583072100332,-1.4106583072100332,-5.721003134796243,0.4702194357366851,13.479623824451426,21.081504702194366
S8_nc_up_price_down,2020-10-27,14.83,94.8,1036579.0,358746.0,50283.0,308463.0,10840.0,-1635.0,12475.0,27914.0,-0.7417397167902906,-0.7417397167902906,-1.011463250168576,1.4160485502360043,0.0,6.136210384356033
S8_nc_up_price_down,2020-11-17,15.31,97.6,1079515.0,350269.0,52626.0,297643.0,11141.0,-4577.0,15718.0,23130.0,-1.7635532331809367,-1.7635532331809367,-4.637491835401708,-5.355976485956893,7.446113651208353,9.274983670803394
S8_nc_up_price_down,2021-01-05,16.12,100.0,1089003.0,330921.0,57271.0,273650.0,31862.0,2096.0,29766.0,36735.0,-4.094292803970223,-4.094292803970223,0.9305210918113982,-0.49627791563277013,0.8684863523573227,-8.746898263027292
S8_nc_up_price_down,2021-02-23,18.41,99.6,1065425.0,282375.0,44439.0,237936.0,122.0,-10874.0,10996.0,-59249.0,-10.755024443237371,-10.755024443237371,-13.633894622487775,-16.18685497012493,-7.984790874524705,-7.930472569255842
S8_nc_up_price_down,2021-04-27,17.94,98.8,1021800.0,311478.0,43710.0,267768.0,35734.0,-2865.0,38599.0,7039.0,-4.570791527313267,-4.570791527313267,0.8918617614269708,-5.016722408026764,-6.967670011148275,-1.7837235228539638
S8_nc_up_price_down,2021-05-11,18.1,98.8,1030575.0,325469.0,44266.0,281203.0,19262.0,1105.0,18157.0,37799.0,-4.917127071823202,-4.917127071823202,-5.856353591160235,-2.044198895027627,-3.5911602209944826,2.872928176795586
S8_nc_up_price_down,2021-07-06,17.87,96.8,931814.0,303961.0,39956.0,264005.0,23204.0,-73.0,23277.0,39646.0,-4.420817011751554,-4.420817011751554,-2.5741466144376113,0.6155567991046329,11.02406267487408,5.987688864017904
S8_nc_up_price_down,2021-07-27,18.35,98.8,954073.0,307945.0,36958.0,270987.0,25433.0,-3085.0,28518.0,33408.0,-2.0163487738419694,-2.0163487738419694,6.757493188010888,6.7029972752043365,5.340599455040862,3.378746594005433
S8_nc_up_price_down,2021-11-23,20.11,96.8,920493.0,297379.0,47753.0,249626.0,18486.0,-3751.0,22237.0,14108.0,-7.508702138239675,-7.508702138239675,-1.4420686225758317,-4.226752859273986,-6.0169070114371,-9.497762307309799
S8_nc_up_price_down,2021-12-14,19.65,83.6,874996.0,257362.0,40899.0,216463.0,8951.0,-16273.0,25224.0,17375.0,-4.631043256997458,-4.631043256997458,-2.7989821882951516,-6.666666666666665,-6.8702290076335775,-2.0865139949109435
S8_nc_up_price_down,2022-03-08,19.43,75.6,837413.0,213623.0,62547.0,151076.0,32692.0,-33845.0,66537.0,21202.0,-3.6026762738033957,-3.6026762738033957,-1.4410705095213694,1.1322696860524895,-4.168811116829641,-0.4117344312918103
S8_nc_up_price_down,2022-04-12,20.22,97.6,916130.0,292621.0,52757.0,239864.0,49488.0,-1829.0,51317.0,56259.0,-2.3738872403560873,-2.9673590504450953,-5.934718100890201,-8.259149357072193,-4.599406528189909,-6.7260138476755715
S8_nc_up_price_down,2022-05-24,19.75,82.0,847420.0,262661.0,53174.0,209487.0,9909.0,-2948.0,12857.0,22139.0,-1.7721518987341867,-1.5696202531645498,-3.8987341772151907,-6.9367088607594996,-9.417721518987342,-8.405063291139236
S8_nc_up_price_down,2022-07-19,18.84,35.6,703614.0,192030.0,64868.0,127162.0,3339.0,-17954.0,21293.0,2470.0,-7.271762208067944,-7.271762208067944,-6.104033970276001,-3.0254777070063743,-3.0254777070063743,-0.849256900212314
S8_nc_up_price_down,2022-08-16,18.27,14.4,737535.0,171404.0,121434.0,49970.0,-2724.0,-26629.0,23905.0,-28134.0,-2.0799124247400047,-2.0799124247400047,-0.9304871373836843,0.0,2.244116037219479,6.075533661740562
S8_nc_up_price_down,2022-09-13,18.38,26.0,751873.0,182761.0,114431.0,68330.0,4417.0,-6142.0,10559.0,-8728.0,-1.0337323177366575,-1.0337323177366575,-1.0337323177366575,1.9586507072905324,3.3732317736670403,6.039173014145804
S8_nc_up_price_down,2022-09-27,18.19,19.2,710887.0,171124.0,122523.0,48601.0,7081.0,-4175.0,11256.0,-34085.0,-1.5393073117097367,-1.5393073117097367,3.023639362286956,-0.43980208905993745,8.521165475535986,14.073666849917533
S8_nc_up_price_down,2022-10-18,18.67,47.2,711664.0,205568.0,79156.0,126412.0,22518.0,-2779.0,25297.0,24455.0,-2.9994643813604838,-2.9994643813604838,-1.2854847348687803,8.677021960364195,8.677021960364195,5.677557579003745
S8_nc_up_price_down,2022-11-15,20.29,99.2,832522.0,251928.0,95734.0,156194.0,56997.0,-9015.0,66012.0,66182.0,-2.7106949236076927,-2.7106949236076927,-3.2528339083292224,0.0,-2.7599802858550904,4.484967964514541
S8_nc_up_price_down,2022-11-22,19.74,92.0,872727.0,287196.0,99234.0,187962.0,35268.0,3500.0,31768.0,40205.0,-1.2158054711246091,-0.5572441742654477,-1.266464032421477,5.116514690982776,-0.20263424518742745,8.054711246200608
S8_nc_up_price_down,2022-12-20,20.58,100.0,922300.0,326115.0,92949.0,233166.0,38063.0,-2052.0,40115.0,22523.0,-1.263362487852271,-2.0894071914480117,-6.025267249757038,-4.178814382896013,4.033041788143832,-0.4859086491739495
S8_nc_up_price_down,2022-12-27,20.32,98.0,943801.0,342482.0,96052.0,246430.0,16367.0,3103.0,13264.0,21501.0,-3.0511811023622104,-3.8385826771653586,-3.297244094488194,1.7716535433070835,4.7244094488189115,2.460629921259838
S8_nc_up_price_down,2023-01-31,21.76,100.0,995391.0,333718.0,86646.0,247072.0,63568.0,1580.0,61988.0,70543.0,-4.227941176470596,-4.227941176470596,-0.8731617647058876,-5.46875,-2.343750000000011,24.034926470588225
S8_nc_up_price_down,2023-03-07,21.02,92.8,929179.0,329833.0,89124.0,240709.0,16155.0,-755.0,16910.0,16509.0,-1.6175071360608917,-1.6175071360608917,-1.0466222645099887,6.8981921979067495,19.7431018078021,18.363463368220746
S8_nc_up_price_down,2023-04-25,26.65,100.0,959708.0,354581.0,75053.0,279528.0,13885.0,3529.0,10356.0,-1352.0,-5.666041275797362,-5.666041275797362,-1.7260787992495197,-3.1519699812382784,-6.454033771106937,-6.153846153846143
S8_nc_up_price_down,2023-07-25,24.69,82.8,911185.0,303615.0,83801.0,219814.0,23117.0,-391.0,23508.0,30165.0,-1.2150668286755817,-1.2150668286755817,-5.022276225192391,-5.224787363304994,8.505467800729027,11.30012150668287
S8_nc_up_price_down,2023-11-07,27.55,98.8,879489.0,328025.0,95942.0,232083.0,17382.0,-1112.0,18494.0,13630.0,-1.343012704174229,-1.343012704174229,0.6533575317604345,-16.515426497277673,-23.37568058076226,-14.59165154264973
S8_nc_up_price_down,2024-02-13,23.3,27.6,884135.0,184125.0,91970.0,92155.0,420.0,-11211.0,11631.0,3131.0,-2.3605150214592308,-2.274678111587991,3.0472103004291817,-5.536480686695278,-10.557939914163095,-16.09442060085837
S8_nc_up_price_down,2024-02-27,23.84,38.8,822162.0,187869.0,84615.0,103254.0,3695.0,-7869.0,11564.0,-26401.0,-12.5,-12.5,-8.011744966442958,-6.082214765100669,-16.65268456375838,-23.61577181208053
S8_nc_up_price_down,2024-04-02,22.32,16.8,845531.0,196650.0,79189.0,117461.0,12101.0,-4935.0,17036.0,6300.0,-3.7186379928315527,-3.7186379928315527,-12.141577060931908,-12.903225806451612,-17.92114695340502,-9.722222222222232
S8_nc_up_price_down,2024-07-02,20.62,24.4,775139.0,181116.0,116258.0,64858.0,803.0,-26868.0,27671.0,-33835.0,-4.704170708050448,-4.073714839961207,-6.062075654704168,-7.75945683802135,-4.99515033947624,12.948593598448088
S8_nc_up_price_down,2024-08-27,19.67,31.2,831103.0,188930.0,141015.0,47915.0,614.0,-27997.0,28611.0,8155.0,-1.3726487036095691,-2.0843924758515486,-4.778851042196242,19.827147941026936,13.624809354346713,10.066090493136738
S8_nc_up_price_down,2024-09-03,19.4,26.0,831823.0,185306.0,112504.0,72802.0,-3624.0,-28511.0,24887.0,720.0,-4.999999999999993,-4.999999999999993,3.0927835051546504,18.556701030927837,13.814432989690717,11.5979381443299
S8_nc_up_price_down,2024-09-24,23.2,71.6,810059.0,197713.0,82330.0,115383.0,23274.0,-19859.0,43133.0,53787.0,-0.8620689655172376,-0.8620689655172376,-3.1896551724137856,-6.293103448275861,-5.344827586206891,-15.517241379310331
S8_nc_up_price_down,2024-10-01,23.0,70.8,791833.0,230838.0,101377.0,129461.0,33125.0,19047.0,14078.0,-18226.0,-2.347826086956517,-2.347826086956517,-0.5652173913043401,-4.0000000000000036,-5.869565217391315,-16.30434782608695
S8_nc_up_price_down,2024-12-03,21.34,53.2,890137.0,228964.0,140649.0,88315.0,4238.0,-7983.0,12221.0,13002.0,-1.2652296157450782,-1.2652296157450782,-7.122774133083409,-7.778819119025304,-9.090909090909093,-14.386129334582943
S8_nc_up_price_down,2025-02-25,21.38,71.6,965822.0,206226.0,172735.0,33491.0,614.0,-53584.0,54198.0,-22476.0,-15.154349859681936,-15.154349859681936,-12.862488306828812,-8.559401309635161,-16.089803554724035,-17.025257249766135
S8_nc_up_price_down,2025-03-18,19.91,59.6,899339.0,189131.0,157329.0,31802.0,4912.0,-18151.0,23063.0,18043.0,-1.8081366147664424,-1.8081366147664424,-2.7624309392265234,-11.803114013058769,-9.191361125062791,-18.332496233048712
S8_nc_up_price_down,2025-03-25,19.55,50.4,898876.0,211369.0,159327.0,52042.0,22238.0,1998.0,20240.0,-463.0,-0.9718670076726443,-0.9718670076726443,-6.39386189258312,-8.23529411764705,-9.25831202046037,-17.85166240409208
S8_nc_up_price_down,2025-09-16,15.88,4.8,918579.0,175246.0,281590.0,-106344.0,5166.0,-28100.0,33266.0,-36179.0,-1.3853904282115859,-1.3853904282115859,4.534005037783384,-0.06297229219144329,-10.075566750629728,-6.17128463476071
S8_nc_up_price_down,2025-12-30,14.86,12.4,923101.0,155133.0,292955.0,-137822.0,-6151.0,-17870.0,11719.0,-15696.0,-0.6729475100942128,0.7402422611036519,-1.4804845222072593,-1.0094212651413081,-6.3257065948855935,5.989232839838499
S8_nc_up_price_down,2026-01-27,14.83,14.0,1006304.0,153423.0,321176.0,-167753.0,9767.0,-828.0,10595.0,20588.0,-1.3486176668914274,-1.3486176668914274,-4.855023600809172,-1.8206338503034325,4.720161834120029,-8.159136884693197
S8_nc_up_price_down,2026-03-24,15.9,53.2,940662.0,205205.0,301009.0,-95804.0,12896.0,-99055.0,111951.0,-64947.0,-2.4528301886792447,-2.4528301886792447,-10.31446540880504,-14.52830188679246,-7.169811320754715,-14.402515723270447
S8_nc_up_price_down,2026-03-31,15.51,43.2,927493.0,192731.0,257848.0,-65117.0,-12474.0,-43161.0,30687.0,-13169.0,-6.060606060606055,-8.059316569954866,-12.959381044487428,-5.286911669890393,-10.251450676982587,-9.73565441650548
S8_nc_up_price_down,2026-05-05,15.37,50.8,969640.0,247159.0,342678.0,-95519.0,26129.0,-22303.0,48432.0,-3038.0,-2.5374105400130076,-2.5374105400130076,-2.1470396877033227,-7.482108002602461,-3.6434612882238038,-4.684450227716319
S8_nc_up_price_down,2026-05-19,15.04,48.8,970925.0,240256.0,319165.0,-78909.0,12829.0,-5680.0,18509.0,9502.0,-3.390957446808507,-6.050531914893609,-5.452127659574457,-7.91223404255319,-1.4627659574467988,10.372340425531924
S8_nc_up_price_down,2026-07-07,15.1,61.6,997547.0,263310.0,322583.0,-59273.0,20190.0,-17267.0,37457.0,5207.0,-1.192052980132452,-1.192052980132452,-1.3245033112582738,-0.26490066225165476,21.721854304635755,
S8_nc_up_price_down,2026-08-18,17.48,100.0,1174925.0,325076.0,247124.0,77952.0,7696.0,-42869.0,50565.0,59768.0,-1.3157894736842146,-1.3157894736842146,5.148741418764291,3.0320366132723153,,
S8_nc_up_price_down,2026-09-01,18.38,100.0,1275546.0,396661.0,265136.0,131525.0,31663.0,10272.0,21391.0,24407.0,-1.6322089227421177,-0.16322089227419623,-2.0130576713819237,,,
S8_nc_up_price_down,2026-09-08,18.08,98.8,1276579.0,394122.0,235936.0,158186.0,-2539.0,-29200.0,26661.0,1033.0,-0.5530973451327359,-0.5530973451327359,,,,
