Country,Market_Year,Unit,Area Harvested,Beginning Stocks,Production,Imports,Total Supply,Exports,Domestic Use,Ending Stocks,Stocks_to_Use_Pct
Australia,1960,1000 480-lb bales,11.0000,27.0000,8.0000,80.0000,115.0000,0.0000,88.0000,27.0000,30.68
Australia,1961,1000 480-lb bales,13.0000,27.0000,8.0000,83.0000,118.0000,0.0000,94.0000,24.0000,25.53
Australia,1962,1000 480-lb bales,13.0000,24.0000,10.0000,93.0000,127.0000,0.0000,97.0000,30.0000,30.93
Australia,1963,1000 480-lb bales,18.0000,30.0000,16.0000,116.0000,162.0000,0.0000,121.0000,40.0000,33.06
Australia,1964,1000 480-lb bales,14.0000,40.0000,45.0000,112.0000,197.0000,0.0000,127.0000,70.0000,55.12
Australia,1965,1000 480-lb bales,19.0000,70.0000,91.0000,65.0000,226.0000,0.0000,130.0000,96.0000,73.85
Australia,1966,1000 480-lb bales,21.0000,96.0000,85.0000,40.0000,221.0000,0.0000,132.0000,89.0000,67.42
Australia,1967,1000 480-lb bales,30.0000,89.0000,150.0000,57.0000,296.0000,1.0000,129.0000,166.0000,128.68
Australia,1968,1000 480-lb bales,31.0000,166.0000,153.0000,24.0000,343.0000,19.0000,133.0000,191.0000,143.61
Australia,1969,1000 480-lb bales,31.0000,191.0000,127.0000,20.0000,338.0000,66.0000,142.0000,130.0000,91.55
Australia,1970,1000 480-lb bales,25.0000,130.0000,90.0000,38.0000,258.0000,19.0000,143.0000,96.0000,67.13
Australia,1971,1000 480-lb bales,40.0000,96.0000,200.0000,34.0000,330.0000,15.0000,130.0000,179.0000,137.69
Australia,1972,1000 480-lb bales,43.0000,179.0000,146.0000,17.0000,342.0000,100.0000,135.0000,107.0000,79.26
Australia,1973,1000 480-lb bales,34.0000,107.0000,140.0000,46.0000,293.0000,14.0000,150.0000,128.0000,85.33
Australia,1974,1000 480-lb bales,34.0000,128.0000,153.0000,12.0000,293.0000,44.0000,111.0000,129.0000,116.22
Australia,1975,1000 480-lb bales,30.0000,129.0000,115.0000,18.0000,262.0000,69.0000,128.0000,63.0000,49.22
Australia,1976,1000 480-lb bales,34.0000,63.0000,128.0000,23.0000,214.0000,24.0000,111.0000,75.0000,67.57
Australia,1977,1000 480-lb bales,40.0000,75.0000,204.0000,17.0000,296.0000,48.0000,104.0000,144.0000,138.46
Australia,1978,1000 480-lb bales,49.0000,144.0000,244.0000,6.0000,394.0000,109.0000,105.0000,177.0000,168.57
Australia,1979,1000 480-lb bales,70.0000,177.0000,382.0000,4.0000,563.0000,279.0000,106.0000,178.0000,167.92
Australia,1980,1000 480-lb bales,84.0000,178.0000,455.0000,8.0000,641.0000,243.0000,102.0000,296.0000,290.2
Australia,1981,1000 480-lb bales,103.0000,296.0000,615.0000,4.0000,915.0000,371.0000,98.0000,446.0000,455.1
Australia,1982,1000 480-lb bales,96.0000,446.0000,464.0000,0.0000,910.0000,617.0000,96.0000,192.0000,200.0
Australia,1983,1000 480-lb bales,137.0000,192.0000,648.0000,5.0000,845.0000,374.0000,95.0000,376.0000,395.79
Australia,1984,1000 480-lb bales,183.0000,376.0000,1144.0000,12.0000,1532.0000,690.0000,95.0000,747.0000,786.32
Australia,1985,1000 480-lb bales,177.0000,747.0000,1185.0000,2.0000,1934.0000,1138.0000,96.0000,700.0000,729.17
Australia,1986,1000 480-lb bales,148.0000,700.0000,983.0000,1.0000,1684.0000,1180.0000,103.0000,401.0000,389.32
Australia,1987,1000 480-lb bales,247.0000,401.0000,1275.0000,4.0000,1680.0000,818.0000,107.0000,755.0000,705.61
Australia,1988,1000 480-lb bales,194.0000,755.0000,1226.0000,1.0000,1982.0000,1319.0000,115.0000,548.0000,476.52
Australia,1989,1000 480-lb bales,240.0000,548.0000,1401.0000,1.0000,1950.0000,1319.0000,114.0000,517.0000,453.51
Australia,1990,1000 480-lb bales,279.0000,517.0000,1989.0000,1.0000,2507.0000,1372.0000,130.0000,1005.0000,773.08
Australia,1991,1000 480-lb bales,282.0000,1005.0000,2306.0000,2.0000,3313.0000,2111.0000,132.0000,1070.0000,810.61
Australia,1992,1000 480-lb bales,262.0000,1070.0000,1713.0000,0.0000,2783.0000,1730.0000,130.0000,923.0000,710.0
Australia,1993,1000 480-lb bales,264.0000,923.0000,1511.0000,0.0000,2434.0000,1689.0000,142.0000,653.0000,459.86
Australia,1994,1000 480-lb bales,222.0000,653.0000,1539.0000,0.0000,2192.0000,1359.0000,183.0000,700.0000,382.51
Australia,1995,1000 480-lb bales,301.0000,700.0000,1970.0000,3.0000,2673.0000,1463.0000,193.0000,1092.0000,565.8
Australia,1996,1000 480-lb bales,396.0000,1092.0000,2792.0000,1.0000,3885.0000,2383.0000,209.0000,1443.0000,690.43
Australia,1997,1000 480-lb bales,448.0000,1443.0000,3166.0000,1.0000,4610.0000,2712.0000,195.0000,1803.0000,924.62
Australia,1998,1000 480-lb bales,534.0000,1803.0000,3327.0000,0.0000,5130.0000,3040.0000,185.0000,2080.0000,1124.32
Australia,1999,1000 480-lb bales,464.0000,2080.0000,3458.0000,0.0000,5538.0000,3211.0000,190.0000,2302.0000,1211.58
Australia,2000,1000 480-lb bales,510.0000,2302.0000,3700.0000,0.0000,6002.0000,3903.0000,175.0000,2174.0000,1242.29
Australia,2001,1000 480-lb bales,405.0000,2174.0000,3200.0000,2.0000,5376.0000,3130.0000,150.0000,2296.0000,1530.67
Australia,2002,1000 480-lb bales,220.0000,2296.0000,1700.0000,0.0000,3996.0000,2655.0000,125.0000,1366.0000,1092.8
Australia,2003,1000 480-lb bales,200.0000,1366.0000,1600.0000,0.0000,2966.0000,2157.0000,75.0000,884.0000,1178.67
Australia,2004,1000 480-lb bales,320.0000,884.0000,3000.0000,1.0000,3885.0000,1998.0000,65.0000,2022.0000,3110.77
Australia,2005,1000 480-lb bales,335.0000,2022.0000,2750.0000,0.0000,4772.0000,2884.0000,60.0000,2003.0000,3338.33
Australia,2006,1000 480-lb bales,150.0000,2003.0000,1350.0000,0.0000,3353.0000,2129.0000,55.0000,1269.0000,2307.27
Australia,2007,1000 480-lb bales,65.0000,1269.0000,625.0000,0.0000,1894.0000,1219.0000,50.0000,725.0000,1450.0
Australia,2008,1000 480-lb bales,165.0000,725.0000,1525.0000,0.0000,2250.0000,1201.0000,45.0000,1104.0000,2453.33
Australia,2009,1000 480-lb bales,200.0000,1104.0000,1775.0000,0.0000,2879.0000,2112.0000,40.0000,852.0000,2130.0
Australia,2010,1000 480-lb bales,580.0000,852.0000,4200.0000,0.0000,5052.0000,2500.0000,40.0000,2762.0000,6905.0
Australia,2011,1000 480-lb bales,655.0000,2762.0000,5500.0000,0.0000,8262.0000,4640.0000,40.0000,3807.0000,9517.5
Australia,2012,1000 480-lb bales,445.0000,3807.0000,4600.0000,0.0000,8407.0000,6168.0000,40.0000,2399.0000,5997.5
Australia,2013,1000 480-lb bales,436.0000,2399.0000,4100.0000,0.0000,6499.0000,4852.0000,40.0000,1807.0000,4517.5
Australia,2014,1000 480-lb bales,205.0000,1807.0000,2300.0000,0.0000,4107.0000,2404.0000,35.0000,1748.0000,4994.29
Australia,2015,1000 480-lb bales,312.0000,1748.0000,2850.0000,0.0000,4598.0000,2828.0000,35.0000,1835.0000,5242.86
Australia,2016,1000 480-lb bales,580.0000,1835.0000,4050.0000,0.0000,5885.0000,3731.0000,35.0000,2259.0000,6454.29
Australia,2017,1000 480-lb bales,530.0000,2259.0000,4800.0000,0.0000,7059.0000,3915.0000,30.0000,3284.0000,10946.67
Australia,2018,1000 480-lb bales,380.0000,3284.0000,2200.0000,0.0000,5484.0000,3632.0000,10.0000,1922.0000,19220.0
Australia,2019,1000 480-lb bales,60.0000,1922.0000,625.0000,0.0000,2547.0000,1359.0000,10.0000,1198.0000,11980.0
Australia,2020,1000 480-lb bales,275.0000,1198.0000,2800.0000,0.0000,3998.0000,1581.0000,0.0000,2517.0000,
Australia,2021,1000 480-lb bales,635.0000,2517.0000,5850.0000,0.0000,8367.0000,3571.0000,0.0000,4996.0000,
Australia,2022,1000 480-lb bales,650.0000,4996.0000,5800.0000,0.0000,10796.0000,6186.0000,0.0000,4810.0000,
Australia,2023,1000 480-lb bales,505.0000,4810.0000,5000.0000,0.0000,9810.0000,5764.0000,0.0000,4221.0000,
Australia,2024,1000 480-lb bales,600.0000,4221.0000,5600.0000,0.0000,9821.0000,5213.0000,0.0000,4798.0000,
Australia,2025,1000 480-lb bales,470.0000,4798.0000,4500.0000,0.0000,9298.0000,5592.0000,0.0000,3866.0000,
Australia,2026,1000 480-lb bales,325.0000,3866.0000,3000.0000,0.0000,6866.0000,4500.0000,0.0000,2466.0000,
Bangladesh,1971,1000 480-lb bales,11.0000,0.0000,10.0000,150.0000,160.0000,0.0000,150.0000,7.0000,4.67
Bangladesh,1972,1000 480-lb bales,9.0000,7.0000,8.0000,265.0000,280.0000,0.0000,205.0000,64.0000,31.22
Bangladesh,1973,1000 480-lb bales,8.0000,64.0000,6.0000,223.0000,293.0000,0.0000,185.0000,98.0000,52.97
Bangladesh,1974,1000 480-lb bales,7.0000,98.0000,6.0000,164.0000,268.0000,0.0000,180.0000,78.0000,43.33
Bangladesh,1975,1000 480-lb bales,6.0000,78.0000,5.0000,176.0000,259.0000,2.0000,204.0000,53.0000,25.98
Bangladesh,1976,1000 480-lb bales,5.0000,53.0000,4.0000,173.0000,230.0000,2.0000,170.0000,58.0000,34.12
Bangladesh,1977,1000 480-lb bales,5.0000,58.0000,3.0000,142.0000,203.0000,3.0000,165.0000,35.0000,21.21
Bangladesh,1978,1000 480-lb bales,7.0000,35.0000,4.0000,217.0000,256.0000,2.0000,211.0000,40.0000,18.96
Bangladesh,1979,1000 480-lb bales,6.0000,40.0000,4.0000,212.0000,256.0000,4.0000,213.0000,37.0000,17.37
Bangladesh,1980,1000 480-lb bales,8.0000,37.0000,6.0000,205.0000,248.0000,3.0000,205.0000,36.0000,17.56
Bangladesh,1981,1000 480-lb bales,17.0000,36.0000,22.0000,193.0000,251.0000,3.0000,198.0000,44.0000,22.22
Bangladesh,1982,1000 480-lb bales,20.0000,44.0000,18.0000,208.0000,270.0000,2.0000,225.0000,38.0000,16.89
Bangladesh,1983,1000 480-lb bales,17.0000,38.0000,15.0000,266.0000,319.0000,1.0000,202.0000,99.0000,49.01
Bangladesh,1984,1000 480-lb bales,13.0000,99.0000,11.0000,247.0000,357.0000,1.0000,231.0000,115.0000,49.78
Bangladesh,1985,1000 480-lb bales,17.0000,115.0000,23.0000,186.0000,324.0000,1.0000,253.0000,64.0000,25.3
Bangladesh,1986,1000 480-lb bales,13.0000,64.0000,18.0000,217.0000,299.0000,1.0000,236.0000,60.0000,25.42
Bangladesh,1987,1000 480-lb bales,12.0000,60.0000,32.0000,197.0000,289.0000,1.0000,239.0000,47.0000,19.67
Bangladesh,1988,1000 480-lb bales,17.0000,47.0000,32.0000,346.0000,425.0000,1.0000,354.0000,22.0000,6.21
Bangladesh,1989,1000 480-lb bales,19.0000,22.0000,64.0000,507.0000,593.0000,1.0000,423.0000,166.0000,39.24
Bangladesh,1990,1000 480-lb bales,20.0000,166.0000,78.0000,367.0000,611.0000,0.0000,446.0000,160.0000,35.87
Bangladesh,1991,1000 480-lb bales,19.0000,160.0000,64.0000,444.0000,668.0000,1.0000,482.0000,182.0000,37.76
Bangladesh,1992,1000 480-lb bales,20.0000,182.0000,73.0000,356.0000,611.0000,0.0000,505.0000,102.0000,20.2
Bangladesh,1993,1000 480-lb bales,21.0000,102.0000,78.0000,322.0000,502.0000,0.0000,459.0000,40.0000,8.71
Bangladesh,1994,1000 480-lb bales,21.0000,40.0000,78.0000,413.0000,531.0000,0.0000,505.0000,24.0000,4.75
Bangladesh,1995,1000 480-lb bales,26.0000,24.0000,90.0000,482.0000,596.0000,0.0000,551.0000,42.0000,7.62
Bangladesh,1996,1000 480-lb bales,35.0000,42.0000,64.0000,519.0000,625.0000,0.0000,592.0000,31.0000,5.24
Bangladesh,1997,1000 480-lb bales,35.0000,31.0000,64.0000,597.0000,692.0000,0.0000,650.0000,41.0000,6.31
Bangladesh,1998,1000 480-lb bales,29.0000,41.0000,60.0000,650.0000,751.0000,0.0000,700.0000,50.0000,7.14
Bangladesh,1999,1000 480-lb bales,38.0000,50.0000,65.0000,775.0000,890.0000,0.0000,800.0000,89.0000,11.12
Bangladesh,2000,1000 480-lb bales,16.0000,89.0000,34.0000,1000.0000,1123.0000,0.0000,1000.0000,122.0000,12.2
Bangladesh,2001,1000 480-lb bales,51.0000,122.0000,70.0000,1200.0000,1392.0000,0.0000,1200.0000,191.0000,15.92
Bangladesh,2002,1000 480-lb bales,48.0000,191.0000,69.0000,1600.0000,1860.0000,0.0000,1550.0000,308.0000,19.87
Bangladesh,2003,1000 480-lb bales,49.0000,308.0000,70.0000,1800.0000,2178.0000,0.0000,1800.0000,376.0000,20.89
Bangladesh,2004,1000 480-lb bales,44.0000,376.0000,60.0000,2250.0000,2686.0000,0.0000,2200.0000,481.0000,21.86
Bangladesh,2005,1000 480-lb bales,50.0000,481.0000,70.0000,2450.0000,3001.0000,0.0000,2500.0000,496.0000,19.84
Bangladesh,2006,1000 480-lb bales,42.0000,496.0000,55.0000,3250.0000,3801.0000,0.0000,3200.0000,591.0000,18.47
Bangladesh,2007,1000 480-lb bales,29.0000,591.0000,35.0000,3600.0000,4226.0000,0.0000,3500.0000,721.0000,20.6
Bangladesh,2008,1000 480-lb bales,33.0000,721.0000,42.0000,3800.0000,4563.0000,0.0000,3700.0000,858.0000,23.19
Bangladesh,2009,1000 480-lb bales,32.0000,858.0000,50.0000,4000.0000,4908.0000,0.0000,4000.0000,903.0000,22.57
Bangladesh,2010,1000 480-lb bales,35.0000,903.0000,64.0000,4250.0000,5217.0000,0.0000,4200.0000,1017.0000,24.21
Bangladesh,2011,1000 480-lb bales,36.0000,1017.0000,86.0000,3400.0000,4503.0000,0.0000,3700.0000,803.0000,21.7
Bangladesh,2012,1000 480-lb bales,40.0000,803.0000,108.0000,5000.0000,5911.0000,0.0000,4700.0000,1211.0000,25.77
Bangladesh,2013,1000 480-lb bales,42.0000,1211.0000,115.0000,5300.0000,6626.0000,0.0000,5300.0000,1326.0000,25.02
Bangladesh,2014,1000 480-lb bales,43.0000,1326.0000,120.0000,5750.0000,7196.0000,0.0000,5800.0000,1396.0000,24.07
Bangladesh,2015,1000 480-lb bales,43.0000,1396.0000,119.0000,6375.0000,7890.0000,0.0000,6300.0000,1590.0000,25.24
Bangladesh,2016,1000 480-lb bales,43.0000,1590.0000,125.0000,6800.0000,8515.0000,0.0000,6800.0000,1715.0000,25.22
Bangladesh,2017,1000 480-lb bales,44.0000,1715.0000,135.0000,7600.0000,9450.0000,0.0000,7500.0000,1950.0000,26.0
Bangladesh,2018,1000 480-lb bales,44.0000,1950.0000,138.0000,7000.0000,9088.0000,0.0000,7200.0000,1888.0000,26.22
Bangladesh,2019,1000 480-lb bales,45.0000,1888.0000,142.0000,7700.0000,9730.0000,0.0000,7100.0000,2630.0000,37.04
Bangladesh,2020,1000 480-lb bales,44.0000,2630.0000,147.0000,8400.0000,11177.0000,0.0000,8700.0000,2477.0000,28.47
Bangladesh,2021,1000 480-lb bales,45.0000,2477.0000,151.0000,8450.0000,11078.0000,0.0000,8800.0000,2278.0000,25.89
Bangladesh,2022,1000 480-lb bales,45.0000,2278.0000,153.0000,7000.0000,9431.0000,0.0000,7700.0000,1731.0000,22.48
Bangladesh,2023,1000 480-lb bales,46.0000,1731.0000,155.0000,7575.0000,9461.0000,0.0000,7750.0000,1711.0000,22.08
Bangladesh,2024,1000 480-lb bales,45.0000,1711.0000,153.0000,8050.0000,9914.0000,0.0000,8200.0000,1714.0000,20.9
Bangladesh,2025,1000 480-lb bales,45.0000,1714.0000,153.0000,7200.0000,9067.0000,0.0000,7400.0000,1667.0000,22.53
Bangladesh,2026,1000 480-lb bales,45.0000,1667.0000,153.0000,7400.0000,9220.0000,0.0000,7600.0000,1620.0000,21.32
Benin,1965,1000 480-lb bales,9.0000,0.0000,12.0000,0.0000,12.0000,11.0000,1.0000,0.0000,0.0
Benin,1966,1000 480-lb bales,12.0000,0.0000,14.0000,0.0000,14.0000,10.0000,1.0000,3.0000,300.0
Benin,1967,1000 480-lb bales,16.0000,3.0000,21.0000,0.0000,24.0000,21.0000,1.0000,2.0000,200.0
Benin,1968,1000 480-lb bales,27.0000,2.0000,38.0000,0.0000,40.0000,29.0000,1.0000,10.0000,1000.0
Benin,1969,1000 480-lb bales,33.0000,10.0000,42.0000,0.0000,52.0000,40.0000,1.0000,11.0000,1100.0
Benin,1970,1000 480-lb bales,39.0000,11.0000,63.0000,0.0000,74.0000,63.0000,1.0000,10.0000,1000.0
Benin,1971,1000 480-lb bales,55.0000,10.0000,73.0000,0.0000,83.0000,77.0000,1.0000,5.0000,500.0
Benin,1972,1000 480-lb bales,48.0000,5.0000,88.0000,0.0000,93.0000,81.0000,1.0000,11.0000,1100.0
Benin,1973,1000 480-lb bales,53.0000,11.0000,79.0000,0.0000,90.0000,77.0000,1.0000,12.0000,1200.0
Benin,1974,1000 480-lb bales,49.0000,12.0000,55.0000,0.0000,67.0000,55.0000,2.0000,10.0000,500.0
Benin,1975,1000 480-lb bales,31.0000,10.0000,35.0000,0.0000,45.0000,30.0000,3.0000,12.0000,400.0
Benin,1976,1000 480-lb bales,51.0000,12.0000,34.0000,0.0000,46.0000,29.0000,5.0000,12.0000,240.0
Benin,1977,1000 480-lb bales,50.0000,12.0000,25.0000,0.0000,37.0000,25.0000,5.0000,7.0000,140.0
Benin,1978,1000 480-lb bales,50.0000,7.0000,33.0000,0.0000,40.0000,28.0000,5.0000,7.0000,140.0
Benin,1979,1000 480-lb bales,75.0000,7.0000,45.0000,0.0000,52.0000,30.0000,5.0000,17.0000,340.0
Benin,1980,1000 480-lb bales,50.0000,17.0000,20.0000,0.0000,37.0000,27.0000,5.0000,5.0000,100.0
Benin,1981,1000 480-lb bales,50.0000,5.0000,35.0000,0.0000,40.0000,25.0000,10.0000,5.0000,50.0
Benin,1982,1000 480-lb bales,50.0000,5.0000,40.0000,0.0000,45.0000,25.0000,10.0000,10.0000,100.0
Benin,1983,1000 480-lb bales,50.0000,10.0000,40.0000,0.0000,50.0000,25.0000,10.0000,15.0000,150.0
Benin,1984,1000 480-lb bales,105.0000,15.0000,151.0000,0.0000,166.0000,125.0000,10.0000,31.0000,310.0
Benin,1985,1000 480-lb bales,100.0000,31.0000,149.0000,0.0000,180.0000,125.0000,10.0000,45.0000,450.0
Benin,1986,1000 480-lb bales,100.0000,45.0000,220.0000,0.0000,265.0000,185.0000,15.0000,65.0000,433.33
Benin,1987,1000 480-lb bales,80.0000,65.0000,124.0000,0.0000,189.0000,165.0000,15.0000,9.0000,60.0
Benin,1988,1000 480-lb bales,97.0000,9.0000,202.0000,0.0000,211.0000,160.0000,15.0000,36.0000,240.0
Benin,1989,1000 480-lb bales,110.0000,36.0000,196.0000,0.0000,232.0000,200.0000,15.0000,17.0000,113.33
Benin,1990,1000 480-lb bales,123.0000,17.0000,270.0000,0.0000,287.0000,230.0000,20.0000,37.0000,185.0
Benin,1991,1000 480-lb bales,150.0000,37.0000,345.0000,0.0000,382.0000,320.0000,20.0000,42.0000,210.0
Benin,1992,1000 480-lb bales,139.0000,42.0000,315.0000,0.0000,357.0000,290.0000,18.0000,49.0000,272.22
Benin,1993,1000 480-lb bales,265.0000,49.0000,533.0000,0.0000,582.0000,480.0000,20.0000,82.0000,410.0
Benin,1994,1000 480-lb bales,230.0000,82.0000,450.0000,0.0000,532.0000,450.0000,25.0000,57.0000,228.0
Benin,1995,1000 480-lb bales,292.0000,57.0000,665.0000,0.0000,722.0000,600.0000,10.0000,112.0000,1120.0
Benin,1996,1000 480-lb bales,383.0000,112.0000,664.0000,0.0000,776.0000,680.0000,10.0000,86.0000,860.0
Benin,1997,1000 480-lb bales,380.0000,86.0000,695.0000,0.0000,781.0000,645.0000,10.0000,126.0000,1260.0
Benin,1998,1000 480-lb bales,400.0000,126.0000,650.0000,0.0000,776.0000,600.0000,10.0000,166.0000,1660.0
Benin,1999,1000 480-lb bales,363.0000,166.0000,690.0000,0.0000,856.0000,650.0000,10.0000,196.0000,1960.0
Benin,2000,1000 480-lb bales,370.0000,196.0000,640.0000,0.0000,836.0000,625.0000,10.0000,201.0000,2010.0
Benin,2001,1000 480-lb bales,383.0000,201.0000,790.0000,0.0000,991.0000,650.0000,10.0000,331.0000,3310.0
Benin,2002,1000 480-lb bales,303.0000,331.0000,640.0000,0.0000,971.0000,725.0000,10.0000,236.0000,2360.0
Benin,2003,1000 480-lb bales,314.0000,236.0000,635.0000,0.0000,871.0000,675.0000,10.0000,186.0000,1860.0
Benin,2004,1000 480-lb bales,310.0000,186.0000,750.0000,0.0000,936.0000,525.0000,10.0000,401.0000,4010.0
Benin,2005,1000 480-lb bales,200.0000,401.0000,367.0000,0.0000,768.0000,625.0000,10.0000,133.0000,1330.0
Benin,2006,1000 480-lb bales,231.0000,133.0000,475.0000,0.0000,608.0000,475.0000,10.0000,123.0000,1230.0
Benin,2007,1000 480-lb bales,234.0000,123.0000,500.0000,0.0000,623.0000,500.0000,10.0000,113.0000,1130.0
Benin,2008,1000 480-lb bales,205.0000,113.0000,405.0000,0.0000,518.0000,375.0000,10.0000,133.0000,1330.0
Benin,2009,1000 480-lb bales,180.0000,133.0000,350.0000,0.0000,483.0000,400.0000,10.0000,73.0000,730.0
Benin,2010,1000 480-lb bales,180.0000,73.0000,300.0000,0.0000,373.0000,300.0000,10.0000,63.0000,630.0
Benin,2011,1000 480-lb bales,200.0000,63.0000,350.0000,0.0000,413.0000,275.0000,10.0000,128.0000,1280.0
Benin,2012,1000 480-lb bales,300.0000,128.0000,550.0000,0.0000,678.0000,350.0000,10.0000,318.0000,3180.0
Benin,2013,1000 480-lb bales,350.0000,318.0000,575.0000,0.0000,893.0000,600.0000,15.0000,278.0000,1853.33
Benin,2014,1000 480-lb bales,400.0000,278.0000,725.0000,0.0000,1003.0000,750.0000,15.0000,238.0000,1586.67
Benin,2015,1000 480-lb bales,300.0000,238.0000,500.0000,0.0000,738.0000,650.0000,15.0000,73.0000,486.67
Benin,2016,1000 480-lb bales,420.0000,73.0000,860.0000,0.0000,933.0000,825.0000,15.0000,93.0000,620.0
Benin,2017,1000 480-lb bales,530.0000,93.0000,1140.0000,0.0000,1233.0000,1070.0000,15.0000,148.0000,986.67
Benin,2018,1000 480-lb bales,650.0000,148.0000,1400.0000,0.0000,1548.0000,1390.0000,15.0000,143.0000,953.33
Benin,2019,1000 480-lb bales,665.0000,143.0000,1425.0000,0.0000,1568.0000,970.0000,15.0000,583.0000,3886.67
Benin,2020,1000 480-lb bales,615.0000,583.0000,1450.0000,0.0000,2033.0000,1570.0000,15.0000,448.0000,2986.67
Benin,2021,1000 480-lb bales,640.0000,448.0000,1420.0000,0.0000,1868.0000,1780.0000,15.0000,73.0000,486.67
Benin,2022,1000 480-lb bales,573.0000,73.0000,1100.0000,0.0000,1173.0000,1100.0000,15.0000,58.0000,386.67
Benin,2023,1000 480-lb bales,510.0000,58.0000,1130.0000,0.0000,1188.0000,1050.0000,15.0000,123.0000,820.0
Benin,2024,1000 480-lb bales,536.0000,123.0000,1200.0000,0.0000,1323.0000,1150.0000,20.0000,153.0000,765.0
Benin,2025,1000 480-lb bales,510.0000,153.0000,1150.0000,0.0000,1303.0000,1150.0000,25.0000,128.0000,512.0
Benin,2026,1000 480-lb bales,520.0000,128.0000,1150.0000,0.0000,1278.0000,1150.0000,25.0000,103.0000,412.0
Brazil,1960,1000 480-lb bales,2023.0000,628.0000,1950.0000,0.0000,2578.0000,695.0000,1250.0000,628.0000,50.24
Brazil,1961,1000 480-lb bales,2226.0000,628.0000,2525.0000,0.0000,3153.0000,847.0000,1350.0000,943.0000,69.85
Brazil,1962,1000 480-lb bales,2226.0000,943.0000,2300.0000,0.0000,3243.0000,1145.0000,1250.0000,843.0000,67.44
Brazil,1963,1000 480-lb bales,2327.0000,843.0000,2300.0000,0.0000,3143.0000,1023.0000,1300.0000,818.0000,62.92
Brazil,1964,1000 480-lb bales,2327.0000,818.0000,2100.0000,0.0000,2918.0000,1040.0000,1148.0000,730.0000,63.59
Brazil,1965,1000 480-lb bales,2226.0000,730.0000,2499.0000,0.0000,3229.0000,937.0000,1272.0000,1015.0000,79.8
Brazil,1966,1000 480-lb bales,2023.0000,1015.0000,1961.0000,0.0000,2976.0000,1014.0000,1278.0000,684.0000,53.52
Brazil,1967,1000 480-lb bales,2266.0000,684.0000,2641.0000,0.0000,3325.0000,836.0000,1277.0000,1199.0000,93.89
Brazil,1968,1000 480-lb bales,2631.0000,1199.0000,3298.0000,0.0000,4497.0000,1765.0000,1349.0000,1383.0000,102.52
Brazil,1969,1000 480-lb bales,2752.0000,1383.0000,2664.0000,0.0000,4047.0000,1933.0000,1374.0000,740.0000,53.86
Brazil,1970,1000 480-lb bales,2469.0000,740.0000,2733.0000,18.0000,3491.0000,1011.0000,1391.0000,1089.0000,78.29
Brazil,1971,1000 480-lb bales,2590.0000,1089.0000,3123.0000,4.0000,4216.0000,1409.0000,1437.0000,1370.0000,95.34
Brazil,1972,1000 480-lb bales,2307.0000,1370.0000,2990.0000,1.0000,4361.0000,1333.0000,1638.0000,1390.0000,84.86
Brazil,1973,1000 480-lb bales,2287.0000,1390.0000,2459.0000,0.0000,3849.0000,661.0000,1790.0000,1398.0000,78.1
Brazil,1974,1000 480-lb bales,2216.0000,1398.0000,2448.0000,0.0000,3846.0000,269.0000,1885.0000,1692.0000,89.76
Brazil,1975,1000 480-lb bales,1815.0000,1692.0000,1837.0000,5.0000,3534.0000,356.0000,2056.0000,1122.0000,54.57
Brazil,1976,1000 480-lb bales,1990.0000,1122.0000,2710.0000,0.0000,3832.0000,54.0000,2107.0000,1671.0000,79.31
Brazil,1977,1000 480-lb bales,2015.0000,1671.0000,2246.0000,0.0000,3917.0000,192.0000,2233.0000,1492.0000,66.82
Brazil,1978,1000 480-lb bales,1965.0000,1492.0000,2499.0000,0.0000,3991.0000,141.0000,2456.0000,1394.0000,56.76
Brazil,1979,1000 480-lb bales,1975.0000,1394.0000,2627.0000,0.0000,4021.0000,0.0000,2591.0000,1430.0000,55.19
Brazil,1980,1000 480-lb bales,2015.0000,1430.0000,2728.0000,14.0000,4172.0000,42.0000,2601.0000,1529.0000,58.79
Brazil,1981,1000 480-lb bales,2070.0000,1529.0000,3123.0000,0.0000,4652.0000,138.0000,2631.0000,1883.0000,71.57
Brazil,1982,1000 480-lb bales,2113.0000,1883.0000,2691.0000,0.0000,4574.0000,1021.0000,2603.0000,950.0000,36.5
Brazil,1983,1000 480-lb bales,1960.0000,950.0000,3096.0000,41.0000,4087.0000,80.0000,2553.0000,1454.0000,56.95
Brazil,1984,1000 480-lb bales,2420.0000,1454.0000,4446.0000,18.0000,5918.0000,354.0000,2754.0000,2810.0000,102.03
Brazil,1985,1000 480-lb bales,2290.0000,2810.0000,3642.0000,248.0000,6700.0000,358.0000,3182.0000,3160.0000,99.31
Brazil,1986,1000 480-lb bales,2130.0000,3160.0000,2907.0000,243.0000,6310.0000,303.0000,3485.0000,2522.0000,72.37
Brazil,1987,1000 480-lb bales,2156.0000,2522.0000,3968.0000,197.0000,6687.0000,597.0000,3728.0000,2362.0000,63.36
Brazil,1988,1000 480-lb bales,2367.0000,2362.0000,3258.0000,473.0000,6093.0000,464.0000,3774.0000,1855.0000,49.15
Brazil,1989,1000 480-lb bales,1900.0000,1855.0000,3058.0000,519.0000,5432.0000,661.0000,3506.0000,1265.0000,36.08
Brazil,1990,1000 480-lb bales,1977.0000,1265.0000,3293.0000,409.0000,4967.0000,716.0000,3321.0000,930.0000,28.0
Brazil,1991,1000 480-lb bales,1969.0000,930.0000,3064.0000,657.0000,4651.0000,133.0000,3361.0000,1157.0000,34.42
Brazil,1992,1000 480-lb bales,1485.0000,1157.0000,1929.0000,1823.0000,4909.0000,110.0000,3642.0000,1157.0000,31.77
Brazil,1993,1000 480-lb bales,1085.0000,1157.0000,2219.0000,1869.0000,5245.0000,5.0000,3829.0000,1411.0000,36.85
Brazil,1994,1000 480-lb bales,1220.0000,1411.0000,2467.0000,1612.0000,5490.0000,152.0000,3754.0000,1584.0000,42.19
Brazil,1995,1000 480-lb bales,1130.0000,1584.0000,1884.0000,1768.0000,5236.0000,101.0000,3759.0000,1376.0000,36.61
Brazil,1996,1000 480-lb bales,695.0000,1376.0000,1405.0000,2386.0000,5167.0000,0.0000,3727.0000,1440.0000,38.64
Brazil,1997,1000 480-lb bales,765.0000,1440.0000,1890.0000,1884.0000,5214.0000,0.0000,3626.0000,1588.0000,43.79
Brazil,1998,1000 480-lb bales,685.0000,1588.0000,2391.0000,1334.0000,5313.0000,23.0000,3659.0000,1631.0000,44.58
Brazil,1999,1000 480-lb bales,752.0000,1631.0000,3216.0000,1559.0000,6406.0000,12.0000,3915.0000,2479.0000,63.32
Brazil,2000,1000 480-lb bales,803.0000,2479.0000,3764.0000,603.0000,6846.0000,315.0000,4011.0000,2520.0000,62.83
Brazil,2001,1000 480-lb bales,853.0000,2520.0000,4312.0000,253.0000,7085.0000,674.0000,3812.0000,2599.0000,68.18
Brazil,2002,1000 480-lb bales,748.0000,2599.0000,3519.0000,563.0000,6681.0000,489.0000,3684.0000,2508.0000,68.08
Brazil,2003,1000 480-lb bales,735.0000,2508.0000,3890.0000,545.0000,6943.0000,964.0000,4023.0000,1956.0000,48.62
Brazil,2004,1000 480-lb bales,1100.0000,1956.0000,6015.0000,212.0000,8183.0000,1557.0000,4191.0000,2435.0000,58.1
Brazil,2005,1000 480-lb bales,1180.0000,2435.0000,5960.0000,308.0000,8703.0000,1972.0000,4107.0000,2624.0000,63.89
Brazil,2006,1000 480-lb bales,855.0000,2624.0000,4760.0000,515.0000,7899.0000,1300.0000,4398.0000,2201.0000,50.05
Brazil,2007,1000 480-lb bales,1095.0000,2201.0000,7000.0000,164.0000,9365.0000,2231.0000,4738.0000,2396.0000,50.57
Brazil,2008,1000 480-lb bales,1075.0000,2396.0000,7360.0000,50.0000,9806.0000,2739.0000,4551.0000,2516.0000,55.28
Brazil,2009,1000 480-lb bales,845.0000,2516.0000,5580.0000,151.0000,8247.0000,1991.0000,4535.0000,1721.0000,37.95
Brazil,2010,1000 480-lb bales,835.0000,1721.0000,5480.0000,703.0000,7904.0000,2012.0000,4381.0000,1511.0000,34.49
Brazil,2011,1000 480-lb bales,1400.0000,1511.0000,9000.0000,29.0000,10540.0000,4824.0000,4059.0000,1657.0000,40.82
Brazil,2012,1000 480-lb bales,1395.0000,1657.0000,8620.0000,65.0000,10342.0000,4305.0000,4032.0000,2005.0000,49.73
Brazil,2013,1000 480-lb bales,895.0000,2005.0000,6020.0000,147.0000,8172.0000,2229.0000,3975.0000,1968.0000,49.51
Brazil,2014,1000 480-lb bales,1120.0000,1968.0000,7960.0000,24.0000,9952.0000,3914.0000,3824.0000,2214.0000,57.9
Brazil,2015,1000 480-lb bales,975.0000,2214.0000,7180.0000,91.0000,9485.0000,4312.0000,3338.0000,1835.0000,54.97
Brazil,2016,1000 480-lb bales,955.0000,1835.0000,5920.0000,189.0000,7944.0000,2788.0000,3098.0000,2058.0000,66.43
Brazil,2017,1000 480-lb bales,940.0000,2058.0000,7020.0000,82.0000,9160.0000,4175.0000,3186.0000,1799.0000,56.47
Brazil,2018,1000 480-lb bales,1175.0000,1799.0000,9220.0000,17.0000,11036.0000,6019.0000,3269.0000,1748.0000,53.47
Brazil,2019,1000 480-lb bales,1640.0000,1748.0000,13000.0000,5.0000,14753.0000,8937.0000,3227.0000,2589.0000,80.23
Brazil,2020,1000 480-lb bales,1665.0000,2589.0000,13780.0000,12.0000,16381.0000,11012.0000,3250.0000,2119.0000,65.2
Brazil,2021,1000 480-lb bales,1370.0000,2119.0000,10820.0000,24.0000,12963.0000,7727.0000,3186.0000,2050.0000,64.34
Brazil,2022,1000 480-lb bales,1600.0000,2050.0000,11720.0000,8.0000,13778.0000,6656.0000,3194.0000,3928.0000,122.98
Brazil,2023,1000 480-lb bales,1660.0000,3928.0000,14570.0000,6.0000,18504.0000,12310.0000,3221.0000,2973.0000,92.3
Brazil,2024,1000 480-lb bales,1945.0000,2973.0000,17000.0000,4.0000,19977.0000,13021.0000,3259.0000,3697.0000,113.44
Brazil,2025,1000 480-lb bales,2090.0000,3697.0000,18750.0000,4.0000,22451.0000,15497.0000,3350.0000,3604.0000,107.58
Brazil,2026,1000 480-lb bales,2000.0000,3604.0000,18500.0000,5.0000,22109.0000,15500.0000,3400.0000,3209.0000,94.38
Burkina Faso,1965,1000 480-lb bales,53.0000,0.0000,12.0000,2.0000,14.0000,11.0000,3.0000,0.0000,0.0
Burkina Faso,1966,1000 480-lb bales,52.0000,0.0000,26.0000,0.0000,26.0000,21.0000,3.0000,2.0000,66.67
Burkina Faso,1967,1000 480-lb bales,66.0000,2.0000,29.0000,0.0000,31.0000,28.0000,3.0000,0.0000,0.0
Burkina Faso,1968,1000 480-lb bales,72.0000,0.0000,53.0000,0.0000,53.0000,42.0000,3.0000,8.0000,266.67
Burkina Faso,1969,1000 480-lb bales,84.0000,8.0000,61.0000,0.0000,69.0000,58.0000,3.0000,8.0000,266.67
Burkina Faso,1970,1000 480-lb bales,81.0000,8.0000,39.0000,0.0000,47.0000,34.0000,4.0000,9.0000,225.0
Burkina Faso,1971,1000 480-lb bales,74.0000,9.0000,48.0000,0.0000,57.0000,43.0000,5.0000,9.0000,180.0
Burkina Faso,1972,1000 480-lb bales,70.0000,9.0000,55.0000,0.0000,64.0000,51.0000,4.0000,9.0000,225.0
Burkina Faso,1973,1000 480-lb bales,67.0000,9.0000,45.0000,0.0000,54.0000,42.0000,3.0000,9.0000,300.0
Burkina Faso,1974,1000 480-lb bales,62.0000,9.0000,52.0000,0.0000,61.0000,43.0000,3.0000,15.0000,500.0
Burkina Faso,1975,1000 480-lb bales,80.0000,15.0000,83.0000,0.0000,98.0000,79.0000,4.0000,15.0000,375.0
Burkina Faso,1976,1000 480-lb bales,79.0000,15.0000,93.0000,0.0000,108.0000,88.0000,5.0000,15.0000,300.0
Burkina Faso,1977,1000 480-lb bales,70.0000,15.0000,65.0000,0.0000,80.0000,65.0000,5.0000,10.0000,200.0
Burkina Faso,1978,1000 480-lb bales,72.0000,10.0000,103.0000,0.0000,113.0000,90.0000,5.0000,18.0000,360.0
Burkina Faso,1979,1000 480-lb bales,82.0000,18.0000,132.0000,0.0000,150.0000,124.0000,5.0000,21.0000,420.0
Burkina Faso,1980,1000 480-lb bales,76.0000,21.0000,106.0000,0.0000,127.0000,95.0000,5.0000,27.0000,540.0
Burkina Faso,1981,1000 480-lb bales,65.0000,27.0000,99.0000,0.0000,126.0000,93.0000,5.0000,28.0000,560.0
Burkina Faso,1982,1000 480-lb bales,72.0000,28.0000,132.0000,0.0000,160.0000,129.0000,6.0000,25.0000,416.67
Burkina Faso,1983,1000 480-lb bales,77.0000,25.0000,138.0000,0.0000,163.0000,125.0000,10.0000,28.0000,280.0
Burkina Faso,1984,1000 480-lb bales,80.0000,28.0000,158.0000,0.0000,186.0000,125.0000,10.0000,51.0000,510.0
Burkina Faso,1985,1000 480-lb bales,95.0000,51.0000,211.0000,0.0000,262.0000,200.0000,10.0000,52.0000,520.0
Burkina Faso,1986,1000 480-lb bales,115.0000,52.0000,303.0000,0.0000,355.0000,250.0000,15.0000,90.0000,600.0
Burkina Faso,1987,1000 480-lb bales,120.0000,90.0000,289.0000,0.0000,379.0000,300.0000,15.0000,64.0000,426.67
Burkina Faso,1988,1000 480-lb bales,170.0000,64.0000,279.0000,0.0000,343.0000,300.0000,15.0000,28.0000,186.67
Burkina Faso,1989,1000 480-lb bales,165.0000,28.0000,287.0000,0.0000,315.0000,275.0000,15.0000,25.0000,166.67
Burkina Faso,1990,1000 480-lb bales,176.0000,25.0000,354.0000,0.0000,379.0000,315.0000,20.0000,44.0000,220.0
Burkina Faso,1991,1000 480-lb bales,170.0000,44.0000,320.0000,0.0000,364.0000,300.0000,20.0000,44.0000,220.0
Burkina Faso,1992,1000 480-lb bales,177.0000,44.0000,318.0000,0.0000,362.0000,300.0000,20.0000,42.0000,210.0
Burkina Faso,1993,1000 480-lb bales,160.0000,42.0000,233.0000,0.0000,275.0000,200.0000,25.0000,50.0000,200.0
Burkina Faso,1994,1000 480-lb bales,180.0000,50.0000,285.0000,0.0000,335.0000,275.0000,25.0000,35.0000,140.0
Burkina Faso,1995,1000 480-lb bales,210.0000,35.0000,294.0000,0.0000,329.0000,271.0000,25.0000,33.0000,132.0
Burkina Faso,1996,1000 480-lb bales,200.0000,33.0000,407.0000,0.0000,440.0000,360.0000,25.0000,55.0000,220.0
Burkina Faso,1997,1000 480-lb bales,280.0000,55.0000,635.0000,0.0000,690.0000,550.0000,25.0000,115.0000,460.0
Burkina Faso,1998,1000 480-lb bales,300.0000,115.0000,550.0000,0.0000,665.0000,525.0000,25.0000,115.0000,460.0
Burkina Faso,1999,1000 480-lb bales,300.0000,115.0000,505.0000,0.0000,620.0000,520.0000,5.0000,95.0000,1900.0
Burkina Faso,2000,1000 480-lb bales,260.0000,95.0000,525.0000,0.0000,620.0000,520.0000,5.0000,95.0000,1900.0
Burkina Faso,2001,1000 480-lb bales,361.0000,95.0000,725.0000,0.0000,820.0000,650.0000,5.0000,165.0000,3300.0
Burkina Faso,2002,1000 480-lb bales,405.0000,165.0000,750.0000,0.0000,915.0000,725.0000,5.0000,185.0000,3700.0
Burkina Faso,2003,1000 480-lb bales,460.0000,185.0000,965.0000,0.0000,1150.0000,950.0000,4.0000,196.0000,4900.0
Burkina Faso,2004,1000 480-lb bales,585.0000,196.0000,1180.0000,0.0000,1376.0000,975.0000,4.0000,397.0000,9925.0
Burkina Faso,2005,1000 480-lb bales,630.0000,397.0000,1367.0000,0.0000,1764.0000,1400.0000,4.0000,360.0000,9000.0
Burkina Faso,2006,1000 480-lb bales,700.0000,360.0000,1300.0000,0.0000,1660.0000,1350.0000,4.0000,306.0000,7650.0
Burkina Faso,2007,1000 480-lb bales,400.0000,306.0000,675.0000,0.0000,981.0000,775.0000,4.0000,202.0000,5050.0
Burkina Faso,2008,1000 480-lb bales,440.0000,202.0000,850.0000,0.0000,1052.0000,800.0000,4.0000,248.0000,6200.0
Burkina Faso,2009,1000 480-lb bales,418.0000,248.0000,695.0000,0.0000,943.0000,775.0000,4.0000,164.0000,4100.0
Burkina Faso,2010,1000 480-lb bales,374.0000,164.0000,645.0000,0.0000,809.0000,648.0000,4.0000,157.0000,3925.0
Burkina Faso,2011,1000 480-lb bales,429.0000,157.0000,795.0000,0.0000,952.0000,761.0000,8.0000,183.0000,2287.5
Burkina Faso,2012,1000 480-lb bales,591.0000,183.0000,1215.0000,0.0000,1398.0000,1112.0000,12.0000,274.0000,2283.33
Burkina Faso,2013,1000 480-lb bales,647.0000,274.0000,1250.0000,0.0000,1524.0000,1391.0000,15.0000,118.0000,786.67
Burkina Faso,2014,1000 480-lb bales,660.0000,118.0000,1350.0000,0.0000,1468.0000,1340.0000,15.0000,113.0000,753.33
Burkina Faso,2015,1000 480-lb bales,660.0000,113.0000,1100.0000,0.0000,1213.0000,1077.0000,15.0000,121.0000,806.67
Burkina Faso,2016,1000 480-lb bales,700.0000,121.0000,1310.0000,0.0000,1431.0000,1154.0000,15.0000,262.0000,1746.67
Burkina Faso,2017,1000 480-lb bales,850.0000,262.0000,1200.0000,0.0000,1462.0000,1218.0000,15.0000,229.0000,1526.67
Burkina Faso,2018,1000 480-lb bales,630.0000,229.0000,850.0000,0.0000,1079.0000,796.0000,15.0000,268.0000,1786.67
Burkina Faso,2019,1000 480-lb bales,580.0000,268.0000,880.0000,0.0000,1148.0000,950.0000,15.0000,183.0000,1220.0
Burkina Faso,2020,1000 480-lb bales,556.0000,183.0000,950.0000,0.0000,1133.0000,1067.0000,15.0000,51.0000,340.0
Burkina Faso,2021,1000 480-lb bales,595.0000,51.0000,960.0000,0.0000,1011.0000,950.0000,15.0000,46.0000,306.67
Burkina Faso,2022,1000 480-lb bales,618.0000,46.0000,775.0000,0.0000,821.0000,750.0000,15.0000,56.0000,373.33
Burkina Faso,2023,1000 480-lb bales,462.0000,56.0000,765.0000,0.0000,821.0000,750.0000,15.0000,56.0000,373.33
Burkina Faso,2024,1000 480-lb bales,347.0000,56.0000,550.0000,0.0000,606.0000,525.0000,15.0000,66.0000,440.0
Burkina Faso,2025,1000 480-lb bales,390.0000,66.0000,635.0000,0.0000,701.0000,600.0000,15.0000,86.0000,573.33
Burkina Faso,2026,1000 480-lb bales,460.0000,86.0000,700.0000,0.0000,786.0000,690.0000,15.0000,81.0000,540.0
China,1960,1000 480-lb bales,5225.0000,1300.0000,4900.0000,300.0000,6500.0000,100.0000,5900.0000,500.0000,8.47
China,1961,1000 480-lb bales,3870.0000,500.0000,3700.0000,200.0000,4400.0000,0.0000,4100.0000,300.0000,7.32
China,1962,1000 480-lb bales,3497.0000,300.0000,3400.0000,400.0000,4100.0000,0.0000,3600.0000,500.0000,13.89
China,1963,1000 480-lb bales,4409.0000,500.0000,5500.0000,800.0000,6800.0000,0.0000,5900.0000,900.0000,15.25
China,1964,1000 480-lb bales,4935.0000,900.0000,7600.0000,700.0000,9200.0000,0.0000,7900.0000,1300.0000,16.46
China,1965,1000 480-lb bales,5003.0000,1300.0000,9600.0000,500.0000,11400.0000,0.0000,9700.0000,1700.0000,17.53
China,1966,1000 480-lb bales,4925.0000,1700.0000,10700.0000,500.0000,12900.0000,0.0000,10800.0000,2100.0000,19.44
China,1967,1000 480-lb bales,5098.0000,2100.0000,10800.0000,300.0000,13200.0000,0.0000,10900.0000,2300.0000,21.1
China,1968,1000 480-lb bales,4986.0000,2300.0000,10800.0000,300.0000,13400.0000,100.0000,10900.0000,2400.0000,22.02
China,1969,1000 480-lb bales,4829.0000,2400.0000,9550.0000,400.0000,12350.0000,100.0000,9950.0000,2300.0000,23.12
China,1970,1000 480-lb bales,4997.0000,2300.0000,10500.0000,500.0000,13300.0000,100.0000,10500.0000,2700.0000,25.71
China,1971,1000 480-lb bales,4923.0000,2700.0000,9700.0000,700.0000,13100.0000,100.0000,10800.0000,2200.0000,20.37
China,1972,1000 480-lb bales,4896.0000,2200.0000,9000.0000,2000.0000,13200.0000,100.0000,10900.0000,2200.0000,20.18
China,1973,1000 480-lb bales,4942.0000,2200.0000,11700.0000,1800.0000,15700.0000,100.0000,10600.0000,5000.0000,47.17
China,1974,1000 480-lb bales,5013.0000,5000.0000,11300.0000,700.0000,17000.0000,200.0000,11400.0000,5400.0000,47.37
China,1975,1000 480-lb bales,4955.0000,5400.0000,10900.0000,900.0000,17200.0000,250.0000,11500.0000,5450.0000,47.39
China,1976,1000 480-lb bales,4929.0000,5450.0000,9500.0000,650.0000,15600.0000,200.0000,11600.0000,3800.0000,32.76
China,1977,1000 480-lb bales,4845.0000,3800.0000,9400.0000,1600.0000,14800.0000,100.0000,12200.0000,2500.0000,20.49
China,1978,1000 480-lb bales,4867.0000,2500.0000,9950.0000,2125.0000,14575.0000,15.0000,13100.0000,1460.0000,11.15
China,1979,1000 480-lb bales,4512.0000,1460.0000,10100.0000,4100.0000,15660.0000,12.0000,14100.0000,1548.0000,10.98
China,1980,1000 480-lb bales,4920.0000,1548.0000,12400.0000,3550.0000,17498.0000,6.0000,15100.0000,2392.0000,15.84
China,1981,1000 480-lb bales,5185.0000,2392.0000,13600.0000,2199.0000,18191.0000,0.0000,16200.0000,1991.0000,12.29
China,1982,1000 480-lb bales,5828.0000,1991.0000,16500.0000,1085.0000,19576.0000,75.0000,16600.0000,2901.0000,17.48
China,1983,1000 480-lb bales,6077.0000,2901.0000,21300.0000,664.0000,24865.0000,760.0000,16300.0000,7805.0000,47.88
China,1984,1000 480-lb bales,6923.0000,7805.0000,28700.0000,85.0000,36590.0000,944.0000,16800.0000,18846.0000,112.18
China,1985,1000 480-lb bales,5140.0000,18846.0000,19000.0000,1.0000,37847.0000,2799.0000,18000.0000,17048.0000,94.71
China,1986,1000 480-lb bales,4306.0000,17048.0000,16300.0000,16.0000,33364.0000,3169.0000,19500.0000,10695.0000,54.85
China,1987,1000 480-lb bales,4844.0000,10695.0000,19500.0000,86.0000,30281.0000,2322.0000,20500.0000,7459.0000,36.39
China,1988,1000 480-lb bales,5535.0000,7459.0000,19100.0000,1448.0000,28007.0000,1636.0000,20500.0000,5871.0000,28.64
China,1989,1000 480-lb bales,5203.0000,5871.0000,17400.0000,1873.0000,25144.0000,865.0000,20300.0000,3979.0000,19.6
China,1990,1000 480-lb bales,5588.0000,3979.0000,20700.0000,2205.0000,26884.0000,928.0000,20000.0000,5956.0000,29.78
China,1991,1000 480-lb bales,6539.0000,5956.0000,26100.0000,1630.0000,33686.0000,602.0000,20850.0000,12234.0000,58.68
China,1992,1000 480-lb bales,6835.0000,12234.0000,20700.0000,242.0000,33176.0000,684.0000,21900.0000,10592.0000,48.37
China,1993,1000 480-lb bales,5000.0000,10592.0000,17200.0000,808.0000,28600.0000,749.0000,21300.0000,6551.0000,30.76
China,1994,1000 480-lb bales,5530.0000,6551.0000,19900.0000,4060.0000,30511.0000,183.0000,20000.0000,10778.0000,53.89
China,1995,1000 480-lb bales,5422.0000,10778.0000,21900.0000,2908.0000,35586.0000,20.0000,19400.0000,16741.0000,86.29
China,1996,1000 480-lb bales,4722.0000,16741.0000,19300.0000,3491.0000,39532.0000,10.0000,19950.0000,20197.0000,101.24
China,1997,1000 480-lb bales,4491.0000,20197.0000,21100.0000,1725.0000,43022.0000,25.0000,19150.0000,24547.0000,128.18
China,1998,1000 480-lb bales,4459.0000,24547.0000,20700.0000,332.0000,45579.0000,676.0000,18700.0000,26928.0000,144.0
China,1999,1000 480-lb bales,3726.0000,26928.0000,17600.0000,117.0000,44645.0000,1692.0000,21300.0000,22378.0000,105.06
China,2000,1000 480-lb bales,4058.0000,22378.0000,20300.0000,230.0000,42908.0000,442.0000,23500.0000,19741.0000,84.0
China,2001,1000 480-lb bales,4820.0000,19741.0000,24400.0000,449.0000,44590.0000,342.0000,26250.0000,18848.0000,71.8
China,2002,1000 480-lb bales,4500.0000,18848.0000,25200.0000,3127.0000,47175.0000,751.0000,29900.0000,17474.0000,58.44
China,2003,1000 480-lb bales,5300.0000,17474.0000,23800.0000,8832.0000,50106.0000,173.0000,32000.0000,18983.0000,59.32
China,2004,1000 480-lb bales,5900.0000,18983.0000,30300.0000,6385.0000,55668.0000,30.0000,38500.0000,18388.0000,47.76
China,2005,1000 480-lb bales,5350.0000,18388.0000,28400.0000,19284.0000,66072.0000,36.0000,45000.0000,22536.0000,50.08
China,2006,1000 480-lb bales,5950.0000,22536.0000,35500.0000,10588.0000,68624.0000,88.0000,50000.0000,20536.0000,41.07
China,2007,1000 480-lb bales,6200.0000,20536.0000,37000.0000,11530.0000,69066.0000,62.0000,51000.0000,20504.0000,40.2
China,2008,1000 480-lb bales,6050.0000,20504.0000,36700.0000,6996.0000,64200.0000,84.0000,44000.0000,21366.0000,48.56
China,2009,1000 480-lb bales,5300.0000,21366.0000,32000.0000,10903.0000,64269.0000,23.0000,50000.0000,14246.0000,28.49
China,2010,1000 480-lb bales,5250.0000,14246.0000,30500.0000,11979.0000,56725.0000,122.0000,46000.0000,10603.0000,23.05
China,2011,1000 480-lb bales,5500.0000,10603.0000,34000.0000,24533.0000,69136.0000,55.0000,38000.0000,31081.0000,81.79
China,2012,1000 480-lb bales,5300.0000,31081.0000,35000.0000,20327.0000,86408.0000,47.0000,36000.0000,50361.0000,139.89
China,2013,1000 480-lb bales,4800.0000,50361.0000,32750.0000,14122.0000,97233.0000,26.0000,34500.0000,62707.0000,181.76
China,2014,1000 480-lb bales,4400.0000,62707.0000,30000.0000,8284.0000,100991.0000,71.0000,34500.0000,66420.0000,192.52
China,2015,1000 480-lb bales,3050.0000,66420.0000,21400.0000,4406.0000,92226.0000,128.0000,36000.0000,56098.0000,155.83
China,2016,1000 480-lb bales,2800.0000,56098.0000,21550.0000,5040.0000,82688.0000,61.0000,38500.0000,44127.0000,114.62
China,2017,1000 480-lb bales,3200.0000,44127.0000,27000.0000,5708.0000,76835.0000,136.0000,41000.0000,35699.0000,87.07
China,2018,1000 480-lb bales,3200.0000,35699.0000,27250.0000,9628.0000,72577.0000,213.0000,39100.0000,33264.0000,85.07
China,2019,1000 480-lb bales,3150.0000,33264.0000,26900.0000,7137.0000,67301.0000,157.0000,34000.0000,33144.0000,97.48
China,2020,1000 480-lb bales,3050.0000,33144.0000,29300.0000,12796.0000,75240.0000,10.0000,41400.0000,33830.0000,81.71
China,2021,1000 480-lb bales,2950.0000,33830.0000,26700.0000,7782.0000,68312.0000,120.0000,33400.0000,34167.0000,102.3
China,2022,1000 480-lb bales,3100.0000,34167.0000,30750.0000,6232.0000,71149.0000,94.0000,37700.0000,33355.0000,88.47
China,2023,1000 480-lb bales,2850.0000,33355.0000,27350.0000,14970.0000,75675.0000,62.0000,38900.0000,36713.0000,94.38
China,2024,1000 480-lb bales,2900.0000,36713.0000,32000.0000,5185.0000,73898.0000,61.0000,39000.0000,34837.0000,89.33
China,2025,1000 480-lb bales,3050.0000,34837.0000,35800.0000,7246.0000,77883.0000,41.0000,41600.0000,36242.0000,87.12
China,2026,1000 480-lb bales,3000.0000,36242.0000,33500.0000,7000.0000,76742.0000,75.0000,42000.0000,34667.0000,82.54
Cote d'Ivoire,1965,1000 480-lb bales,12.0000,0.0000,17.0000,1.0000,18.0000,7.0000,10.0000,1.0000,10.0
Cote d'Ivoire,1966,1000 480-lb bales,24.0000,1.0000,40.0000,0.0000,41.0000,22.0000,12.0000,7.0000,58.33
Cote d'Ivoire,1967,1000 480-lb bales,39.0000,7.0000,61.0000,0.0000,68.0000,50.0000,12.0000,6.0000,50.0
Cote d'Ivoire,1968,1000 480-lb bales,48.0000,6.0000,77.0000,0.0000,83.0000,60.0000,13.0000,10.0000,76.92
Cote d'Ivoire,1969,1000 480-lb bales,33.0000,10.0000,61.0000,0.0000,71.0000,48.0000,12.0000,11.0000,91.67
Cote d'Ivoire,1970,1000 480-lb bales,36.0000,11.0000,54.0000,0.0000,65.0000,29.0000,25.0000,11.0000,44.0
Cote d'Ivoire,1971,1000 480-lb bales,51.0000,11.0000,91.0000,0.0000,102.0000,74.0000,17.0000,11.0000,64.71
Cote d'Ivoire,1972,1000 480-lb bales,57.0000,11.0000,98.0000,0.0000,109.0000,79.0000,19.0000,11.0000,57.89
Cote d'Ivoire,1973,1000 480-lb bales,58.0000,11.0000,100.0000,0.0000,111.0000,71.0000,35.0000,5.0000,14.29
Cote d'Ivoire,1974,1000 480-lb bales,60.0000,5.0000,110.0000,0.0000,115.0000,58.0000,42.0000,15.0000,35.71
Cote d'Ivoire,1975,1000 480-lb bales,66.0000,15.0000,121.0000,0.0000,136.0000,69.0000,52.0000,15.0000,28.85
Cote d'Ivoire,1976,1000 480-lb bales,65.0000,15.0000,141.0000,0.0000,156.0000,72.0000,64.0000,20.0000,31.25
Cote d'Ivoire,1977,1000 480-lb bales,88.0000,20.0000,190.0000,0.0000,210.0000,115.0000,70.0000,25.0000,35.71
Cote d'Ivoire,1978,1000 480-lb bales,107.0000,25.0000,215.0000,0.0000,240.0000,135.0000,75.0000,30.0000,40.0
Cote d'Ivoire,1979,1000 480-lb bales,123.0000,30.0000,266.0000,0.0000,296.0000,140.0000,80.0000,76.0000,95.0
Cote d'Ivoire,1980,1000 480-lb bales,126.0000,76.0000,256.0000,0.0000,332.0000,198.0000,102.0000,32.0000,31.37
Cote d'Ivoire,1981,1000 480-lb bales,125.0000,32.0000,259.0000,0.0000,291.0000,182.0000,89.0000,20.0000,22.47
Cote d'Ivoire,1982,1000 480-lb bales,119.0000,20.0000,302.0000,0.0000,322.0000,225.0000,77.0000,20.0000,25.97
Cote d'Ivoire,1983,1000 480-lb bales,136.0000,20.0000,268.0000,0.0000,288.0000,187.0000,81.0000,20.0000,24.69
Cote d'Ivoire,1984,1000 480-lb bales,146.0000,20.0000,406.0000,0.0000,426.0000,200.0000,84.0000,142.0000,169.05
Cote d'Ivoire,1985,1000 480-lb bales,153.0000,142.0000,378.0000,0.0000,520.0000,385.0000,84.0000,51.0000,60.71
Cote d'Ivoire,1986,1000 480-lb bales,159.0000,51.0000,427.0000,0.0000,478.0000,294.0000,94.0000,90.0000,95.74
Cote d'Ivoire,1987,1000 480-lb bales,180.0000,90.0000,523.0000,0.0000,613.0000,391.0000,94.0000,128.0000,136.17
Cote d'Ivoire,1988,1000 480-lb bales,213.0000,128.0000,589.0000,0.0000,717.0000,462.0000,95.0000,160.0000,168.42
Cote d'Ivoire,1989,1000 480-lb bales,201.0000,160.0000,494.0000,0.0000,654.0000,531.0000,95.0000,28.0000,29.47
Cote d'Ivoire,1990,1000 480-lb bales,199.0000,28.0000,532.0000,0.0000,560.0000,372.0000,88.0000,100.0000,113.64
Cote d'Ivoire,1991,1000 480-lb bales,190.0000,100.0000,399.0000,0.0000,499.0000,350.0000,81.0000,68.0000,83.95
Cote d'Ivoire,1992,1000 480-lb bales,224.0000,68.0000,485.0000,0.0000,553.0000,316.0000,61.0000,176.0000,288.52
Cote d'Ivoire,1993,1000 480-lb bales,219.0000,176.0000,524.0000,0.0000,700.0000,369.0000,73.0000,258.0000,353.42
Cote d'Ivoire,1994,1000 480-lb bales,242.0000,258.0000,426.0000,8.0000,692.0000,575.0000,82.0000,35.0000,42.68
Cote d'Ivoire,1995,1000 480-lb bales,204.0000,35.0000,440.0000,13.0000,488.0000,365.0000,85.0000,38.0000,44.71
Cote d'Ivoire,1996,1000 480-lb bales,210.0000,38.0000,524.0000,9.0000,571.0000,371.0000,96.0000,104.0000,108.33
Cote d'Ivoire,1997,1000 480-lb bales,244.0000,104.0000,675.0000,0.0000,779.0000,450.0000,110.0000,219.0000,199.09
Cote d'Ivoire,1998,1000 480-lb bales,271.0000,219.0000,719.0000,0.0000,938.0000,550.0000,110.0000,278.0000,252.73
Cote d'Ivoire,1999,1000 480-lb bales,290.0000,278.0000,750.0000,0.0000,1028.0000,735.0000,90.0000,203.0000,225.56
Cote d'Ivoire,2000,1000 480-lb bales,300.0000,203.0000,575.0000,0.0000,778.0000,600.0000,90.0000,88.0000,97.78
Cote d'Ivoire,2001,1000 480-lb bales,285.0000,88.0000,700.0000,0.0000,788.0000,400.0000,80.0000,308.0000,385.0
Cote d'Ivoire,2002,1000 480-lb bales,322.0000,308.0000,700.0000,0.0000,1008.0000,400.0000,30.0000,528.0000,1760.0
Cote d'Ivoire,2003,1000 480-lb bales,258.0000,528.0000,400.0000,0.0000,928.0000,500.0000,25.0000,403.0000,1612.0
Cote d'Ivoire,2004,1000 480-lb bales,328.0000,403.0000,640.0000,0.0000,1043.0000,500.0000,45.0000,498.0000,1106.67
Cote d'Ivoire,2005,1000 480-lb bales,265.0000,498.0000,500.0000,0.0000,998.0000,525.0000,45.0000,428.0000,951.11
Cote d'Ivoire,2006,1000 480-lb bales,214.0000,428.0000,312.0000,0.0000,740.0000,400.0000,30.0000,310.0000,1033.33
Cote d'Ivoire,2007,1000 480-lb bales,200.0000,310.0000,225.0000,0.0000,535.0000,300.0000,25.0000,210.0000,840.0
Cote d'Ivoire,2008,1000 480-lb bales,190.0000,210.0000,225.0000,0.0000,435.0000,180.0000,25.0000,230.0000,920.0
Cote d'Ivoire,2009,1000 480-lb bales,185.0000,230.0000,375.0000,0.0000,605.0000,420.0000,20.0000,165.0000,825.0
Cote d'Ivoire,2010,1000 480-lb bales,217.0000,165.0000,350.0000,0.0000,515.0000,300.0000,10.0000,205.0000,2050.0
Cote d'Ivoire,2011,1000 480-lb bales,255.0000,205.0000,515.0000,0.0000,720.0000,480.0000,10.0000,230.0000,2300.0
Cote d'Ivoire,2012,1000 480-lb bales,346.0000,230.0000,695.0000,1.0000,926.0000,620.0000,10.0000,296.0000,2960.0
Cote d'Ivoire,2013,1000 480-lb bales,358.0000,296.0000,795.0000,0.0000,1091.0000,830.0000,10.0000,251.0000,2510.0
Cote d'Ivoire,2014,1000 480-lb bales,414.0000,251.0000,900.0000,0.0000,1151.0000,860.0000,10.0000,281.0000,2810.0
Cote d'Ivoire,2015,1000 480-lb bales,402.0000,281.0000,615.0000,0.0000,896.0000,780.0000,10.0000,106.0000,1060.0
Cote d'Ivoire,2016,1000 480-lb bales,345.0000,106.0000,643.0000,1.0000,750.0000,625.0000,15.0000,110.0000,733.33
Cote d'Ivoire,2017,1000 480-lb bales,327.0000,110.0000,805.0000,0.0000,915.0000,620.0000,15.0000,280.0000,1866.67
Cote d'Ivoire,2018,1000 480-lb bales,392.0000,280.0000,937.0000,0.0000,1217.0000,895.0000,15.0000,307.0000,2046.67
Cote d'Ivoire,2019,1000 480-lb bales,408.0000,307.0000,990.0000,0.0000,1297.0000,643.0000,10.0000,644.0000,6440.0
Cote d'Ivoire,2020,1000 480-lb bales,445.0000,644.0000,1010.0000,0.0000,1654.0000,1176.0000,10.0000,468.0000,4680.0
Cote d'Ivoire,2021,1000 480-lb bales,470.0000,468.0000,1050.0000,0.0000,1518.0000,1343.0000,10.0000,165.0000,1650.0
Cote d'Ivoire,2022,1000 480-lb bales,411.0000,165.0000,445.0000,0.0000,610.0000,479.0000,10.0000,121.0000,1210.0
Cote d'Ivoire,2023,1000 480-lb bales,395.0000,121.0000,650.0000,0.0000,771.0000,542.0000,10.0000,219.0000,2190.0
Cote d'Ivoire,2024,1000 480-lb bales,357.0000,219.0000,590.0000,0.0000,809.0000,546.0000,10.0000,253.0000,2530.0
Cote d'Ivoire,2025,1000 480-lb bales,290.0000,253.0000,565.0000,0.0000,818.0000,624.0000,10.0000,184.0000,1840.0
Cote d'Ivoire,2026,1000 480-lb bales,350.0000,184.0000,610.0000,0.0000,794.0000,620.0000,10.0000,164.0000,1640.0
India,1960,1000 480-lb bales,7610.0000,1219.0000,4694.0000,915.0000,6828.0000,240.0000,4778.0000,1810.0000,37.88
India,1961,1000 480-lb bales,7978.0000,1810.0000,4109.0000,741.0000,6660.0000,269.0000,4567.0000,1824.0000,39.94
India,1962,1000 480-lb bales,7730.0000,1824.0000,4989.0000,697.0000,7510.0000,272.0000,5031.0000,2207.0000,43.87
India,1963,1000 480-lb bales,8221.0000,2207.0000,5068.0000,544.0000,7819.0000,227.0000,5067.0000,2525.0000,49.83
India,1964,1000 480-lb bales,8365.0000,2525.0000,4737.0000,690.0000,7952.0000,201.0000,5312.0000,2439.0000,45.91
India,1965,1000 480-lb bales,7962.0000,2439.0000,4413.0000,457.0000,7309.0000,155.0000,4908.0000,2246.0000,45.76
India,1966,1000 480-lb bales,7836.0000,2246.0000,4407.0000,649.0000,7302.0000,198.0000,5097.0000,2007.0000,39.38
India,1967,1000 480-lb bales,7995.0000,2007.0000,5184.0000,644.0000,7835.0000,191.0000,5444.0000,2200.0000,40.41
India,1968,1000 480-lb bales,7596.0000,2200.0000,4754.0000,377.0000,7331.0000,160.0000,5268.0000,1903.0000,36.12
India,1969,1000 480-lb bales,7731.0000,1903.0000,4795.0000,721.0000,7419.0000,169.0000,5369.0000,1881.0000,35.03
India,1970,1000 480-lb bales,7605.0000,1881.0000,4423.0000,693.0000,6997.0000,139.0000,5035.0000,1823.0000,36.21
India,1971,1000 480-lb bales,7800.0000,1823.0000,5787.0000,642.0000,8252.0000,166.0000,5352.0000,2734.0000,51.08
India,1972,1000 480-lb bales,7679.0000,2734.0000,5167.0000,400.0000,8301.0000,198.0000,5398.0000,2705.0000,50.11
India,1973,1000 480-lb bales,7574.0000,2705.0000,4958.0000,119.0000,7782.0000,182.0000,5520.0000,2080.0000,37.68
India,1974,1000 480-lb bales,7562.0000,2080.0000,5505.0000,113.0000,7698.0000,89.0000,5025.0000,2584.0000,51.42
India,1975,1000 480-lb bales,7350.0000,2584.0000,5192.0000,96.0000,7872.0000,294.0000,5888.0000,1690.0000,28.7
India,1976,1000 480-lb bales,6885.0000,1690.0000,4646.0000,447.0000,6783.0000,35.0000,4995.0000,1753.0000,35.1
India,1977,1000 480-lb bales,7866.0000,1753.0000,5645.0000,398.0000,7796.0000,11.0000,5397.0000,2388.0000,44.25
India,1978,1000 480-lb bales,8119.0000,2388.0000,6192.0000,44.0000,8624.0000,195.0000,5616.0000,2813.0000,50.09
India,1979,1000 480-lb bales,8127.0000,2813.0000,6262.0000,2.0000,9077.0000,399.0000,5955.0000,2723.0000,45.73
India,1980,1000 480-lb bales,7823.0000,2723.0000,6071.0000,0.0000,8794.0000,527.0000,6311.0000,1956.0000,30.99
India,1981,1000 480-lb bales,8057.0000,1956.0000,6559.0000,36.0000,8551.0000,339.0000,5437.0000,2775.0000,51.04
India,1982,1000 480-lb bales,7871.0000,2775.0000,6755.0000,3.0000,9533.0000,500.0000,6232.0000,2801.0000,44.95
India,1983,1000 480-lb bales,7721.0000,2801.0000,6122.0000,0.0000,8923.0000,299.0000,6676.0000,1948.0000,29.18
India,1984,1000 480-lb bales,7382.0000,1948.0000,8360.0000,0.0000,10308.0000,151.0000,7093.0000,3064.0000,43.2
India,1985,1000 480-lb bales,7533.0000,3064.0000,9021.0000,0.0000,12085.0000,336.0000,7157.0000,4592.0000,64.16
India,1986,1000 480-lb bales,6948.0000,4592.0000,7254.0000,0.0000,11846.0000,1018.0000,7886.0000,2942.0000,37.31
India,1987,1000 480-lb bales,6471.0000,2942.0000,7140.0000,107.0000,10189.0000,19.0000,7947.0000,2223.0000,27.97
India,1988,1000 480-lb bales,7343.0000,2223.0000,8214.0000,171.0000,10608.0000,149.0000,8118.0000,2341.0000,28.84
India,1989,1000 480-lb bales,7331.0000,2341.0000,10541.0000,15.0000,12897.0000,1077.0000,8640.0000,3180.0000,36.81
India,1990,1000 480-lb bales,7440.0000,3180.0000,9135.0000,0.0000,12315.0000,708.0000,8962.0000,2645.0000,29.51
India,1991,1000 480-lb bales,7661.0000,2645.0000,9291.0000,214.0000,12150.0000,303.0000,8648.0000,3199.0000,36.99
India,1992,1000 480-lb bales,7543.0000,3199.0000,10775.0000,102.0000,14076.0000,990.0000,9808.0000,3278.0000,33.42
India,1993,1000 480-lb bales,7440.0000,3278.0000,9800.0000,222.0000,13300.0000,369.0000,9840.0000,3091.0000,31.41
India,1994,1000 480-lb bales,7861.0000,3091.0000,11148.0000,442.0000,14681.0000,104.0000,10545.0000,4032.0000,38.24
India,1995,1000 480-lb bales,9063.0000,4032.0000,13250.0000,85.0000,17367.0000,567.0000,11977.0000,5053.0000,42.19
India,1996,1000 480-lb bales,9122.0000,5053.0000,13918.0000,15.0000,18986.0000,1187.0000,13120.0000,4679.0000,35.66
India,1997,1000 480-lb bales,8904.0000,4679.0000,12337.0000,145.0000,17161.0000,312.0000,12675.0000,4174.0000,32.93
India,1998,1000 480-lb bales,9287.0000,4174.0000,12883.0000,508.0000,17565.0000,195.0000,12620.0000,4750.0000,37.64
India,1999,1000 480-lb bales,8791.0000,4750.0000,12180.0000,1600.0000,18530.0000,70.0000,13547.0000,4913.0000,36.27
India,2000,1000 480-lb bales,8576.0000,4913.0000,10931.0000,1567.0000,17411.0000,94.0000,13544.0000,3773.0000,27.86
India,2001,1000 480-lb bales,8730.0000,3773.0000,12300.0000,2388.0000,18461.0000,60.0000,13275.0000,5126.0000,38.61
India,2002,1000 480-lb bales,7667.0000,5126.0000,10600.0000,1216.0000,16942.0000,56.0000,13350.0000,3536.0000,26.49
India,2003,1000 480-lb bales,7630.0000,3536.0000,14000.0000,800.0000,18336.0000,700.0000,13600.0000,4036.0000,29.68
India,2004,1000 480-lb bales,8790.0000,4036.0000,19000.0000,1038.0000,24074.0000,660.0000,14850.0000,8564.0000,57.67
India,2005,1000 480-lb bales,8873.0000,8564.0000,19050.0000,400.0000,28014.0000,3675.0000,16750.0000,7589.0000,45.31
India,2006,1000 480-lb bales,9166.0000,7589.0000,22200.0000,465.0000,30254.0000,4875.0000,18100.0000,7279.0000,40.22
India,2007,1000 480-lb bales,9439.0000,7279.0000,24200.0000,600.0000,32079.0000,7500.0000,18600.0000,5979.0000,32.15
India,2008,1000 480-lb bales,9406.0000,5979.0000,23000.0000,800.0000,29779.0000,2360.0000,17800.0000,9619.0000,54.04
India,2009,1000 480-lb bales,10310.0000,9619.0000,24200.0000,480.0000,34299.0000,6550.0000,19750.0000,7999.0000,40.5
India,2010,1000 480-lb bales,11250.0000,7999.0000,26900.0000,200.0000,35099.0000,5000.0000,20550.0000,9549.0000,46.47
India,2011,1000 480-lb bales,12200.0000,9549.0000,28700.0000,600.0000,38849.0000,11080.0000,19450.0000,8319.0000,42.77
India,2012,1000 480-lb bales,12000.0000,8319.0000,28500.0000,1187.0000,38006.0000,7761.0000,21750.0000,9195.0000,42.28
India,2013,1000 480-lb bales,11950.0000,9195.0000,31000.0000,675.0000,40870.0000,9261.0000,23250.0000,8559.0000,36.81
India,2014,1000 480-lb bales,12800.0000,8559.0000,29500.0000,1226.0000,39285.0000,4199.0000,24500.0000,10586.0000,43.21
India,2015,1000 480-lb bales,12300.0000,10586.0000,25900.0000,1072.0000,37558.0000,5764.0000,24750.0000,7044.0000,28.46
India,2016,1000 480-lb bales,10850.0000,7044.0000,27000.0000,2736.0000,36780.0000,4550.0000,24350.0000,7880.0000,32.36
India,2017,1000 480-lb bales,12600.0000,7880.0000,29000.0000,1677.0000,38557.0000,5182.0000,24750.0000,8625.0000,34.85
India,2018,1000 480-lb bales,12600.0000,8625.0000,26000.0000,1800.0000,36425.0000,3521.0000,24300.0000,8604.0000,35.41
India,2019,1000 480-lb bales,13400.0000,8604.0000,28500.0000,2280.0000,39384.0000,3200.0000,20500.0000,15684.0000,76.51
India,2020,1000 480-lb bales,13286.0000,15684.0000,27500.0000,844.0000,44028.0000,6189.0000,26000.0000,11839.0000,45.53
India,2021,1000 480-lb bales,12372.0000,11839.0000,24300.0000,1000.0000,37139.0000,3743.0000,25000.0000,8396.0000,33.58
India,2022,1000 480-lb bales,12927.0000,8396.0000,26300.0000,1727.0000,36423.0000,1099.0000,24500.0000,10824.0000,44.18
India,2023,1000 480-lb bales,12688.0000,10824.0000,25400.0000,885.0000,37109.0000,2310.0000,25500.0000,9299.0000,36.47
India,2024,1000 480-lb bales,11484.0000,9299.0000,24000.0000,3041.0000,36340.0000,1325.0000,25500.0000,9515.0000,37.31
India,2025,1000 480-lb bales,11525.0000,9515.0000,23800.0000,5100.0000,38415.0000,1100.0000,26000.0000,11315.0000,43.52
India,2026,1000 480-lb bales,11500.0000,11315.0000,24000.0000,3000.0000,38315.0000,1500.0000,26500.0000,10315.0000,38.92
Indonesia,1960,1000 480-lb bales,11.0000,23.0000,2.0000,34.0000,59.0000,0.0000,45.0000,14.0000,31.11
Indonesia,1961,1000 480-lb bales,15.0000,14.0000,4.0000,38.0000,56.0000,0.0000,50.0000,6.0000,12.0
Indonesia,1962,1000 480-lb bales,10.0000,6.0000,5.0000,46.0000,57.0000,0.0000,50.0000,6.0000,12.0
Indonesia,1963,1000 480-lb bales,10.0000,6.0000,5.0000,45.0000,56.0000,0.0000,50.0000,6.0000,12.0
Indonesia,1964,1000 480-lb bales,6.0000,6.0000,3.0000,50.0000,59.0000,0.0000,40.0000,19.0000,47.5
Indonesia,1965,1000 480-lb bales,6.0000,19.0000,3.0000,0.0000,22.0000,0.0000,20.0000,2.0000,10.0
Indonesia,1966,1000 480-lb bales,6.0000,2.0000,3.0000,160.0000,165.0000,0.0000,80.0000,85.0000,106.25
Indonesia,1967,1000 480-lb bales,6.0000,85.0000,3.0000,62.0000,150.0000,0.0000,100.0000,50.0000,50.0
Indonesia,1968,1000 480-lb bales,6.0000,50.0000,3.0000,107.0000,160.0000,0.0000,130.0000,30.0000,23.08
Indonesia,1969,1000 480-lb bales,6.0000,30.0000,3.0000,160.0000,193.0000,0.0000,150.0000,43.0000,28.67
Indonesia,1970,1000 480-lb bales,6.0000,43.0000,4.0000,180.0000,227.0000,0.0000,200.0000,27.0000,13.5
Indonesia,1971,1000 480-lb bales,8.0000,27.0000,7.0000,230.0000,264.0000,0.0000,200.0000,64.0000,32.0
Indonesia,1972,1000 480-lb bales,12.0000,64.0000,12.0000,279.0000,355.0000,0.0000,220.0000,135.0000,61.36
Indonesia,1973,1000 480-lb bales,17.0000,135.0000,7.0000,250.0000,392.0000,0.0000,245.0000,147.0000,60.0
Indonesia,1974,1000 480-lb bales,18.0000,147.0000,6.0000,157.0000,310.0000,0.0000,275.0000,35.0000,12.73
Indonesia,1975,1000 480-lb bales,11.0000,35.0000,3.0000,351.0000,389.0000,0.0000,325.0000,64.0000,19.69
Indonesia,1976,1000 480-lb bales,10.0000,64.0000,2.0000,287.0000,353.0000,0.0000,300.0000,53.0000,17.67
Indonesia,1977,1000 480-lb bales,5.0000,53.0000,1.0000,394.0000,448.0000,0.0000,370.0000,78.0000,21.08
Indonesia,1978,1000 480-lb bales,5.0000,78.0000,0.0000,404.0000,482.0000,0.0000,410.0000,72.0000,17.56
Indonesia,1979,1000 480-lb bales,3.0000,72.0000,4.0000,474.0000,550.0000,0.0000,495.0000,55.0000,11.11
Indonesia,1980,1000 480-lb bales,15.0000,55.0000,15.0000,490.0000,560.0000,0.0000,476.0000,84.0000,17.65
Indonesia,1981,1000 480-lb bales,24.0000,84.0000,23.0000,490.0000,597.0000,0.0000,510.0000,87.0000,17.06
Indonesia,1982,1000 480-lb bales,35.0000,87.0000,30.0000,492.0000,609.0000,0.0000,508.0000,80.0000,15.75
Indonesia,1983,1000 480-lb bales,30.0000,80.0000,22.0000,603.0000,705.0000,0.0000,588.0000,92.0000,15.65
Indonesia,1984,1000 480-lb bales,26.0000,92.0000,24.0000,538.0000,654.0000,0.0000,600.0000,29.0000,4.83
Indonesia,1985,1000 480-lb bales,33.0000,29.0000,29.0000,808.0000,866.0000,0.0000,720.0000,116.0000,16.11
Indonesia,1986,1000 480-lb bales,17.0000,116.0000,14.0000,919.0000,1049.0000,0.0000,792.0000,224.0000,28.28
Indonesia,1987,1000 480-lb bales,17.0000,224.0000,14.0000,882.0000,1120.0000,0.0000,873.0000,210.0000,24.05
Indonesia,1988,1000 480-lb bales,18.0000,210.0000,14.0000,1112.0000,1336.0000,0.0000,1107.0000,188.0000,16.98
Indonesia,1989,1000 480-lb bales,18.0000,188.0000,15.0000,1292.0000,1495.0000,0.0000,1286.0000,163.0000,12.67
Indonesia,1990,1000 480-lb bales,18.0000,163.0000,15.0000,1490.0000,1668.0000,0.0000,1493.0000,127.0000,8.51
Indonesia,1991,1000 480-lb bales,19.0000,127.0000,14.0000,1873.0000,2014.0000,0.0000,1745.0000,221.0000,12.66
Indonesia,1992,1000 480-lb bales,19.0000,221.0000,14.0000,1989.0000,2224.0000,0.0000,1929.0000,247.0000,12.8
Indonesia,1993,1000 480-lb bales,20.0000,247.0000,15.0000,2039.0000,2301.0000,0.0000,2067.0000,204.0000,9.87
Indonesia,1994,1000 480-lb bales,20.0000,204.0000,16.0000,2075.0000,2295.0000,0.0000,2113.0000,152.0000,7.19
Indonesia,1995,1000 480-lb bales,21.0000,152.0000,17.0000,2139.0000,2308.0000,0.0000,2136.0000,124.0000,5.81
Indonesia,1996,1000 480-lb bales,21.0000,124.0000,17.0000,2147.0000,2288.0000,0.0000,2136.0000,102.0000,4.78
Indonesia,1997,1000 480-lb bales,21.0000,102.0000,17.0000,1910.0000,2029.0000,2.0000,1850.0000,127.0000,6.86
Indonesia,1998,1000 480-lb bales,21.0000,127.0000,14.0000,2323.0000,2464.0000,5.0000,2200.0000,218.0000,9.91
Indonesia,1999,1000 480-lb bales,21.0000,218.0000,14.0000,2076.0000,2308.0000,17.0000,2000.0000,241.0000,12.05
Indonesia,2000,1000 480-lb bales,22.0000,241.0000,32.0000,2650.0000,2923.0000,15.0000,2450.0000,408.0000,16.65
Indonesia,2001,1000 480-lb bales,17.0000,408.0000,55.0000,2356.0000,2819.0000,15.0000,2300.0000,454.0000,19.74
Indonesia,2002,1000 480-lb bales,10.0000,454.0000,37.0000,2228.0000,2719.0000,15.0000,2250.0000,404.0000,17.96
Indonesia,2003,1000 480-lb bales,10.0000,404.0000,32.0000,2150.0000,2586.0000,20.0000,2150.0000,366.0000,17.02
Indonesia,2004,1000 480-lb bales,10.0000,366.0000,32.0000,2200.0000,2598.0000,20.0000,2150.0000,378.0000,17.58
Indonesia,2005,1000 480-lb bales,10.0000,378.0000,32.0000,2200.0000,2610.0000,20.0000,2175.0000,365.0000,16.78
Indonesia,2006,1000 480-lb bales,10.0000,365.0000,32.0000,2400.0000,2797.0000,20.0000,2375.0000,352.0000,14.82
Indonesia,2007,1000 480-lb bales,10.0000,352.0000,32.0000,2700.0000,3084.0000,20.0000,2600.0000,414.0000,15.92
Indonesia,2008,1000 480-lb bales,9.0000,414.0000,30.0000,2400.0000,2844.0000,20.0000,2350.0000,424.0000,18.04
Indonesia,2009,1000 480-lb bales,10.0000,424.0000,30.0000,2700.0000,3154.0000,15.0000,2600.0000,489.0000,18.81
Indonesia,2010,1000 480-lb bales,9.0000,489.0000,25.0000,2500.0000,3014.0000,10.0000,2600.0000,354.0000,13.62
Indonesia,2011,1000 480-lb bales,9.0000,354.0000,30.0000,2500.0000,2884.0000,5.0000,2450.0000,429.0000,17.51
Indonesia,2012,1000 480-lb bales,10.0000,429.0000,30.0000,3137.0000,3596.0000,5.0000,3050.0000,541.0000,17.74
Indonesia,2013,1000 480-lb bales,9.0000,541.0000,25.0000,2989.0000,3555.0000,5.0000,3050.0000,500.0000,16.39
Indonesia,2014,1000 480-lb bales,6.0000,500.0000,9.0000,3345.0000,3854.0000,7.0000,3250.0000,597.0000,18.37
Indonesia,2015,1000 480-lb bales,3.0000,597.0000,5.0000,2941.0000,3543.0000,15.0000,3000.0000,528.0000,17.6
Indonesia,2016,1000 480-lb bales,3.0000,528.0000,5.0000,3391.0000,3924.0000,5.0000,3300.0000,619.0000,18.76
Indonesia,2017,1000 480-lb bales,3.0000,619.0000,3.0000,3517.0000,4139.0000,5.0000,3500.0000,634.0000,18.11
Indonesia,2018,1000 480-lb bales,2.0000,634.0000,3.0000,3051.0000,3688.0000,6.0000,3150.0000,532.0000,16.89
Indonesia,2019,1000 480-lb bales,2.0000,532.0000,3.0000,2512.0000,3047.0000,4.0000,2400.0000,643.0000,26.79
Indonesia,2020,1000 480-lb bales,2.0000,643.0000,2.0000,2307.0000,2952.0000,6.0000,2450.0000,496.0000,20.24
Indonesia,2021,1000 480-lb bales,1.0000,496.0000,2.0000,2577.0000,3075.0000,13.0000,2600.0000,462.0000,17.77
Indonesia,2022,1000 480-lb bales,1.0000,462.0000,2.0000,1664.0000,2128.0000,17.0000,1750.0000,361.0000,20.63
Indonesia,2023,1000 480-lb bales,1.0000,361.0000,2.0000,1848.0000,2211.0000,14.0000,1800.0000,397.0000,22.06
Indonesia,2024,1000 480-lb bales,1.0000,397.0000,2.0000,1978.0000,2377.0000,19.0000,1950.0000,408.0000,20.92
Indonesia,2025,1000 480-lb bales,1.0000,408.0000,2.0000,2118.0000,2528.0000,20.0000,2050.0000,458.0000,22.34
Indonesia,2026,1000 480-lb bales,1.0000,458.0000,2.0000,2100.0000,2560.0000,15.0000,2100.0000,445.0000,21.19
Mali,1965,1000 480-lb bales,56.0000,0.0000,37.0000,0.0000,37.0000,37.0000,0.0000,0.0000,
Mali,1966,1000 480-lb bales,47.0000,0.0000,42.0000,0.0000,42.0000,41.0000,1.0000,0.0000,0.0
Mali,1967,1000 480-lb bales,59.0000,0.0000,57.0000,0.0000,57.0000,55.0000,2.0000,0.0000,0.0
Mali,1968,1000 480-lb bales,71.0000,0.0000,74.0000,0.0000,74.0000,70.0000,2.0000,2.0000,100.0
Mali,1969,1000 480-lb bales,69.0000,2.0000,79.0000,0.0000,81.0000,67.0000,6.0000,8.0000,133.33
Mali,1970,1000 480-lb bales,66.0000,8.0000,91.0000,0.0000,99.0000,82.0000,10.0000,7.0000,70.0
Mali,1971,1000 480-lb bales,78.0000,7.0000,116.0000,0.0000,123.0000,104.0000,12.0000,7.0000,58.33
Mali,1972,1000 480-lb bales,77.0000,7.0000,112.0000,0.0000,119.0000,94.0000,17.0000,8.0000,47.06
Mali,1973,1000 480-lb bales,70.0000,8.0000,87.0000,0.0000,95.0000,70.0000,17.0000,8.0000,47.06
Mali,1974,1000 480-lb bales,69.0000,8.0000,106.0000,0.0000,114.0000,87.0000,19.0000,8.0000,42.11
Mali,1975,1000 480-lb bales,87.0000,8.0000,170.0000,0.0000,178.0000,145.0000,25.0000,8.0000,32.0
Mali,1976,1000 480-lb bales,107.0000,8.0000,209.0000,0.0000,217.0000,180.0000,25.0000,12.0000,48.0
Mali,1977,1000 480-lb bales,100.0000,12.0000,195.0000,0.0000,207.0000,170.0000,28.0000,9.0000,32.14
Mali,1978,1000 480-lb bales,114.0000,9.0000,221.0000,0.0000,230.0000,180.0000,30.0000,20.0000,66.67
Mali,1979,1000 480-lb bales,119.0000,20.0000,215.0000,0.0000,235.0000,185.0000,30.0000,20.0000,66.67
Mali,1980,1000 480-lb bales,102.0000,20.0000,196.0000,0.0000,216.0000,175.0000,30.0000,11.0000,36.67
Mali,1981,1000 480-lb bales,79.0000,11.0000,175.0000,0.0000,186.0000,140.0000,30.0000,16.0000,53.33
Mali,1982,1000 480-lb bales,86.0000,16.0000,229.0000,0.0000,245.0000,170.0000,35.0000,40.0000,114.29
Mali,1983,1000 480-lb bales,104.0000,40.0000,249.0000,0.0000,289.0000,200.0000,35.0000,54.0000,154.29
Mali,1984,1000 480-lb bales,113.0000,54.0000,235.0000,0.0000,289.0000,200.0000,35.0000,54.0000,154.29
Mali,1985,1000 480-lb bales,139.0000,54.0000,310.0000,0.0000,364.0000,275.0000,40.0000,49.0000,122.5
Mali,1986,1000 480-lb bales,146.0000,49.0000,361.0000,0.0000,410.0000,315.0000,45.0000,50.0000,111.11
Mali,1987,1000 480-lb bales,135.0000,50.0000,344.0000,0.0000,394.0000,310.0000,50.0000,34.0000,68.0
Mali,1988,1000 480-lb bales,160.0000,34.0000,445.0000,0.0000,479.0000,375.0000,50.0000,54.0000,108.0
Mali,1989,1000 480-lb bales,170.0000,54.0000,453.0000,0.0000,507.0000,425.0000,50.0000,32.0000,64.0
Mali,1990,1000 480-lb bales,195.0000,32.0000,527.0000,0.0000,559.0000,450.0000,50.0000,59.0000,118.0
Mali,1991,1000 480-lb bales,215.0000,59.0000,526.0000,0.0000,585.0000,500.0000,50.0000,35.0000,70.0
Mali,1992,1000 480-lb bales,246.0000,35.0000,620.0000,0.0000,655.0000,525.0000,55.0000,75.0000,136.36
Mali,1993,1000 480-lb bales,190.0000,75.0000,464.0000,0.0000,539.0000,400.0000,55.0000,84.0000,152.73
Mali,1994,1000 480-lb bales,240.0000,84.0000,580.0000,0.0000,664.0000,550.0000,55.0000,59.0000,107.27
Mali,1995,1000 480-lb bales,336.0000,59.0000,775.0000,0.0000,834.0000,700.0000,55.0000,79.0000,143.64
Mali,1996,1000 480-lb bales,420.0000,79.0000,873.0000,0.0000,952.0000,825.0000,50.0000,77.0000,154.0
Mali,1997,1000 480-lb bales,500.0000,77.0000,990.0000,0.0000,1067.0000,825.0000,15.0000,227.0000,1513.33
Mali,1998,1000 480-lb bales,500.0000,227.0000,1000.0000,0.0000,1227.0000,950.0000,15.0000,262.0000,1746.67
Mali,1999,1000 480-lb bales,443.0000,262.0000,900.0000,0.0000,1162.0000,900.0000,15.0000,247.0000,1646.67
Mali,2000,1000 480-lb bales,212.0000,247.0000,480.0000,0.0000,727.0000,575.0000,15.0000,137.0000,913.33
Mali,2001,1000 480-lb bales,492.0000,137.0000,1100.0000,0.0000,1237.0000,925.0000,15.0000,297.0000,1980.0
Mali,2002,1000 480-lb bales,420.0000,297.0000,825.0000,0.0000,1122.0000,850.0000,20.0000,252.0000,1260.0
Mali,2003,1000 480-lb bales,540.0000,252.0000,1200.0000,0.0000,1452.0000,1175.0000,20.0000,257.0000,1285.0
Mali,2004,1000 480-lb bales,533.0000,257.0000,1026.0000,0.0000,1283.0000,950.0000,20.0000,313.0000,1565.0
Mali,2005,1000 480-lb bales,521.0000,313.0000,1003.0000,0.0000,1316.0000,1025.0000,20.0000,271.0000,1355.0
Mali,2006,1000 480-lb bales,460.0000,271.0000,792.0000,0.0000,1063.0000,850.0000,23.0000,190.0000,826.09
Mali,2007,1000 480-lb bales,284.0000,190.0000,450.0000,0.0000,640.0000,500.0000,23.0000,117.0000,508.7
Mali,2008,1000 480-lb bales,190.0000,117.0000,350.0000,0.0000,467.0000,325.0000,25.0000,117.0000,468.0
Mali,2009,1000 480-lb bales,250.0000,117.0000,440.0000,0.0000,557.0000,440.0000,25.0000,92.0000,368.0
Mali,2010,1000 480-lb bales,260.0000,92.0000,475.0000,0.0000,567.0000,450.0000,25.0000,92.0000,368.0
Mali,2011,1000 480-lb bales,477.0000,92.0000,860.0000,0.0000,952.0000,625.0000,25.0000,302.0000,1208.0
Mali,2012,1000 480-lb bales,523.0000,302.0000,869.0000,0.0000,1171.0000,800.0000,25.0000,346.0000,1384.0
Mali,2013,1000 480-lb bales,450.0000,346.0000,850.0000,0.0000,1196.0000,900.0000,25.0000,271.0000,1084.0
Mali,2014,1000 480-lb bales,540.0000,271.0000,1040.0000,0.0000,1311.0000,850.0000,25.0000,436.0000,1744.0
Mali,2015,1000 480-lb bales,545.0000,436.0000,975.0000,0.0000,1411.0000,1000.0000,25.0000,386.0000,1544.0
Mali,2016,1000 480-lb bales,655.0000,386.0000,1240.0000,0.0000,1626.0000,1100.0000,25.0000,501.0000,2004.0
Mali,2017,1000 480-lb bales,705.0000,501.0000,1400.0000,0.0000,1901.0000,1300.0000,25.0000,576.0000,2304.0
Mali,2018,1000 480-lb bales,725.0000,576.0000,1270.0000,0.0000,1846.0000,1350.0000,25.0000,471.0000,1884.0
Mali,2019,1000 480-lb bales,735.0000,471.0000,1350.0000,0.0000,1821.0000,1175.0000,25.0000,621.0000,2484.0
Mali,2020,1000 480-lb bales,165.0000,621.0000,300.0000,0.0000,921.0000,700.0000,25.0000,196.0000,784.0
Mali,2021,1000 480-lb bales,720.0000,196.0000,1430.0000,0.0000,1626.0000,1300.0000,25.0000,301.0000,1204.0
Mali,2022,1000 480-lb bales,596.0000,301.0000,735.0000,0.0000,1036.0000,750.0000,25.0000,261.0000,1044.0
Mali,2023,1000 480-lb bales,710.0000,261.0000,1328.0000,0.0000,1589.0000,1175.0000,25.0000,389.0000,1556.0
Mali,2024,1000 480-lb bales,623.0000,389.0000,1265.0000,0.0000,1654.0000,1220.0000,25.0000,409.0000,1636.0
Mali,2025,1000 480-lb bales,534.0000,409.0000,820.0000,0.0000,1229.0000,900.0000,25.0000,304.0000,1216.0
Mali,2026,1000 480-lb bales,490.0000,304.0000,850.0000,0.0000,1154.0000,900.0000,25.0000,229.0000,916.0
Pakistan,1960,1000 480-lb bales,1312.0000,200.0000,1398.0000,4.0000,1602.0000,244.0000,1115.0000,240.0000,21.52
Pakistan,1961,1000 480-lb bales,1412.0000,240.0000,1505.0000,42.0000,1787.0000,299.0000,1120.0000,360.0000,32.14
Pakistan,1962,1000 480-lb bales,1390.0000,360.0000,1690.0000,9.0000,2059.0000,683.0000,1175.0000,200.0000,17.02
Pakistan,1963,1000 480-lb bales,1485.0000,200.0000,1940.0000,4.0000,2144.0000,689.0000,1250.0000,200.0000,16.0
Pakistan,1964,1000 480-lb bales,1481.0000,200.0000,1747.0000,9.0000,1956.0000,485.0000,1300.0000,170.0000,13.08
Pakistan,1965,1000 480-lb bales,1568.0000,170.0000,1915.0000,7.0000,2092.0000,492.0000,1300.0000,295.0000,22.69
Pakistan,1966,1000 480-lb bales,1609.0000,295.0000,2139.0000,10.0000,2444.0000,558.0000,1545.0000,341.0000,22.07
Pakistan,1967,1000 480-lb bales,1800.0000,341.0000,2389.0000,4.0000,2734.0000,887.0000,1548.0000,299.0000,19.32
Pakistan,1968,1000 480-lb bales,1756.0000,299.0000,2429.0000,4.0000,2732.0000,606.0000,1754.0000,300.0000,17.1
Pakistan,1969,1000 480-lb bales,1771.0000,300.0000,2473.0000,0.0000,2773.0000,393.0000,1976.0000,399.0000,20.19
Pakistan,1970,1000 480-lb bales,1748.0000,399.0000,2500.0000,6.0000,2905.0000,473.0000,2030.0000,402.0000,19.8
Pakistan,1971,1000 480-lb bales,1957.0000,402.0000,3249.0000,7.0000,3658.0000,1151.0000,1986.0000,521.0000,26.23
Pakistan,1972,1000 480-lb bales,2010.0000,521.0000,3100.0000,4.0000,3625.0000,822.0000,2382.0000,421.0000,17.67
Pakistan,1973,1000 480-lb bales,1845.0000,421.0000,2909.0000,2.0000,3332.0000,196.0000,2377.0000,759.0000,31.93
Pakistan,1974,1000 480-lb bales,2031.0000,759.0000,2802.0000,1.0000,3562.0000,1060.0000,1912.0000,590.0000,30.86
Pakistan,1975,1000 480-lb bales,1851.0000,590.0000,2269.0000,0.0000,2859.0000,418.0000,2146.0000,295.0000,13.75
Pakistan,1976,1000 480-lb bales,1865.0000,295.0000,1921.0000,2.0000,2218.0000,65.0000,1846.0000,307.0000,16.63
Pakistan,1977,1000 480-lb bales,1843.0000,307.0000,2539.0000,1.0000,2847.0000,471.0000,1937.0000,379.0000,19.57
Pakistan,1978,1000 480-lb bales,1902.0000,379.0000,2132.0000,4.0000,2515.0000,246.0000,1890.0000,379.0000,20.05
Pakistan,1979,1000 480-lb bales,2023.0000,379.0000,3417.0000,4.0000,3800.0000,1177.0000,2000.0000,623.0000,31.15
Pakistan,1980,1000 480-lb bales,2109.0000,623.0000,3280.0000,5.0000,3908.0000,1489.0000,2028.0000,391.0000,19.28
Pakistan,1981,1000 480-lb bales,2214.0000,391.0000,3434.0000,5.0000,3830.0000,1096.0000,2077.0000,405.0000,19.5
Pakistan,1982,1000 480-lb bales,2263.0000,405.0000,3782.0000,4.0000,4191.0000,1272.0000,2303.0000,482.0000,20.93
Pakistan,1983,1000 480-lb bales,2221.0000,482.0000,2271.0000,240.0000,2993.0000,377.0000,2134.0000,442.0000,20.71
Pakistan,1984,1000 480-lb bales,2242.0000,442.0000,4630.0000,9.0000,5081.0000,1260.0000,2335.0000,1150.0000,49.25
Pakistan,1985,1000 480-lb bales,2364.0000,1150.0000,5587.0000,6.0000,6743.0000,3146.0000,2386.0000,1073.0000,44.97
Pakistan,1986,1000 480-lb bales,2505.0000,1073.0000,6062.0000,3.0000,7138.0000,2870.0000,3173.0000,1095.0000,34.51
Pakistan,1987,1000 480-lb bales,2568.0000,1095.0000,6744.0000,4.0000,7843.0000,2358.0000,3351.0000,1675.0000,49.99
Pakistan,1988,1000 480-lb bales,2508.0000,1675.0000,6551.0000,5.0000,8231.0000,3780.0000,3721.0000,725.0000,19.48
Pakistan,1989,1000 480-lb bales,2599.0000,725.0000,6687.0000,17.0000,7429.0000,1371.0000,4801.0000,1178.0000,24.54
Pakistan,1990,1000 480-lb bales,2662.0000,1178.0000,7522.0000,2.0000,8702.0000,1357.0000,5648.0000,1597.0000,28.28
Pakistan,1991,1000 480-lb bales,2836.0000,1597.0000,10000.0000,20.0000,11617.0000,2059.0000,6482.0000,2976.0000,45.91
Pakistan,1992,1000 480-lb bales,2836.0000,2976.0000,7073.0000,24.0000,10073.0000,1175.0000,6634.0000,2164.0000,32.62
Pakistan,1993,1000 480-lb bales,2805.0000,2164.0000,6282.0000,350.0000,8796.0000,318.0000,6725.0000,1694.0000,25.19
Pakistan,1994,1000 480-lb bales,2650.0000,1694.0000,6250.0000,696.0000,8640.0000,148.0000,6750.0000,1692.0000,25.07
Pakistan,1995,1000 480-lb bales,2998.0000,1692.0000,8272.0000,122.0000,10086.0000,1433.0000,7200.0000,1430.0000,19.86
Pakistan,1996,1000 480-lb bales,3149.0000,1430.0000,7319.0000,279.0000,9028.0000,119.0000,7000.0000,1886.0000,26.94
Pakistan,1997,1000 480-lb bales,2960.0000,1886.0000,7175.0000,120.0000,9181.0000,380.0000,7187.0000,1589.0000,22.11
Pakistan,1998,1000 480-lb bales,2923.0000,1589.0000,6863.0000,925.0000,9377.0000,10.0000,7000.0000,2342.0000,33.46
Pakistan,1999,1000 480-lb bales,2983.0000,2342.0000,8776.0000,475.0000,11593.0000,415.0000,7650.0000,3503.0000,45.79
Pakistan,2000,1000 480-lb bales,2928.0000,3503.0000,8379.0000,470.0000,12352.0000,582.0000,8100.0000,3645.0000,45.0
Pakistan,2001,1000 480-lb bales,3116.0000,3645.0000,8286.0000,865.0000,12796.0000,180.0000,8500.0000,4091.0000,48.13
Pakistan,2002,1000 480-lb bales,2794.0000,4091.0000,7972.0000,872.0000,12935.0000,231.0000,9400.0000,3279.0000,34.88
Pakistan,2003,1000 480-lb bales,2989.0000,3279.0000,7845.0000,1805.0000,12929.0000,170.0000,9600.0000,3134.0000,32.65
Pakistan,2004,1000 480-lb bales,3192.0000,3134.0000,11138.0000,1756.0000,16028.0000,558.0000,10500.0000,4945.0000,47.1
Pakistan,2005,1000 480-lb bales,3101.0000,4945.0000,9850.0000,1615.0000,16410.0000,288.0000,11500.0000,4602.0000,40.02
Pakistan,2006,1000 480-lb bales,3250.0000,4602.0000,9580.0000,2305.0000,16487.0000,217.0000,12000.0000,4250.0000,35.42
Pakistan,2007,1000 480-lb bales,3000.0000,4250.0000,8550.0000,3907.0000,16707.0000,269.0000,12000.0000,4423.0000,36.86
Pakistan,2008,1000 480-lb bales,2900.0000,4423.0000,8540.0000,1917.0000,14880.0000,357.0000,11100.0000,3408.0000,30.7
Pakistan,2009,1000 480-lb bales,3000.0000,3408.0000,9240.0000,1574.0000,14222.0000,725.0000,10400.0000,3087.0000,29.68
Pakistan,2010,1000 480-lb bales,2800.0000,3087.0000,8640.0000,1443.0000,13170.0000,680.0000,9900.0000,2580.0000,26.06
Pakistan,2011,1000 480-lb bales,3000.0000,2580.0000,10600.0000,900.0000,14080.0000,1160.0000,10000.0000,2920.0000,29.2
Pakistan,2012,1000 480-lb bales,3000.0000,2920.0000,9300.0000,1800.0000,14020.0000,450.0000,10750.0000,2820.0000,26.23
Pakistan,2013,1000 480-lb bales,2900.0000,2820.0000,9500.0000,1200.0000,13520.0000,510.0000,10400.0000,2610.0000,25.1
Pakistan,2014,1000 480-lb bales,2950.0000,2610.0000,10600.0000,950.0000,14160.0000,510.0000,10700.0000,2950.0000,27.57
Pakistan,2015,1000 480-lb bales,2900.0000,2950.0000,7000.0000,3300.0000,13250.0000,250.0000,10300.0000,2700.0000,26.21
Pakistan,2016,1000 480-lb bales,2500.0000,2700.0000,7700.0000,2450.0000,12850.0000,125.0000,10400.0000,2325.0000,22.36
Pakistan,2017,1000 480-lb bales,2700.0000,2325.0000,8200.0000,3400.0000,13925.0000,160.0000,10900.0000,2865.0000,26.28
Pakistan,2018,1000 480-lb bales,2300.0000,2865.0000,7600.0000,2850.0000,13315.0000,60.0000,10700.0000,2555.0000,23.88
Pakistan,2019,1000 480-lb bales,2450.0000,2555.0000,6200.0000,4000.0000,12755.0000,55.0000,9500.0000,3200.0000,33.68
Pakistan,2020,1000 480-lb bales,2200.0000,3200.0000,4500.0000,5400.0000,13100.0000,25.0000,10900.0000,2175.0000,19.95
Pakistan,2021,1000 480-lb bales,2000.0000,2175.0000,6000.0000,4500.0000,12675.0000,50.0000,10700.0000,1925.0000,17.99
Pakistan,2022,1000 480-lb bales,1800.0000,1925.0000,3900.0000,4500.0000,10325.0000,100.0000,8700.0000,1525.0000,17.53
Pakistan,2023,1000 480-lb bales,2400.0000,1525.0000,7000.0000,3200.0000,11725.0000,175.0000,9700.0000,1850.0000,19.07
Pakistan,2024,1000 480-lb bales,2000.0000,1850.0000,5000.0000,6100.0000,12950.0000,50.0000,10600.0000,2300.0000,21.7
Pakistan,2025,1000 480-lb bales,2000.0000,2300.0000,5300.0000,4400.0000,12000.0000,50.0000,9900.0000,2050.0000,20.71
Pakistan,2026,1000 480-lb bales,1900.0000,2050.0000,5000.0000,5100.0000,12150.0000,50.0000,10200.0000,1900.0000,18.63
Turkey,1960,1000 480-lb bales,621.0000,90.0000,775.0000,0.0000,865.0000,286.0000,490.0000,85.0000,17.35
Turkey,1961,1000 480-lb bales,649.0000,85.0000,950.0000,0.0000,1035.0000,458.0000,490.0000,85.0000,17.35
Turkey,1962,1000 480-lb bales,660.0000,85.0000,1080.0000,0.0000,1165.0000,568.0000,495.0000,101.0000,20.4
Turkey,1963,1000 480-lb bales,628.0000,101.0000,1185.0000,0.0000,1286.0000,611.0000,530.0000,136.0000,25.66
Turkey,1964,1000 480-lb bales,680.0000,136.0000,1495.0000,0.0000,1631.0000,805.0000,575.0000,242.0000,42.09
Turkey,1965,1000 480-lb bales,684.0000,242.0000,1495.0000,0.0000,1737.0000,959.0000,620.0000,149.0000,24.03
Turkey,1966,1000 480-lb bales,712.0000,149.0000,1755.0000,0.0000,1904.0000,1093.0000,665.0000,137.0000,20.6
Turkey,1967,1000 480-lb bales,718.0000,137.0000,1820.0000,0.0000,1957.0000,1083.0000,710.0000,155.0000,21.83
Turkey,1968,1000 480-lb bales,712.0000,155.0000,2000.0000,0.0000,2155.0000,993.0000,760.0000,388.0000,51.05
Turkey,1969,1000 480-lb bales,637.0000,388.0000,1835.0000,0.0000,2223.0000,1186.0000,780.0000,243.0000,31.15
Turkey,1970,1000 480-lb bales,526.0000,243.0000,1835.0000,0.0000,2078.0000,1124.0000,805.0000,135.0000,16.77
Turkey,1971,1000 480-lb bales,688.0000,135.0000,2400.0000,0.0000,2535.0000,1539.0000,825.0000,157.0000,19.03
Turkey,1972,1000 480-lb bales,761.0000,157.0000,2495.0000,0.0000,2652.0000,1489.0000,940.0000,214.0000,22.77
Turkey,1973,1000 480-lb bales,678.0000,214.0000,2355.0000,0.0000,2569.0000,1000.0000,1035.0000,525.0000,50.72
Turkey,1974,1000 480-lb bales,838.0000,525.0000,2755.0000,0.0000,3280.0000,583.0000,1100.0000,1560.0000,141.82
Turkey,1975,1000 480-lb bales,670.0000,1560.0000,2205.0000,0.0000,3765.0000,2163.0000,1330.0000,226.0000,16.99
Turkey,1976,1000 480-lb bales,581.0000,226.0000,2185.0000,0.0000,2411.0000,580.0000,1470.0000,321.0000,21.84
Turkey,1977,1000 480-lb bales,778.0000,321.0000,2640.0000,0.0000,2961.0000,1218.0000,1240.0000,457.0000,36.85
Turkey,1978,1000 480-lb bales,653.0000,457.0000,2182.0000,0.0000,2639.0000,962.0000,1403.0000,237.0000,16.89
Turkey,1979,1000 480-lb bales,612.0000,237.0000,2186.0000,0.0000,2423.0000,617.0000,1185.0000,584.0000,49.28
Turkey,1980,1000 480-lb bales,673.0000,584.0000,2296.0000,0.0000,2880.0000,1028.0000,1360.0000,446.0000,32.79
Turkey,1981,1000 480-lb bales,654.0000,446.0000,2241.0000,0.0000,2687.0000,956.0000,1428.0000,280.0000,19.61
Turkey,1982,1000 480-lb bales,595.0000,280.0000,2246.0000,0.0000,2526.0000,654.0000,1649.0000,223.0000,13.52
Turkey,1983,1000 480-lb bales,614.0000,223.0000,2398.0000,0.0000,2621.0000,499.0000,1775.0000,347.0000,19.55
Turkey,1984,1000 480-lb bales,743.0000,347.0000,2664.0000,0.0000,3011.0000,684.0000,1883.0000,421.0000,22.36
Turkey,1985,1000 480-lb bales,660.0000,421.0000,2379.0000,51.0000,2851.0000,322.0000,2067.0000,434.0000,21.0
Turkey,1986,1000 480-lb bales,589.0000,434.0000,2380.0000,427.0000,3241.0000,510.0000,2228.0000,480.0000,21.54
Turkey,1987,1000 480-lb bales,586.0000,480.0000,2465.0000,300.0000,3245.0000,197.0000,2618.0000,430.0000,16.42
Turkey,1988,1000 480-lb bales,737.0000,430.0000,2985.0000,202.0000,3617.0000,666.0000,2664.0000,287.0000,10.77
Turkey,1989,1000 480-lb bales,725.0000,287.0000,2835.0000,352.0000,3474.0000,205.0000,2756.0000,513.0000,18.61
Turkey,1990,1000 480-lb bales,641.0000,513.0000,3007.0000,209.0000,3729.0000,753.0000,2480.0000,462.0000,18.63
Turkey,1991,1000 480-lb bales,599.0000,462.0000,2578.0000,420.0000,3460.0000,289.0000,2641.0000,530.0000,20.07
Turkey,1992,1000 480-lb bales,637.0000,530.0000,2635.0000,1070.0000,4235.0000,269.0000,2875.0000,1091.0000,37.95
Turkey,1993,1000 480-lb bales,568.0000,1091.0000,2766.0000,545.0000,4402.0000,500.0000,3215.0000,687.0000,21.37
Turkey,1994,1000 480-lb bales,582.0000,687.0000,2886.0000,1083.0000,4656.0000,9.0000,3904.0000,743.0000,19.03
Turkey,1995,1000 480-lb bales,757.0000,743.0000,3911.0000,519.0000,5173.0000,266.0000,4363.0000,544.0000,12.47
Turkey,1996,1000 480-lb bales,743.0000,544.0000,3600.0000,1355.0000,5499.0000,207.0000,4735.0000,557.0000,11.76
Turkey,1997,1000 480-lb bales,722.0000,557.0000,3651.0000,1450.0000,5658.0000,100.0000,5000.0000,558.0000,11.16
Turkey,1998,1000 480-lb bales,757.0000,558.0000,3860.0000,1139.0000,5557.0000,394.0000,4600.0000,563.0000,12.24
Turkey,1999,1000 480-lb bales,719.0000,563.0000,3634.0000,2411.0000,6608.0000,207.0000,5600.0000,801.0000,14.3
Turkey,2000,1000 480-lb bales,654.0000,801.0000,3600.0000,1758.0000,6159.0000,127.0000,5167.0000,865.0000,16.74
Turkey,2001,1000 480-lb bales,693.0000,865.0000,3975.0000,2977.0000,7817.0000,133.0000,6150.0000,1534.0000,24.94
Turkey,2002,1000 480-lb bales,700.0000,1534.0000,4179.0000,2265.0000,7978.0000,313.0000,6300.0000,1365.0000,21.67
Turkey,2003,1000 480-lb bales,710.0000,1365.0000,4100.0000,2370.0000,7835.0000,357.0000,6000.0000,1478.0000,24.63
Turkey,2004,1000 480-lb bales,700.0000,1478.0000,4150.0000,3414.0000,9042.0000,152.0000,7100.0000,1790.0000,25.21
Turkey,2005,1000 480-lb bales,600.0000,1790.0000,3550.0000,3501.0000,8841.0000,216.0000,7000.0000,1625.0000,23.21
Turkey,2006,1000 480-lb bales,630.0000,1625.0000,3800.0000,4029.0000,9454.0000,303.0000,7300.0000,1851.0000,25.36
Turkey,2007,1000 480-lb bales,520.0000,1851.0000,3100.0000,3267.0000,8218.0000,370.0000,6100.0000,1748.0000,28.66
Turkey,2008,1000 480-lb bales,340.0000,1748.0000,1930.0000,2919.0000,6597.0000,136.0000,4950.0000,1511.0000,30.53
Turkey,2009,1000 480-lb bales,280.0000,1511.0000,1750.0000,4394.0000,7655.0000,150.0000,5900.0000,1605.0000,27.2
Turkey,2010,1000 480-lb bales,320.0000,1605.0000,2110.0000,3350.0000,7065.0000,146.0000,5600.0000,1319.0000,23.55
Turkey,2011,1000 480-lb bales,490.0000,1319.0000,3440.0000,2382.0000,7141.0000,300.0000,5600.0000,1241.0000,22.16
Turkey,2012,1000 480-lb bales,410.0000,1241.0000,2650.0000,3692.0000,7583.0000,218.0000,6050.0000,1315.0000,21.74
Turkey,2013,1000 480-lb bales,330.0000,1315.0000,2300.0000,4475.0000,8090.0000,391.0000,6300.0000,1399.0000,22.21
Turkey,2014,1000 480-lb bales,430.0000,1399.0000,3200.0000,4074.0000,8673.0000,502.0000,6500.0000,1671.0000,25.71
Turkey,2015,1000 480-lb bales,370.0000,1671.0000,2650.0000,4486.0000,8807.0000,455.0000,6700.0000,1652.0000,24.66
Turkey,2016,1000 480-lb bales,400.0000,1652.0000,3200.0000,3851.0000,8703.0000,459.0000,6650.0000,1594.0000,23.97
Turkey,2017,1000 480-lb bales,470.0000,1594.0000,4000.0000,4391.0000,9985.0000,485.0000,7300.0000,2200.0000,30.14
Turkey,2018,1000 480-lb bales,520.0000,2200.0000,3750.0000,3607.0000,9557.0000,713.0000,6900.0000,1944.0000,28.17
Turkey,2019,1000 480-lb bales,570.0000,1944.0000,3450.0000,4672.0000,10066.0000,450.0000,7150.0000,2466.0000,34.49
Turkey,2020,1000 480-lb bales,350.0000,2466.0000,2900.0000,5327.0000,10693.0000,585.0000,8350.0000,1758.0000,21.05
Turkey,2021,1000 480-lb bales,450.0000,1758.0000,3800.0000,5524.0000,11082.0000,567.0000,8600.0000,1915.0000,22.27
Turkey,2022,1000 480-lb bales,555.0000,1915.0000,4900.0000,4189.0000,11004.0000,860.0000,7500.0000,2629.0000,35.05
Turkey,2023,1000 480-lb bales,440.0000,2629.0000,3192.0000,3566.0000,9387.0000,1385.0000,6600.0000,1402.0000,21.24
Turkey,2024,1000 480-lb bales,465.0000,1402.0000,3950.0000,4459.0000,9811.0000,1433.0000,7100.0000,1278.0000,18.0
Turkey,2025,1000 480-lb bales,395.0000,1278.0000,3054.0000,4725.0000,9057.0000,1103.0000,6800.0000,1154.0000,16.97
Turkey,2026,1000 480-lb bales,275.0000,1154.0000,2400.0000,5000.0000,8554.0000,600.0000,6800.0000,1154.0000,16.97
United States,1960,1000 480-lb bales,6195.0000,7501.0000,14237.0000,129.0000,21867.0000,6857.0000,8353.0000,7056.0000,84.47
United States,1961,1000 480-lb bales,6327.0000,7056.0000,14283.0000,153.0000,21492.0000,5056.0000,9017.0000,7699.0000,85.38
United States,1962,1000 480-lb bales,6301.0000,7699.0000,14827.0000,137.0000,22663.0000,3429.0000,8484.0000,11136.0000,131.26
United States,1963,1000 480-lb bales,5752.0000,11136.0000,15294.0000,135.0000,26565.0000,5775.0000,8696.0000,12351.0000,142.03
United States,1964,1000 480-lb bales,5689.0000,12351.0000,15145.0000,118.0000,27614.0000,4195.0000,9261.0000,14249.0000,153.86
United States,1965,1000 480-lb bales,5510.0000,14249.0000,14938.0000,118.0000,29305.0000,3035.0000,9596.0000,17028.0000,177.45
United States,1966,1000 480-lb bales,3866.0000,17028.0000,9557.0000,105.0000,26690.0000,4832.0000,9574.0000,12344.0000,128.93
United States,1967,1000 480-lb bales,3236.0000,12344.0000,7443.0000,149.0000,19936.0000,4361.0000,9077.0000,6584.0000,72.53
United States,1968,1000 480-lb bales,4112.0000,6584.0000,10926.0000,68.0000,17578.0000,2825.0000,8332.0000,6544.0000,78.54
United States,1969,1000 480-lb bales,4474.0000,6544.0000,9990.0000,52.0000,16586.0000,2878.0000,8114.0000,5843.0000,72.01
United States,1970,1000 480-lb bales,4514.0000,5843.0000,10192.0000,37.0000,16072.0000,3897.0000,8204.0000,4203.0000,51.23
United States,1971,1000 480-lb bales,4643.0000,4203.0000,10477.0000,72.0000,14752.0000,3385.0000,8259.0000,3258.0000,39.45
United States,1972,1000 480-lb bales,5255.0000,3258.0000,13704.0000,34.0000,16996.0000,5311.0000,7769.0000,4221.0000,54.33
United States,1973,1000 480-lb bales,4844.0000,4221.0000,12974.0000,48.0000,17243.0000,6123.0000,7472.0000,3808.0000,50.96
United States,1974,1000 480-lb bales,5086.0000,3808.0000,11540.0000,34.0000,15382.0000,3926.0000,5860.0000,5708.0000,97.41
United States,1975,1000 480-lb bales,3560.0000,5708.0000,8302.0000,92.0000,14102.0000,3311.0000,7250.0000,3681.0000,50.77
United States,1976,1000 480-lb bales,4417.0000,3681.0000,10581.0000,38.0000,14300.0000,4784.0000,6674.0000,2928.0000,43.87
United States,1977,1000 480-lb bales,5372.0000,2928.0000,14389.0000,5.0000,17322.0000,5484.0000,6483.0000,5347.0000,82.48
United States,1978,1000 480-lb bales,5018.0000,5347.0000,10856.0000,4.0000,16207.0000,6180.0000,6352.0000,3958.0000,62.31
United States,1979,1000 480-lb bales,5193.0000,3958.0000,14629.0000,5.0000,18592.0000,9229.0000,6506.0000,3000.0000,46.11
United States,1980,1000 480-lb bales,5348.0000,3000.0000,11122.0000,28.0000,14150.0000,5926.0000,5891.0000,2668.0000,45.29
United States,1981,1000 480-lb bales,5601.0000,2668.0000,15646.0000,26.0000,18340.0000,6567.0000,5264.0000,6632.0000,125.99
United States,1982,1000 480-lb bales,3939.0000,6632.0000,11963.0000,20.0000,18615.0000,5207.0000,5513.0000,7937.0000,143.97
United States,1983,1000 480-lb bales,2973.0000,7937.0000,7771.0000,12.0000,15720.0000,6786.0000,5921.0000,2775.0000,46.87
United States,1984,1000 480-lb bales,4200.0000,2775.0000,12982.0000,24.0000,15781.0000,6215.0000,5538.0000,4102.0000,74.07
United States,1985,1000 480-lb bales,4140.0000,4102.0000,13432.0000,33.0000,17567.0000,1960.0000,6413.0000,9348.0000,145.77
United States,1986,1000 480-lb bales,3427.0000,9348.0000,9731.0000,3.0000,19082.0000,6684.0000,7452.0000,5026.0000,67.44
United States,1987,1000 480-lb bales,4059.0000,5026.0000,14760.0000,2.0000,19788.0000,6582.0000,7617.0000,5771.0000,75.76
United States,1988,1000 480-lb bales,4835.0000,5771.0000,15411.0000,5.0000,21187.0000,6148.0000,7782.0000,7092.0000,91.13
United States,1989,1000 480-lb bales,3860.0000,7092.0000,12196.0000,2.0000,19290.0000,7694.0000,8759.0000,3000.0000,34.25
United States,1990,1000 480-lb bales,4748.0000,3000.0000,15505.0000,4.0000,18509.0000,7793.0000,8657.0000,2344.0000,27.08
United States,1991,1000 480-lb bales,5245.0000,2344.0000,17614.0000,13.0000,19971.0000,6646.0000,9613.0000,3704.0000,38.53
United States,1992,1000 480-lb bales,4501.0000,3704.0000,16218.0000,1.0000,19923.0000,5201.0000,10250.0000,4662.0000,45.48
United States,1993,1000 480-lb bales,5173.0000,4662.0000,16134.0000,6.0000,20802.0000,6862.0000,10418.0000,3530.0000,33.88
United States,1994,1000 480-lb bales,5391.0000,3530.0000,19662.0000,20.0000,23212.0000,9402.0000,11198.0000,2650.0000,23.66
United States,1995,1000 480-lb bales,6478.0000,2650.0000,17900.0000,408.0000,20958.0000,7675.0000,10647.0000,2609.0000,24.5
United States,1996,1000 480-lb bales,5216.0000,2609.0000,18942.0000,403.0000,21954.0000,6865.0000,11126.0000,3971.0000,35.69
United States,1997,1000 480-lb bales,5425.0000,3971.0000,18793.0000,13.0000,22777.0000,7500.0000,11349.0000,3887.0000,34.25
United States,1998,1000 480-lb bales,4324.0000,3887.0000,13918.0000,439.0000,18244.0000,4298.0000,10401.0000,3939.0000,37.87
United States,1999,1000 480-lb bales,5433.0000,3939.0000,16968.0000,97.0000,21004.0000,6750.0000,10194.0000,3915.0000,38.4
United States,2000,1000 480-lb bales,5282.0000,3915.0000,17188.0000,16.0000,21119.0000,6740.0000,8862.0000,6000.0000,67.7
United States,2001,1000 480-lb bales,5596.0000,6000.0000,20303.0000,21.0000,26324.0000,11000.0000,7696.0000,7448.0000,96.78
United States,2002,1000 480-lb bales,5025.0000,7448.0000,17209.0000,67.0000,24724.0000,11900.0000,7273.0000,5385.0000,74.04
United States,2003,1000 480-lb bales,4858.0000,5385.0000,18255.0000,45.0000,23685.0000,13758.0000,6266.0000,3450.0000,55.06
United States,2004,1000 480-lb bales,5284.0000,3450.0000,23251.0000,29.0000,26730.0000,14436.0000,6691.0000,5495.0000,82.13
United States,2005,1000 480-lb bales,5586.0000,5495.0000,23890.0000,28.0000,29413.0000,17673.0000,5871.0000,6069.0000,103.37
United States,2006,1000 480-lb bales,5152.0000,6069.0000,21588.0000,19.0000,27676.0000,12959.0000,4935.0000,9479.0000,192.08
United States,2007,1000 480-lb bales,4245.0000,9479.0000,19207.0000,12.0000,28698.0000,13634.0000,4584.0000,10051.0000,219.26
United States,2008,1000 480-lb bales,3063.0000,10051.0000,12825.0000,0.0000,22876.0000,13261.0000,3541.0000,6337.0000,178.96
United States,2009,1000 480-lb bales,3049.0000,6337.0000,12183.0000,0.0000,18520.0000,12037.0000,3550.0000,2947.0000,83.01
United States,2010,1000 480-lb bales,4330.0000,2947.0000,18102.0000,9.0000,21058.0000,14376.0000,3900.0000,2600.0000,66.67
United States,2011,1000 480-lb bales,3829.0000,2600.0000,15573.0000,19.0000,18192.0000,11714.0000,3300.0000,3350.0000,101.52
United States,2012,1000 480-lb bales,3772.0000,3350.0000,17314.0000,10.0000,20674.0000,13026.0000,3500.0000,3800.0000,108.57
United States,2013,1000 480-lb bales,3051.0000,3800.0000,12909.0000,13.0000,16722.0000,10530.0000,3550.0000,2350.0000,66.2
United States,2014,1000 480-lb bales,3785.0000,2350.0000,16319.0000,12.0000,18681.0000,11246.0000,3575.0000,3650.0000,102.1
United States,2015,1000 480-lb bales,3268.0000,3650.0000,12888.0000,33.0000,16571.0000,9153.0000,3450.0000,3800.0000,110.14
United States,2016,1000 480-lb bales,3848.0000,3800.0000,17170.0000,7.0000,20977.0000,14917.0000,3250.0000,2750.0000,84.62
United States,2017,1000 480-lb bales,4492.0000,2750.0000,20923.0000,3.0000,23676.0000,16281.0000,3225.0000,4200.0000,130.23
United States,2018,1000 480-lb bales,4038.0000,4200.0000,18367.0000,3.0000,22570.0000,14700.0000,2975.0000,4950.0000,166.39
United States,2019,1000 480-lb bales,4650.0000,4950.0000,19913.0000,3.0000,24866.0000,15300.0000,2150.0000,7450.0000,346.51
United States,2020,1000 480-lb bales,3323.0000,7450.0000,14608.0000,2.0000,22060.0000,16050.0000,2400.0000,3650.0000,152.08
United States,2021,1000 480-lb bales,4153.0000,3650.0000,17523.0000,5.0000,21178.0000,14050.0000,2550.0000,4600.0000,180.39
United States,2022,1000 480-lb bales,2950.0000,4600.0000,14468.0000,2.0000,19070.0000,12450.0000,2050.0000,4650.0000,226.83
United States,2023,1000 480-lb bales,2606.0000,4650.0000,12066.0000,2.0000,16718.0000,11750.0000,1850.0000,3150.0000,170.27
United States,2024,1000 480-lb bales,3139.0000,3150.0000,14410.0000,3.0000,17563.0000,11900.0000,1700.0000,4000.0000,235.29
United States,2025,1000 480-lb bales,3168.0000,4000.0000,13897.0000,0.0000,17897.0000,12300.0000,1500.0000,4150.0000,276.67
United States,2026,1000 480-lb bales,3304.0000,4150.0000,13201.0000,5.0000,17356.0000,12300.0000,1500.0000,3600.0000,240.0
Uzbekistan,1987,1000 480-lb bales,2112.0000,452.0000,6912.0000,13.0000,7377.0000,6284.0000,796.0000,297.0000,37.31
Uzbekistan,1988,1000 480-lb bales,2014.0000,297.0000,7956.0000,13.0000,8266.0000,7006.0000,787.0000,473.0000,60.1
Uzbekistan,1989,1000 480-lb bales,1969.0000,473.0000,7605.0000,12.0000,8090.0000,6810.0000,820.0000,460.0000,56.1
Uzbekistan,1990,1000 480-lb bales,1830.0000,460.0000,7317.0000,11.0000,7788.0000,5393.0000,840.0000,1555.0000,185.12
Uzbekistan,1991,1000 480-lb bales,1720.0000,1555.0000,6628.0000,10.0000,8193.0000,5200.0000,860.0000,2133.0000,248.02
Uzbekistan,1992,1000 480-lb bales,1667.0000,2133.0000,5851.0000,0.0000,7984.0000,5500.0000,950.0000,1534.0000,161.47
Uzbekistan,1993,1000 480-lb bales,1695.0000,1534.0000,6067.0000,5.0000,7606.0000,5800.0000,800.0000,1006.0000,125.75
Uzbekistan,1994,1000 480-lb bales,1577.0000,1006.0000,5778.0000,5.0000,6789.0000,5006.0000,827.0000,956.0000,115.6
Uzbekistan,1995,1000 480-lb bales,1491.0000,956.0000,5740.0000,5.0000,6701.0000,4524.0000,873.0000,1304.0000,149.37
Uzbekistan,1996,1000 480-lb bales,1487.0000,1304.0000,4813.0000,5.0000,6122.0000,4550.0000,750.0000,822.0000,109.6
Uzbekistan,1997,1000 480-lb bales,1514.0000,822.0000,5228.0000,5.0000,6055.0000,4570.0000,850.0000,635.0000,74.71
Uzbekistan,1998,1000 480-lb bales,1509.0000,635.0000,4600.0000,5.0000,5240.0000,3812.0000,825.0000,603.0000,73.09
Uzbekistan,1999,1000 480-lb bales,1505.0000,603.0000,5180.0000,5.0000,5788.0000,4200.0000,850.0000,738.0000,86.82
Uzbekistan,2000,1000 480-lb bales,1425.0000,738.0000,4400.0000,5.0000,5143.0000,3450.0000,1025.0000,668.0000,65.17
Uzbekistan,2001,1000 480-lb bales,1460.0000,668.0000,4900.0000,0.0000,5568.0000,3500.0000,1150.0000,918.0000,79.83
Uzbekistan,2002,1000 480-lb bales,1423.0000,918.0000,4600.0000,0.0000,5518.0000,3400.0000,1100.0000,1018.0000,92.55
Uzbekistan,2003,1000 480-lb bales,1401.0000,1018.0000,4100.0000,5.0000,5123.0000,3100.0000,1100.0000,923.0000,83.91
Uzbekistan,2004,1000 480-lb bales,1419.0000,923.0000,5200.0000,0.0000,6123.0000,3950.0000,875.0000,1298.0000,148.34
Uzbekistan,2005,1000 480-lb bales,1432.0000,1298.0000,5550.0000,0.0000,6848.0000,4800.0000,800.0000,1248.0000,156.0
Uzbekistan,2006,1000 480-lb bales,1430.0000,1248.0000,5350.0000,0.0000,6598.0000,4500.0000,900.0000,1198.0000,133.11
Uzbekistan,2007,1000 480-lb bales,1430.0000,1198.0000,5350.0000,0.0000,6548.0000,4200.0000,1000.0000,1348.0000,134.8
Uzbekistan,2008,1000 480-lb bales,1420.0000,1348.0000,4600.0000,0.0000,5948.0000,3000.0000,1000.0000,1948.0000,194.8
Uzbekistan,2009,1000 480-lb bales,1315.0000,1948.0000,3900.0000,0.0000,5848.0000,3800.0000,1100.0000,948.0000,86.18
Uzbekistan,2010,1000 480-lb bales,1350.0000,948.0000,4200.0000,0.0000,5148.0000,2650.0000,1250.0000,1248.0000,99.84
Uzbekistan,2011,1000 480-lb bales,1350.0000,1248.0000,4000.0000,0.0000,5248.0000,2500.0000,1350.0000,1398.0000,103.56
Uzbekistan,2012,1000 480-lb bales,1350.0000,1398.0000,4600.0000,0.0000,5998.0000,3000.0000,1450.0000,1548.0000,106.76
Uzbekistan,2013,1000 480-lb bales,1300.0000,1548.0000,4100.0000,0.0000,5648.0000,2300.0000,1600.0000,1748.0000,109.25
Uzbekistan,2014,1000 480-lb bales,1285.0000,1748.0000,3900.0000,0.0000,5648.0000,2600.0000,1750.0000,1298.0000,74.17
Uzbekistan,2015,1000 480-lb bales,1285.0000,1298.0000,3800.0000,0.0000,5098.0000,2200.0000,1800.0000,1098.0000,61.0
Uzbekistan,2016,1000 480-lb bales,1260.0000,1098.0000,4410.0000,0.0000,5508.0000,1750.0000,2100.0000,1658.0000,78.95
Uzbekistan,2017,1000 480-lb bales,1200.0000,1658.0000,4360.0000,0.0000,6018.0000,987.0000,2400.0000,2631.0000,109.62
Uzbekistan,2018,1000 480-lb bales,1110.0000,2631.0000,2770.0000,1.0000,5402.0000,711.0000,2050.0000,2641.0000,128.83
Uzbekistan,2019,1000 480-lb bales,1050.0000,2641.0000,2440.0000,11.0000,5092.0000,456.0000,2375.0000,2261.0000,95.2
Uzbekistan,2020,1000 480-lb bales,1060.0000,2261.0000,3180.0000,25.0000,5466.0000,450.0000,3250.0000,1766.0000,54.34
Uzbekistan,2021,1000 480-lb bales,1030.0000,1766.0000,2865.0000,54.0000,4685.0000,110.0000,3250.0000,1325.0000,40.77
Uzbekistan,2022,1000 480-lb bales,1050.0000,1325.0000,3195.0000,100.0000,4620.0000,30.0000,2625.0000,1965.0000,74.86
Uzbekistan,2023,1000 480-lb bales,1030.0000,1965.0000,2900.0000,50.0000,4915.0000,15.0000,2950.0000,1950.0000,66.1
Uzbekistan,2024,1000 480-lb bales,1000.0000,1950.0000,3000.0000,100.0000,5050.0000,10.0000,3000.0000,2040.0000,68.0
Uzbekistan,2025,1000 480-lb bales,875.0000,2040.0000,3445.0000,250.0000,5735.0000,5.0000,4000.0000,1730.0000,43.25
Uzbekistan,2026,1000 480-lb bales,900.0000,1730.0000,3400.0000,250.0000,5380.0000,0.0000,4000.0000,1380.0000,34.5
Vietnam,1960,1000 480-lb bales,16.0000,4.0000,9.0000,30.0000,43.0000,0.0000,33.0000,10.0000,30.3
Vietnam,1961,1000 480-lb bales,17.0000,10.0000,10.0000,30.0000,50.0000,0.0000,41.0000,9.0000,21.95
Vietnam,1962,1000 480-lb bales,15.0000,9.0000,9.0000,35.0000,53.0000,0.0000,43.0000,10.0000,23.26
Vietnam,1963,1000 480-lb bales,14.0000,10.0000,9.0000,75.0000,94.0000,0.0000,73.0000,21.0000,28.77
Vietnam,1964,1000 480-lb bales,14.0000,21.0000,8.0000,60.0000,89.0000,0.0000,70.0000,19.0000,27.14
Vietnam,1965,1000 480-lb bales,17.0000,19.0000,8.0000,65.0000,92.0000,0.0000,85.0000,7.0000,8.24
Vietnam,1966,1000 480-lb bales,14.0000,7.0000,6.0000,105.0000,118.0000,0.0000,80.0000,38.0000,47.5
Vietnam,1967,1000 480-lb bales,14.0000,38.0000,8.0000,40.0000,86.0000,0.0000,65.0000,21.0000,32.31
Vietnam,1968,1000 480-lb bales,14.0000,21.0000,8.0000,95.0000,124.0000,0.0000,103.0000,21.0000,20.39
Vietnam,1969,1000 480-lb bales,14.0000,21.0000,8.0000,125.0000,154.0000,0.0000,115.0000,39.0000,33.91
Vietnam,1970,1000 480-lb bales,10.0000,39.0000,5.0000,150.0000,194.0000,0.0000,147.0000,47.0000,31.97
Vietnam,1971,1000 480-lb bales,9.0000,47.0000,3.0000,150.0000,200.0000,0.0000,145.0000,55.0000,37.93
Vietnam,1972,1000 480-lb bales,14.0000,55.0000,8.0000,145.0000,208.0000,0.0000,150.0000,58.0000,38.67
Vietnam,1973,1000 480-lb bales,14.0000,58.0000,8.0000,120.0000,186.0000,0.0000,155.0000,31.0000,20.0
Vietnam,1974,1000 480-lb bales,14.0000,31.0000,8.0000,75.0000,114.0000,0.0000,100.0000,14.0000,14.0
Vietnam,1975,1000 480-lb bales,7.0000,14.0000,3.0000,95.0000,112.0000,0.0000,100.0000,12.0000,12.0
Vietnam,1976,1000 480-lb bales,7.0000,12.0000,3.0000,110.0000,125.0000,0.0000,105.0000,20.0000,19.05
Vietnam,1977,1000 480-lb bales,12.0000,20.0000,4.0000,125.0000,149.0000,0.0000,115.0000,34.0000,29.57
Vietnam,1978,1000 480-lb bales,10.0000,34.0000,5.0000,170.0000,209.0000,0.0000,145.0000,64.0000,44.14
Vietnam,1979,1000 480-lb bales,7.0000,64.0000,3.0000,170.0000,237.0000,0.0000,165.0000,72.0000,43.64
Vietnam,1980,1000 480-lb bales,7.0000,72.0000,3.0000,140.0000,215.0000,0.0000,165.0000,50.0000,30.3
Vietnam,1981,1000 480-lb bales,7.0000,50.0000,3.0000,180.0000,233.0000,0.0000,179.0000,54.0000,30.17
Vietnam,1982,1000 480-lb bales,11.0000,54.0000,5.0000,192.0000,251.0000,0.0000,185.0000,66.0000,35.68
Vietnam,1983,1000 480-lb bales,14.0000,66.0000,6.0000,194.0000,266.0000,0.0000,200.0000,66.0000,33.0
Vietnam,1984,1000 480-lb bales,14.0000,66.0000,7.0000,207.0000,280.0000,0.0000,215.0000,65.0000,30.23
Vietnam,1985,1000 480-lb bales,14.0000,65.0000,7.0000,239.0000,311.0000,5.0000,239.0000,67.0000,28.03
Vietnam,1986,1000 480-lb bales,13.0000,67.0000,7.0000,276.0000,350.0000,15.0000,261.0000,74.0000,28.35
Vietnam,1987,1000 480-lb bales,13.0000,74.0000,6.0000,294.0000,374.0000,20.0000,271.0000,83.0000,30.63
Vietnam,1988,1000 480-lb bales,12.0000,83.0000,6.0000,261.0000,350.0000,20.0000,261.0000,69.0000,26.44
Vietnam,1989,1000 480-lb bales,9.0000,69.0000,5.0000,257.0000,331.0000,0.0000,261.0000,70.0000,26.82
Vietnam,1990,1000 480-lb bales,8.0000,70.0000,4.0000,202.0000,276.0000,0.0000,188.0000,88.0000,46.81
Vietnam,1991,1000 480-lb bales,16.0000,88.0000,13.0000,83.0000,184.0000,0.0000,115.0000,69.0000,60.0
Vietnam,1992,1000 480-lb bales,19.0000,69.0000,19.0000,46.0000,134.0000,0.0000,83.0000,51.0000,61.45
Vietnam,1993,1000 480-lb bales,12.0000,51.0000,8.0000,110.0000,169.0000,0.0000,119.0000,50.0000,42.02
Vietnam,1994,1000 480-lb bales,13.0000,50.0000,13.0000,165.0000,228.0000,0.0000,161.0000,67.0000,41.61
Vietnam,1995,1000 480-lb bales,18.0000,67.0000,20.0000,161.0000,248.0000,0.0000,170.0000,78.0000,45.88
Vietnam,1996,1000 480-lb bales,15.0000,78.0000,17.0000,165.0000,260.0000,0.0000,184.0000,76.0000,41.3
Vietnam,1997,1000 480-lb bales,15.0000,76.0000,21.0000,170.0000,267.0000,0.0000,207.0000,60.0000,28.99
Vietnam,1998,1000 480-lb bales,22.0000,60.0000,31.0000,270.0000,361.0000,0.0000,301.0000,60.0000,19.93
Vietnam,1999,1000 480-lb bales,23.0000,60.0000,35.0000,330.0000,425.0000,0.0000,350.0000,75.0000,21.43
Vietnam,2000,1000 480-lb bales,28.0000,75.0000,43.0000,400.0000,518.0000,0.0000,430.0000,88.0000,20.47
Vietnam,2001,1000 480-lb bales,30.0000,88.0000,48.0000,435.0000,571.0000,0.0000,460.0000,111.0000,24.13
Vietnam,2002,1000 480-lb bales,34.0000,111.0000,52.0000,400.0000,563.0000,0.0000,450.0000,113.0000,25.11
Vietnam,2003,1000 480-lb bales,28.0000,113.0000,57.0000,540.0000,710.0000,0.0000,575.0000,135.0000,23.48
Vietnam,2004,1000 480-lb bales,27.0000,135.0000,47.0000,690.0000,872.0000,0.0000,700.0000,172.0000,24.57
Vietnam,2005,1000 480-lb bales,23.0000,172.0000,48.0000,694.0000,914.0000,0.0000,750.0000,164.0000,21.87
Vietnam,2006,1000 480-lb bales,22.0000,164.0000,49.0000,978.0000,1191.0000,0.0000,975.0000,216.0000,22.15
Vietnam,2007,1000 480-lb bales,13.0000,216.0000,26.0000,1208.0000,1450.0000,0.0000,1200.0000,250.0000,20.83
Vietnam,2008,1000 480-lb bales,5.0000,250.0000,12.0000,1251.0000,1513.0000,0.0000,1250.0000,263.0000,21.04
Vietnam,2009,1000 480-lb bales,8.0000,263.0000,17.0000,1695.0000,1975.0000,0.0000,1600.0000,375.0000,23.44
Vietnam,2010,1000 480-lb bales,9.0000,375.0000,22.0000,1569.0000,1966.0000,0.0000,1625.0000,341.0000,20.98
Vietnam,2011,1000 480-lb bales,11.0000,341.0000,24.0000,1625.0000,1990.0000,0.0000,1675.0000,315.0000,18.81
Vietnam,2012,1000 480-lb bales,8.0000,315.0000,17.0000,2410.0000,2742.0000,0.0000,2250.0000,492.0000,21.87
Vietnam,2013,1000 480-lb bales,3.0000,492.0000,6.0000,3200.0000,3698.0000,0.0000,3200.0000,498.0000,15.56
Vietnam,2014,1000 480-lb bales,1.0000,498.0000,3.0000,4275.0000,4776.0000,0.0000,4100.0000,676.0000,16.49
Vietnam,2015,1000 480-lb bales,1.0000,676.0000,3.0000,4600.0000,5279.0000,0.0000,4500.0000,779.0000,17.31
Vietnam,2016,1000 480-lb bales,1.0000,779.0000,3.0000,5508.0000,6290.0000,0.0000,5400.0000,890.0000,16.48
Vietnam,2017,1000 480-lb bales,1.0000,890.0000,3.0000,6986.0000,7879.0000,0.0000,6600.0000,1279.0000,19.38
Vietnam,2018,1000 480-lb bales,1.0000,1279.0000,3.0000,6931.0000,8213.0000,0.0000,7000.0000,1213.0000,17.33
Vietnam,2019,1000 480-lb bales,1.0000,1213.0000,3.0000,6481.0000,7697.0000,0.0000,6600.0000,1097.0000,16.62
Vietnam,2020,1000 480-lb bales,1.0000,1097.0000,3.0000,7288.0000,8388.0000,0.0000,7300.0000,1088.0000,14.9
Vietnam,2021,1000 480-lb bales,1.0000,1088.0000,3.0000,6631.0000,7722.0000,0.0000,6700.0000,1022.0000,15.25
Vietnam,2022,1000 480-lb bales,1.0000,1022.0000,3.0000,6471.0000,7496.0000,0.0000,6450.0000,1046.0000,16.22
Vietnam,2023,1000 480-lb bales,1.0000,1046.0000,3.0000,6585.0000,7634.0000,0.0000,6600.0000,1034.0000,15.67
Vietnam,2024,1000 480-lb bales,1.0000,1034.0000,3.0000,7979.0000,9016.0000,0.0000,8000.0000,1016.0000,12.7
Vietnam,2025,1000 480-lb bales,1.0000,1016.0000,3.0000,8155.0000,9174.0000,0.0000,8150.0000,1024.0000,12.56
Vietnam,2026,1000 480-lb bales,1.0000,1024.0000,3.0000,8200.0000,9227.0000,0.0000,8200.0000,1027.0000,12.52
