entity,code,year,sugar_cane__00000156__yield__005412__tonnes_per_hectare
Afghanistan,AFG,1961,25.000002
Afghanistan,AFG,1962,25.000002
Afghanistan,AFG,1963,25.000002
Afghanistan,AFG,1964,25.000002
Afghanistan,AFG,1965,25.500002
Afghanistan,AFG,1966,25.500002
Afghanistan,AFG,1967,28.500002
Afghanistan,AFG,1968,28.500002
Afghanistan,AFG,1969,24.000002
Afghanistan,AFG,1970,22.000002
Afghanistan,AFG,1971,20
Afghanistan,AFG,1972,17.5
Afghanistan,AFG,1973,14.500001
Afghanistan,AFG,1974,12.900001
Afghanistan,AFG,1975,15.000001
Afghanistan,AFG,1976,19.4571
Afghanistan,AFG,1977,16
Afghanistan,AFG,1978,16
Afghanistan,AFG,1979,17.297302
Afghanistan,AFG,1980,18.918901
Afghanistan,AFG,1981,18.918901
Afghanistan,AFG,1982,19.0909
Afghanistan,AFG,1983,19.375
Afghanistan,AFG,1984,19.354801
Afghanistan,AFG,1985,19.333302
Afghanistan,AFG,1986,20
Afghanistan,AFG,1987,20
Afghanistan,AFG,1988,20.6667
Afghanistan,AFG,1989,20
Afghanistan,AFG,1990,18.965502
Afghanistan,AFG,1991,19
Afghanistan,AFG,1992,19
Afghanistan,AFG,1993,19
Afghanistan,AFG,1994,19
Afghanistan,AFG,1995,19
Afghanistan,AFG,1996,19
Afghanistan,AFG,1997,19
Afghanistan,AFG,1998,19
Afghanistan,AFG,1999,19
Afghanistan,AFG,2000,19
Afghanistan,AFG,2001,19
Afghanistan,AFG,2002,19
Afghanistan,AFG,2003,18.1818
Afghanistan,AFG,2004,20
Afghanistan,AFG,2005,19
Afghanistan,AFG,2006,18.918901
Afghanistan,AFG,2007,20
Afghanistan,AFG,2008,20.9867
Afghanistan,AFG,2009,40
Afghanistan,AFG,2010,29.806501
Afghanistan,AFG,2011,30.000002
Afghanistan,AFG,2012,25.000002
Afghanistan,AFG,2013,28.000002
Afghanistan,AFG,2014,23.390001
Afghanistan,AFG,2015,14.471701
Afghanistan,AFG,2016,13.0263
Afghanistan,AFG,2017,29.454102
Afghanistan,AFG,2018,14.394701
Afghanistan,AFG,2019,22.104101
Afghanistan,AFG,2020,26.1467
Afghanistan,AFG,2021,26.1909
Afghanistan,AFG,2022,34.2487
Afghanistan,AFG,2023,28.000002
Afghanistan,AFG,2024,27.383501
Africa,OWID_AFR,1961,65.89881
Africa,OWID_AFR,1962,66.807076
Africa,OWID_AFR,1963,64.68818
Africa,OWID_AFR,1964,62.631096
Africa,OWID_AFR,1965,59.363297
Africa,OWID_AFR,1966,64.882515
Africa,OWID_AFR,1967,68.23116
Africa,OWID_AFR,1968,64.065636
Africa,OWID_AFR,1969,67.27172
Africa,OWID_AFR,1970,63.08361
Africa,OWID_AFR,1971,68.293594
Africa,OWID_AFR,1972,70.15064
Africa,OWID_AFR,1973,68.08264
Africa,OWID_AFR,1974,66.884476
Africa,OWID_AFR,1975,63.94583
Africa,OWID_AFR,1976,67.00833
Africa,OWID_AFR,1977,65.75041
Africa,OWID_AFR,1978,65.56305
Africa,OWID_AFR,1979,65.4563
Africa,OWID_AFR,1980,61.421406
Africa,OWID_AFR,1981,65.72576
Africa,OWID_AFR,1982,64.771645
Africa,OWID_AFR,1983,57.89829
Africa,OWID_AFR,1984,61.56233
Africa,OWID_AFR,1985,58.50921
Africa,OWID_AFR,1986,59.144093
Africa,OWID_AFR,1987,60.141537
Africa,OWID_AFR,1988,60.342873
Africa,OWID_AFR,1989,62.18586
Africa,OWID_AFR,1990,61.07928
Africa,OWID_AFR,1991,63.554253
Africa,OWID_AFR,1992,60.475204
Africa,OWID_AFR,1993,57.12402
Africa,OWID_AFR,1994,62.334667
Africa,OWID_AFR,1995,65.790146
Africa,OWID_AFR,1996,68.77974
Africa,OWID_AFR,1997,71.16993
Africa,OWID_AFR,1998,71.48759
Africa,OWID_AFR,1999,68.8792
Africa,OWID_AFR,2000,71.07742
Africa,OWID_AFR,2001,69.996956
Africa,OWID_AFR,2002,71.211105
Africa,OWID_AFR,2003,69.954666
Africa,OWID_AFR,2004,70.2137
Africa,OWID_AFR,2005,71.63536
Africa,OWID_AFR,2006,72.125496
Africa,OWID_AFR,2007,70.06361
Africa,OWID_AFR,2008,69.81043
Africa,OWID_AFR,2009,68.22286
Africa,OWID_AFR,2010,67.374794
Africa,OWID_AFR,2011,68.20847
Africa,OWID_AFR,2012,66.87072
Africa,OWID_AFR,2013,69.42972
Africa,OWID_AFR,2014,67.91934
Africa,OWID_AFR,2015,66.30201
Africa,OWID_AFR,2016,65.56863
Africa,OWID_AFR,2017,67.08955
Africa,OWID_AFR,2018,67.31725
Africa,OWID_AFR,2019,66.289314
Africa,OWID_AFR,2020,63.44703
Africa,OWID_AFR,2021,66.54039
Africa,OWID_AFR,2022,66.200584
Africa,OWID_AFR,2023,64.02492
Africa,OWID_AFR,2024,64.31972
Africa (FAO),,1961,65.8988
Africa (FAO),,1962,66.807106
Africa (FAO),,1963,64.6882
Africa (FAO),,1964,62.631104
Africa (FAO),,1965,59.363304
Africa (FAO),,1966,64.8825
Africa (FAO),,1967,68.23121
Africa (FAO),,1968,64.065605
Africa (FAO),,1969,67.271706
Africa (FAO),,1970,63.083603
Africa (FAO),,1971,68.2936
Africa (FAO),,1972,70.150604
Africa (FAO),,1973,68.0826
Africa (FAO),,1974,66.88451
Africa (FAO),,1975,63.945805
Africa (FAO),,1976,67.0083
Africa (FAO),,1977,65.750404
Africa (FAO),,1978,65.563
Africa (FAO),,1979,65.45631
Africa (FAO),,1980,61.421402
Africa (FAO),,1981,65.7258
Africa (FAO),,1982,64.77161
Africa (FAO),,1983,57.898304
Africa (FAO),,1984,61.562305
Africa (FAO),,1985,58.5092
Africa (FAO),,1986,59.144104
Africa (FAO),,1987,60.141502
Africa (FAO),,1988,60.342903
Africa (FAO),,1989,62.1859
Africa (FAO),,1990,61.079304
Africa (FAO),,1991,63.554203
Africa (FAO),,1992,60.4752
Africa (FAO),,1993,57.124004
Africa (FAO),,1994,62.3347
Africa (FAO),,1995,65.79011
Africa (FAO),,1996,68.77971
Africa (FAO),,1997,71.1699
Africa (FAO),,1998,71.4875
Africa (FAO),,1999,68.8792
Africa (FAO),,2000,71.0774
Africa (FAO),,2001,69.9969
Africa (FAO),,2002,71.211105
Africa (FAO),,2003,69.954704
Africa (FAO),,2004,70.21371
Africa (FAO),,2005,71.6353
Africa (FAO),,2006,72.1255
Africa (FAO),,2007,70.06351
Africa (FAO),,2008,69.8104
Africa (FAO),,2009,68.2229
Africa (FAO),,2010,67.3749
Africa (FAO),,2011,68.2085
Africa (FAO),,2012,66.870605
Africa (FAO),,2013,69.4297
Africa (FAO),,2014,67.919304
Africa (FAO),,2015,66.3019
Africa (FAO),,2016,65.5686
Africa (FAO),,2017,67.08961
Africa (FAO),,2018,67.31721
Africa (FAO),,2019,66.2893
Africa (FAO),,2020,63.447002
Africa (FAO),,2021,66.5403
Africa (FAO),,2022,66.20061
Africa (FAO),,2023,64.0249
Africa (FAO),,2024,64.3196
Americas (FAO),,1961,51.378803
Americas (FAO),,1962,48.5105
Americas (FAO),,1963,49.0147
Americas (FAO),,1964,51.4714
Americas (FAO),,1965,54.06
Americas (FAO),,1966,53.7784
Americas (FAO),,1967,55.606804
Americas (FAO),,1968,53.377605
Americas (FAO),,1969,54.212605
Americas (FAO),,1970,56.559902
Americas (FAO),,1971,52.734303
Americas (FAO),,1972,52.982304
Americas (FAO),,1973,53.891304
Americas (FAO),,1974,54.110203
Americas (FAO),,1975,55.536102
Americas (FAO),,1976,55.450603
Americas (FAO),,1977,58.248505
Americas (FAO),,1978,59.1902
Americas (FAO),,1979,59.403503
Americas (FAO),,1980,57.823105
Americas (FAO),,1981,57.9884
Americas (FAO),,1982,62.083805
Americas (FAO),,1983,63.1874
Americas (FAO),,1984,61.840603
Americas (FAO),,1985,61.6394
Americas (FAO),,1986,61.221004
Americas (FAO),,1987,61.852604
Americas (FAO),,1988,62.941902
Americas (FAO),,1989,63.543003
Americas (FAO),,1990,62.799103
Americas (FAO),,1991,62.663403
Americas (FAO),,1992,62.2159
Americas (FAO),,1993,60.390003
Americas (FAO),,1994,62.1049
Americas (FAO),,1995,62.0289
Americas (FAO),,1996,62.870003
Americas (FAO),,1997,64.9609
Americas (FAO),,1998,65.755104
Americas (FAO),,1999,65.760704
Americas (FAO),,2000,65.623
Americas (FAO),,2001,66.79211
Americas (FAO),,2002,68.3569
Americas (FAO),,2003,72.3571
Americas (FAO),,2004,72.54121
Americas (FAO),,2005,71.4654
Americas (FAO),,2006,74.0664
Americas (FAO),,2007,76.054
Americas (FAO),,2008,76.936005
Americas (FAO),,2009,77.77411
Americas (FAO),,2010,76.051506
Americas (FAO),,2011,73.595604
Americas (FAO),,2012,72.76111
Americas (FAO),,2013,74.4445
Americas (FAO),,2014,71.558205
Americas (FAO),,2015,73.58771
Americas (FAO),,2016,74.0593
Americas (FAO),,2017,72.164
Americas (FAO),,2018,73.22471
Americas (FAO),,2019,71.9681
Americas (FAO),,2020,73.97171
Americas (FAO),,2021,70.757904
Americas (FAO),,2022,72.2542
Americas (FAO),,2023,75.5361
Americas (FAO),,2024,73.425705
Angola,AGO,1961,45.8884
Angola,AGO,1962,49.5714
Angola,AGO,1963,46.2857
Angola,AGO,1964,46.214302
Angola,AGO,1965,48.520702
Angola,AGO,1966,50.893703
Angola,AGO,1967,51.591602
Angola,AGO,1968,48.9034
Angola,AGO,1969,48.7913
Angola,AGO,1970,50.932606
Angola,AGO,1971,55.008003
Angola,AGO,1972,53.125004
Angola,AGO,1973,56.907803
Angola,AGO,1974,42.3077
Angola,AGO,1975,47.000004
Angola,AGO,1976,40.7692
Angola,AGO,1977,41.666702
Angola,AGO,1978,37.5
Angola,AGO,1979,35
Angola,AGO,1980,30.000002
Angola,AGO,1981,32
Angola,AGO,1982,31.250002
Angola,AGO,1983,31.250002
Angola,AGO,1984,30.000002
Angola,AGO,1985,30.000002
Angola,AGO,1986,35.555603
Angola,AGO,1987,35.555603
Angola,AGO,1988,35.555603
Angola,AGO,1989,33.75
Angola,AGO,1990,33.75
Angola,AGO,1991,37.222202
Angola,AGO,1992,33.75
Angola,AGO,1993,31.4286
Angola,AGO,1994,34.2857
Angola,AGO,1995,36.666702
Angola,AGO,1996,36.25
Angola,AGO,1997,36.470604
Angola,AGO,1998,37.7778
Angola,AGO,1999,37.7778
Angola,AGO,2000,37.234
Angola,AGO,2001,37.894703
Angola,AGO,2002,37.894703
Angola,AGO,2003,37.894703
Angola,AGO,2004,37.9121
Angola,AGO,2005,37.9121
Angola,AGO,2006,37.5
Angola,AGO,2007,38.461502
Angola,AGO,2008,38.5185
Angola,AGO,2009,38.461502
Angola,AGO,2010,38.461502
Angola,AGO,2011,39.230804
Angola,AGO,2012,38.5185
Angola,AGO,2013,39.230804
Angola,AGO,2014,39.2314
Angola,AGO,2015,38.999302
Angola,AGO,2016,38.9904
Angola,AGO,2017,39.0013
Angola,AGO,2018,39.001003
Angola,AGO,2019,39.0563
Angola,AGO,2020,39.1669
Angola,AGO,2021,39.442104
Angola,AGO,2022,39.3142
Angola,AGO,2023,39.3632
Angola,AGO,2024,39.419804
Antigua and Barbuda,ATG,1961,35.350002
Antigua and Barbuda,ATG,1962,39.9082
Antigua and Barbuda,ATG,1963,50.574703
Antigua and Barbuda,ATG,1964,57.8608
Antigua and Barbuda,ATG,1965,39.705902
Antigua and Barbuda,ATG,1966,64
Antigua and Barbuda,ATG,1967,40
Antigua and Barbuda,ATG,1968,40
Antigua and Barbuda,ATG,1969,40
Antigua and Barbuda,ATG,1970,37.2727
Antigua and Barbuda,ATG,1971,36.840702
Antigua and Barbuda,ATG,1980,45.928604
Antigua and Barbuda,ATG,1981,43.765602
Antigua and Barbuda,ATG,1982,64.6386
Argentina,ARG,1961,43.331802
Argentina,ARG,1962,47.145603
Argentina,ARG,1963,53.372
Argentina,ARG,1964,51.199104
Argentina,ARG,1965,55.844704
Argentina,ARG,1966,49.360302
Argentina,ARG,1967,44.853603
Argentina,ARG,1968,51.295902
Argentina,ARG,1969,54.713104
Argentina,ARG,1970,50.547203
Argentina,ARG,1971,48.533604
Argentina,ARG,1972,52.997902
Argentina,ARG,1973,62.067703
Argentina,ARG,1974,55.434105
Argentina,ARG,1975,53.206
Argentina,ARG,1976,47.464603
Argentina,ARG,1977,45.714302
Argentina,ARG,1978,39.650105
Argentina,ARG,1979,41.505
Argentina,ARG,1980,54.759605
Argentina,ARG,1981,48.467804
Argentina,ARG,1982,48.771503
Argentina,ARG,1983,48.085503
Argentina,ARG,1984,48.614605
Argentina,ARG,1985,49.043804
Argentina,ARG,1986,48.827003
Argentina,ARG,1987,49.8932
Argentina,ARG,1988,46.980103
Argentina,ARG,1989,59.747105
Argentina,ARG,1990,61.412304
Argentina,ARG,1991,62.287804
Argentina,ARG,1992,65.9791
Argentina,ARG,1993,63.0782
Argentina,ARG,1994,63.605503
Argentina,ARG,1995,60.012
Argentina,ARG,1996,59.326004
Argentina,ARG,1997,65.073006
Argentina,ARG,1998,63.4719
Argentina,ARG,1999,60.727303
Argentina,ARG,2000,65.7143
Argentina,ARG,2001,64.109604
Argentina,ARG,2002,65.476204
Argentina,ARG,2003,74.745804
Argentina,ARG,2004,74.1434
Argentina,ARG,2005,85.7226
Argentina,ARG,2006,83.9683
Argentina,ARG,2007,74.875
Argentina,ARG,2008,74.8889
Argentina,ARG,2009,78.144905
Argentina,ARG,2010,68.612
Argentina,ARG,2011,64.89281
Argentina,ARG,2012,54.906605
Argentina,ARG,2013,64.05411
Argentina,ARG,2014,55.887104
Argentina,ARG,2015,46.422802
Argentina,ARG,2016,47.994503
Argentina,ARG,2017,49.4998
Argentina,ARG,2018,46.831802
Argentina,ARG,2019,43.870804
Argentina,ARG,2020,40.902702
Argentina,ARG,2021,37.1509
Argentina,ARG,2022,33.8724
Argentina,ARG,2023,30.998901
Argentina,ARG,2024,28.316803
Asia,OWID_ASI,1961,46.737644
Asia,OWID_ASI,1962,44.72771
Asia,OWID_ASI,1963,44.77965
Asia,OWID_ASI,1964,48.620605
Asia,OWID_ASI,1965,48.468685
Asia,OWID_ASI,1966,45.644398
Asia,OWID_ASI,1967,44.29119
Asia,OWID_ASI,1968,48.14831
Asia,OWID_ASI,1969,49.647087
Asia,OWID_ASI,1970,50.177586
Asia,OWID_ASI,1971,48.634632
Asia,OWID_ASI,1972,47.304764
Asia,OWID_ASI,1973,49.934887
Asia,OWID_ASI,1974,51.50034
Asia,OWID_ASI,1975,49.0038
Asia,OWID_ASI,1976,50.57059
Asia,OWID_ASI,1977,51.96146
Asia,OWID_ASI,1978,51.540245
Asia,OWID_ASI,1979,49.938248
Asia,OWID_ASI,1980,49.655853
Asia,OWID_ASI,1981,56.43227
Asia,OWID_ASI,1982,56.77561
Asia,OWID_ASI,1983,53.458603
Asia,OWID_ASI,1984,55.2544
Asia,OWID_ASI,1985,53.971542
Asia,OWID_ASI,1986,55.3079
Asia,OWID_ASI,1987,58.56484
Asia,OWID_ASI,1988,56.739216
Asia,OWID_ASI,1989,58.07069
Asia,OWID_ASI,1990,59.93357
Asia,OWID_ASI,1991,59.793934
Asia,OWID_ASI,1992,60.751026
Asia,OWID_ASI,1993,57.311253
Asia,OWID_ASI,1994,60.12458
Asia,OWID_ASI,1995,62.452133
Asia,OWID_ASI,1996,61.160477
Asia,OWID_ASI,1997,60.705883
Asia,OWID_ASI,1998,61.566692
Asia,OWID_ASI,1999,63.93336
Asia,OWID_ASI,2000,62.141342
Asia,OWID_ASI,2001,61.364502
Asia,OWID_ASI,2002,62.354492
Asia,OWID_ASI,2003,61.25748
Asia,OWID_ASI,2004,59.370136
Asia,OWID_ASI,2005,60.010147
Asia,OWID_ASI,2006,62.624947
Asia,OWID_ASI,2007,65.35749
Asia,OWID_ASI,2008,65.67925
Asia,OWID_ASI,2009,62.534153
Asia,OWID_ASI,2010,65.03445
Asia,OWID_ASI,2011,66.71665
Asia,OWID_ASI,2012,68.27473
Asia,OWID_ASI,2013,66.7856
Asia,OWID_ASI,2014,67.76932
Asia,OWID_ASI,2015,67.5728
Asia,OWID_ASI,2016,67.53643
Asia,OWID_ASI,2017,67.84099
Asia,OWID_ASI,2018,74.2157
Asia,OWID_ASI,2019,74.396324
Asia,OWID_ASI,2020,70.64006
Asia,OWID_ASI,2021,74.34176
Asia,OWID_ASI,2022,76.032646
Asia,OWID_ASI,2023,75.43716
Asia,OWID_ASI,2024,72.24119
Asia (FAO),,1961,46.737602
Asia (FAO),,1962,44.727703
Asia (FAO),,1963,44.7797
Asia (FAO),,1964,48.620605
Asia (FAO),,1965,48.4687
Asia (FAO),,1966,45.6444
Asia (FAO),,1967,44.291203
Asia (FAO),,1968,48.148304
Asia (FAO),,1969,49.647102
Asia (FAO),,1970,50.177605
Asia (FAO),,1971,48.634605
Asia (FAO),,1972,47.304802
Asia (FAO),,1973,49.934902
Asia (FAO),,1974,51.5003
Asia (FAO),,1975,49.003803
Asia (FAO),,1976,50.570602
Asia (FAO),,1977,51.961502
Asia (FAO),,1978,51.540203
Asia (FAO),,1979,49.9382
Asia (FAO),,1980,49.6559
Asia (FAO),,1981,56.432304
Asia (FAO),,1982,56.775604
Asia (FAO),,1983,53.458603
Asia (FAO),,1984,55.254402
Asia (FAO),,1985,53.971504
Asia (FAO),,1986,55.3079
Asia (FAO),,1987,58.564804
Asia (FAO),,1988,56.7392
Asia (FAO),,1989,58.0707
Asia (FAO),,1990,59.933605
Asia (FAO),,1991,59.7939
Asia (FAO),,1992,60.751003
Asia (FAO),,1993,57.311302
Asia (FAO),,1994,60.124603
Asia (FAO),,1995,62.452103
Asia (FAO),,1996,61.160503
Asia (FAO),,1997,60.705902
Asia (FAO),,1998,61.566704
Asia (FAO),,1999,63.933403
Asia (FAO),,2000,62.141304
Asia (FAO),,2001,61.364502
Asia (FAO),,2002,62.354504
Asia (FAO),,2003,61.257504
Asia (FAO),,2004,59.370106
Asia (FAO),,2005,60.010105
Asia (FAO),,2006,62.6249
Asia (FAO),,2007,65.357506
Asia (FAO),,2008,65.6793
Asia (FAO),,2009,62.534203
Asia (FAO),,2010,65.0344
Asia (FAO),,2011,66.716606
Asia (FAO),,2012,68.274704
Asia (FAO),,2013,66.78561
Asia (FAO),,2014,67.7693
Asia (FAO),,2015,67.5728
Asia (FAO),,2016,67.5364
Asia (FAO),,2017,67.841
Asia (FAO),,2018,74.215706
Asia (FAO),,2019,74.3963
Asia (FAO),,2020,70.64011
Asia (FAO),,2021,74.3418
Asia (FAO),,2022,76.03261
Asia (FAO),,2023,75.43721
Asia (FAO),,2024,72.2412
Australia,AUS,1961,62.166103
Australia,AUS,1962,79.6258
Australia,AUS,1963,72.8636
Australia,AUS,1964,80.44111
Australia,AUS,1965,70.6275
Australia,AUS,1966,75.209206
Australia,AUS,1967,76.06361
Australia,AUS,1968,81.322105
Australia,AUS,1969,74.179504
Australia,AUS,1970,80.014206
Australia,AUS,1971,82.95871
Australia,AUS,1972,78.31351
Australia,AUS,1973,85.356
Australia,AUS,1974,80.6575
Australia,AUS,1975,85.51021
Australia,AUS,1976,81.00171
Australia,AUS,1977,79.59411
Australia,AUS,1978,85.2483
Australia,AUS,1979,79.1591
Australia,AUS,1980,83.1688
Australia,AUS,1981,79.424904
Australia,AUS,1982,77.922905
Australia,AUS,1983,78.758804
Australia,AUS,1984,81.406105
Australia,AUS,1985,80.34771
Australia,AUS,1986,79.5563
Australia,AUS,1987,80.842606
Australia,AUS,1988,85.634
Australia,AUS,1989,86.0714
Australia,AUS,1990,73.403404
Australia,AUS,1991,62.656902
Australia,AUS,1992,62.738605
Australia,AUS,1993,85.240906
Australia,AUS,1994,92.63911
Australia,AUS,1995,95.73421
Australia,AUS,1996,97.7441
Australia,AUS,1997,99.59601
Australia,AUS,1998,97.7714
Australia,AUS,1999,95.891304
Australia,AUS,2000,91.085205
Australia,AUS,2001,69.713104
Australia,AUS,2002,73.7386
Australia,AUS,2003,82.543304
Australia,AUS,2004,82.640305
Australia,AUS,2005,87.1573
Australia,AUS,2006,93.346504
Australia,AUS,2007,89.072105
Australia,AUS,2008,85.7225
Australia,AUS,2009,80.3925
Australia,AUS,2010,80.198105
Australia,AUS,2011,81.73151
Australia,AUS,2012,76.654205
Australia,AUS,2013,82.4046
Australia,AUS,2014,81.3336
Australia,AUS,2015,85.99361
Australia,AUS,2016,76.92911
Australia,AUS,2017,80.62601
Australia,AUS,2018,75.6434
Australia,AUS,2019,81.9814
Australia,AUS,2020,82.6455
Australia,AUS,2021,85.92821
Australia,AUS,2022,85.3245
Australia,AUS,2023,98.61951
Australia,AUS,2024,87.6572
Australia and New Zealand (FAO),,1961,62.166103
Australia and New Zealand (FAO),,1962,79.6258
Australia and New Zealand (FAO),,1963,72.8636
Australia and New Zealand (FAO),,1964,80.44111
Australia and New Zealand (FAO),,1965,70.6275
Australia and New Zealand (FAO),,1966,75.209206
Australia and New Zealand (FAO),,1967,76.06361
Australia and New Zealand (FAO),,1968,81.322105
Australia and New Zealand (FAO),,1969,74.179504
Australia and New Zealand (FAO),,1970,80.014206
Australia and New Zealand (FAO),,1971,82.95871
Australia and New Zealand (FAO),,1972,78.31351
Australia and New Zealand (FAO),,1973,85.356
Australia and New Zealand (FAO),,1974,80.6575
Australia and New Zealand (FAO),,1975,85.51021
Australia and New Zealand (FAO),,1976,81.00171
Australia and New Zealand (FAO),,1977,79.59411
Australia and New Zealand (FAO),,1978,85.2483
Australia and New Zealand (FAO),,1979,79.1591
Australia and New Zealand (FAO),,1980,83.1688
Australia and New Zealand (FAO),,1981,79.424904
Australia and New Zealand (FAO),,1982,77.922905
Australia and New Zealand (FAO),,1983,78.758804
Australia and New Zealand (FAO),,1984,81.406105
Australia and New Zealand (FAO),,1985,80.34771
Australia and New Zealand (FAO),,1986,79.5563
Australia and New Zealand (FAO),,1987,80.842606
Australia and New Zealand (FAO),,1988,85.634
Australia and New Zealand (FAO),,1989,86.0714
Australia and New Zealand (FAO),,1990,73.403404
Australia and New Zealand (FAO),,1991,62.656902
Australia and New Zealand (FAO),,1992,62.738605
Australia and New Zealand (FAO),,1993,85.240906
Australia and New Zealand (FAO),,1994,92.63911
Australia and New Zealand (FAO),,1995,95.73421
Australia and New Zealand (FAO),,1996,97.7441
Australia and New Zealand (FAO),,1997,99.59601
Australia and New Zealand (FAO),,1998,97.7714
Australia and New Zealand (FAO),,1999,95.891304
Australia and New Zealand (FAO),,2000,91.085205
Australia and New Zealand (FAO),,2001,69.713104
Australia and New Zealand (FAO),,2002,73.7386
Australia and New Zealand (FAO),,2003,82.543304
Australia and New Zealand (FAO),,2004,82.640305
Australia and New Zealand (FAO),,2005,87.1573
Australia and New Zealand (FAO),,2006,93.346504
Australia and New Zealand (FAO),,2007,89.072105
Australia and New Zealand (FAO),,2008,85.7225
Australia and New Zealand (FAO),,2009,80.3925
Australia and New Zealand (FAO),,2010,80.198105
Australia and New Zealand (FAO),,2011,81.73151
Australia and New Zealand (FAO),,2012,76.654205
Australia and New Zealand (FAO),,2013,82.4046
Australia and New Zealand (FAO),,2014,81.3336
Australia and New Zealand (FAO),,2015,85.99361
Australia and New Zealand (FAO),,2016,76.92911
Australia and New Zealand (FAO),,2017,80.62601
Australia and New Zealand (FAO),,2018,75.6434
Australia and New Zealand (FAO),,2019,81.9814
Australia and New Zealand (FAO),,2020,82.6455
Australia and New Zealand (FAO),,2021,85.92821
Australia and New Zealand (FAO),,2022,85.3245
Australia and New Zealand (FAO),,2023,98.61951
Australia and New Zealand (FAO),,2024,87.6572
Bahamas,BHS,1966,28.571402
Bahamas,BHS,1967,28.571402
Bahamas,BHS,1968,24.1667
Bahamas,BHS,1969,24.2857
Bahamas,BHS,1970,33.75
Bahamas,BHS,1971,20
Bahamas,BHS,1972,27.142902
Bahamas,BHS,1973,26.923101
Bahamas,BHS,1974,27.142902
Bahamas,BHS,1975,27.058802
Bahamas,BHS,1976,31.578901
Bahamas,BHS,1977,27.2222
Bahamas,BHS,1978,23.750002
Bahamas,BHS,1979,23.529402
Bahamas,BHS,1980,23.125002
Bahamas,BHS,1981,28.888903
Bahamas,BHS,1982,30.555601
Bahamas,BHS,1983,20.625002
Bahamas,BHS,1984,27.777802
Bahamas,BHS,1985,21.875002
Bahamas,BHS,1986,21.4286
Bahamas,BHS,1987,21.4286
Bahamas,BHS,1988,24.705902
Bahamas,BHS,1989,30.555601
Bahamas,BHS,1990,31.578901
Bahamas,BHS,1991,25.000002
Bahamas,BHS,1992,20.5882
Bahamas,BHS,1993,27.777802
Bahamas,BHS,1994,28.947401
Bahamas,BHS,1995,20.5882
Bahamas,BHS,1996,25.000002
Bahamas,BHS,1997,20.5882
Bahamas,BHS,1998,25.000002
Bahamas,BHS,1999,25.000002
Bahamas,BHS,2000,25.000002
Bahamas,BHS,2001,25.000002
Bahamas,BHS,2002,25.000002
Bahamas,BHS,2003,25.000002
Bahamas,BHS,2004,25.000002
Bahamas,BHS,2005,25.000002
Bahamas,BHS,2006,25.000002
Bahamas,BHS,2007,25.000002
Bahamas,BHS,2008,25.000002
Bahamas,BHS,2009,25.000002
Bahamas,BHS,2010,25.000002
Bahamas,BHS,2011,25.000002
Bahamas,BHS,2012,25.000002
Bahamas,BHS,2013,25.000002
Bahamas,BHS,2014,24.9761
Bahamas,BHS,2015,24.9535
Bahamas,BHS,2016,24.977802
Bahamas,BHS,2017,24.976301
Bahamas,BHS,2018,24.987402
Bahamas,BHS,2019,24.9867
Bahamas,BHS,2020,24.992102
Bahamas,BHS,2021,24.968502
Bahamas,BHS,2022,24.900902
Bahamas,BHS,2023,24.9032
Bahamas,BHS,2024,24.9055
Bangladesh,BGD,1961,35.589
Bangladesh,BGD,1962,38.2472
Bangladesh,BGD,1963,37.4928
Bangladesh,BGD,1964,38.9137
Bangladesh,BGD,1965,43.941803
Bangladesh,BGD,1966,50.007805
Bangladesh,BGD,1967,49.908703
Bangladesh,BGD,1968,46.2555
Bangladesh,BGD,1969,45.015804
Bangladesh,BGD,1970,45.321304
Bangladesh,BGD,1971,47.216503
Bangladesh,BGD,1972,41.139603
Bangladesh,BGD,1973,42.1087
Bangladesh,BGD,1974,43.6897
Bangladesh,BGD,1975,43.888
Bangladesh,BGD,1976,44.9539
Bangladesh,BGD,1977,44.981003
Bangladesh,BGD,1978,44.061
Bangladesh,BGD,1979,44.786602
Bangladesh,BGD,1980,44.155304
Bangladesh,BGD,1981,44.3548
Bangladesh,BGD,1982,44.320503
Bangladesh,BGD,1983,44.3894
Bangladesh,BGD,1984,43.025604
Bangladesh,BGD,1985,42.032803
Bangladesh,BGD,1986,41.446003
Bangladesh,BGD,1987,41.8675
Bangladesh,BGD,1988,41.593605
Bangladesh,BGD,1989,38.9777
Bangladesh,BGD,1990,39.829502
Bangladesh,BGD,1991,40.2034
Bangladesh,BGD,1992,39.747
Bangladesh,BGD,1993,40.6444
Bangladesh,BGD,1994,39.329304
Bangladesh,BGD,1995,41.342003
Bangladesh,BGD,1996,41.073605
Bangladesh,BGD,1997,42.832603
Bangladesh,BGD,1998,42.127502
Bangladesh,BGD,1999,39.947803
Bangladesh,BGD,2000,40.557804
Bangladesh,BGD,2001,39.934605
Bangladesh,BGD,2002,39.950104
Bangladesh,BGD,2003,41.1525
Bangladesh,BGD,2004,39.604702
Bangladesh,BGD,2005,40.879105
Bangladesh,BGD,2006,36.1619
Bangladesh,BGD,2007,38.451202
Bangladesh,BGD,2008,38.4919
Bangladesh,BGD,2009,41.443104
Bangladesh,BGD,2010,38.2197
Bangladesh,BGD,2011,40.209602
Bangladesh,BGD,2012,42.7705
Bangladesh,BGD,2013,40.580605
Bangladesh,BGD,2014,42.044804
Bangladesh,BGD,2015,42.527702
Bangladesh,BGD,2016,42.7788
Bangladesh,BGD,2017,41.9593
Bangladesh,BGD,2018,40.3604
Bangladesh,BGD,2019,38.759502
Bangladesh,BGD,2020,42.7034
Bangladesh,BGD,2021,42.8199
Bangladesh,BGD,2022,42.7249
Bangladesh,BGD,2023,42.759304
Bangladesh,BGD,2024,43.319
Barbados,BRB,1961,70.609604
Barbados,BRB,1962,73.530304
Barbados,BRB,1963,91.356
Barbados,BRB,1964,72.896904
Barbados,BRB,1965,85.147606
Barbados,BRB,1966,76.74421
Barbados,BRB,1967,88.16711
Barbados,BRB,1968,67.3934
Barbados,BRB,1969,63.4724
Barbados,BRB,1970,72.2796
Barbados,BRB,1971,62.544403
Barbados,BRB,1972,59.6409
Barbados,BRB,1973,55.4874
Barbados,BRB,1974,57.0159
Barbados,BRB,1975,52.489803
Barbados,BRB,1976,57.803703
Barbados,BRB,1977,66.2861
Barbados,BRB,1978,56.452602
Barbados,BRB,1979,66.2469
Barbados,BRB,1980,74.8447
Barbados,BRB,1981,61.139202
Barbados,BRB,1982,50.963104
Barbados,BRB,1983,50.135105
Barbados,BRB,1984,57.6454
Barbados,BRB,1985,57.086304
Barbados,BRB,1986,65.338104
Barbados,BRB,1987,53.828106
Barbados,BRB,1988,60.782604
Barbados,BRB,1989,50.346104
Barbados,BRB,1990,57.8244
Barbados,BRB,1991,56.775303
Barbados,BRB,1992,57.3804
Barbados,BRB,1993,55.822803
Barbados,BRB,1994,45.3142
Barbados,BRB,1995,43.9523
Barbados,BRB,1996,60.0404
Barbados,BRB,1997,63.791702
Barbados,BRB,1998,53.416702
Barbados,BRB,1999,63.658504
Barbados,BRB,2000,62.758606
Barbados,BRB,2001,50.6024
Barbados,BRB,2002,52.546204
Barbados,BRB,2003,49.264202
Barbados,BRB,2004,51.656902
Barbados,BRB,2005,62.309902
Barbados,BRB,2006,51.985104
Barbados,BRB,2007,56.111103
Barbados,BRB,2008,45.029003
Barbados,BRB,2009,52.455902
Barbados,BRB,2010,47.0545
Barbados,BRB,2011,52.082104
Barbados,BRB,2012,52.3482
Barbados,BRB,2013,40.821804
Barbados,BRB,2014,41.760002
Barbados,BRB,2015,37.2609
Barbados,BRB,2016,48.106804
Barbados,BRB,2017,47.607304
Barbados,BRB,2018,50.894802
Barbados,BRB,2019,28.654701
Barbados,BRB,2020,41.9759
Barbados,BRB,2021,51.2247
Barbados,BRB,2022,37.6147
Barbados,BRB,2023,40.715202
Barbados,BRB,2024,41.048603
Belize,BLZ,1961,56.156002
Belize,BLZ,1962,50.212
Belize,BLZ,1963,43.915302
Belize,BLZ,1964,52.2102
Belize,BLZ,1965,52.7682
Belize,BLZ,1966,56.748802
Belize,BLZ,1967,50.2164
Belize,BLZ,1968,41.4704
Belize,BLZ,1969,44.437603
Belize,BLZ,1970,56.972305
Belize,BLZ,1971,53.681602
Belize,BLZ,1972,50.2162
Belize,BLZ,1973,54.9599
Belize,BLZ,1974,50.218903
Belize,BLZ,1975,39.324303
Belize,BLZ,1976,28.756302
Belize,BLZ,1977,43.695602
Belize,BLZ,1978,48.271202
Belize,BLZ,1979,41.5509
Belize,BLZ,1980,42.410503
Belize,BLZ,1981,40.594303
Belize,BLZ,1982,45.0914
Belize,BLZ,1983,47.9269
Belize,BLZ,1984,43.500202
Belize,BLZ,1985,41.6271
Belize,BLZ,1986,37.583103
Belize,BLZ,1987,34.7342
Belize,BLZ,1988,34.8367
Belize,BLZ,1989,39.742302
Belize,BLZ,1990,46.008503
Belize,BLZ,1991,45.859
Belize,BLZ,1992,45.436604
Belize,BLZ,1993,39.283802
Belize,BLZ,1994,49.3554
Belize,BLZ,1995,42.1972
Belize,BLZ,1996,45.014603
Belize,BLZ,1997,46.685604
Belize,BLZ,1998,47.7402
Belize,BLZ,1999,50.3782
Belize,BLZ,2000,46.9229
Belize,BLZ,2001,43.5662
Belize,BLZ,2002,47.7669
Belize,BLZ,2003,46.2467
Belize,BLZ,2004,46.545002
Belize,BLZ,2005,36.9466
Belize,BLZ,2006,49.898804
Belize,BLZ,2007,49.403103
Belize,BLZ,2008,37.244003
Belize,BLZ,2009,37.7806
Belize,BLZ,2010,46.2214
Belize,BLZ,2011,34.736603
Belize,BLZ,2012,44.053604
Belize,BLZ,2013,44.378304
Belize,BLZ,2014,44.759502
Belize,BLZ,2015,39.5913
Belize,BLZ,2016,43.528503
Belize,BLZ,2017,44.8474
Belize,BLZ,2018,42.5219
Belize,BLZ,2019,44.3123
Belize,BLZ,2020,38.460102
Belize,BLZ,2021,45.2542
Belize,BLZ,2022,43.6367
Belize,BLZ,2023,38.060402
Belize,BLZ,2024,40.130604
Benin,BEN,1985,40
Benin,BEN,1986,40
Benin,BEN,1987,26.2562
Benin,BEN,1988,37.1748
Benin,BEN,1989,39.7648
Benin,BEN,1990,36.919804
Benin,BEN,1991,37.226303
Benin,BEN,1992,41.276104
Benin,BEN,1993,36.122
Benin,BEN,1994,33.1622
Benin,BEN,1995,39.7537
Benin,BEN,1996,37.6994
Benin,BEN,1997,38.834003
Benin,BEN,1998,32.2563
Benin,BEN,1999,33.461502
Benin,BEN,2000,37.389103
Benin,BEN,2001,42.967804
Benin,BEN,2002,38.840202
Benin,BEN,2003,42.172802
Benin,BEN,2004,35.6655
Benin,BEN,2005,35.0752
Benin,BEN,2006,37.9759
Benin,BEN,2007,27.6352
Benin,BEN,2008,34.486103
Benin,BEN,2009,34.513702
Benin,BEN,2010,35.233303
Benin,BEN,2011,35.2229
Benin,BEN,2012,35.085102
Benin,BEN,2013,34.9474
Benin,BEN,2014,34.8097
Benin,BEN,2015,34.6719
Benin,BEN,2016,34.534203
Benin,BEN,2017,34.2827
Benin,BEN,2018,34.2158
Benin,BEN,2019,34.108105
Benin,BEN,2020,33.998104
Benin,BEN,2021,33.958202
Benin,BEN,2022,33.936
Benin,BEN,2023,33.828003
Benin,BEN,2024,33.7199
Bhutan,BTN,1982,28.333302
Bhutan,BTN,1983,28.125002
Bhutan,BTN,1984,28.2682
Bhutan,BTN,1985,27.500002
Bhutan,BTN,1986,28.750002
Bhutan,BTN,1987,29.500002
Bhutan,BTN,1988,30.000002
Bhutan,BTN,1989,30.500002
Bhutan,BTN,1990,30.000002
Bhutan,BTN,1991,33.3333
Bhutan,BTN,1992,36.406803
Bhutan,BTN,1993,37.5739
Bhutan,BTN,1994,38.3888
Bhutan,BTN,1995,39.0265
Bhutan,BTN,1996,39.5867
Bhutan,BTN,1997,40.1155
Bhutan,BTN,1998,40.6324
Bhutan,BTN,1999,41.1454
Bhutan,BTN,2000,41.657803
Bhutan,BTN,2001,42.170902
Bhutan,BTN,2002,42.685303
Bhutan,BTN,2003,43.2013
Bhutan,BTN,2004,43.7189
Bhutan,BTN,2005,44.238102
Bhutan,BTN,2006,44.7592
Bhutan,BTN,2007,45.223804
Bhutan,BTN,2008,45.690304
Bhutan,BTN,2009,46.158604
Bhutan,BTN,2010,46.6287
Bhutan,BTN,2011,47.100803
Bhutan,BTN,2012,47.5749
Bhutan,BTN,2013,48.0509
Bhutan,BTN,2014,48.5289
Bhutan,BTN,2015,50.800003
Bhutan,BTN,2016,49.168304
Bhutan,BTN,2017,49.705402
Bhutan,BTN,2018,50.025402
Bhutan,BTN,2019,50.552605
Bhutan,BTN,2020,39.411804
Bhutan,BTN,2021,45.913803
Bhutan,BTN,2022,45.504803
Bhutan,BTN,2023,43.4444
Bhutan,BTN,2024,44.922604
Bolivia,BOL,1961,39.428604
Bolivia,BOL,1962,33.3125
Bolivia,BOL,1963,33.9583
Bolivia,BOL,1964,41.730804
Bolivia,BOL,1965,35.56
Bolivia,BOL,1966,31.179102
Bolivia,BOL,1967,38.064304
Bolivia,BOL,1968,38.9788
Bolivia,BOL,1969,38.000103
Bolivia,BOL,1970,38.0045
Bolivia,BOL,1971,35.5584
Bolivia,BOL,1972,38.6948
Bolivia,BOL,1973,43.8432
Bolivia,BOL,1974,44.189304
Bolivia,BOL,1975,45.5009
Bolivia,BOL,1976,41.3035
Bolivia,BOL,1977,42.0003
Bolivia,BOL,1978,47.404804
Bolivia,BOL,1979,44.302002
Bolivia,BOL,1980,45.5877
Bolivia,BOL,1981,44.5395
Bolivia,BOL,1982,41.149605
Bolivia,BOL,1983,38.8608
Bolivia,BOL,1984,40.248802
Bolivia,BOL,1985,40.6009
Bolivia,BOL,1986,38.7769
Bolivia,BOL,1987,36.796402
Bolivia,BOL,1988,36.6149
Bolivia,BOL,1989,42.4422
Bolivia,BOL,1990,46.3754
Bolivia,BOL,1991,42.6894
Bolivia,BOL,1992,36.2106
Bolivia,BOL,1993,42.095802
Bolivia,BOL,1994,45.0672
Bolivia,BOL,1995,47.9814
Bolivia,BOL,1996,42.7524
Bolivia,BOL,1997,39.712105
Bolivia,BOL,1998,40.561302
Bolivia,BOL,1999,42.405502
Bolivia,BOL,2000,42.960804
Bolivia,BOL,2001,44.7602
Bolivia,BOL,2002,46.275105
Bolivia,BOL,2003,46.5119
Bolivia,BOL,2004,51.2664
Bolivia,BOL,2005,47.200302
Bolivia,BOL,2006,53.521603
Bolivia,BOL,2007,50.179703
Bolivia,BOL,2008,43.8212
Bolivia,BOL,2009,49.987503
Bolivia,BOL,2010,46.943104
Bolivia,BOL,2011,46.5649
Bolivia,BOL,2012,48.447502
Bolivia,BOL,2013,52.818604
Bolivia,BOL,2014,51.0805
Bolivia,BOL,2015,49.4504
Bolivia,BOL,2016,50.5089
Bolivia,BOL,2017,55.589703
Bolivia,BOL,2018,57.179504
Bolivia,BOL,2019,54.735603
Bolivia,BOL,2020,56.059902
Bolivia,BOL,2021,54.7549
Bolivia,BOL,2022,53.424103
Bolivia,BOL,2023,58.466606
Bolivia,BOL,2024,54.718002
Brazil,BRA,1961,43.4477
Brazil,BRA,1962,42.638603
Brazil,BRA,1963,42.228302
Brazil,BRA,1964,43.6982
Brazil,BRA,1965,44.4864
Brazil,BRA,1966,46.339
Brazil,BRA,1967,45.864002
Brazil,BRA,1968,45.419605
Brazil,BRA,1969,45.001503
Brazil,BRA,1970,46.230305
Brazil,BRA,1971,46.5164
Brazil,BRA,1972,47.211803
Brazil,BRA,1973,46.965103
Brazil,BRA,1974,46.4939
Brazil,BRA,1975,46.4774
Brazil,BRA,1976,49.283203
Brazil,BRA,1977,52.898605
Brazil,BRA,1978,54.0027
Brazil,BRA,1979,54.7498
Brazil,BRA,1980,57.006004
Brazil,BRA,1981,55.1772
Brazil,BRA,1982,60.515106
Brazil,BRA,1983,62.101303
Brazil,BRA,1984,60.812202
Brazil,BRA,1985,63.1894
Brazil,BRA,1986,60.4467
Brazil,BRA,1987,62.317
Brazil,BRA,1988,62.795902
Brazil,BRA,1989,62.022804
Brazil,BRA,1990,61.478806
Brazil,BRA,1991,61.954605
Brazil,BRA,1992,64.5968
Brazil,BRA,1993,63.289204
Brazil,BRA,1994,67.22311
Brazil,BRA,1995,66.6145
Brazil,BRA,1996,66.755005
Brazil,BRA,1997,68.8839
Brazil,BRA,1998,69.2474
Brazil,BRA,1999,68.1483
Brazil,BRA,2000,67.878105
Brazil,BRA,2001,69.4433
Brazil,BRA,2002,71.44321
Brazil,BRA,2003,73.7313
Brazil,BRA,2004,73.726006
Brazil,BRA,2005,72.85421
Brazil,BRA,2006,75.11771
Brazil,BRA,2007,77.63221
Brazil,BRA,2008,79.2743
Brazil,BRA,2009,80.2555
Brazil,BRA,2010,79.0445
Brazil,BRA,2011,76.4485
Brazil,BRA,2012,74.29661
Brazil,BRA,2013,75.33871
Brazil,BRA,2014,70.646
Brazil,BRA,2015,74.20261
Brazil,BRA,2016,75.1763
Brazil,BRA,2017,74.4559
Brazil,BRA,2018,74.575905
Brazil,BRA,2019,74.657005
Brazil,BRA,2020,75.6363
Brazil,BRA,2021,71.7734
Brazil,BRA,2022,73.4349
Brazil,BRA,2023,77.9009
Brazil,BRA,2024,75.578705
Brunei,BRN,2020,14.542901
Brunei,BRN,2021,15.2560005
Brunei,BRN,2022,16.236
Brunei,BRN,2023,15.9783
Brunei,BRN,2024,16.188202
Burkina Faso,BFA,1974,71.825005
Burkina Faso,BFA,1975,80.10721
Burkina Faso,BFA,1976,84.1389
Burkina Faso,BFA,1977,96.77421
Burkina Faso,BFA,1978,82.89471
Burkina Faso,BFA,1979,90.00001
Burkina Faso,BFA,1980,87.50001
Burkina Faso,BFA,1981,81.7369
Burkina Faso,BFA,1982,87.50001
Burkina Faso,BFA,1983,82.50001
Burkina Faso,BFA,1984,80
Burkina Faso,BFA,1985,85.00001
Burkina Faso,BFA,1986,87.50001
Burkina Faso,BFA,1987,85.00001
Burkina Faso,BFA,1988,85.00001
Burkina Faso,BFA,1989,95.00001
Burkina Faso,BFA,1990,90.476204
Burkina Faso,BFA,1991,100.00001
Burkina Faso,BFA,1992,100.00001
Burkina Faso,BFA,1993,100.00001
Burkina Faso,BFA,1994,100.00001
Burkina Faso,BFA,1995,100.00001
Burkina Faso,BFA,1996,100.00001
Burkina Faso,BFA,1997,100.00001
Burkina Faso,BFA,1998,100.00001
Burkina Faso,BFA,1999,100.00001
Burkina Faso,BFA,2000,100.00001
Burkina Faso,BFA,2001,100.00001
Burkina Faso,BFA,2002,100.00001
Burkina Faso,BFA,2003,100.00001
Burkina Faso,BFA,2004,100.00001
Burkina Faso,BFA,2005,100.00001
Burkina Faso,BFA,2006,100.00001
Burkina Faso,BFA,2007,100.00001
Burkina Faso,BFA,2008,100.00001
Burkina Faso,BFA,2009,100.00001
Burkina Faso,BFA,2010,100.00001
Burkina Faso,BFA,2011,108.15221
Burkina Faso,BFA,2012,101.04171
Burkina Faso,BFA,2013,102.12771
Burkina Faso,BFA,2014,103.1181
Burkina Faso,BFA,2015,100.772
Burkina Faso,BFA,2016,100.8179
Burkina Faso,BFA,2017,101.6743
Burkina Faso,BFA,2018,101.82521
Burkina Faso,BFA,2019,101.893005
Burkina Faso,BFA,2020,101.7173
Burkina Faso,BFA,2021,101.608505
Burkina Faso,BFA,2022,101.453606
Burkina Faso,BFA,2023,101.4288
Burkina Faso,BFA,2024,101.40201
Burundi,BDI,1970,55.555603
Burundi,BDI,1971,55.555603
Burundi,BDI,1972,55.555603
Burundi,BDI,1973,55.555603
Burundi,BDI,1974,55.555603
Burundi,BDI,1975,55.555603
Burundi,BDI,1976,55.555603
Burundi,BDI,1977,55.555603
Burundi,BDI,1978,55.555603
Burundi,BDI,1979,55.555603
Burundi,BDI,1980,55.555603
Burundi,BDI,1981,60.000004
Burundi,BDI,1982,60.000004
Burundi,BDI,1983,60.000004
Burundi,BDI,1984,60.000004
Burundi,BDI,1985,63.636402
Burundi,BDI,1986,63.636402
Burundi,BDI,1987,64.5455
Burundi,BDI,1988,89.884
Burundi,BDI,1989,113.8326
Burundi,BDI,1990,97.200905
Burundi,BDI,1991,108.261505
Burundi,BDI,1992,83.66871
Burundi,BDI,1993,81.2078
Burundi,BDI,1994,67.0178
Burundi,BDI,1995,69.9579
Burundi,BDI,1996,75.90761
Burundi,BDI,1997,72.91671
Burundi,BDI,1998,73.26
Burundi,BDI,1999,64.814804
Burundi,BDI,2000,48.977604
Burundi,BDI,2001,62.1664
Burundi,BDI,2002,58.976303
Burundi,BDI,2003,57.0364
Burundi,BDI,2004,54.464603
Burundi,BDI,2005,49.7293
Burundi,BDI,2006,46.249
Burundi,BDI,2007,45.773502
Burundi,BDI,2008,44.711605
Burundi,BDI,2009,55.399002
Burundi,BDI,2010,53.9877
Burundi,BDI,2011,121.648605
Burundi,BDI,2012,81.6022
Burundi,BDI,2013,85.5425
Burundi,BDI,2014,68.9273
Burundi,BDI,2015,71.090706
Burundi,BDI,2016,71.9139
Burundi,BDI,2017,66.19021
Burundi,BDI,2018,58.370605
Burundi,BDI,2019,58.2545
Burundi,BDI,2020,58.181004
Burundi,BDI,2021,44.6082
Burundi,BDI,2022,79.463905
Burundi,BDI,2023,82.939804
Burundi,BDI,2024,74.58021
Cambodia,KHM,1961,60.288303
Cambodia,KHM,1962,62.500004
Cambodia,KHM,1963,67.5
Cambodia,KHM,1964,72.5
Cambodia,KHM,1965,71.190506
Cambodia,KHM,1966,71.1628
Cambodia,KHM,1967,99.00001
Cambodia,KHM,1968,70.6349
Cambodia,KHM,1969,70.5263
Cambodia,KHM,1970,70.9459
Cambodia,KHM,1971,71.08111
Cambodia,KHM,1972,53.409103
Cambodia,KHM,1973,56.410305
Cambodia,KHM,1974,55.263203
Cambodia,KHM,1975,52.500004
Cambodia,KHM,1976,51.282104
Cambodia,KHM,1977,55.714302
Cambodia,KHM,1978,55.000004
Cambodia,KHM,1979,52.2727
Cambodia,KHM,1980,20
Cambodia,KHM,1981,28.000002
Cambodia,KHM,1982,30.000002
Cambodia,KHM,1983,33.3333
Cambodia,KHM,1984,27.142902
Cambodia,KHM,1985,21.125002
Cambodia,KHM,1986,22.000002
Cambodia,KHM,1987,23.4286
Cambodia,KHM,1988,19.714302
Cambodia,KHM,1989,34.8571
Cambodia,KHM,1990,43.000004
Cambodia,KHM,1991,24.1667
Cambodia,KHM,1992,23.6667
Cambodia,KHM,1993,22.4591
Cambodia,KHM,1994,31.2857
Cambodia,KHM,1995,27.289803
Cambodia,KHM,1996,24.395502
Cambodia,KHM,1997,23.340601
Cambodia,KHM,1998,19.191301
Cambodia,KHM,1999,19.089901
Cambodia,KHM,2000,21.9487
Cambodia,KHM,2001,21.910402
Cambodia,KHM,2002,22.2266
Cambodia,KHM,2003,20.4085
Cambodia,KHM,2004,19.3446
Cambodia,KHM,2005,19.720303
Cambodia,KHM,2006,17.081001
Cambodia,KHM,2007,27.425001
Cambodia,KHM,2008,28.971802
Cambodia,KHM,2009,25.8742
Cambodia,KHM,2010,21.4125
Cambodia,KHM,2011,21.2397
Cambodia,KHM,2012,20.5955
Cambodia,KHM,2013,26.724302
Cambodia,KHM,2014,32.5105
Cambodia,KHM,2015,36.9375
Cambodia,KHM,2016,35.0514
Cambodia,KHM,2017,32.9476
Cambodia,KHM,2018,34.595
Cambodia,KHM,2019,36.3706
Cambodia,KHM,2020,34.499104
Cambodia,KHM,2021,35.1043
Cambodia,KHM,2022,35.2918
Cambodia,KHM,2023,34.961002
Cambodia,KHM,2024,35.1179
Cameroon,CMR,1961,5
Cameroon,CMR,1962,5.1609
Cameroon,CMR,1963,5.6333003
Cameroon,CMR,1964,3.8508003
Cameroon,CMR,1965,4.4314003
Cameroon,CMR,1966,6.6481004
Cameroon,CMR,1967,4.5653
Cameroon,CMR,1968,5
Cameroon,CMR,1969,6.4516006
Cameroon,CMR,1970,6.2051005
Cameroon,CMR,1971,5.6269
Cameroon,CMR,1972,7.7096004
Cameroon,CMR,1973,7.3989
Cameroon,CMR,1974,8.0425005
Cameroon,CMR,1975,7.8783
Cameroon,CMR,1976,7.8218
Cameroon,CMR,1977,8.099701
Cameroon,CMR,1978,8.5
Cameroon,CMR,1979,10.1778
Cameroon,CMR,1980,13.944401
Cameroon,CMR,1981,20.1739
Cameroon,CMR,1982,14.498001
Cameroon,CMR,1983,9.6505
Cameroon,CMR,1984,10
Cameroon,CMR,1985,10
Cameroon,CMR,1986,10
Cameroon,CMR,1987,10
Cameroon,CMR,1988,10
Cameroon,CMR,1989,10
Cameroon,CMR,1990,10
Cameroon,CMR,1991,10
Cameroon,CMR,1992,13.299601
Cameroon,CMR,1993,15.633701
Cameroon,CMR,1994,17.792501
Cameroon,CMR,1995,19.469501
Cameroon,CMR,1996,20.753801
Cameroon,CMR,1997,21.829102
Cameroon,CMR,1998,22.814701
Cameroon,CMR,1999,23.767601
Cameroon,CMR,2000,24.712502
Cameroon,CMR,2001,25.659801
Cameroon,CMR,2002,26.614101
Cameroon,CMR,2003,27.5776
Cameroon,CMR,2004,28.551601
Cameroon,CMR,2005,29.536901
Cameroon,CMR,2006,30.534502
Cameroon,CMR,2007,31.5326
Cameroon,CMR,2008,32.544804
Cameroon,CMR,2009,33.571804
Cameroon,CMR,2010,34.614803
Cameroon,CMR,2011,35.6748
Cameroon,CMR,2012,36.7529
Cameroon,CMR,2013,37.850304
Cameroon,CMR,2014,38.9682
Cameroon,CMR,2015,40.108105
Cameroon,CMR,2016,41.2713
Cameroon,CMR,2017,56.8647
Cameroon,CMR,2018,51.230804
Cameroon,CMR,2019,59.360104
Cameroon,CMR,2020,57.7467
Cameroon,CMR,2021,57.084606
Cameroon,CMR,2022,58.5367
Cameroon,CMR,2023,59.923805
Cameroon,CMR,2024,61.699104
Cape Verde,CPV,1961,10
Cape Verde,CPV,1962,10
Cape Verde,CPV,1963,10
Cape Verde,CPV,1964,9.5
Cape Verde,CPV,1965,9
Cape Verde,CPV,1966,8.912001
Cape Verde,CPV,1967,9.919001
Cape Verde,CPV,1968,11.223001
Cape Verde,CPV,1969,14.377001
Cape Verde,CPV,1970,8.082001
Cape Verde,CPV,1971,9.076
Cape Verde,CPV,1972,5.7190003
Cape Verde,CPV,1973,9.742001
Cape Verde,CPV,1974,10.500001
Cape Verde,CPV,1975,10
Cape Verde,CPV,1976,12.000001
Cape Verde,CPV,1977,13.000001
Cape Verde,CPV,1978,14.000001
Cape Verde,CPV,1979,15.000001
Cape Verde,CPV,1980,15.000001
Cape Verde,CPV,1981,10.500001
Cape Verde,CPV,1982,11.4286
Cape Verde,CPV,1983,12.8571005
Cape Verde,CPV,1984,12.142901
Cape Verde,CPV,1985,14.666701
Cape Verde,CPV,1986,14.285701
Cape Verde,CPV,1987,14.285701
Cape Verde,CPV,1988,14.272701
Cape Verde,CPV,1989,16.5
Cape Verde,CPV,1990,17
Cape Verde,CPV,1991,16.3636
Cape Verde,CPV,1992,16.3636
Cape Verde,CPV,1993,16.400002
Cape Verde,CPV,1994,15.500001
Cape Verde,CPV,1995,15.5556
Cape Verde,CPV,1996,15.625001
Cape Verde,CPV,1997,15.625001
Cape Verde,CPV,1998,15.625001
Cape Verde,CPV,1999,15.625001
Cape Verde,CPV,2000,19.8462
Cape Verde,CPV,2001,19.558802
Cape Verde,CPV,2002,19.420301
Cape Verde,CPV,2003,19.4182
Cape Verde,CPV,2004,19.6296
Cape Verde,CPV,2005,19.6429
Cape Verde,CPV,2006,19.098902
Cape Verde,CPV,2007,17.579302
Cape Verde,CPV,2008,18.230402
Cape Verde,CPV,2009,19.227303
Cape Verde,CPV,2010,20.4812
Cape Verde,CPV,2011,22.000002
Cape Verde,CPV,2012,21.996101
Cape Verde,CPV,2013,21.996101
Cape Verde,CPV,2014,21.9073
Cape Verde,CPV,2015,21.969402
Cape Verde,CPV,2016,17.2406
Cape Verde,CPV,2017,11.8826
Cape Verde,CPV,2018,7.2964
Cape Verde,CPV,2019,7.2964
Cape Verde,CPV,2020,7.2964
Cape Verde,CPV,2021,7.3539004
Cape Verde,CPV,2022,7.3635
Cape Verde,CPV,2023,7.3667006
Cape Verde,CPV,2024,7.0777006
Caribbean (FAO),,1961,49.6062
Caribbean (FAO),,1962,40.850502
Caribbean (FAO),,1963,41.4327
Caribbean (FAO),,1964,46.713802
Caribbean (FAO),,1965,53.379402
Caribbean (FAO),,1966,46.484703
Caribbean (FAO),,1967,52.301304
Caribbean (FAO),,1968,46.8525
Caribbean (FAO),,1969,50.254402
Caribbean (FAO),,1970,56.803604
Caribbean (FAO),,1971,45.1782
Caribbean (FAO),,1972,42.6733
Caribbean (FAO),,1973,46.738304
Caribbean (FAO),,1974,47.276604
Caribbean (FAO),,1975,46.942
Caribbean (FAO),,1976,47.573902
Caribbean (FAO),,1977,54.407803
Caribbean (FAO),,1978,56.954105
Caribbean (FAO),,1979,57.7314
Caribbean (FAO),,1980,46.9575
Caribbean (FAO),,1981,53.582703
Caribbean (FAO),,1982,55.065502
Caribbean (FAO),,1983,57.095303
Caribbean (FAO),,1984,56.0317
Caribbean (FAO),,1985,49.175503
Caribbean (FAO),,1986,50.8188
Caribbean (FAO),,1987,51.246502
Caribbean (FAO),,1988,55.370502
Caribbean (FAO),,1989,56.0727
Caribbean (FAO),,1990,53.879402
Caribbean (FAO),,1991,52.032104
Caribbean (FAO),,1992,44.4308
Caribbean (FAO),,1993,37.021103
Caribbean (FAO),,1994,35.555603
Caribbean (FAO),,1995,29.782701
Caribbean (FAO),,1996,34.3139
Caribbean (FAO),,1997,33.399605
Caribbean (FAO),,1998,32.3558
Caribbean (FAO),,1999,36.661503
Caribbean (FAO),,2000,36.799004
Caribbean (FAO),,2001,34.526
Caribbean (FAO),,2002,35.5127
Caribbean (FAO),,2003,38.6529
Caribbean (FAO),,2004,40.9373
Caribbean (FAO),,2005,30.254501
Caribbean (FAO),,2006,36.681602
Caribbean (FAO),,2007,41.999603
Caribbean (FAO),,2008,44.7584
Caribbean (FAO),,2009,38.9845
Caribbean (FAO),,2010,33.700104
Caribbean (FAO),,2011,29.7254
Caribbean (FAO),,2012,43.2154
Caribbean (FAO),,2013,42.2939
Caribbean (FAO),,2014,46.110203
Caribbean (FAO),,2015,45.226803
Caribbean (FAO),,2016,42.4444
Caribbean (FAO),,2017,42.7997
Caribbean (FAO),,2018,43.787804
Caribbean (FAO),,2019,43.363605
Caribbean (FAO),,2020,38.522503
Caribbean (FAO),,2021,35.2952
Caribbean (FAO),,2022,41.3174
Caribbean (FAO),,2023,43.554
Caribbean (FAO),,2024,38.7433
Central African Republic,CAF,1988,10
Central African Republic,CAF,1989,10
Central African Republic,CAF,1990,10
Central African Republic,CAF,1991,10
Central African Republic,CAF,1992,8.0108
Central African Republic,CAF,1993,8.2688
Central African Republic,CAF,1994,6.5702004
Central African Republic,CAF,1995,6.2850003
Central African Republic,CAF,1996,5.9827003
Central African Republic,CAF,1997,6.7549005
Central African Republic,CAF,1998,7.2688003
Central African Republic,CAF,1999,7.2917004
Central African Republic,CAF,2000,7.2000003
Central African Republic,CAF,2001,7.2000003
Central African Republic,CAF,2002,7.2000003
Central African Republic,CAF,2003,7.2000003
Central African Republic,CAF,2004,7.2000003
Central African Republic,CAF,2005,7.2000003
Central African Republic,CAF,2006,7.2093
Central African Republic,CAF,2007,7.1970005
Central African Republic,CAF,2008,7.1970005
Central African Republic,CAF,2009,7.1970005
Central African Republic,CAF,2010,7.0571003
Central African Republic,CAF,2011,6.2581005
Central African Republic,CAF,2012,5.8553
Central African Republic,CAF,2013,5.5477004
Central African Republic,CAF,2014,5.6242003
Central African Republic,CAF,2015,6.3761005
Central African Republic,CAF,2016,6.5587006
Central African Republic,CAF,2017,6.6489
Central African Republic,CAF,2018,6.6198
Central African Republic,CAF,2019,6.5442004
Central African Republic,CAF,2020,7.1389003
Central African Republic,CAF,2021,6.7642007
Central African Republic,CAF,2022,6.8095
Central African Republic,CAF,2023,6.9028
Central African Republic,CAF,2024,6.8255005
Central America (FAO),,1961,51.389305
Central America (FAO),,1962,54.078804
Central America (FAO),,1963,55.3409
Central America (FAO),,1964,57.173702
Central America (FAO),,1965,61.118305
Central America (FAO),,1966,61.710304
Central America (FAO),,1967,62.3585
Central America (FAO),,1968,59.616302
Central America (FAO),,1969,59.085606
Central America (FAO),,1970,60.5619
Central America (FAO),,1971,63.2869
Central America (FAO),,1972,64.0027
Central America (FAO),,1973,62.644302
Central America (FAO),,1974,65.3133
Central America (FAO),,1975,66.930405
Central America (FAO),,1976,62.954803
Central America (FAO),,1977,65.7724
Central America (FAO),,1978,65.5668
Central America (FAO),,1979,62.8622
Central America (FAO),,1980,61.802105
Central America (FAO),,1981,60.6077
Central America (FAO),,1982,67.5438
Central America (FAO),,1983,67.8154
Central America (FAO),,1984,67.93561
Central America (FAO),,1985,69.7259
Central America (FAO),,1986,73.657005
Central America (FAO),,1987,71.783905
Central America (FAO),,1988,69.4209
Central America (FAO),,1989,71.217804
Central America (FAO),,1990,71.7509
Central America (FAO),,1991,71.5433
Central America (FAO),,1992,75.2138
Central America (FAO),,1993,76.13451
Central America (FAO),,1994,71.820404
Central America (FAO),,1995,80.18851
Central America (FAO),,1996,74.3391
Central America (FAO),,1997,79.276505
Central America (FAO),,1998,79.754105
Central America (FAO),,1999,75.273506
Central America (FAO),,2000,74.6899
Central America (FAO),,2001,80.1354
Central America (FAO),,2002,74.69971
Central America (FAO),,2003,76.9413
Central America (FAO),,2004,80.3423
Central America (FAO),,2005,79.2903
Central America (FAO),,2006,77.8518
Central America (FAO),,2007,78.7423
Central America (FAO),,2008,77.226006
Central America (FAO),,2009,77.113205
Central America (FAO),,2010,75.5183
Central America (FAO),,2011,72.457
Central America (FAO),,2012,76.5565
Central America (FAO),,2013,83.609
Central America (FAO),,2014,85.54121
Central America (FAO),,2015,83.9383
Central America (FAO),,2016,83.8748
Central America (FAO),,2017,80.036705
Central America (FAO),,2018,79.5903
Central America (FAO),,2019,81.8789
Central America (FAO),,2020,78.93
Central America (FAO),,2021,77.4573
Central America (FAO),,2022,78.5052
Central America (FAO),,2023,76.1764
Central America (FAO),,2024,76.46261
Chad,TCD,1961,25.000002
Chad,TCD,1962,25.000002
Chad,TCD,1963,32.5
Chad,TCD,1964,37.5
Chad,TCD,1965,42.500004
Chad,TCD,1966,47.500004
Chad,TCD,1967,52.500004
Chad,TCD,1968,55.000004
Chad,TCD,1969,59.000004
Chad,TCD,1970,56.250004
Chad,TCD,1971,52.500004
Chad,TCD,1972,45.000004
Chad,TCD,1973,50.000004
Chad,TCD,1974,50.000004
Chad,TCD,1975,52.500004
Chad,TCD,1976,72.5
Chad,TCD,1977,85.00001
Chad,TCD,1978,86.8421
Chad,TCD,1979,86.00001
Chad,TCD,1980,86.00001
Chad,TCD,1981,65.2237
Chad,TCD,1982,66.9103
Chad,TCD,1983,69.159706
Chad,TCD,1984,62.4337
Chad,TCD,1985,70.858
Chad,TCD,1986,70.4459
Chad,TCD,1987,70.049706
Chad,TCD,1988,74.1363
Chad,TCD,1989,84.6845
Chad,TCD,1990,87.5158
Chad,TCD,1991,83.437004
Chad,TCD,1992,84.88821
Chad,TCD,1993,98.64521
Chad,TCD,1994,93.47761
Chad,TCD,1995,95.58771
Chad,TCD,1996,103.265305
Chad,TCD,1997,84.443
Chad,TCD,1998,83.62761
Chad,TCD,1999,79.3144
Chad,TCD,2000,87.82471
Chad,TCD,2001,88.0539
Chad,TCD,2002,88.2838
Chad,TCD,2003,88.5145
Chad,TCD,2004,88.7459
Chad,TCD,2005,88.977905
Chad,TCD,2006,89.2309
Chad,TCD,2007,89.504906
Chad,TCD,2008,89.7794
Chad,TCD,2009,90.1209
Chad,TCD,2010,90.40311
Chad,TCD,2011,90.68571
Chad,TCD,2012,90.968506
Chad,TCD,2013,91.2516
Chad,TCD,2014,91.534904
Chad,TCD,2015,91.818405
Chad,TCD,2016,92.102005
Chad,TCD,2017,92.385704
Chad,TCD,2018,92.6694
Chad,TCD,2019,92.953
Chad,TCD,2020,91.94421
Chad,TCD,2021,91.438705
Chad,TCD,2022,91.440704
Chad,TCD,2023,91.5146
Chad,TCD,2024,91.5885
China,CHN,1961,22.6424
China,CHN,1962,22.357101
China,CHN,1963,42.3995
China,CHN,1964,39.7412
China,CHN,1965,38.2135
China,CHN,1966,33.034702
China,CHN,1967,36.9599
China,CHN,1968,32.245102
China,CHN,1969,32.0027
China,CHN,1970,34.7457
China,CHN,1971,30.842001
China,CHN,1972,34.4374
China,CHN,1973,33.613304
China,CHN,1974,33.3517
China,CHN,1975,31.849802
China,CHN,1976,30.7337
China,CHN,1977,35.029602
China,CHN,1978,38.499603
China,CHN,1979,42.0242
China,CHN,1980,47.613804
China,CHN,1981,53.863503
China,CHN,1982,56.5068
China,CHN,1983,47.6554
China,CHN,1984,54.2844
China,CHN,1985,53.418804
China,CHN,1986,52.9234
China,CHN,1987,55.201603
China,CHN,1988,53.099606
China,CHN,1989,50.8543
China,CHN,1990,57.117504
China,CHN,1991,58.345104
China,CHN,1992,58.605503
China,CHN,1993,59.012505
China,CHN,1994,57.668503
China,CHN,1995,58.133305
China,CHN,1996,56.4705
China,CHN,1997,60.158104
China,CHN,1998,59.5497
China,CHN,1999,57.3384
China,CHN,2000,57.6259
China,CHN,2001,60.625202
China,CHN,2002,64.663704
China,CHN,2003,64.022606
China,CHN,2004,65.199005
China,CHN,2005,63.970203
China,CHN,2006,70.4501
China,CHN,2007,71.228004
China,CHN,2008,71.2095
China,CHN,2009,68.093506
China,CHN,2010,65.7001
China,CHN,2011,66.485
China,CHN,2012,68.600105
China,CHN,2013,70.5765
China,CHN,2014,71.3518
China,CHN,2015,72.536606
China,CHN,2016,73.6198
China,CHN,2017,76.131905
China,CHN,2018,76.8915
China,CHN,2019,78.655205
China,CHN,2020,79.888405
China,CHN,2021,81.04721
China,CHN,2022,80.19211
China,CHN,2023,82.652
China,CHN,2024,80.8713
China (FAO),,1961,42.433304
China (FAO),,1962,39.0672
China (FAO),,1963,51.530804
China (FAO),,1964,47.3012
China (FAO),,1965,49.714603
China (FAO),,1966,45.233902
China (FAO),,1967,45.024303
China (FAO),,1968,44.871105
China (FAO),,1969,41.7099
China (FAO),,1970,41.2574
China (FAO),,1971,41.020603
China (FAO),,1972,41.6254
China (FAO),,1973,40.737602
China (FAO),,1974,42.8592
China (FAO),,1975,39.2294
China (FAO),,1976,39.178
China (FAO),,1977,46.126602
China (FAO),,1978,44.596302
China (FAO),,1979,50.1095
China (FAO),,1980,54.0789
China (FAO),,1981,58.321804
China (FAO),,1982,59.962402
China (FAO),,1983,51.580303
China (FAO),,1984,57.0287
China (FAO),,1985,55.784805
China (FAO),,1986,55.496304
China (FAO),,1987,57.0772
China (FAO),,1988,56.1747
China (FAO),,1989,54.031803
China (FAO),,1990,58.888603
China (FAO),,1991,59.239605
China (FAO),,1992,60.209503
China (FAO),,1993,59.867203
China (FAO),,1994,59.3442
China (FAO),,1995,59.264503
China (FAO),,1996,57.511703
China (FAO),,1997,60.9597
China (FAO),,1998,60.1912
China (FAO),,1999,58.063503
China (FAO),,2000,58.284103
China (FAO),,2001,60.8609
China (FAO),,2002,64.8962
China (FAO),,2003,64.2632
China (FAO),,2004,65.36
China (FAO),,2005,64.1257
China (FAO),,2006,70.4074
China (FAO),,2007,71.2423
China (FAO),,2008,71.2189
China (FAO),,2009,68.0793
China (FAO),,2010,65.7396
China (FAO),,2011,66.5296
China (FAO),,2012,68.5904
China (FAO),,2013,70.542
China (FAO),,2014,71.338104
China (FAO),,2015,72.522
China (FAO),,2016,73.52321
China (FAO),,2017,76.0408
China (FAO),,2018,76.83471
China (FAO),,2019,78.58
China (FAO),,2020,79.781006
China (FAO),,2021,80.976204
China (FAO),,2022,80.1004
China (FAO),,2023,82.61771
China (FAO),,2024,80.791405
Colombia,COL,1961,45.6104
Colombia,COL,1962,49.6515
Colombia,COL,1963,39.880802
Colombia,COL,1964,43.391304
Colombia,COL,1965,38.9954
Colombia,COL,1966,54.166702
Colombia,COL,1967,57.777805
Colombia,COL,1968,57.0815
Colombia,COL,1969,56.118103
Colombia,COL,1970,53.3613
Colombia,COL,1971,54.655903
Colombia,COL,1972,57.493305
Colombia,COL,1973,57.226704
Colombia,COL,1974,61.7647
Colombia,COL,1975,81.3815
Colombia,COL,1976,80.811905
Colombia,COL,1977,76.0668
Colombia,COL,1978,83.4849
Colombia,COL,1979,87.58871
Colombia,COL,1980,89.3224
Colombia,COL,1981,83.1243
Colombia,COL,1982,89.900505
Colombia,COL,1983,89.3319
Colombia,COL,1984,80.7477
Colombia,COL,1985,73.31811
Colombia,COL,1986,73.06921
Colombia,COL,1987,73.42621
Colombia,COL,1988,76.60361
Colombia,COL,1989,82.3488
Colombia,COL,1990,87.300606
Colombia,COL,1991,88.8909
Colombia,COL,1992,85.329
Colombia,COL,1993,80.022705
Colombia,COL,1994,83.5838
Colombia,COL,1995,84.68751
Colombia,COL,1996,90.161804
Colombia,COL,1997,93.03071
Colombia,COL,1998,86.401
Colombia,COL,1999,86.4054
Colombia,COL,2000,83.64101
Colombia,COL,2001,82.829704
Colombia,COL,2002,97.001205
Colombia,COL,2003,99.214005
Colombia,COL,2004,101.8103
Colombia,COL,2005,98.1363
Colombia,COL,2006,90.47461
Colombia,COL,2007,85.81161
Colombia,COL,2008,84.2489
Colombia,COL,2009,96.7049
Colombia,COL,2010,93.3603
Colombia,COL,2011,91.343506
Colombia,COL,2012,84.071304
Colombia,COL,2013,85.85921
Colombia,COL,2014,95.123604
Colombia,COL,2015,88.26011
Colombia,COL,2016,86.39921
Colombia,COL,2017,54.263504
Colombia,COL,2018,73.5078
Colombia,COL,2019,50.253605
Colombia,COL,2020,89.220406
Colombia,COL,2021,95.987305
Colombia,COL,2022,91.410706
Colombia,COL,2023,91.040405
Colombia,COL,2024,89.217606
Congo,COG,1961,42.222202
Congo,COG,1962,46.000004
Congo,COG,1963,51.666702
Congo,COG,1964,58.333305
Congo,COG,1965,53.750004
Congo,COG,1966,45.1424
Congo,COG,1967,50.1707
Congo,COG,1968,38.8084
Congo,COG,1969,38.5
Congo,COG,1970,34.6497
Congo,COG,1971,28.6301
Congo,COG,1972,18.092402
Congo,COG,1973,26.221802
Congo,COG,1974,26.2987
Congo,COG,1975,61.700603
Congo,COG,1976,62.165302
Congo,COG,1977,51.408
Congo,COG,1978,30.000002
Congo,COG,1979,32
Congo,COG,1980,22.857101
Congo,COG,1981,23.750002
Congo,COG,1982,28.333302
Congo,COG,1983,20.833302
Congo,COG,1984,21.875002
Congo,COG,1985,21.818201
Congo,COG,1986,20.833302
Congo,COG,1987,20
Congo,COG,1988,20
Congo,COG,1989,20.526302
Congo,COG,1990,16.5625
Congo,COG,1991,16
Congo,COG,1992,18.1818
Congo,COG,1993,19.375
Congo,COG,1994,21.333302
Congo,COG,1995,34.1814
Congo,COG,1996,37.5213
Congo,COG,1997,34.9607
Congo,COG,1998,45.443302
Congo,COG,1999,40.899002
Congo,COG,2000,37.5213
Congo,COG,2001,37.8694
Congo,COG,2002,37.4897
Congo,COG,2003,36.9163
Congo,COG,2004,36.9327
Congo,COG,2005,36.2941
Congo,COG,2006,36.666702
Congo,COG,2007,36
Congo,COG,2008,36.451603
Congo,COG,2009,37.5
Congo,COG,2010,37.8089
Congo,COG,2011,36.1678
Congo,COG,2012,35.529804
Congo,COG,2013,35.254604
Congo,COG,2014,35.267002
Congo,COG,2015,36.1635
Congo,COG,2016,36.808502
Congo,COG,2017,37.343803
Congo,COG,2018,37.2666
Congo,COG,2019,37.231503
Congo,COG,2020,37.2238
Congo,COG,2021,37.240604
Congo,COG,2022,37.232002
Congo,COG,2023,37.2321
Congo,COG,2024,37.2349
Costa Rica,CRI,1961,50.458603
Costa Rica,CRI,1962,50.504
Costa Rica,CRI,1963,50.9359
Costa Rica,CRI,1964,51.5644
Costa Rica,CRI,1965,52.327805
Costa Rica,CRI,1966,52.672203
Costa Rica,CRI,1967,53.764305
Costa Rica,CRI,1968,53.9597
Costa Rica,CRI,1969,53.820503
Costa Rica,CRI,1970,56.0312
Costa Rica,CRI,1971,57.6369
Costa Rica,CRI,1972,58.6859
Costa Rica,CRI,1973,60.400204
Costa Rica,CRI,1974,59.641003
Costa Rica,CRI,1975,62.775105
Costa Rica,CRI,1976,60.099304
Costa Rica,CRI,1977,62.985504
Costa Rica,CRI,1978,55.9999
Costa Rica,CRI,1979,55.999702
Costa Rica,CRI,1980,55.999603
Costa Rica,CRI,1981,56.019
Costa Rica,CRI,1982,56.000202
Costa Rica,CRI,1983,56.000603
Costa Rica,CRI,1984,56.000202
Costa Rica,CRI,1985,59.701504
Costa Rica,CRI,1986,56.0004
Costa Rica,CRI,1987,56.000504
Costa Rica,CRI,1988,56.0004
Costa Rica,CRI,1989,59.250004
Costa Rica,CRI,1990,89.152504
Costa Rica,CRI,1991,76.4865
Costa Rica,CRI,1992,80
Costa Rica,CRI,1993,82.1705
Costa Rica,CRI,1994,80.402
Costa Rica,CRI,1995,84.987206
Costa Rica,CRI,1996,78.08861
Costa Rica,CRI,1997,87.7828
Costa Rica,CRI,1998,84.1304
Costa Rica,CRI,1999,80.4348
Costa Rica,CRI,2000,80.50851
Costa Rica,CRI,2001,83.3333
Costa Rica,CRI,2002,79.16671
Costa Rica,CRI,2003,89.795906
Costa Rica,CRI,2004,85.3485
Costa Rica,CRI,2005,83.3333
Costa Rica,CRI,2006,86.3039
Costa Rica,CRI,2007,81.8505
Costa Rica,CRI,2008,76.99361
Costa Rica,CRI,2009,77.314705
Costa Rica,CRI,2010,67.01471
Costa Rica,CRI,2011,59.467503
Costa Rica,CRI,2012,69.544304
Costa Rica,CRI,2013,69.6678
Costa Rica,CRI,2014,71.0723
Costa Rica,CRI,2015,67.1663
Costa Rica,CRI,2016,65.1434
Costa Rica,CRI,2017,64.7217
Costa Rica,CRI,2018,66.53821
Costa Rica,CRI,2019,68.500404
Costa Rica,CRI,2020,74.6489
Costa Rica,CRI,2021,65.8505
Costa Rica,CRI,2022,65.1429
Costa Rica,CRI,2023,58.094704
Costa Rica,CRI,2024,70.998405
Cote d'Ivoire,CIV,1975,38.773003
Cote d'Ivoire,CIV,1976,57.743202
Cote d'Ivoire,CIV,1977,65.659904
Cote d'Ivoire,CIV,1978,61.621803
Cote d'Ivoire,CIV,1979,58.061604
Cote d'Ivoire,CIV,1980,66.83761
Cote d'Ivoire,CIV,1981,65.1289
Cote d'Ivoire,CIV,1982,60.361504
Cote d'Ivoire,CIV,1983,57.752502
Cote d'Ivoire,CIV,1984,40.1149
Cote d'Ivoire,CIV,1985,56.7564
Cote d'Ivoire,CIV,1986,60.495304
Cote d'Ivoire,CIV,1987,62.405502
Cote d'Ivoire,CIV,1988,63.230503
Cote d'Ivoire,CIV,1989,61.608704
Cote d'Ivoire,CIV,1990,63.6654
Cote d'Ivoire,CIV,1991,65.07931
Cote d'Ivoire,CIV,1992,66.297905
Cote d'Ivoire,CIV,1993,62.097202
Cote d'Ivoire,CIV,1994,60.062305
Cote d'Ivoire,CIV,1995,64.6969
Cote d'Ivoire,CIV,1996,65.96001
Cote d'Ivoire,CIV,1997,64.7086
Cote d'Ivoire,CIV,1998,58.345104
Cote d'Ivoire,CIV,1999,72.4414
Cote d'Ivoire,CIV,2000,63.239403
Cote d'Ivoire,CIV,2001,63.241104
Cote d'Ivoire,CIV,2002,63.239105
Cote d'Ivoire,CIV,2003,63.238503
Cote d'Ivoire,CIV,2004,63.241302
Cote d'Ivoire,CIV,2005,64.3944
Cote d'Ivoire,CIV,2006,63.240204
Cote d'Ivoire,CIV,2007,63.239803
Cote d'Ivoire,CIV,2008,72.1774
Cote d'Ivoire,CIV,2009,76.1818
Cote d'Ivoire,CIV,2010,72.093704
Cote d'Ivoire,CIV,2011,76.0203
Cote d'Ivoire,CIV,2012,74.57361
Cote d'Ivoire,CIV,2013,77.058304
Cote d'Ivoire,CIV,2014,76.7897
Cote d'Ivoire,CIV,2015,77.5848
Cote d'Ivoire,CIV,2016,77.81721
Cote d'Ivoire,CIV,2017,78.64271
Cote d'Ivoire,CIV,2018,78.395004
Cote d'Ivoire,CIV,2019,79.4938
Cote d'Ivoire,CIV,2020,79.6219
Cote d'Ivoire,CIV,2021,79.79201
Cote d'Ivoire,CIV,2022,80.18671
Cote d'Ivoire,CIV,2023,80.5969
Cote d'Ivoire,CIV,2024,81.007
Cuba,CUB,1961,44.3264
Cuba,CUB,1962,32.431503
Cuba,CUB,1963,29.528002
Cuba,CUB,1964,37.1197
Cuba,CUB,1965,48.067
Cuba,CUB,1966,37.5522
Cuba,CUB,1967,47.819202
Cuba,CUB,1968,42.480003
Cuba,CUB,1969,45.247902
Cuba,CUB,1970,55.3552
Cuba,CUB,1971,40.401802
Cuba,CUB,1972,37.419003
Cuba,CUB,1973,43.4899
Cuba,CUB,1974,44.4394
Cuba,CUB,1975,44.344902
Cuba,CUB,1976,43.621304
Cuba,CUB,1977,53.058002
Cuba,CUB,1978,56.3179
Cuba,CUB,1979,58.890503
Cuba,CUB,1980,45.964104
Cuba,CUB,1981,55.138103
Cuba,CUB,1982,55.074203
Cuba,CUB,1983,58.0688
Cuba,CUB,1984,57.354603
Cuba,CUB,1985,50.0074
Cuba,CUB,1986,51.558002
Cuba,CUB,1987,52.1253
Cuba,CUB,1988,56.844704
Cuba,CUB,1989,59.975502
Cuba,CUB,1990,57.593502
Cuba,CUB,1991,54.882202
Cuba,CUB,1992,45.670605
Cuba,CUB,1993,36.065002
Cuba,CUB,1994,34.5904
Cuba,CUB,1995,28.537502
Cuba,CUB,1996,33.186
Cuba,CUB,1997,31.212402
Cuba,CUB,1998,31.282803
Cuba,CUB,1999,34.1434
Cuba,CUB,2000,34.9697
Cuba,CUB,2001,31.873701
Cuba,CUB,2002,33.3269
Cuba,CUB,2003,34.3274
Cuba,CUB,2004,36.006104
Cuba,CUB,2005,22.428501
Cuba,CUB,2006,27.851902
Cuba,CUB,2007,36.115303
Cuba,CUB,2008,41.2832
Cuba,CUB,2009,34.2765
Cuba,CUB,2010,26.8892
Cuba,CUB,2011,23.513102
Cuba,CUB,2012,40.6864
Cuba,CUB,2013,40.219803
Cuba,CUB,2014,43.9289
Cuba,CUB,2015,44.3067
Cuba,CUB,2016,42.694504
Cuba,CUB,2017,40.1069
Cuba,CUB,2018,40.0763
Cuba,CUB,2019,43.268
Cuba,CUB,2020,35.297104
Cuba,CUB,2021,29.398401
Cuba,CUB,2022,32.771503
Cuba,CUB,2023,35.1014
Cuba,CUB,2024,33.476
Democratic Republic of Congo,COD,1961,60.000004
Democratic Republic of Congo,COD,1962,60.000004
Democratic Republic of Congo,COD,1963,60.555603
Democratic Republic of Congo,COD,1964,60.714302
Democratic Republic of Congo,COD,1965,60.2564
Democratic Republic of Congo,COD,1966,60.2564
Democratic Republic of Congo,COD,1967,64.7059
Democratic Republic of Congo,COD,1968,64.5
Democratic Republic of Congo,COD,1969,63.1579
Democratic Republic of Congo,COD,1970,56.654503
Democratic Republic of Congo,COD,1971,57.745502
Democratic Republic of Congo,COD,1972,58.325005
Democratic Republic of Congo,COD,1973,64.2667
Democratic Republic of Congo,COD,1974,62.800003
Democratic Republic of Congo,COD,1975,62.5385
Democratic Republic of Congo,COD,1976,67.86671
Democratic Republic of Congo,COD,1977,62.846203
Democratic Republic of Congo,COD,1978,50.1692
Democratic Republic of Congo,COD,1979,53.846203
Democratic Republic of Congo,COD,1980,40
Democratic Republic of Congo,COD,1981,40
Democratic Republic of Congo,COD,1982,40
Democratic Republic of Congo,COD,1983,40.187504
Democratic Republic of Congo,COD,1984,47.676003
Democratic Republic of Congo,COD,1985,43.8162
Democratic Republic of Congo,COD,1986,39.441105
Democratic Republic of Congo,COD,1987,45.163803
Democratic Republic of Congo,COD,1988,43.4257
Democratic Republic of Congo,COD,1989,44.594105
Democratic Republic of Congo,COD,1990,52.946106
Democratic Republic of Congo,COD,1991,50.466305
Democratic Republic of Congo,COD,1992,50.2159
Democratic Republic of Congo,COD,1993,49.0149
Democratic Republic of Congo,COD,1994,48.8883
Democratic Republic of Congo,COD,1995,48.762
Democratic Republic of Congo,COD,1996,48.636
Democratic Republic of Congo,COD,1997,49.3189
Democratic Republic of Congo,COD,1998,48.089203
Democratic Republic of Congo,COD,1999,47.222202
Democratic Republic of Congo,COD,2000,46.361103
Democratic Republic of Congo,COD,2001,42.7397
Democratic Republic of Congo,COD,2002,37.295002
Democratic Republic of Congo,COD,2003,39.483803
Democratic Republic of Congo,COD,2004,38.7638
Democratic Republic of Congo,COD,2005,38.0569
Democratic Republic of Congo,COD,2006,37.3629
Democratic Republic of Congo,COD,2007,42.3599
Democratic Republic of Congo,COD,2008,44.835304
Democratic Republic of Congo,COD,2009,45.6785
Democratic Republic of Congo,COD,2010,46.1949
Democratic Republic of Congo,COD,2011,44.289104
Democratic Republic of Congo,COD,2012,44.737003
Democratic Republic of Congo,COD,2013,44.7755
Democratic Republic of Congo,COD,2014,45.083603
Democratic Republic of Congo,COD,2015,46.6855
Democratic Republic of Congo,COD,2016,45.241302
Democratic Republic of Congo,COD,2017,44.319
Democratic Republic of Congo,COD,2018,43.6725
Democratic Republic of Congo,COD,2019,43.015804
Democratic Republic of Congo,COD,2020,42.3082
Democratic Republic of Congo,COD,2021,39.766502
Democratic Republic of Congo,COD,2022,37.712902
Democratic Republic of Congo,COD,2023,36.167103
Democratic Republic of Congo,COD,2024,34.9715
Djibouti,DJI,1991,37.837803
Djibouti,DJI,1992,37.7049
Djibouti,DJI,1993,38.281303
Djibouti,DJI,1994,39.3939
Djibouti,DJI,1995,39.3939
Djibouti,DJI,1996,38.1679
Djibouti,DJI,1997,38.1679
Djibouti,DJI,1998,39.097702
Djibouti,DJI,1999,39.097702
Djibouti,DJI,2000,39.097702
Djibouti,DJI,2001,39.097702
Djibouti,DJI,2002,39.097702
Djibouti,DJI,2003,39.097702
Djibouti,DJI,2004,39.097702
Djibouti,DJI,2005,39.097702
Djibouti,DJI,2006,39.097702
Djibouti,DJI,2007,39.097702
Djibouti,DJI,2008,39.097702
Djibouti,DJI,2009,39.097702
Djibouti,DJI,2010,39.097702
Djibouti,DJI,2011,39.097702
Djibouti,DJI,2012,39.097702
Djibouti,DJI,2013,39.097702
Djibouti,DJI,2014,39.1014
Djibouti,DJI,2015,39.417202
Djibouti,DJI,2016,39.8249
Djibouti,DJI,2017,39.049202
Djibouti,DJI,2018,39.6809
Djibouti,DJI,2019,40.2923
Djibouti,DJI,2020,39.7699
Djibouti,DJI,2021,39.743702
Djibouti,DJI,2022,39.7773
Djibouti,DJI,2023,39.8115
Djibouti,DJI,2024,39.8457
Dominica,DMA,1961,32
Dominica,DMA,1962,32
Dominica,DMA,1963,36.575
Dominica,DMA,1964,36.575
Dominica,DMA,1965,32.5
Dominica,DMA,1966,27.500002
Dominica,DMA,1967,24.900002
Dominica,DMA,1968,25.400002
Dominica,DMA,1969,23.35
Dominica,DMA,1970,21.500002
Dominica,DMA,1971,20
Dominica,DMA,1972,20
Dominica,DMA,1973,20
Dominica,DMA,1974,20
Dominica,DMA,1975,20
Dominica,DMA,1976,20
Dominica,DMA,1977,20
Dominica,DMA,1978,20.500002
Dominica,DMA,1979,20
Dominica,DMA,1980,20
Dominica,DMA,1981,20
Dominica,DMA,1982,20
Dominica,DMA,1983,20
Dominica,DMA,1984,20
Dominica,DMA,1985,20
Dominica,DMA,1986,20
Dominica,DMA,1987,20
Dominica,DMA,1988,20
Dominica,DMA,1989,19.130402
Dominica,DMA,1990,20
Dominica,DMA,1991,20
Dominica,DMA,1992,20
Dominica,DMA,1993,20.4545
Dominica,DMA,1994,21.904802
Dominica,DMA,1995,21.904802
Dominica,DMA,1996,21.904802
Dominica,DMA,1997,21.904802
Dominica,DMA,1998,20.4762
Dominica,DMA,1999,20
Dominica,DMA,2000,20
Dominica,DMA,2001,20
Dominica,DMA,2002,20
Dominica,DMA,2003,20
Dominica,DMA,2004,20
Dominica,DMA,2005,20
Dominica,DMA,2006,20
Dominica,DMA,2007,20
Dominica,DMA,2008,20
Dominica,DMA,2009,20
Dominica,DMA,2010,20
Dominica,DMA,2011,20
Dominica,DMA,2012,20
Dominica,DMA,2013,20
Dominica,DMA,2014,19.9741
Dominica,DMA,2015,19.842001
Dominica,DMA,2016,19.7191
Dominica,DMA,2017,19.6206
Dominica,DMA,2018,19.5337
Dominica,DMA,2019,19.466803
Dominica,DMA,2020,19.427502
Dominica,DMA,2021,19.499
Dominica,DMA,2022,19.4902
Dominica,DMA,2023,19.4719
Dominica,DMA,2024,19.4536
Dominican Republic,DOM,1961,65.36561
Dominican Republic,DOM,1962,57.558304
Dominican Republic,DOM,1963,76.6283
Dominican Republic,DOM,1964,78.7813
Dominican Republic,DOM,1965,76.57571
Dominican Republic,DOM,1966,68.3659
Dominican Republic,DOM,1967,65.9408
Dominican Republic,DOM,1968,56.369606
Dominican Republic,DOM,1969,62.156605
Dominican Republic,DOM,1970,60.5229
Dominican Republic,DOM,1971,60.446804
Dominican Republic,DOM,1972,60.315605
Dominican Republic,DOM,1973,60.431004
Dominican Republic,DOM,1974,60.301304
Dominican Republic,DOM,1975,60.63
Dominican Republic,DOM,1976,66.7001
Dominican Republic,DOM,1977,64.4839
Dominican Republic,DOM,1978,63.683304
Dominican Republic,DOM,1979,57.8227
Dominican Republic,DOM,1980,50.309402
Dominican Republic,DOM,1981,51.218105
Dominican Republic,DOM,1982,62.792606
Dominican Republic,DOM,1983,61.276604
Dominican Republic,DOM,1984,54.635403
Dominican Republic,DOM,1985,44.784603
Dominican Republic,DOM,1986,43.9715
Dominican Republic,DOM,1987,47.3632
Dominican Republic,DOM,1988,45.5161
Dominican Republic,DOM,1989,36.5382
Dominican Republic,DOM,1990,31.609602
Dominican Republic,DOM,1991,33.0022
Dominican Republic,DOM,1992,31.742302
Dominican Republic,DOM,1993,31.488302
Dominican Republic,DOM,1994,30.170301
Dominican Republic,DOM,1995,24.8286
Dominican Republic,DOM,1996,29.1935
Dominican Republic,DOM,1997,33.8151
Dominican Republic,DOM,1998,25.9339
Dominican Republic,DOM,1999,37.881
Dominican Republic,DOM,2000,37.8809
Dominican Republic,DOM,2001,37.8813
Dominican Republic,DOM,2002,38.8027
Dominican Republic,DOM,2003,57.080704
Dominican Republic,DOM,2004,57.0815
Dominican Republic,DOM,2005,50.0824
Dominican Republic,DOM,2006,57.534004
Dominican Republic,DOM,2007,49.034004
Dominican Republic,DOM,2008,53.2848
Dominican Republic,DOM,2009,54.06
Dominican Republic,DOM,2010,57.490704
Dominican Republic,DOM,2011,46.625103
Dominican Republic,DOM,2012,45.6048
Dominican Republic,DOM,2013,44.738804
Dominican Republic,DOM,2014,47.4669
Dominican Republic,DOM,2015,42.4737
Dominican Republic,DOM,2016,34.9632
Dominican Republic,DOM,2017,47.591602
Dominican Republic,DOM,2018,47.6852
Dominican Republic,DOM,2019,39.597103
Dominican Republic,DOM,2020,43.013702
Dominican Republic,DOM,2021,44.544804
Dominican Republic,DOM,2022,51.7939
Dominican Republic,DOM,2023,49.605503
Dominican Republic,DOM,2024,44.718803
Eastern Africa (FAO),,1961,58.045002
Eastern Africa (FAO),,1962,53.5947
Eastern Africa (FAO),,1963,60.182106
Eastern Africa (FAO),,1964,54.5455
Eastern Africa (FAO),,1965,62.359703
Eastern Africa (FAO),,1966,57.4257
Eastern Africa (FAO),,1967,61.364002
Eastern Africa (FAO),,1968,59.176502
Eastern Africa (FAO),,1969,63.545303
Eastern Africa (FAO),,1970,59.133804
Eastern Africa (FAO),,1971,60.921604
Eastern Africa (FAO),,1972,63.947605
Eastern Africa (FAO),,1973,64.55881
Eastern Africa (FAO),,1974,63.835903
Eastern Africa (FAO),,1975,57.055103
Eastern Africa (FAO),,1976,60.7247
Eastern Africa (FAO),,1977,64.4072
Eastern Africa (FAO),,1978,65.579704
Eastern Africa (FAO),,1979,67.2855
Eastern Africa (FAO),,1980,64.77061
Eastern Africa (FAO),,1981,66.2909
Eastern Africa (FAO),,1982,69.5829
Eastern Africa (FAO),,1983,64.7604
Eastern Africa (FAO),,1984,64.8746
Eastern Africa (FAO),,1985,62.738106
Eastern Africa (FAO),,1986,67.9623
Eastern Africa (FAO),,1987,67.91671
Eastern Africa (FAO),,1988,67.34221
Eastern Africa (FAO),,1989,68.5598
Eastern Africa (FAO),,1990,66.56911
Eastern Africa (FAO),,1991,68.4353
Eastern Africa (FAO),,1992,73.44311
Eastern Africa (FAO),,1993,65.0997
Eastern Africa (FAO),,1994,65.4664
Eastern Africa (FAO),,1995,69.186905
Eastern Africa (FAO),,1996,69.543106
Eastern Africa (FAO),,1997,71.94421
Eastern Africa (FAO),,1998,72.1948
Eastern Africa (FAO),,1999,67.6563
Eastern Africa (FAO),,2000,67.663605
Eastern Africa (FAO),,2001,71.5924
Eastern Africa (FAO),,2002,71.317505
Eastern Africa (FAO),,2003,73.10521
Eastern Africa (FAO),,2004,73.997505
Eastern Africa (FAO),,2005,73.2412
Eastern Africa (FAO),,2006,74.077705
Eastern Africa (FAO),,2007,68.7441
Eastern Africa (FAO),,2008,67.09321
Eastern Africa (FAO),,2009,64.9027
Eastern Africa (FAO),,2010,65.6429
Eastern Africa (FAO),,2011,65.04661
Eastern Africa (FAO),,2012,63.365204
Eastern Africa (FAO),,2013,66.8467
Eastern Africa (FAO),,2014,70.51021
Eastern Africa (FAO),,2015,69.11111
Eastern Africa (FAO),,2016,66.893005
Eastern Africa (FAO),,2017,66.212105
Eastern Africa (FAO),,2018,65.8854
Eastern Africa (FAO),,2019,65.5533
Eastern Africa (FAO),,2020,65.55801
Eastern Africa (FAO),,2021,67.30571
Eastern Africa (FAO),,2022,67.06361
Eastern Africa (FAO),,2023,65.6363
Eastern Africa (FAO),,2024,66.4318
Eastern Asia (FAO),,1961,44.192802
Eastern Asia (FAO),,1962,42.4492
Eastern Asia (FAO),,1963,51.740902
Eastern Asia (FAO),,1964,50.0419
Eastern Asia (FAO),,1965,50.740105
Eastern Asia (FAO),,1966,46.559105
Eastern Asia (FAO),,1967,47.096203
Eastern Asia (FAO),,1968,46.761803
Eastern Asia (FAO),,1969,43.656902
Eastern Asia (FAO),,1970,43.214104
Eastern Asia (FAO),,1971,41.9373
Eastern Asia (FAO),,1972,42.7018
Eastern Asia (FAO),,1973,42.043503
Eastern Asia (FAO),,1974,43.7163
Eastern Asia (FAO),,1975,40.4057
Eastern Asia (FAO),,1976,40.244503
Eastern Asia (FAO),,1977,47.3709
Eastern Asia (FAO),,1978,46.0724
Eastern Asia (FAO),,1979,50.9415
Eastern Asia (FAO),,1980,54.506203
Eastern Asia (FAO),,1981,58.604202
Eastern Asia (FAO),,1982,60.244106
Eastern Asia (FAO),,1983,52.4864
Eastern Asia (FAO),,1984,57.677303
Eastern Asia (FAO),,1985,56.378902
Eastern Asia (FAO),,1986,55.789604
Eastern Asia (FAO),,1987,57.475105
Eastern Asia (FAO),,1988,56.5177
Eastern Asia (FAO),,1989,54.848503
Eastern Asia (FAO),,1990,58.934902
Eastern Asia (FAO),,1991,59.327805
Eastern Asia (FAO),,1992,60.292603
Eastern Asia (FAO),,1993,59.943104
Eastern Asia (FAO),,1994,59.458004
Eastern Asia (FAO),,1995,59.424603
Eastern Asia (FAO),,1996,57.704002
Eastern Asia (FAO),,1997,61.007004
Eastern Asia (FAO),,1998,60.405804
Eastern Asia (FAO),,1999,58.2442
Eastern Asia (FAO),,2000,58.323105
Eastern Asia (FAO),,2001,60.946304
Eastern Asia (FAO),,2002,64.74631
Eastern Asia (FAO),,2003,64.158005
Eastern Asia (FAO),,2004,65.1274
Eastern Asia (FAO),,2005,64.016205
Eastern Asia (FAO),,2006,70.253006
Eastern Asia (FAO),,2007,71.1963
Eastern Asia (FAO),,2008,71.2284
Eastern Asia (FAO),,2009,68.049904
Eastern Asia (FAO),,2010,65.7069
Eastern Asia (FAO),,2011,66.2423
Eastern Asia (FAO),,2012,68.3333
Eastern Asia (FAO),,2013,70.3504
Eastern Asia (FAO),,2014,71.073105
Eastern Asia (FAO),,2015,72.2323
Eastern Asia (FAO),,2016,73.44671
Eastern Asia (FAO),,2017,75.6808
Eastern Asia (FAO),,2018,76.45871
Eastern Asia (FAO),,2019,78.184204
Eastern Asia (FAO),,2020,79.4494
Eastern Asia (FAO),,2021,80.5846
Eastern Asia (FAO),,2022,79.6563
Eastern Asia (FAO),,2023,82.08211
Eastern Asia (FAO),,2024,80.2909
Ecuador,ECU,1961,88.42071
Ecuador,ECU,1962,84.8603
Ecuador,ECU,1963,89.042206
Ecuador,ECU,1964,83.205505
Ecuador,ECU,1965,83.428604
Ecuador,ECU,1966,80.0146
Ecuador,ECU,1967,69.6983
Ecuador,ECU,1968,78.2095
Ecuador,ECU,1969,82.352905
Ecuador,ECU,1970,78.3133
Ecuador,ECU,1971,72.28921
Ecuador,ECU,1972,63.065304
Ecuador,ECU,1973,61.4192
Ecuador,ECU,1974,65.9373
Ecuador,ECU,1975,67.3699
Ecuador,ECU,1976,67.482506
Ecuador,ECU,1977,68.7834
Ecuador,ECU,1978,66.450905
Ecuador,ECU,1979,64.0194
Ecuador,ECU,1980,61.3894
Ecuador,ECU,1981,60.155605
Ecuador,ECU,1982,58.757103
Ecuador,ECU,1983,70.327
Ecuador,ECU,1984,64.134605
Ecuador,ECU,1985,57.2825
Ecuador,ECU,1986,55.574802
Ecuador,ECU,1987,57.594105
Ecuador,ECU,1988,64.4347
Ecuador,ECU,1989,70.6439
Ecuador,ECU,1990,67.1703
Ecuador,ECU,1991,77.939705
Ecuador,ECU,1992,38.629604
Ecuador,ECU,1993,40.8012
Ecuador,ECU,1994,34.4196
Ecuador,ECU,1995,37.285004
Ecuador,ECU,1996,72.1778
Ecuador,ECU,1997,71.3168
Ecuador,ECU,1998,63.636402
Ecuador,ECU,1999,83.1175
Ecuador,ECU,2000,69.82071
Ecuador,ECU,2001,72.44
Ecuador,ECU,2002,68.864105
Ecuador,ECU,2003,69.697105
Ecuador,ECU,2004,66.4009
Ecuador,ECU,2005,72.7571
Ecuador,ECU,2006,76.676
Ecuador,ECU,2007,86.3485
Ecuador,ECU,2008,96.136406
Ecuador,ECU,2009,79.318
Ecuador,ECU,2010,78.06361
Ecuador,ECU,2011,94.0584
Ecuador,ECU,2012,77.47821
Ecuador,ECU,2013,70.82761
Ecuador,ECU,2014,85.1601
Ecuador,ECU,2015,98.48421
Ecuador,ECU,2016,82.7584
Ecuador,ECU,2017,81.644005
Ecuador,ECU,2018,75.89071
Ecuador,ECU,2019,75.99971
Ecuador,ECU,2020,79.0223
Ecuador,ECU,2021,87.21361
Ecuador,ECU,2022,68.4105
Ecuador,ECU,2023,83.136604
Ecuador,ECU,2024,83.539406
Egypt,EGY,1961,89.063805
Egypt,EGY,1962,94.274506
Egypt,EGY,1963,92.01791
Egypt,EGY,1964,87.3214
Egypt,EGY,1965,87.7593
Egypt,EGY,1966,92.786606
Egypt,EGY,1967,91.41621
Egypt,EGY,1968,92.68671
Egypt,EGY,1969,96.15761
Egypt,EGY,1970,88.7438
Egypt,EGY,1971,92.3308
Egypt,EGY,1972,90.75371
Egypt,EGY,1973,88.3548
Egypt,EGY,1974,80.3186
Egypt,EGY,1975,86.288
Egypt,EGY,1976,82.913704
Egypt,EGY,1977,80.034706
Egypt,EGY,1978,79.78001
Egypt,EGY,1979,84.1979
Egypt,EGY,1980,81.246704
Egypt,EGY,1981,83.5444
Egypt,EGY,1982,81.774704
Egypt,EGY,1983,79.9619
Egypt,EGY,1984,89.19021
Egypt,EGY,1985,92.1908
Egypt,EGY,1986,98.527405
Egypt,EGY,1987,74.89661
Egypt,EGY,1988,93.3783
Egypt,EGY,1989,96.9529
Egypt,EGY,1990,100.333305
Egypt,EGY,1991,103.636604
Egypt,EGY,1992,102.9091
Egypt,EGY,1993,106.168304
Egypt,EGY,1994,109.3429
Egypt,EGY,1995,109.532104
Egypt,EGY,1996,110.74151
Egypt,EGY,1997,112.249405
Egypt,EGY,1998,117.200005
Egypt,EGY,1999,118.168205
Egypt,EGY,2000,117.21621
Egypt,EGY,2001,118.812904
Egypt,EGY,2002,117.86561
Egypt,EGY,2003,118.161705
Egypt,EGY,2004,119.950905
Egypt,EGY,2005,120.8869
Egypt,EGY,2006,121.3488
Egypt,EGY,2007,120.85461
Egypt,EGY,2008,121.18651
Egypt,EGY,2009,116.39071
Egypt,EGY,2010,116.76171
Egypt,EGY,2011,115.3195
Egypt,EGY,2012,113.57001
Egypt,EGY,2013,114.146
Egypt,EGY,2014,115.130104
Egypt,EGY,2015,115.35521
Egypt,EGY,2016,113.61001
Egypt,EGY,2017,112.2183
Egypt,EGY,2018,115.01691
Egypt,EGY,2019,110.877106
Egypt,EGY,2020,72.87971
Egypt,EGY,2021,110.93861
Egypt,EGY,2022,111.160904
Egypt,EGY,2023,107.3094
Egypt,EGY,2024,107.11461
El Salvador,SLV,1961,36.567303
El Salvador,SLV,1962,39.615402
El Salvador,SLV,1963,42.9435
El Salvador,SLV,1964,42.991604
El Salvador,SLV,1965,49.314102
El Salvador,SLV,1966,51.293102
El Salvador,SLV,1967,55.942703
El Salvador,SLV,1968,53.882103
El Salvador,SLV,1969,49.6284
El Salvador,SLV,1970,56.881702
El Salvador,SLV,1971,55.000004
El Salvador,SLV,1972,61.653305
El Salvador,SLV,1973,74.780106
El Salvador,SLV,1974,81.5025
El Salvador,SLV,1975,75.456406
El Salvador,SLV,1976,76.37021
El Salvador,SLV,1977,86.029305
El Salvador,SLV,1978,87.2329
El Salvador,SLV,1979,89.7058
El Salvador,SLV,1980,75.2878
El Salvador,SLV,1981,82.4708
El Salvador,SLV,1982,75.301605
El Salvador,SLV,1983,88.65371
El Salvador,SLV,1984,86.3233
El Salvador,SLV,1985,85.551605
El Salvador,SLV,1986,86.6889
El Salvador,SLV,1987,82.7964
El Salvador,SLV,1988,80.9228
El Salvador,SLV,1989,89.31171
El Salvador,SLV,1990,92.62221
El Salvador,SLV,1991,80.90561
El Salvador,SLV,1992,86.177605
El Salvador,SLV,1993,78.8224
El Salvador,SLV,1994,74.8805
El Salvador,SLV,1995,71.7413
El Salvador,SLV,1996,87.901505
El Salvador,SLV,1997,74.014
El Salvador,SLV,1998,74.2463
El Salvador,SLV,1999,68.792206
El Salvador,SLV,2000,74.9318
El Salvador,SLV,2001,82.8448
El Salvador,SLV,2002,76.915504
El Salvador,SLV,2003,66.9058
El Salvador,SLV,2004,84.5175
El Salvador,SLV,2005,81.161
El Salvador,SLV,2006,79.981
El Salvador,SLV,2007,78.4725
El Salvador,SLV,2008,78.47211
El Salvador,SLV,2009,91.8961
El Salvador,SLV,2010,81.3363
El Salvador,SLV,2011,85.664
El Salvador,SLV,2012,88.5413
El Salvador,SLV,2013,92.842606
El Salvador,SLV,2014,85.0006
El Salvador,SLV,2015,80.8088
El Salvador,SLV,2016,91.04761
El Salvador,SLV,2017,90.16971
El Salvador,SLV,2018,91.1585
El Salvador,SLV,2019,96.53621
El Salvador,SLV,2020,96.340706
El Salvador,SLV,2021,98.02251
El Salvador,SLV,2022,94.4404
El Salvador,SLV,2023,95.023605
El Salvador,SLV,2024,95.80871
Eswatini,SWZ,1961,113.22951
Eswatini,SWZ,1962,98.8514
Eswatini,SWZ,1963,55.817303
Eswatini,SWZ,1964,78.347404
Eswatini,SWZ,1965,71.561104
Eswatini,SWZ,1966,119.0975
Eswatini,SWZ,1967,116.341705
Eswatini,SWZ,1968,102.4168
Eswatini,SWZ,1969,103.3198
Eswatini,SWZ,1970,120.56081
Eswatini,SWZ,1971,106.802605
Eswatini,SWZ,1972,116.514206
Eswatini,SWZ,1973,103.364006
Eswatini,SWZ,1974,107.59311
Eswatini,SWZ,1975,114.138405
Eswatini,SWZ,1976,105.34341
Eswatini,SWZ,1977,101.802505
Eswatini,SWZ,1978,108.6845
Eswatini,SWZ,1979,100.1773
Eswatini,SWZ,1980,107.721504
Eswatini,SWZ,1981,105.44471
Eswatini,SWZ,1982,99.54671
Eswatini,SWZ,1983,103.7488
Eswatini,SWZ,1984,106.8449
Eswatini,SWZ,1985,96.9163
Eswatini,SWZ,1986,115.87661
Eswatini,SWZ,1987,108.83591
Eswatini,SWZ,1988,102.74361
Eswatini,SWZ,1989,104.770905
Eswatini,SWZ,1990,105.24611
Eswatini,SWZ,1991,98.53001
Eswatini,SWZ,1992,97.115005
Eswatini,SWZ,1993,91.18001
Eswatini,SWZ,1994,94.65401
Eswatini,SWZ,1995,90.83771
Eswatini,SWZ,1996,98.60371
Eswatini,SWZ,1997,95.38971
Eswatini,SWZ,1998,100.96921
Eswatini,SWZ,1999,108.075005
Eswatini,SWZ,2000,106.42741
Eswatini,SWZ,2001,97.561005
Eswatini,SWZ,2002,98.924706
Eswatini,SWZ,2003,95.224304
Eswatini,SWZ,2004,96.13071
Eswatini,SWZ,2005,102.0969
Eswatini,SWZ,2006,95.7928
Eswatini,SWZ,2007,95.7249
Eswatini,SWZ,2008,96.1538
Eswatini,SWZ,2009,96.1538
Eswatini,SWZ,2010,96.527504
Eswatini,SWZ,2011,97.04071
Eswatini,SWZ,2012,96.8149
Eswatini,SWZ,2013,96.6793
Eswatini,SWZ,2014,96.9643
Eswatini,SWZ,2015,96.943
Eswatini,SWZ,2016,97.0184
Eswatini,SWZ,2017,96.9693
Eswatini,SWZ,2018,97.0155
Eswatini,SWZ,2019,96.3144
Eswatini,SWZ,2020,98.406006
Eswatini,SWZ,2021,92.500404
Eswatini,SWZ,2022,96.51691
Eswatini,SWZ,2023,87.00001
Eswatini,SWZ,2024,92.2333
Ethiopia,ETH,1993,106.25001
Ethiopia,ETH,1994,75
Ethiopia,ETH,1995,80
Ethiopia,ETH,1996,98.8863
Ethiopia,ETH,1997,93.1181
Ethiopia,ETH,1998,97.0588
Ethiopia,ETH,1999,99.01951
Ethiopia,ETH,2000,97.0383
Ethiopia,ETH,2001,97.090904
Ethiopia,ETH,2002,93.633705
Ethiopia,ETH,2003,96.00001
Ethiopia,ETH,2004,106.0621
Ethiopia,ETH,2005,110.41671
Ethiopia,ETH,2006,110.00001
Ethiopia,ETH,2007,86.4149
Ethiopia,ETH,2008,29.513
Ethiopia,ETH,2009,32.654003
Ethiopia,ETH,2010,38.31
Ethiopia,ETH,2011,38.370003
Ethiopia,ETH,2012,23.059801
Ethiopia,ETH,2013,48.267803
Ethiopia,ETH,2014,51.806305
Ethiopia,ETH,2015,46.9028
Ethiopia,ETH,2016,45.0779
Ethiopia,ETH,2017,41.3224
Ethiopia,ETH,2018,46.5045
Ethiopia,ETH,2019,46.747303
Ethiopia,ETH,2020,45.577103
Ethiopia,ETH,2021,42.5764
Ethiopia,ETH,2022,41.474503
Ethiopia,ETH,2023,43.470703
Ethiopia,ETH,2024,42.5856
Ethiopia (former),OWID_ERE,1961,130
Ethiopia (former),OWID_ERE,1962,130
Ethiopia (former),OWID_ERE,1963,130
Ethiopia (former),OWID_ERE,1964,125.27271
Ethiopia (former),OWID_ERE,1965,130
Ethiopia (former),OWID_ERE,1966,140
Ethiopia (former),OWID_ERE,1967,144.9153
Ethiopia (former),OWID_ERE,1968,145.4237
Ethiopia (former),OWID_ERE,1969,146.0169
Ethiopia (former),OWID_ERE,1970,150.6
Ethiopia (former),OWID_ERE,1971,147.62071
Ethiopia (former),OWID_ERE,1972,147.7778
Ethiopia (former),OWID_ERE,1973,164.20291
Ethiopia (former),OWID_ERE,1974,160.55222
Ethiopia (former),OWID_ERE,1975,105.9038
Ethiopia (former),OWID_ERE,1976,168.667
Ethiopia (former),OWID_ERE,1977,180.96771
Ethiopia (former),OWID_ERE,1978,208.87102
Ethiopia (former),OWID_ERE,1979,165.4118
Ethiopia (former),OWID_ERE,1980,159.59091
Ethiopia (former),OWID_ERE,1981,94.85921
Ethiopia (former),OWID_ERE,1982,96.619705
Ethiopia (former),OWID_ERE,1983,117.5328
Ethiopia (former),OWID_ERE,1984,104.3694
Ethiopia (former),OWID_ERE,1985,106.66671
Ethiopia (former),OWID_ERE,1986,106.66671
Ethiopia (former),OWID_ERE,1987,106.66671
Ethiopia (former),OWID_ERE,1988,103.4483
Ethiopia (former),OWID_ERE,1989,109.67741
Ethiopia (former),OWID_ERE,1990,106.45161
Ethiopia (former),OWID_ERE,1991,102.00001
Ethiopia (former),OWID_ERE,1992,106.66671
Europe,OWID_EUR,1961,56.694214
Europe,OWID_EUR,1962,58.993904
Europe,OWID_EUR,1963,62.54009
Europe,OWID_EUR,1964,60.658306
Europe,OWID_EUR,1965,76.32374
Europe,OWID_EUR,1966,72.08663
Europe,OWID_EUR,1967,70.66336
Europe,OWID_EUR,1968,66.98551
Europe,OWID_EUR,1969,75.25946
Europe,OWID_EUR,1970,69.09372
Europe,OWID_EUR,1971,72.0215
Europe,OWID_EUR,1972,63.005333
Europe,OWID_EUR,1973,61.60051
Europe,OWID_EUR,1974,66.17778
Europe,OWID_EUR,1975,60.788578
Europe,OWID_EUR,1976,58.30019
Europe,OWID_EUR,1977,59.82267
Europe,OWID_EUR,1978,57.44007
Europe,OWID_EUR,1979,58.267452
Europe,OWID_EUR,1980,63.12275
Europe,OWID_EUR,1981,50.72039
Europe,OWID_EUR,1982,61.476597
Europe,OWID_EUR,1983,59.041428
Europe,OWID_EUR,1984,60.108715
Europe,OWID_EUR,1985,69.192566
Europe,OWID_EUR,1986,66.40173
Europe,OWID_EUR,1987,77.35972
Europe,OWID_EUR,1988,78.803276
Europe,OWID_EUR,1989,82.28799
Europe,OWID_EUR,1990,79.68354
Europe,OWID_EUR,1991,78.493965
Europe,OWID_EUR,1992,79.50742
Europe,OWID_EUR,1993,76.89672
Europe,OWID_EUR,1994,84.3736
Europe,OWID_EUR,1995,72.02129
Europe,OWID_EUR,1996,45.975815
Europe,OWID_EUR,1997,62.470215
Europe,OWID_EUR,1998,86.68054
Europe,OWID_EUR,1999,94.81481
Europe,OWID_EUR,2000,98.549194
Europe,OWID_EUR,2001,88.34316
Europe,OWID_EUR,2002,88.6309
Europe,OWID_EUR,2003,75.95565
Europe,OWID_EUR,2004,61.842796
Europe,OWID_EUR,2005,71.393074
Europe,OWID_EUR,2006,60.866478
Europe,OWID_EUR,2007,80.314285
Europe,OWID_EUR,2008,85
Europe,OWID_EUR,2009,84.08397
Europe,OWID_EUR,2010,81.84615
Europe,OWID_EUR,2011,85.48387
Europe,OWID_EUR,2012,84.621216
Europe,OWID_EUR,2013,82
Europe,OWID_EUR,2014,82.54456
Europe,OWID_EUR,2015,82.82957
Europe,OWID_EUR,2016,75.13215
Europe,OWID_EUR,2017,81.47691
Europe (FAO),,1961,56.694202
Europe (FAO),,1962,58.9939
Europe (FAO),,1963,62.540104
Europe (FAO),,1964,60.658302
Europe (FAO),,1965,76.32371
Europe (FAO),,1966,72.0866
Europe (FAO),,1967,70.6634
Europe (FAO),,1968,66.985504
Europe (FAO),,1969,75.25951
Europe (FAO),,1970,69.093704
Europe (FAO),,1971,72.0215
Europe (FAO),,1972,63.005302
Europe (FAO),,1973,61.600502
Europe (FAO),,1974,66.1778
Europe (FAO),,1975,60.788605
Europe (FAO),,1976,58.3002
Europe (FAO),,1977,59.8227
Europe (FAO),,1978,57.440105
Europe (FAO),,1979,58.2675
Europe (FAO),,1980,63.122803
Europe (FAO),,1981,50.7204
Europe (FAO),,1982,61.476604
Europe (FAO),,1983,59.0414
Europe (FAO),,1984,60.108704
Europe (FAO),,1985,69.192604
Europe (FAO),,1986,66.4017
Europe (FAO),,1987,77.3597
Europe (FAO),,1988,78.8033
Europe (FAO),,1989,82.288
Europe (FAO),,1990,79.6835
Europe (FAO),,1991,78.494
Europe (FAO),,1992,79.5074
Europe (FAO),,1993,76.896706
Europe (FAO),,1994,84.373604
Europe (FAO),,1995,72.0213
Europe (FAO),,1996,45.975803
Europe (FAO),,1997,62.470203
Europe (FAO),,1998,86.680504
Europe (FAO),,1999,94.814804
Europe (FAO),,2000,98.54921
Europe (FAO),,2001,88.34321
Europe (FAO),,2002,88.630905
Europe (FAO),,2003,75.9557
Europe (FAO),,2004,61.842804
Europe (FAO),,2005,71.393105
Europe (FAO),,2006,60.866505
Europe (FAO),,2007,80.3143
Europe (FAO),,2008,85.00001
Europe (FAO),,2009,84.08401
Europe (FAO),,2010,81.84621
Europe (FAO),,2011,85.4839
Europe (FAO),,2012,84.62121
Europe (FAO),,2013,82.00001
Europe (FAO),,2014,82.746506
Europe (FAO),,2015,82.750404
Europe (FAO),,2016,75.3766
Europe (FAO),,2017,81.5602
European Union (27),OWID_EU27,1961,56.694202
European Union (27),OWID_EU27,1962,58.9939
European Union (27),OWID_EU27,1963,62.540104
European Union (27),OWID_EU27,1964,60.658302
European Union (27),OWID_EU27,1965,76.32371
European Union (27),OWID_EU27,1966,72.0866
European Union (27),OWID_EU27,1967,70.6634
European Union (27),OWID_EU27,1968,66.985504
European Union (27),OWID_EU27,1969,75.25951
European Union (27),OWID_EU27,1970,69.093704
European Union (27),OWID_EU27,1971,72.0215
European Union (27),OWID_EU27,1972,63.005302
European Union (27),OWID_EU27,1973,61.600502
European Union (27),OWID_EU27,1974,66.1778
European Union (27),OWID_EU27,1975,60.788605
European Union (27),OWID_EU27,1976,58.3002
European Union (27),OWID_EU27,1977,59.8227
European Union (27),OWID_EU27,1978,57.440105
European Union (27),OWID_EU27,1979,58.2675
European Union (27),OWID_EU27,1980,63.122803
European Union (27),OWID_EU27,1981,50.7204
European Union (27),OWID_EU27,1982,61.476604
European Union (27),OWID_EU27,1983,59.0414
European Union (27),OWID_EU27,1984,60.108704
European Union (27),OWID_EU27,1985,69.192604
European Union (27),OWID_EU27,1986,66.4017
European Union (27),OWID_EU27,1987,77.3597
European Union (27),OWID_EU27,1988,78.8033
European Union (27),OWID_EU27,1989,82.288
European Union (27),OWID_EU27,1990,79.6835
European Union (27),OWID_EU27,1991,78.494
European Union (27),OWID_EU27,1992,79.5074
European Union (27),OWID_EU27,1993,76.896706
European Union (27),OWID_EU27,1994,84.373604
European Union (27),OWID_EU27,1995,72.0213
European Union (27),OWID_EU27,1996,45.975803
European Union (27),OWID_EU27,1997,62.470203
European Union (27),OWID_EU27,1998,86.680504
European Union (27),OWID_EU27,1999,94.814804
European Union (27),OWID_EU27,2000,98.54921
European Union (27),OWID_EU27,2001,88.34321
European Union (27),OWID_EU27,2002,88.630905
European Union (27),OWID_EU27,2003,75.9557
European Union (27),OWID_EU27,2004,61.842804
European Union (27),OWID_EU27,2005,71.393105
European Union (27),OWID_EU27,2006,60.866505
European Union (27),OWID_EU27,2007,80.3143
European Union (27),OWID_EU27,2008,85.00001
European Union (27),OWID_EU27,2009,84.08401
European Union (27),OWID_EU27,2010,81.84621
European Union (27),OWID_EU27,2011,85.4839
European Union (27),OWID_EU27,2012,84.62121
European Union (27),OWID_EU27,2013,82.00001
European Union (27),OWID_EU27,2014,82.746506
European Union (27),OWID_EU27,2015,82.750404
European Union (27),OWID_EU27,2016,75.3766
European Union (27),OWID_EU27,2017,81.5602
Fiji,FJI,1961,32.8543
Fiji,FJI,1962,52.211903
Fiji,FJI,1963,66.6929
Fiji,FJI,1964,56.636303
Fiji,FJI,1965,51.6134
Fiji,FJI,1966,51.406303
Fiji,FJI,1967,49.361702
Fiji,FJI,1968,61.951103
Fiji,FJI,1969,50.504105
Fiji,FJI,1970,62.555202
Fiji,FJI,1971,53.753002
Fiji,FJI,1972,51.209305
Fiji,FJI,1973,55.056103
Fiji,FJI,1974,47.883602
Fiji,FJI,1975,48.087105
Fiji,FJI,1976,48.605503
Fiji,FJI,1977,51.423103
Fiji,FJI,1978,52.8333
Fiji,FJI,1979,65.5323
Fiji,FJI,1980,50.909103
Fiji,FJI,1981,59.560604
Fiji,FJI,1982,59.058002
Fiji,FJI,1983,37.339
Fiji,FJI,1984,62.1739
Fiji,FJI,1985,42.8592
Fiji,FJI,1986,59.5507
Fiji,FJI,1987,41.6952
Fiji,FJI,1988,49.7713
Fiji,FJI,1989,64.0469
Fiji,FJI,1990,57.371403
Fiji,FJI,1991,46.948902
Fiji,FJI,1992,48.397305
Fiji,FJI,1993,50.128605
Fiji,FJI,1994,54.636803
Fiji,FJI,1995,55.603104
Fiji,FJI,1996,50.405502
Fiji,FJI,1997,46.3562
Fiji,FJI,1998,39.7018
Fiji,FJI,1999,57.646202
Fiji,FJI,2000,57.111103
Fiji,FJI,2001,46.6212
Fiji,FJI,2002,49.476902
Fiji,FJI,2003,46.1803
Fiji,FJI,2004,48.704903
Fiji,FJI,2005,48.724102
Fiji,FJI,2006,55.034504
Fiji,FJI,2007,46.537003
Fiji,FJI,2008,45.5294
Fiji,FJI,2009,42.6327
Fiji,FJI,2010,38.911102
Fiji,FJI,2011,45.978302
Fiji,FJI,2012,36.8095
Fiji,FJI,2013,42.3684
Fiji,FJI,2014,48.210503
Fiji,FJI,2015,45.000004
Fiji,FJI,2016,35.564102
Fiji,FJI,2017,42.921104
Fiji,FJI,2018,45.864902
Fiji,FJI,2019,47.526302
Fiji,FJI,2020,45.421104
Fiji,FJI,2021,41.676502
Fiji,FJI,2022,41.000004
Fiji,FJI,2023,50.7509
Fiji,FJI,2024,38.057102
French Guiana,GUF,1961,49.7872
French Guiana,GUF,1962,50.000004
French Guiana,GUF,1963,49.795902
French Guiana,GUF,1964,50.769203
French Guiana,GUF,1965,51.2
French Guiana,GUF,1966,49.9474
French Guiana,GUF,1967,51.111103
French Guiana,GUF,1968,50.714302
French Guiana,GUF,1969,50.8824
French Guiana,GUF,1970,49.294106
French Guiana,GUF,1971,50.000004
French Guiana,GUF,1972,50.000004
French Guiana,GUF,1973,55.000004
French Guiana,GUF,1974,56.000004
French Guiana,GUF,1975,50.000004
French Guiana,GUF,1976,46.666702
French Guiana,GUF,1977,39.4737
French Guiana,GUF,1978,50.000004
French Guiana,GUF,1979,50.000004
French Guiana,GUF,1980,45.000004
French Guiana,GUF,1981,45.000004
French Guiana,GUF,1982,45.000004
French Guiana,GUF,1983,50.000004
French Guiana,GUF,1984,50.3333
French Guiana,GUF,1985,50.3333
French Guiana,GUF,1986,50.000004
French Guiana,GUF,1987,50.000004
French Guiana,GUF,1988,50.000004
French Guiana,GUF,1989,50.000004
French Guiana,GUF,1990,50.000004
French Guiana,GUF,1991,50.000004
French Guiana,GUF,1992,44.4444
French Guiana,GUF,1993,50.000004
French Guiana,GUF,1994,40.666702
French Guiana,GUF,1995,37.760002
French Guiana,GUF,1996,70.1714
French Guiana,GUF,1997,65.885704
French Guiana,GUF,1998,83.240005
French Guiana,GUF,1999,71.30671
French Guiana,GUF,2000,82.66671
French Guiana,GUF,2001,70.66671
French Guiana,GUF,2002,71.3333
French Guiana,GUF,2003,81.3333
French Guiana,GUF,2004,71.3333
French Guiana,GUF,2005,71.3333
French Guiana,GUF,2006,40.9824
French Polynesia,PYF,1961,76.66671
French Polynesia,PYF,1962,76.66671
French Polynesia,PYF,1963,76.66671
French Polynesia,PYF,1964,76.470604
French Polynesia,PYF,1965,76.470604
French Polynesia,PYF,1966,76.470604
French Polynesia,PYF,1967,75
French Polynesia,PYF,1968,75
French Polynesia,PYF,1969,75
French Polynesia,PYF,1970,73.913
French Polynesia,PYF,1971,73.913
French Polynesia,PYF,1972,73.913
French Polynesia,PYF,1973,76
French Polynesia,PYF,1974,76.9231
French Polynesia,PYF,1975,77.7778
French Polynesia,PYF,1976,78.5714
French Polynesia,PYF,1977,79.3103
French Polynesia,PYF,1978,80
French Polynesia,PYF,1979,80.64521
French Polynesia,PYF,1980,81.25001
French Polynesia,PYF,1981,81.81821
French Polynesia,PYF,1982,80.8824
French Polynesia,PYF,1983,73.5294
French Polynesia,PYF,1984,73.5294
French Polynesia,PYF,1985,74.285706
French Polynesia,PYF,1986,72.222206
French Polynesia,PYF,1987,70.2703
French Polynesia,PYF,1988,71.052605
French Polynesia,PYF,1989,71.052605
French Polynesia,PYF,1990,69.2308
French Polynesia,PYF,1991,71.7949
French Polynesia,PYF,1992,70
French Polynesia,PYF,1993,70
French Polynesia,PYF,1994,70
French Polynesia,PYF,1995,70
French Polynesia,PYF,1996,70
French Polynesia,PYF,1997,70
French Polynesia,PYF,1998,75
French Polynesia,PYF,1999,75
French Polynesia,PYF,2000,76.190506
French Polynesia,PYF,2001,75
French Polynesia,PYF,2002,75
French Polynesia,PYF,2003,73.8095
French Polynesia,PYF,2004,75
French Polynesia,PYF,2005,75
French Polynesia,PYF,2006,75
French Polynesia,PYF,2007,75
French Polynesia,PYF,2008,75
French Polynesia,PYF,2009,75
French Polynesia,PYF,2010,75
French Polynesia,PYF,2011,75
French Polynesia,PYF,2012,83.3333
French Polynesia,PYF,2013,87.50001
French Polynesia,PYF,2014,87.50001
French Polynesia,PYF,2015,86.9023
French Polynesia,PYF,2016,86.368706
French Polynesia,PYF,2017,85.9244
French Polynesia,PYF,2018,85.770905
French Polynesia,PYF,2019,85.8914
French Polynesia,PYF,2020,86.1284
French Polynesia,PYF,2021,87.3859
French Polynesia,PYF,2022,87.7965
French Polynesia,PYF,2023,88.208405
French Polynesia,PYF,2024,88.6203
Gabon,GAB,1961,22.973001
Gabon,GAB,1962,24.324303
Gabon,GAB,1963,23.6842
Gabon,GAB,1964,25.000002
Gabon,GAB,1965,25.000002
Gabon,GAB,1966,25.000002
Gabon,GAB,1967,25.000002
Gabon,GAB,1968,24.000002
Gabon,GAB,1969,24.000002
Gabon,GAB,1970,21.6667
Gabon,GAB,1971,23.333302
Gabon,GAB,1972,25.000002
Gabon,GAB,1973,22.6667
Gabon,GAB,1974,18
Gabon,GAB,1975,20
Gabon,GAB,1976,11.670001
Gabon,GAB,1977,24.904501
Gabon,GAB,1978,31.4416
Gabon,GAB,1979,53.885403
Gabon,GAB,1980,49.7512
Gabon,GAB,1981,53.3333
Gabon,GAB,1982,50.000004
Gabon,GAB,1983,56.666702
Gabon,GAB,1984,51.666702
Gabon,GAB,1985,49.6834
Gabon,GAB,1986,53.128902
Gabon,GAB,1987,53.730305
Gabon,GAB,1988,52.4438
Gabon,GAB,1989,51.692802
Gabon,GAB,1990,52.082104
Gabon,GAB,1991,51.699303
Gabon,GAB,1992,48.888
Gabon,GAB,1993,54.2009
Gabon,GAB,1994,56.864002
Gabon,GAB,1995,56.953106
Gabon,GAB,1996,52.864902
Gabon,GAB,1997,51.991104
Gabon,GAB,1998,54.677402
Gabon,GAB,1999,50.683304
Gabon,GAB,2000,59.118805
Gabon,GAB,2001,58.750004
Gabon,GAB,2002,58.750004
Gabon,GAB,2003,57.5758
Gabon,GAB,2004,57.5758
Gabon,GAB,2005,58.333305
Gabon,GAB,2006,59.722202
Gabon,GAB,2007,59.459503
Gabon,GAB,2008,59.459503
Gabon,GAB,2009,60.000004
Gabon,GAB,2010,60.311504
Gabon,GAB,2011,60.6119
Gabon,GAB,2012,60.603203
Gabon,GAB,2013,60.873203
Gabon,GAB,2014,61.325603
Gabon,GAB,2015,61.753304
Gabon,GAB,2016,62.017605
Gabon,GAB,2017,62.3469
Gabon,GAB,2018,62.619804
Gabon,GAB,2019,62.9364
Gabon,GAB,2020,63.2449
Gabon,GAB,2021,63.570503
Gabon,GAB,2022,63.516304
Gabon,GAB,2023,63.750305
Gabon,GAB,2024,63.9864
Ghana,GHA,1961,20
Ghana,GHA,1962,20
Ghana,GHA,1963,20.007301
Ghana,GHA,1964,20.0832
Ghana,GHA,1965,20.093302
Ghana,GHA,1966,5.3114
Ghana,GHA,1967,8.985701
Ghana,GHA,1968,18.7817
Ghana,GHA,1969,9.3127
Ghana,GHA,1970,30.000002
Ghana,GHA,1971,38
Ghana,GHA,1972,47.169804
Ghana,GHA,1973,53.1915
Ghana,GHA,1974,35.849102
Ghana,GHA,1975,39.6552
Ghana,GHA,1976,46.428604
Ghana,GHA,1977,48.214302
Ghana,GHA,1978,31.907402
Ghana,GHA,1979,33.0909
Ghana,GHA,1980,32.301903
Ghana,GHA,1981,21.692303
Ghana,GHA,1982,17.727303
Ghana,GHA,1983,21.475
Ghana,GHA,1984,22.500002
Ghana,GHA,1985,27.500002
Ghana,GHA,1986,27.500002
Ghana,GHA,1987,27.500002
Ghana,GHA,1988,27.500002
Ghana,GHA,1989,27.500002
Ghana,GHA,1990,27.500002
Ghana,GHA,1991,27.500002
Ghana,GHA,1992,27.500002
Ghana,GHA,1993,27.500002
Ghana,GHA,1994,27.500002
Ghana,GHA,1995,27.500002
Ghana,GHA,1996,25.436401
Ghana,GHA,1997,25.833302
Ghana,GHA,1998,24.8644
Ghana,GHA,1999,25.454502
Ghana,GHA,2000,25.454502
Ghana,GHA,2001,25.454502
Ghana,GHA,2002,25.454502
Ghana,GHA,2003,25.454502
Ghana,GHA,2004,25.454502
Ghana,GHA,2005,25.454502
Ghana,GHA,2006,25.454502
Ghana,GHA,2007,25.4386
Ghana,GHA,2008,25.4386
Ghana,GHA,2009,25.4386
Ghana,GHA,2010,25.4386
Ghana,GHA,2011,25.4386
Ghana,GHA,2012,24.6667
Ghana,GHA,2013,25.000002
Ghana,GHA,2014,24.833302
Ghana,GHA,2015,24.8791
Ghana,GHA,2016,24.7956
Ghana,GHA,2017,24.684002
Ghana,GHA,2018,24.5907
Ghana,GHA,2019,24.494402
Ghana,GHA,2020,24.4125
Ghana,GHA,2021,24.415401
Ghana,GHA,2022,24.3845
Ghana,GHA,2023,24.3421
Ghana,GHA,2024,24.2971
Grenada,GRD,1961,34.666702
Grenada,GRD,1962,28.500002
Grenada,GRD,1963,26.046501
Grenada,GRD,1964,25.333302
Grenada,GRD,1965,38.461502
Grenada,GRD,1966,38.9124
Grenada,GRD,1967,39.3735
Grenada,GRD,1968,42.8629
Grenada,GRD,1969,39.336502
Grenada,GRD,1970,39.2174
Grenada,GRD,1971,39.163605
Grenada,GRD,1972,38.9794
Grenada,GRD,1973,39.9344
Grenada,GRD,1974,38.600002
Grenada,GRD,1975,32.537903
Grenada,GRD,1976,31.944403
Grenada,GRD,1977,38.5397
Grenada,GRD,1978,39.4519
Grenada,GRD,1979,36.083702
Grenada,GRD,1980,28.848501
Grenada,GRD,1981,38.429802
Grenada,GRD,1982,47.8389
Grenada,GRD,1983,47.2089
Grenada,GRD,1984,47.928604
Grenada,GRD,1985,50.000004
Grenada,GRD,1986,50.000004
Grenada,GRD,1987,50.000004
Grenada,GRD,1988,50.000004
Grenada,GRD,1989,50.000004
Grenada,GRD,1990,50.000004
Grenada,GRD,1991,50.000004
Grenada,GRD,1992,50.000004
Grenada,GRD,1993,50.000004
Grenada,GRD,1994,50.000004
Grenada,GRD,1995,50.000004
Grenada,GRD,1996,50.000004
Grenada,GRD,1997,47.142902
Grenada,GRD,1998,47.142902
Grenada,GRD,1999,44.000004
Grenada,GRD,2000,44.666702
Grenada,GRD,2001,45.000004
Grenada,GRD,2002,45.000004
Grenada,GRD,2003,45.3333
Grenada,GRD,2004,45.3333
Grenada,GRD,2005,45.3333
Grenada,GRD,2006,45.000004
Grenada,GRD,2007,45.000004
Grenada,GRD,2008,45.000004
Grenada,GRD,2009,45.000004
Grenada,GRD,2010,45.000004
Grenada,GRD,2011,45.000004
Grenada,GRD,2012,45.000004
Grenada,GRD,2013,45.000004
Grenada,GRD,2014,44.9084
Grenada,GRD,2015,44.818
Grenada,GRD,2016,44.702602
Grenada,GRD,2017,44.616104
Grenada,GRD,2018,44.531605
Grenada,GRD,2019,44.4619
Grenada,GRD,2020,44.4669
Grenada,GRD,2021,44.5384
Grenada,GRD,2022,44.5792
Grenada,GRD,2023,44.5722
Grenada,GRD,2024,44.5652
Guadeloupe,GLP,1961,58.000004
Guadeloupe,GLP,1962,59.218803
Guadeloupe,GLP,1963,58.200005
Guadeloupe,GLP,1964,61.3767
Guadeloupe,GLP,1965,59.682503
Guadeloupe,GLP,1966,58.503902
Guadeloupe,GLP,1967,55.0667
Guadeloupe,GLP,1968,48.000004
Guadeloupe,GLP,1969,61.308403
Guadeloupe,GLP,1970,66.62051
Guadeloupe,GLP,1971,64.19701
Guadeloupe,GLP,1972,37.791203
Guadeloupe,GLP,1973,49.100002
Guadeloupe,GLP,1974,42.184902
Guadeloupe,GLP,1975,39.4267
Guadeloupe,GLP,1976,47.695602
Guadeloupe,GLP,1977,45.922104
Guadeloupe,GLP,1978,49.170803
Guadeloupe,GLP,1979,55.380302
Guadeloupe,GLP,1980,49.002304
Guadeloupe,GLP,1981,39.7316
Guadeloupe,GLP,1982,47.8434
Guadeloupe,GLP,1983,40.993603
Guadeloupe,GLP,1984,37.5835
Guadeloupe,GLP,1985,50.8224
Guadeloupe,GLP,1986,54.716805
Guadeloupe,GLP,1987,52.8114
Guadeloupe,GLP,1988,63.806503
Guadeloupe,GLP,1989,51.63
Guadeloupe,GLP,1990,30.123402
Guadeloupe,GLP,1991,50.6977
Guadeloupe,GLP,1992,41.281002
Guadeloupe,GLP,1993,54.6515
Guadeloupe,GLP,1994,53.7955
Guadeloupe,GLP,1995,33.9212
Guadeloupe,GLP,1996,49.210304
Guadeloupe,GLP,1997,53.618603
Guadeloupe,GLP,1998,39.805603
Guadeloupe,GLP,1999,68.6218
Guadeloupe,GLP,2000,58.134304
Guadeloupe,GLP,2001,49.9739
Guadeloupe,GLP,2002,64.0268
Guadeloupe,GLP,2003,54.394703
Guadeloupe,GLP,2004,61.0745
Guadeloupe,GLP,2005,73.2324
Guadeloupe,GLP,2006,62.483
Guatemala,GTM,1961,51.7905
Guatemala,GTM,1962,59.083805
Guatemala,GTM,1963,67.7953
Guatemala,GTM,1964,60.078003
Guatemala,GTM,1965,64.3131
Guatemala,GTM,1966,70.341705
Guatemala,GTM,1967,72.328804
Guatemala,GTM,1968,67.7692
Guatemala,GTM,1969,73.6454
Guatemala,GTM,1970,73.5335
Guatemala,GTM,1971,68.4
Guatemala,GTM,1972,73.3994
Guatemala,GTM,1973,76.069405
Guatemala,GTM,1974,75.6376
Guatemala,GTM,1975,67.305405
Guatemala,GTM,1976,89.220505
Guatemala,GTM,1977,108.749405
Guatemala,GTM,1978,99.7024
Guatemala,GTM,1979,82.338905
Guatemala,GTM,1980,81.920105
Guatemala,GTM,1981,79.086105
Guatemala,GTM,1982,105.894104
Guatemala,GTM,1983,92.5794
Guatemala,GTM,1984,89.7646
Guatemala,GTM,1985,90.9091
Guatemala,GTM,1986,96.7118
Guatemala,GTM,1987,84.46751
Guatemala,GTM,1988,83.801
Guatemala,GTM,1989,85.728905
Guatemala,GTM,1990,85.742004
Guatemala,GTM,1991,88.1535
Guatemala,GTM,1992,89.79271
Guatemala,GTM,1993,90.91061
Guatemala,GTM,1994,91.60171
Guatemala,GTM,1995,111.427
Guatemala,GTM,1996,87.26021
Guatemala,GTM,1997,114.85071
Guatemala,GTM,1998,101.05211
Guatemala,GTM,1999,93.476906
Guatemala,GTM,2000,90.9473
Guatemala,GTM,2001,102.2834
Guatemala,GTM,2002,94.576904
Guatemala,GTM,2003,94.090706
Guatemala,GTM,2004,108.1503
Guatemala,GTM,2005,97.3764
Guatemala,GTM,2006,93.43621
Guatemala,GTM,2007,94.179
Guatemala,GTM,2008,94.176605
Guatemala,GTM,2009,92.3248
Guatemala,GTM,2010,95.10651
Guatemala,GTM,2011,83.941605
Guatemala,GTM,2012,94.932205
Guatemala,GTM,2013,103.074905
Guatemala,GTM,2014,125.1568
Guatemala,GTM,2015,126.431305
Guatemala,GTM,2016,129.0493
Guatemala,GTM,2017,102.98121
Guatemala,GTM,2018,103.0753
Guatemala,GTM,2019,107.52061
Guatemala,GTM,2020,107.2693
Guatemala,GTM,2021,107.5854
Guatemala,GTM,2022,107.68821
Guatemala,GTM,2023,99.467804
Guatemala,GTM,2024,104.750305
Guinea,GIN,1976,51.7857
Guinea,GIN,1977,51.7857
Guinea,GIN,1978,51.562504
Guinea,GIN,1979,51.162804
Guinea,GIN,1980,51.162804
Guinea,GIN,1981,51.162804
Guinea,GIN,1982,51.162804
Guinea,GIN,1983,51.162804
Guinea,GIN,1984,51.162804
Guinea,GIN,1985,44.4444
Guinea,GIN,1986,50.000004
Guinea,GIN,1987,43.750004
Guinea,GIN,1988,43.750004
Guinea,GIN,1989,51.162804
Guinea,GIN,1990,52.325603
Guinea,GIN,1991,52.325603
Guinea,GIN,1992,50.000004
Guinea,GIN,1993,51.162804
Guinea,GIN,1994,51.162804
Guinea,GIN,1995,51.162804
Guinea,GIN,1996,51.111103
Guinea,GIN,1997,51.063805
Guinea,GIN,1998,51.063805
Guinea,GIN,1999,51.923103
Guinea,GIN,2000,51.923103
Guinea,GIN,2001,51.923103
Guinea,GIN,2002,51.923103
Guinea,GIN,2003,53.846203
Guinea,GIN,2004,53.846203
Guinea,GIN,2005,53.846203
Guinea,GIN,2006,53.523804
Guinea,GIN,2007,53.396202
Guinea,GIN,2008,53.396202
Guinea,GIN,2009,53.396202
Guinea,GIN,2010,53.396202
Guinea,GIN,2011,53.396202
Guinea,GIN,2012,53.636402
Guinea,GIN,2013,53.5714
Guinea,GIN,2014,53.611504
Guinea,GIN,2015,53.654003
Guinea,GIN,2016,53.7237
Guinea,GIN,2017,53.752003
Guinea,GIN,2018,53.796
Guinea,GIN,2019,53.847504
Guinea,GIN,2020,53.923203
Guinea,GIN,2021,53.883305
Guinea,GIN,2022,53.7999
Guinea,GIN,2023,53.813602
Guinea,GIN,2024,53.832104
Guinea-Bissau,GNB,1961,19.4444
Guinea-Bissau,GNB,1962,19.736801
Guinea-Bissau,GNB,1963,20
Guinea-Bissau,GNB,1964,21.250002
Guinea-Bissau,GNB,1965,22.500002
Guinea-Bissau,GNB,1966,22.500002
Guinea-Bissau,GNB,1967,23.750002
Guinea-Bissau,GNB,1968,23.750002
Guinea-Bissau,GNB,1969,22.500002
Guinea-Bissau,GNB,1970,22.500002
Guinea-Bissau,GNB,1971,22.500002
Guinea-Bissau,GNB,1972,21.000002
Guinea-Bissau,GNB,1973,22.333302
Guinea-Bissau,GNB,1974,23.000002
Guinea-Bissau,GNB,1975,25.000002
Guinea-Bissau,GNB,1976,25.000002
Guinea-Bissau,GNB,1977,26.000002
Guinea-Bissau,GNB,1978,26.500002
Guinea-Bissau,GNB,1979,26.500002
Guinea-Bissau,GNB,1980,26.500002
Guinea-Bissau,GNB,1981,26.500002
Guinea-Bissau,GNB,1982,26.500002
Guinea-Bissau,GNB,1983,26.500002
Guinea-Bissau,GNB,1984,26.500002
Guinea-Bissau,GNB,1985,26.500002
Guinea-Bissau,GNB,1986,25.714302
Guinea-Bissau,GNB,1987,26.190502
Guinea-Bissau,GNB,1988,26.190502
Guinea-Bissau,GNB,1989,26.190502
Guinea-Bissau,GNB,1990,26.190502
Guinea-Bissau,GNB,1991,26.315802
Guinea-Bissau,GNB,1992,26.315802
Guinea-Bissau,GNB,1993,26.190502
Guinea-Bissau,GNB,1994,27.500002
Guinea-Bissau,GNB,1995,27.500002
Guinea-Bissau,GNB,1996,27.500002
Guinea-Bissau,GNB,1997,27.500002
Guinea-Bissau,GNB,1998,27.500002
Guinea-Bissau,GNB,1999,27.500002
Guinea-Bissau,GNB,2000,27.500002
Guinea-Bissau,GNB,2001,27.500002
Guinea-Bissau,GNB,2002,27.500002
Guinea-Bissau,GNB,2003,27.500002
Guinea-Bissau,GNB,2004,27.500002
Guinea-Bissau,GNB,2005,27.500002
Guinea-Bissau,GNB,2006,27.500002
Guinea-Bissau,GNB,2007,27.500002
Guinea-Bissau,GNB,2008,27.272701
Guinea-Bissau,GNB,2009,27.272701
Guinea-Bissau,GNB,2010,27.391302
Guinea-Bissau,GNB,2011,27.391302
Guinea-Bissau,GNB,2012,26.458302
Guinea-Bissau,GNB,2013,26.458302
Guinea-Bissau,GNB,2014,26.519201
Guinea-Bissau,GNB,2015,26.709902
Guinea-Bissau,GNB,2016,26.722502
Guinea-Bissau,GNB,2017,26.6917
Guinea-Bissau,GNB,2018,26.5912
Guinea-Bissau,GNB,2019,26.499401
Guinea-Bissau,GNB,2020,26.452303
Guinea-Bissau,GNB,2021,26.439201
Guinea-Bissau,GNB,2022,27.0611
Guinea-Bissau,GNB,2023,26.6501
Guinea-Bissau,GNB,2024,26.715502
Guyana,GUY,1961,82.92271
Guyana,GUY,1962,90.4765
Guyana,GUY,1963,88.357704
Guyana,GUY,1964,78.87511
Guyana,GUY,1965,79.821106
Guyana,GUY,1966,80.697205
Guyana,GUY,1967,82.09811
Guyana,GUY,1968,81.82011
Guyana,GUY,1969,81.926605
Guyana,GUY,1970,86.559906
Guyana,GUY,1971,77.33971
Guyana,GUY,1972,68.6442
Guyana,GUY,1973,72.891304
Guyana,GUY,1974,73.318
Guyana,GUY,1975,88.29301
Guyana,GUY,1976,74.5117
Guyana,GUY,1977,65.15311
Guyana,GUY,1978,73.3401
Guyana,GUY,1979,70.548706
Guyana,GUY,1980,77.586205
Guyana,GUY,1981,62.3684
Guyana,GUY,1982,60.336105
Guyana,GUY,1983,75.4455
Guyana,GUY,1984,67.2734
Guyana,GUY,1985,84.71811
Guyana,GUY,1986,71.592
Guyana,GUY,1987,71.590904
Guyana,GUY,1988,69.0698
Guyana,GUY,1989,68.675705
Guyana,GUY,1990,67.5
Guyana,GUY,1991,69.881004
Guyana,GUY,1992,73.3571
Guyana,GUY,1993,72.7619
Guyana,GUY,1994,70.77121
Guyana,GUY,1995,76.703
Guyana,GUY,1996,70.6292
Guyana,GUY,1997,66.24551
Guyana,GUY,1998,67.0055
Guyana,GUY,1999,72.586105
Guyana,GUY,2000,61.3054
Guyana,GUY,2001,71.0633
Guyana,GUY,2002,89.134605
Guyana,GUY,2003,80.535706
Guyana,GUY,2004,74.2897
Guyana,GUY,2005,64.2265
Guyana,GUY,2006,70.16511
Guyana,GUY,2007,78.065506
Guyana,GUY,2008,56.3442
Guyana,GUY,2009,57.267105
Guyana,GUY,2010,66.324005
Guyana,GUY,2011,62.5772
Guyana,GUY,2012,55.308804
Guyana,GUY,2013,53.544804
Guyana,GUY,2014,55.663605
Guyana,GUY,2015,57.954803
Guyana,GUY,2016,53.463604
Guyana,GUY,2017,49.000805
Guyana,GUY,2018,58.6599
Guyana,GUY,2019,63.004105
Guyana,GUY,2020,64.681
Guyana,GUY,2021,54.539402
Guyana,GUY,2022,44.635303
Guyana,GUY,2023,54.618603
Guyana,GUY,2024,52.288403
Haiti,HTI,1961,38
Haiti,HTI,1962,37.8133
Haiti,HTI,1963,38.293304
Haiti,HTI,1964,37.973003
Haiti,HTI,1965,37
Haiti,HTI,1966,35.749302
Haiti,HTI,1967,35.3333
Haiti,HTI,1968,35.624302
Haiti,HTI,1969,35.247303
Haiti,HTI,1970,36.0667
Haiti,HTI,1971,37.232002
Haiti,HTI,1972,37.436
Haiti,HTI,1973,38.1333
Haiti,HTI,1974,38.1333
Haiti,HTI,1975,37.36
Haiti,HTI,1976,37.053303
Haiti,HTI,1977,37.346703
Haiti,HTI,1978,37.920002
Haiti,HTI,1979,38.1333
Haiti,HTI,1980,37.5
Haiti,HTI,1981,37.5
Haiti,HTI,1982,37.5
Haiti,HTI,1983,35.8974
Haiti,HTI,1984,36.2319
Haiti,HTI,1985,35.9375
Haiti,HTI,1986,36.3636
Haiti,HTI,1987,36
Haiti,HTI,1988,36.1702
Haiti,HTI,1989,36.3636
Haiti,HTI,1990,35.714302
Haiti,HTI,1991,35.714302
Haiti,HTI,1992,36.002003
Haiti,HTI,1993,40
Haiti,HTI,1994,40.625004
Haiti,HTI,1995,40
Haiti,HTI,1996,40
Haiti,HTI,1997,40
Haiti,HTI,1998,60.0012
Haiti,HTI,1999,58.8235
Haiti,HTI,2000,47.058804
Haiti,HTI,2001,60.006004
Haiti,HTI,2002,36.060604
Haiti,HTI,2003,36.3636
Haiti,HTI,2004,60.000004
Haiti,HTI,2005,60.000004
Haiti,HTI,2006,59.722202
Haiti,HTI,2007,59.782604
Haiti,HTI,2008,60.000004
Haiti,HTI,2009,60.000004
Haiti,HTI,2010,59.7699
Haiti,HTI,2011,60.765606
Haiti,HTI,2012,60.193703
Haiti,HTI,2013,60.786304
Haiti,HTI,2014,62.738605
Haiti,HTI,2015,64.315506
Haiti,HTI,2016,65.21561
Haiti,HTI,2017,65.8701
Haiti,HTI,2018,66.56621
Haiti,HTI,2019,67.3498
Haiti,HTI,2020,67.8746
Haiti,HTI,2021,68.9993
Haiti,HTI,2022,66.4033
Haiti,HTI,2023,66.483505
Haiti,HTI,2024,66.3948
High-income countries,OWID_HIC,1961,76.79848
High-income countries,OWID_HIC,1962,77.12943
High-income countries,OWID_HIC,1963,77.19631
High-income countries,OWID_HIC,1964,76.11044
High-income countries,OWID_HIC,1965,75.389534
High-income countries,OWID_HIC,1966,77.61656
High-income countries,OWID_HIC,1967,78.983
High-income countries,OWID_HIC,1968,79.425514
High-income countries,OWID_HIC,1969,78.01871
High-income countries,OWID_HIC,1970,78.93242
High-income countries,OWID_HIC,1971,77.85077
High-income countries,OWID_HIC,1972,76.729065
High-income countries,OWID_HIC,1973,74.26443
High-income countries,OWID_HIC,1974,74.16289
High-income countries,OWID_HIC,1975,77.32319
High-income countries,OWID_HIC,1976,77.33508
High-income countries,OWID_HIC,1977,76.59955
High-income countries,OWID_HIC,1978,75.26326
High-income countries,OWID_HIC,1979,74.6834
High-income countries,OWID_HIC,1980,76.16392
High-income countries,OWID_HIC,1981,72.70587
High-income countries,OWID_HIC,1982,76.08054
High-income countries,OWID_HIC,1983,75.76977
High-income countries,OWID_HIC,1984,75.9862
High-income countries,OWID_HIC,1985,77.23075
High-income countries,OWID_HIC,1986,77.69161
High-income countries,OWID_HIC,1987,75.0656
High-income countries,OWID_HIC,1988,77.9993
High-income countries,OWID_HIC,1989,78.00975
High-income countries,OWID_HIC,1990,74.191795
High-income countries,OWID_HIC,1991,67.6942
High-income countries,OWID_HIC,1992,69.250854
High-income countries,OWID_HIC,1993,75.62496
High-income countries,OWID_HIC,1994,79.182434
High-income countries,OWID_HIC,1995,80.466805
High-income countries,OWID_HIC,1996,81.524345
High-income countries,OWID_HIC,1997,84.22126
High-income countries,OWID_HIC,1998,85.15136
High-income countries,OWID_HIC,1999,83.56809
High-income countries,OWID_HIC,2000,83.58115
High-income countries,OWID_HIC,2001,74.800804
High-income countries,OWID_HIC,2002,77.370674
High-income countries,OWID_HIC,2003,81.07994
High-income countries,OWID_HIC,2004,77.51146
High-income countries,OWID_HIC,2005,77.31359
High-income countries,OWID_HIC,2006,83.57714
High-income countries,OWID_HIC,2007,81.00655
High-income countries,OWID_HIC,2008,75.85739
High-income countries,OWID_HIC,2009,76.22347
High-income countries,OWID_HIC,2010,72.99467
High-income countries,OWID_HIC,2011,74.106476
High-income countries,OWID_HIC,2012,74.821045
High-income countries,OWID_HIC,2013,74.987854
High-income countries,OWID_HIC,2014,76.10608
High-income countries,OWID_HIC,2015,78.91477
High-income countries,OWID_HIC,2016,74.88688
High-income countries,OWID_HIC,2017,77.23326
High-income countries,OWID_HIC,2018,77.41696
High-income countries,OWID_HIC,2019,77.31157
High-income countries,OWID_HIC,2020,81.13169
High-income countries,OWID_HIC,2021,78.712074
High-income countries,OWID_HIC,2022,79.918655
High-income countries,OWID_HIC,2023,83.171295
High-income countries,OWID_HIC,2024,82.2131
Honduras,HND,1961,23.795902
Honduras,HND,1962,23.5392
Honduras,HND,1963,24.288301
Honduras,HND,1964,24.003
Honduras,HND,1965,24.481802
Honduras,HND,1966,25.592602
Honduras,HND,1967,25.9605
Honduras,HND,1968,26.562801
Honduras,HND,1969,27.019602
Honduras,HND,1970,27.487902
Honduras,HND,1971,27.059803
Honduras,HND,1972,26.996601
Honduras,HND,1973,27.692303
Honduras,HND,1974,29.499401
Honduras,HND,1975,30.119001
Honduras,HND,1976,30.835602
Honduras,HND,1977,33.5407
Honduras,HND,1978,31.8306
Honduras,HND,1979,34.0726
Honduras,HND,1980,34.185104
Honduras,HND,1981,41.719402
Honduras,HND,1982,49.9285
Honduras,HND,1983,60.0054
Honduras,HND,1984,68.71361
Honduras,HND,1985,66.7385
Honduras,HND,1986,71.46371
Honduras,HND,1987,64.8523
Honduras,HND,1988,65.29111
Honduras,HND,1989,67.005905
Honduras,HND,1990,71.125404
Honduras,HND,1991,65.4175
Honduras,HND,1992,66.404106
Honduras,HND,1993,69.495
Honduras,HND,1994,74.329
Honduras,HND,1995,72.4205
Honduras,HND,1996,83.74351
Honduras,HND,1997,82.7843
Honduras,HND,1998,83.9938
Honduras,HND,1999,81.691605
Honduras,HND,2000,84.6685
Honduras,HND,2001,85.906906
Honduras,HND,2002,58.570305
Honduras,HND,2003,71.6428
Honduras,HND,2004,72.36471
Honduras,HND,2005,74.162506
Honduras,HND,2006,73.289505
Honduras,HND,2007,80.4534
Honduras,HND,2008,80.21471
Honduras,HND,2009,99.557304
Honduras,HND,2010,58.514503
Honduras,HND,2011,58.041203
Honduras,HND,2012,71.1888
Honduras,HND,2013,83.7944
Honduras,HND,2014,84.49161
Honduras,HND,2015,84.62771
Honduras,HND,2016,84.34051
Honduras,HND,2017,80.2841
Honduras,HND,2018,78.856705
Honduras,HND,2019,78.5904
Honduras,HND,2020,78.689705
Honduras,HND,2021,78.791405
Honduras,HND,2022,78.621506
Honduras,HND,2023,78.71461
Honduras,HND,2024,78.8076
India,IND,1961,45.586803
India,IND,1962,42.331802
India,IND,1963,40.996002
India,IND,1964,46.342804
India,IND,1965,46.900402
India,IND,1966,43.72
India,IND,1967,40.342003
India,IND,1968,46.653603
India,IND,1969,49.2363
India,IND,1970,49.1354
India,IND,1971,48.324303
India,IND,1972,47.5107
India,IND,1973,50.9327
India,IND,1974,51.162804
India,IND,1975,49.854504
India,IND,1976,50.902702
India,IND,1977,53.3832
India,IND,1978,56.159805
India,IND,1979,49.114304
India,IND,1980,49.3577
India,IND,1981,57.844402
India,IND,1982,58.358902
India,IND,1983,56.440804
India,IND,1984,55.9784
India,IND,1985,57.672802
India,IND,1986,59.9864
India,IND,1987,60.444202
India,IND,1988,60.0064
India,IND,1989,60.992203
India,IND,1990,65.5915
India,IND,1991,65.394905
India,IND,1992,66.1458
India,IND,1993,63.8739
India,IND,1994,67.15501
India,IND,1995,71.199005
India,IND,1996,67.7349
India,IND,1997,66.495804
India,IND,1998,71.1338
India,IND,1999,76.5328
India,IND,2000,70.9349
India,IND,2001,68.57661
India,IND,2002,67.369606
India,IND,2003,63.576103
India,IND,2004,59.3799
India,IND,2005,64.7517
India,IND,2006,66.92811
India,IND,2007,69.033005
India,IND,2008,68.877205
India,IND,2009,64.553505
India,IND,2010,70.019104
India,IND,2011,69.246605
India,IND,2012,71.6343
India,IND,2013,68.240005
India,IND,2014,70.5695
India,IND,2015,71.4661
India,IND,2016,70.3935
India,IND,2017,69.0014
India,IND,2018,80.1984
India,IND,2019,80.10451
India,IND,2020,80.496605
India,IND,2021,83.56621
India,IND,2022,84.9063
India,IND,2023,83.34871
India,IND,2024,78.953
Indonesia,IDN,1961,136.64
Indonesia,IDN,1962,136.14801
Indonesia,IDN,1963,135.75
Indonesia,IDN,1964,130.46901
Indonesia,IDN,1965,130.5209
Indonesia,IDN,1966,142.9626
Indonesia,IDN,1967,136.156
Indonesia,IDN,1968,132.6093
Indonesia,IDN,1969,148.4413
Indonesia,IDN,1970,140.056
Indonesia,IDN,1971,158.12541
Indonesia,IDN,1972,155.7433
Indonesia,IDN,1973,126.8749
Indonesia,IDN,1974,149.0178
Indonesia,IDN,1975,124.563805
Indonesia,IDN,1976,120.98691
Indonesia,IDN,1977,116.13021
Indonesia,IDN,1978,126.366005
Indonesia,IDN,1979,106.60901
Indonesia,IDN,1980,90.652405
Indonesia,IDN,1981,115.49361
Indonesia,IDN,1982,85.467
Indonesia,IDN,1983,95.786606
Indonesia,IDN,1984,99.2003
Indonesia,IDN,1985,82.7723
Indonesia,IDN,1986,81.2233
Indonesia,IDN,1987,84.29271
Indonesia,IDN,1988,82.25111
Indonesia,IDN,1989,78.877205
Indonesia,IDN,1990,81.1004
Indonesia,IDN,1991,77.076706
Indonesia,IDN,1992,81.10651
Indonesia,IDN,1993,79.0166
Indonesia,IDN,1994,78.51271
Indonesia,IDN,1995,70.38711
Indonesia,IDN,1996,68.5153
Indonesia,IDN,1997,73.4296
Indonesia,IDN,1998,68.9541
Indonesia,IDN,1999,60.086903
Indonesia,IDN,2000,65.307304
Indonesia,IDN,2001,65.2319
Indonesia,IDN,2002,72.7925
Indonesia,IDN,2003,72.9764
Indonesia,IDN,2004,77.5828
Indonesia,IDN,2005,76.6849
Indonesia,IDN,2006,73.655304
Indonesia,IDN,2007,58.9062
Indonesia,IDN,2008,58.6477
Indonesia,IDN,2009,59.804302
Indonesia,IDN,2010,60.925304
Indonesia,IDN,2011,55.1724
Indonesia,IDN,2012,64.8356
Indonesia,IDN,2013,60.304802
Indonesia,IDN,2014,57.333103
Indonesia,IDN,2015,59.234
Indonesia,IDN,2016,62.590805
Indonesia,IDN,2017,66.6435
Indonesia,IDN,2018,70.971
Indonesia,IDN,2019,70.4508
Indonesia,IDN,2020,69.92911
Indonesia,IDN,2021,71.71361
Indonesia,IDN,2022,61.737305
Indonesia,IDN,2023,60.659702
Indonesia,IDN,2024,60.965603
Iran,IRN,1961,77.35521
Iran,IRN,1962,83.47111
Iran,IRN,1963,68.916504
Iran,IRN,1964,84.3443
Iran,IRN,1965,100.025505
Iran,IRN,1966,97.4738
Iran,IRN,1967,103.514206
Iran,IRN,1968,106.780106
Iran,IRN,1969,128.26491
Iran,IRN,1970,121.61551
Iran,IRN,1971,127.425
Iran,IRN,1972,123.1659
Iran,IRN,1973,119.4268
Iran,IRN,1974,120.23171
Iran,IRN,1975,122.0324
Iran,IRN,1976,88.8889
Iran,IRN,1977,90.9091
Iran,IRN,1978,89.8
Iran,IRN,1979,73.63161
Iran,IRN,1980,68.789505
Iran,IRN,1981,78.3755
Iran,IRN,1982,82.4505
Iran,IRN,1983,81.00851
Iran,IRN,1984,76.6428
Iran,IRN,1985,87.313805
Iran,IRN,1986,83.1048
Iran,IRN,1987,56.249302
Iran,IRN,1988,63.230106
Iran,IRN,1989,56.6627
Iran,IRN,1990,65.872
Iran,IRN,1991,52.072803
Iran,IRN,1992,71.462105
Iran,IRN,1993,71.408905
Iran,IRN,1994,71.0063
Iran,IRN,1995,74.2973
Iran,IRN,1996,71.0449
Iran,IRN,1997,82.31221
Iran,IRN,1998,70.373604
Iran,IRN,1999,86.22301
Iran,IRN,2000,92.6969
Iran,IRN,2001,86.67221
Iran,IRN,2002,87.0175
Iran,IRN,2003,94.47271
Iran,IRN,2004,97.1293
Iran,IRN,2005,87.2348
Iran,IRN,2006,74.4899
Iran,IRN,2007,86.8748
Iran,IRN,2008,53.180103
Iran,IRN,2009,48.682804
Iran,IRN,2010,85.650505
Iran,IRN,2011,85.566605
Iran,IRN,2012,64.492004
Iran,IRN,2013,75.49521
Iran,IRN,2014,73.9625
Iran,IRN,2015,84.98151
Iran,IRN,2016,83.5104
Iran,IRN,2017,85.49161
Iran,IRN,2018,85.4913
Iran,IRN,2019,87.88151
Iran,IRN,2020,89.5211
Iran,IRN,2021,100.0959
Iran,IRN,2022,100.0959
Iran,IRN,2023,93.229706
Iran,IRN,2024,91.9495
Iraq,IRQ,1970,64.81161
Iraq,IRQ,1971,45.080402
Iraq,IRQ,1972,28.5667
Iraq,IRQ,1973,31.0342
Iraq,IRQ,1974,34.943604
Iraq,IRQ,1975,27.127302
Iraq,IRQ,1976,42.7083
Iraq,IRQ,1977,47.184605
Iraq,IRQ,1978,47.4247
Iraq,IRQ,1979,54.549805
Iraq,IRQ,1980,45.783104
Iraq,IRQ,1981,56.000004
Iraq,IRQ,1982,43.259304
Iraq,IRQ,1983,27.333302
Iraq,IRQ,1984,19.322
Iraq,IRQ,1985,29.321701
Iraq,IRQ,1986,30.400002
Iraq,IRQ,1987,34.2857
Iraq,IRQ,1988,21.818201
Iraq,IRQ,1989,28.701002
Iraq,IRQ,1990,26.1651
Iraq,IRQ,1991,25.454502
Iraq,IRQ,1992,28.571402
Iraq,IRQ,1993,18.571402
Iraq,IRQ,1994,18.611101
Iraq,IRQ,1995,17
Iraq,IRQ,1996,15.476201
Iraq,IRQ,1997,15.116301
Iraq,IRQ,1998,13.000001
Iraq,IRQ,1999,13.000001
Iraq,IRQ,2000,13.000001
Iraq,IRQ,2001,11.818201
Iraq,IRQ,2002,10.7692
Iraq,IRQ,2008,21.257101
Iraq,IRQ,2009,23.9542
Iraq,IRQ,2010,20
Iraq,IRQ,2011,19.2082
Iraq,IRQ,2012,20
Iraq,IRQ,2013,15.984301
Iraq,IRQ,2014,15.992701
Iraq,IRQ,2015,19.9836
Iraq,IRQ,2016,20
Iraq,IRQ,2017,20
Jamaica,JAM,1961,54.2554
Jamaica,JAM,1962,54.481804
Jamaica,JAM,1963,78.030304
Jamaica,JAM,1964,76.940605
Jamaica,JAM,1965,79.5201
Jamaica,JAM,1966,80.5654
Jamaica,JAM,1967,74.061905
Jamaica,JAM,1968,72.8873
Jamaica,JAM,1969,71.8037
Jamaica,JAM,1970,70.7155
Jamaica,JAM,1971,69.4928
Jamaica,JAM,1972,70.413605
Jamaica,JAM,1973,62.890003
Jamaica,JAM,1974,61.548203
Jamaica,JAM,1975,57.813805
Jamaica,JAM,1976,56.035805
Jamaica,JAM,1977,64.2953
Jamaica,JAM,1978,82.740906
Jamaica,JAM,1979,63.5787
Jamaica,JAM,1980,55.1057
Jamaica,JAM,1981,57.962105
Jamaica,JAM,1982,57.938004
Jamaica,JAM,1983,57.495304
Jamaica,JAM,1984,61.766003
Jamaica,JAM,1985,49.339703
Jamaica,JAM,1986,60.149605
Jamaica,JAM,1987,56.548603
Jamaica,JAM,1988,71.47311
Jamaica,JAM,1989,60.3479
Jamaica,JAM,1990,62.275
Jamaica,JAM,1991,65.04761
Jamaica,JAM,1992,63.125004
Jamaica,JAM,1993,66.525
Jamaica,JAM,1994,62.820503
Jamaica,JAM,1995,59.929302
Jamaica,JAM,1996,58.3092
Jamaica,JAM,1997,59.726803
Jamaica,JAM,1998,62.777805
Jamaica,JAM,1999,61.434303
Jamaica,JAM,2000,51.409004
Jamaica,JAM,2001,61.972202
Jamaica,JAM,2002,57.470802
Jamaica,JAM,2003,58.0294
Jamaica,JAM,2004,64.5016
Jamaica,JAM,2005,49.590603
Jamaica,JAM,2006,58.1767
Jamaica,JAM,2007,63.896103
Jamaica,JAM,2008,55.250805
Jamaica,JAM,2009,50.9389
Jamaica,JAM,2010,50.365902
Jamaica,JAM,2011,54.4194
Jamaica,JAM,2012,52.498203
Jamaica,JAM,2013,48.034203
Jamaica,JAM,2014,59.909103
Jamaica,JAM,2015,57.178204
Jamaica,JAM,2016,55.250004
Jamaica,JAM,2017,58.010303
Jamaica,JAM,2018,55.290302
Jamaica,JAM,2019,47.218605
Jamaica,JAM,2020,45.741302
Jamaica,JAM,2021,50.6227
Jamaica,JAM,2022,56.712402
Jamaica,JAM,2023,51.846104
Jamaica,JAM,2024,61.2709
Japan,JPN,1961,68.5924
Japan,JPN,1962,74.5585
Japan,JPN,1963,53.679703
Japan,JPN,1964,78.29771
Japan,JPN,1965,61.652203
Japan,JPN,1966,60.6449
Japan,JPN,1967,69.1956
Japan,JPN,1968,66.1265
Japan,JPN,1969,63.466503
Japan,JPN,1970,66.575005
Japan,JPN,1971,55.8974
Japan,JPN,1972,60.899403
Japan,JPN,1973,68.6443
Japan,JPN,1974,60.7667
Japan,JPN,1975,64.477104
Japan,JPN,1976,62.100304
Japan,JPN,1977,71.411
Japan,JPN,1978,74.6041
Japan,JPN,1979,65.653404
Japan,JPN,1980,61.9822
Japan,JPN,1981,63.914303
Japan,JPN,1982,66.548706
Japan,JPN,1983,71.7614
Japan,JPN,1984,72.735
Japan,JPN,1985,73.89361
Japan,JPN,1986,64.367805
Japan,JPN,1987,68.0229
Japan,JPN,1988,66.5979
Japan,JPN,1989,79.881004
Japan,JPN,1990,60.457302
Japan,JPN,1991,62.923603
Japan,JPN,1992,64.2238
Japan,JPN,1993,63.320503
Japan,JPN,1994,64.5968
Japan,JPN,1995,67.3029
Japan,JPN,1996,67.89921
Japan,JPN,1997,63.866703
Japan,JPN,1998,74.285706
Japan,JPN,1999,68.9035
Japan,JPN,2000,60.389603
Japan,JPN,2001,65.745605
Japan,JPN,2002,55.7983
Japan,JPN,2003,57.875004
Japan,JPN,2004,51.163803
Japan,JPN,2005,56.995304
Japan,JPN,2006,60.368702
Japan,JPN,2007,67.8733
Japan,JPN,2008,71.982
Japan,JPN,2009,65.869606
Japan,JPN,2010,63.319004
Japan,JPN,2011,44.247803
Japan,JPN,2012,48.1739
Japan,JPN,2013,54.383606
Japan,JPN,2014,50.6114
Japan,JPN,2015,53.846203
Japan,JPN,2016,68.733604
Japan,JPN,2017,54.7257
Japan,JPN,2018,52.920403
Japan,JPN,2019,53.1222
Japan,JPN,2020,59.377804
Japan,JPN,2021,58.326202
Japan,JPN,2022,54.827602
Japan,JPN,2023,52.070503
Japan,JPN,2024,51.832603
Kenya,KEN,1961,29.755201
Kenya,KEN,1962,31.479902
Kenya,KEN,1963,32.1086
Kenya,KEN,1964,37.606102
Kenya,KEN,1965,33.207703
Kenya,KEN,1966,38.236
Kenya,KEN,1967,40.8662
Kenya,KEN,1968,42.836502
Kenya,KEN,1969,58.431305
Kenya,KEN,1970,54.958702
Kenya,KEN,1971,80.6694
Kenya,KEN,1972,76.3879
Kenya,KEN,1973,70.482
Kenya,KEN,1974,72.4943
Kenya,KEN,1975,66.0185
Kenya,KEN,1976,69.3554
Kenya,KEN,1977,72.2714
Kenya,KEN,1978,79.19121
Kenya,KEN,1979,99.9348
Kenya,KEN,1980,121.18451
Kenya,KEN,1981,112.64521
Kenya,KEN,1982,92.780106
Kenya,KEN,1983,99.0751
Kenya,KEN,1984,107.46361
Kenya,KEN,1985,77.593704
Kenya,KEN,1986,79.5388
Kenya,KEN,1987,84.1838
Kenya,KEN,1988,103.00201
Kenya,KEN,1989,117.94471
Kenya,KEN,1990,117.3013
Kenya,KEN,1991,96.0715
Kenya,KEN,1992,87.774605
Kenya,KEN,1993,84.13071
Kenya,KEN,1994,66.2113
Kenya,KEN,1995,81.04021
Kenya,KEN,1996,81.5789
Kenya,KEN,1997,79.4643
Kenya,KEN,1998,93.020706
Kenya,KEN,1999,85.192505
Kenya,KEN,2000,68.856
Kenya,KEN,2001,74.29371
Kenya,KEN,2002,83.34311
Kenya,KEN,2003,83.3014
Kenya,KEN,2004,86.010506
Kenya,KEN,2005,84.9147
Kenya,KEN,2006,90.3103
Kenya,KEN,2007,87.9075
Kenya,KEN,2008,93.858406
Kenya,KEN,2009,85.302704
Kenya,KEN,2010,83.063
Kenya,KEN,2011,67.1815
Kenya,KEN,2012,66.6815
Kenya,KEN,2013,77.730705
Kenya,KEN,2014,88.8048
Kenya,KEN,2015,92.0569
Kenya,KEN,2016,81.663704
Kenya,KEN,2017,70.1779
Kenya,KEN,2018,72.0054
Kenya,KEN,2019,64.0314
Kenya,KEN,2020,75.84521
Kenya,KEN,2021,82.10171
Kenya,KEN,2022,74.5999
Kenya,KEN,2023,68.8488
Kenya,KEN,2024,69.424
Kuwait,KWT,2021,50.000004
Kuwait,KWT,2022,50.000004
Kuwait,KWT,2023,50.000004
Kuwait,KWT,2024,49.992
Land Locked Developing Countries (FAO),,1961,47.795002
Land Locked Developing Countries (FAO),,1962,49.449104
Land Locked Developing Countries (FAO),,1963,47.318302
Land Locked Developing Countries (FAO),,1964,53.985302
Land Locked Developing Countries (FAO),,1965,53.538002
Land Locked Developing Countries (FAO),,1966,55.9023
Land Locked Developing Countries (FAO),,1967,58.578606
Land Locked Developing Countries (FAO),,1968,55.698803
Land Locked Developing Countries (FAO),,1969,54.4
Land Locked Developing Countries (FAO),,1970,53.700504
Land Locked Developing Countries (FAO),,1971,53.351803
Land Locked Developing Countries (FAO),,1972,53.779305
Land Locked Developing Countries (FAO),,1973,53.815605
Land Locked Developing Countries (FAO),,1974,54.769302
Land Locked Developing Countries (FAO),,1975,56.1664
Land Locked Developing Countries (FAO),,1976,51.186203
Land Locked Developing Countries (FAO),,1977,54.7554
Land Locked Developing Countries (FAO),,1978,54.393
Land Locked Developing Countries (FAO),,1979,52.0434
Land Locked Developing Countries (FAO),,1980,55.361202
Land Locked Developing Countries (FAO),,1981,57.538803
Land Locked Developing Countries (FAO),,1982,59.2372
Land Locked Developing Countries (FAO),,1983,58.500504
Land Locked Developing Countries (FAO),,1984,58.1383
Land Locked Developing Countries (FAO),,1985,58.862503
Land Locked Developing Countries (FAO),,1986,61.856304
Land Locked Developing Countries (FAO),,1987,57.259304
Land Locked Developing Countries (FAO),,1988,58.459103
Land Locked Developing Countries (FAO),,1989,62.3339
Land Locked Developing Countries (FAO),,1990,58.456303
Land Locked Developing Countries (FAO),,1991,62.145702
Land Locked Developing Countries (FAO),,1992,58.237305
Land Locked Developing Countries (FAO),,1993,58.264004
Land Locked Developing Countries (FAO),,1994,64.296005
Land Locked Developing Countries (FAO),,1995,63.4514
Land Locked Developing Countries (FAO),,1996,62.955105
Land Locked Developing Countries (FAO),,1997,63.785004
Land Locked Developing Countries (FAO),,1998,63.940403
Land Locked Developing Countries (FAO),,1999,65.1284
Land Locked Developing Countries (FAO),,2000,62.819202
Land Locked Developing Countries (FAO),,2001,65.3647
Land Locked Developing Countries (FAO),,2002,66.32
Land Locked Developing Countries (FAO),,2003,65.2682
Land Locked Developing Countries (FAO),,2004,66.461006
Land Locked Developing Countries (FAO),,2005,63.914
Land Locked Developing Countries (FAO),,2006,64.939705
Land Locked Developing Countries (FAO),,2007,62.675903
Land Locked Developing Countries (FAO),,2008,59.418804
Land Locked Developing Countries (FAO),,2009,59.4159
Land Locked Developing Countries (FAO),,2010,60.571503
Land Locked Developing Countries (FAO),,2011,60.9604
Land Locked Developing Countries (FAO),,2012,58.2979
Land Locked Developing Countries (FAO),,2013,63.4457
Land Locked Developing Countries (FAO),,2014,63.797203
Land Locked Developing Countries (FAO),,2015,63.056202
Land Locked Developing Countries (FAO),,2016,63.368702
Land Locked Developing Countries (FAO),,2017,64.9217
Land Locked Developing Countries (FAO),,2018,65.2238
Land Locked Developing Countries (FAO),,2019,65.1574
Land Locked Developing Countries (FAO),,2020,67.63221
Land Locked Developing Countries (FAO),,2021,66.3115
Land Locked Developing Countries (FAO),,2022,65.1368
Land Locked Developing Countries (FAO),,2023,66.2405
Land Locked Developing Countries (FAO),,2024,66.036606
Laos,LAO,1961,3.0000002
Laos,LAO,1962,2.25
Laos,LAO,1963,2.25
Laos,LAO,1964,3.6000001
Laos,LAO,1965,3.4
Laos,LAO,1966,6.9167004
Laos,LAO,1967,6.9565005
Laos,LAO,1968,7.5000005
Laos,LAO,1969,8
Laos,LAO,1970,7.7778
Laos,LAO,1971,7.5000005
Laos,LAO,1972,7.8
Laos,LAO,1973,8
Laos,LAO,1974,8
Laos,LAO,1975,7.0000005
Laos,LAO,1976,24.2357
Laos,LAO,1977,24.777802
Laos,LAO,1978,25.6737
Laos,LAO,1979,26.777401
Laos,LAO,1980,26.7292
Laos,LAO,1981,26.6004
Laos,LAO,1982,27.880402
Laos,LAO,1983,26.5512
Laos,LAO,1984,27.607601
Laos,LAO,1985,25.172401
Laos,LAO,1986,28.312002
Laos,LAO,1987,29.365902
Laos,LAO,1988,27.208101
Laos,LAO,1989,32.9449
Laos,LAO,1990,27.2357
Laos,LAO,1991,28.391901
Laos,LAO,1992,28.671701
Laos,LAO,1993,26.3707
Laos,LAO,1994,23.7049
Laos,LAO,1995,23.187101
Laos,LAO,1996,25.6436
Laos,LAO,1997,25.675701
Laos,LAO,1998,31.724102
Laos,LAO,1999,36.7019
Laos,LAO,2000,35.3524
Laos,LAO,2001,31.692001
Laos,LAO,2002,33.4845
Laos,LAO,2003,34.4139
Laos,LAO,2004,31.763903
Laos,LAO,2005,35.654503
Laos,LAO,2006,35.985203
Laos,LAO,2007,38.305702
Laos,LAO,2008,35.0931
Laos,LAO,2009,31.344902
Laos,LAO,2010,53.3165
Laos,LAO,2011,49.343803
Laos,LAO,2012,51.521503
Laos,LAO,2013,60.625805
Laos,LAO,2014,54.020103
Laos,LAO,2015,55.872
Laos,LAO,2016,55.804302
Laos,LAO,2017,60.652805
Laos,LAO,2018,60.040104
Laos,LAO,2019,56.415
Laos,LAO,2020,53.553402
Laos,LAO,2021,49.5894
Laos,LAO,2022,49.357605
Laos,LAO,2023,48.489605
Laos,LAO,2024,49.3574
Least Developed Countries (FAO),,1961,40.960102
Least Developed Countries (FAO),,1962,42.217102
Least Developed Countries (FAO),,1963,41.613804
Least Developed Countries (FAO),,1964,41.931004
Least Developed Countries (FAO),,1965,43.017902
Least Developed Countries (FAO),,1966,45.912804
Least Developed Countries (FAO),,1967,46.6799
Least Developed Countries (FAO),,1968,45.4879
Least Developed Countries (FAO),,1969,45.6922
Least Developed Countries (FAO),,1970,46.357803
Least Developed Countries (FAO),,1971,47.507504
Least Developed Countries (FAO),,1972,44.9944
Least Developed Countries (FAO),,1973,45.5797
Least Developed Countries (FAO),,1974,44.7835
Least Developed Countries (FAO),,1975,43.933105
Least Developed Countries (FAO),,1976,44.4417
Least Developed Countries (FAO),,1977,45.3525
Least Developed Countries (FAO),,1978,43.869305
Least Developed Countries (FAO),,1979,44.4159
Least Developed Countries (FAO),,1980,44.223602
Least Developed Countries (FAO),,1981,44.8692
Least Developed Countries (FAO),,1982,46.062702
Least Developed Countries (FAO),,1983,47.850903
Least Developed Countries (FAO),,1984,47.906303
Least Developed Countries (FAO),,1985,46.8945
Least Developed Countries (FAO),,1986,46.3904
Least Developed Countries (FAO),,1987,46.9728
Least Developed Countries (FAO),,1988,45.9065
Least Developed Countries (FAO),,1989,44.962605
Least Developed Countries (FAO),,1990,45.202103
Least Developed Countries (FAO),,1991,46.6188
Least Developed Countries (FAO),,1992,49.467503
Least Developed Countries (FAO),,1993,46.728703
Least Developed Countries (FAO),,1994,47.589302
Least Developed Countries (FAO),,1995,48.238605
Least Developed Countries (FAO),,1996,49.385403
Least Developed Countries (FAO),,1997,50.181305
Least Developed Countries (FAO),,1998,49.607803
Least Developed Countries (FAO),,1999,48.1085
Least Developed Countries (FAO),,2000,48.832
Least Developed Countries (FAO),,2001,49.843304
Least Developed Countries (FAO),,2002,51.665
Least Developed Countries (FAO),,2003,52.979103
Least Developed Countries (FAO),,2004,55.1109
Least Developed Countries (FAO),,2005,57.281803
Least Developed Countries (FAO),,2006,55.951805
Least Developed Countries (FAO),,2007,56.003304
Least Developed Countries (FAO),,2008,55.382504
Least Developed Countries (FAO),,2009,55.814503
Least Developed Countries (FAO),,2010,55.866302
Least Developed Countries (FAO),,2011,56.2869
Least Developed Countries (FAO),,2012,55.600304
Least Developed Countries (FAO),,2013,56.5284
Least Developed Countries (FAO),,2014,56.360203
Least Developed Countries (FAO),,2015,57.185802
Least Developed Countries (FAO),,2016,57.389503
Least Developed Countries (FAO),,2017,57.304203
Least Developed Countries (FAO),,2018,57.3609
Least Developed Countries (FAO),,2019,57.505104
Least Developed Countries (FAO),,2020,56.6902
Least Developed Countries (FAO),,2021,56.475903
Least Developed Countries (FAO),,2022,56.989304
Least Developed Countries (FAO),,2023,55.688503
Least Developed Countries (FAO),,2024,56.188305
Lebanon,LBN,1961,40
Lebanon,LBN,1962,40
Lebanon,LBN,1963,40
Lebanon,LBN,1964,40
Lebanon,LBN,1965,33.640003
Lebanon,LBN,1966,33.52
Lebanon,LBN,1967,65
Lebanon,LBN,1968,25.111101
Lebanon,LBN,1969,23.818201
Lebanon,LBN,1970,21.6667
Lebanon,LBN,1971,21.538502
Lebanon,LBN,1972,20.6667
Lebanon,LBN,1973,21.000002
Lebanon,LBN,1974,22.6
Lebanon,LBN,1975,25.000002
Lebanon,LBN,1976,20
Lebanon,LBN,1977,20
Lebanon,LBN,1978,20
Lebanon,LBN,1979,20
Lebanon,LBN,1980,20
Lebanon,LBN,1981,21.000002
Lebanon,LBN,1982,20
Lebanon,LBN,1983,25.000002
Lebanon,LBN,1984,20.833302
Lebanon,LBN,1985,21.250002
Lebanon,LBN,1986,20.500002
Lebanon,LBN,1987,20.922302
Lebanon,LBN,1988,21.500002
Lebanon,LBN,1989,21.500002
Lebanon,LBN,1990,21.5217
Lebanon,LBN,1991,21.4754
Lebanon,LBN,1992,21.7516
Lebanon,LBN,1993,21.612902
Lebanon,LBN,1994,22.2126
Lebanon,LBN,1995,22.000002
Lebanon,LBN,1996,22.4872
Lebanon,LBN,1997,23.157902
Lebanon,LBN,1998,24.502602
Lebanon,LBN,1999,24.359001
Lebanon,LBN,2000,24.1026
Liberia,LBR,1961,10
Liberia,LBR,1962,10
Liberia,LBR,1963,10
Liberia,LBR,1964,10
Liberia,LBR,1965,10
Liberia,LBR,1966,10
Liberia,LBR,1967,10
Liberia,LBR,1968,10
Liberia,LBR,1969,10
Liberia,LBR,1970,10
Liberia,LBR,1971,10
Liberia,LBR,1972,10
Liberia,LBR,1973,10
Liberia,LBR,1974,10.7692
Liberia,LBR,1975,11.232901
Liberia,LBR,1976,11.219501
Liberia,LBR,1977,15.301101
Liberia,LBR,1978,14.7368
Liberia,LBR,1979,14.7368
Liberia,LBR,1980,12.500001
Liberia,LBR,1981,10.333301
Liberia,LBR,1982,10.333301
Liberia,LBR,1983,10.333301
Liberia,LBR,1984,10.085701
Liberia,LBR,1985,10.1273
Liberia,LBR,1986,10.1568
Liberia,LBR,1987,10.156701
Liberia,LBR,1988,8.2327
Liberia,LBR,1989,10.227301
Liberia,LBR,1990,10
Liberia,LBR,1991,10.227301
Liberia,LBR,1992,10.227301
Liberia,LBR,1993,10.2222
Liberia,LBR,1994,10.217401
Liberia,LBR,1995,10.2128
Liberia,LBR,1996,10.208301
Liberia,LBR,1997,10.2041
Liberia,LBR,1998,10.2041
Liberia,LBR,1999,10.2041
Liberia,LBR,2000,10.2041
Liberia,LBR,2001,10.200001
Liberia,LBR,2002,10.200001
Liberia,LBR,2003,10.200001
Liberia,LBR,2004,10.200001
Liberia,LBR,2005,10.200001
Liberia,LBR,2006,10.200001
Liberia,LBR,2007,10.1923
Liberia,LBR,2008,10.1923
Liberia,LBR,2009,10.1923
Liberia,LBR,2010,10.1923
Liberia,LBR,2011,10.1923
Liberia,LBR,2012,10.1923
Liberia,LBR,2013,10.1923
Liberia,LBR,2014,10.188001
Liberia,LBR,2015,10.1866
Liberia,LBR,2016,10.1843
Liberia,LBR,2017,10.1829
Liberia,LBR,2018,10.180901
Liberia,LBR,2019,10.178901
Liberia,LBR,2020,10.1772
Liberia,LBR,2021,10.1772
Liberia,LBR,2022,10.176201
Liberia,LBR,2023,10.1751
Liberia,LBR,2024,10.174001
Low Income Food Deficit Countries (FAO),,1961,43.727
Low Income Food Deficit Countries (FAO),,1962,45.330605
Low Income Food Deficit Countries (FAO),,1963,44.6479
Low Income Food Deficit Countries (FAO),,1964,46.837605
Low Income Food Deficit Countries (FAO),,1965,46.343002
Low Income Food Deficit Countries (FAO),,1966,45.4914
Low Income Food Deficit Countries (FAO),,1967,47.143
Low Income Food Deficit Countries (FAO),,1968,46.5474
Low Income Food Deficit Countries (FAO),,1969,48.1048
Low Income Food Deficit Countries (FAO),,1970,47.290203
Low Income Food Deficit Countries (FAO),,1971,48.913902
Low Income Food Deficit Countries (FAO),,1972,47.410805
Low Income Food Deficit Countries (FAO),,1973,46.7904
Low Income Food Deficit Countries (FAO),,1974,46.6909
Low Income Food Deficit Countries (FAO),,1975,45.0595
Low Income Food Deficit Countries (FAO),,1976,43.369602
Low Income Food Deficit Countries (FAO),,1977,46.0245
Low Income Food Deficit Countries (FAO),,1978,44.784603
Low Income Food Deficit Countries (FAO),,1979,46.8128
Low Income Food Deficit Countries (FAO),,1980,49.1094
Low Income Food Deficit Countries (FAO),,1981,50.709602
Low Income Food Deficit Countries (FAO),,1982,49.1417
Low Income Food Deficit Countries (FAO),,1983,46.754803
Low Income Food Deficit Countries (FAO),,1984,44.719303
Low Income Food Deficit Countries (FAO),,1985,42.6952
Low Income Food Deficit Countries (FAO),,1986,42.822105
Low Income Food Deficit Countries (FAO),,1987,43.4412
Low Income Food Deficit Countries (FAO),,1988,43.0642
Low Income Food Deficit Countries (FAO),,1989,47.073
Low Income Food Deficit Countries (FAO),,1990,45.8535
Low Income Food Deficit Countries (FAO),,1991,47.552902
Low Income Food Deficit Countries (FAO),,1992,50.178104
Low Income Food Deficit Countries (FAO),,1993,47.333504
Low Income Food Deficit Countries (FAO),,1994,51.058002
Low Income Food Deficit Countries (FAO),,1995,53.949203
Low Income Food Deficit Countries (FAO),,1996,55.461803
Low Income Food Deficit Countries (FAO),,1997,57.005604
Low Income Food Deficit Countries (FAO),,1998,58.0647
Low Income Food Deficit Countries (FAO),,1999,56.7787
Low Income Food Deficit Countries (FAO),,2000,55.729305
Low Income Food Deficit Countries (FAO),,2001,58.350605
Low Income Food Deficit Countries (FAO),,2002,59.552704
Low Income Food Deficit Countries (FAO),,2003,62.284306
Low Income Food Deficit Countries (FAO),,2004,63.569603
Low Income Food Deficit Countries (FAO),,2005,63.5609
Low Income Food Deficit Countries (FAO),,2006,64.8423
Low Income Food Deficit Countries (FAO),,2007,63.2849
Low Income Food Deficit Countries (FAO),,2008,61.547604
Low Income Food Deficit Countries (FAO),,2009,60.893
Low Income Food Deficit Countries (FAO),,2010,60.241703
Low Income Food Deficit Countries (FAO),,2011,59.677902
Low Income Food Deficit Countries (FAO),,2012,60.158802
Low Income Food Deficit Countries (FAO),,2013,62.444603
Low Income Food Deficit Countries (FAO),,2014,62.9164
Low Income Food Deficit Countries (FAO),,2015,62.256004
Low Income Food Deficit Countries (FAO),,2016,61.334503
Low Income Food Deficit Countries (FAO),,2017,61.720203
Low Income Food Deficit Countries (FAO),,2018,61.737305
Low Income Food Deficit Countries (FAO),,2019,60.7685
Low Income Food Deficit Countries (FAO),,2020,61.193604
Low Income Food Deficit Countries (FAO),,2021,61.834503
Low Income Food Deficit Countries (FAO),,2022,62.509903
Low Income Food Deficit Countries (FAO),,2023,59.920605
Low Income Food Deficit Countries (FAO),,2024,60.7454
Low-income countries,OWID_LIC,1961,52.57062
Low-income countries,OWID_LIC,1962,54.973263
Low-income countries,OWID_LIC,1963,56.53556
Low-income countries,OWID_LIC,1964,54.922832
Low-income countries,OWID_LIC,1965,54.36027
Low-income countries,OWID_LIC,1966,56.3013
Low-income countries,OWID_LIC,1967,54.769634
Low-income countries,OWID_LIC,1968,53.583843
Low-income countries,OWID_LIC,1969,54.986897
Low-income countries,OWID_LIC,1970,54.541172
Low-income countries,OWID_LIC,1971,56.72755
Low-income countries,OWID_LIC,1972,51.313866
Low-income countries,OWID_LIC,1973,49.515755
Low-income countries,OWID_LIC,1974,45.796276
Low-income countries,OWID_LIC,1975,42.090836
Low-income countries,OWID_LIC,1976,40.62806
Low-income countries,OWID_LIC,1977,42.023552
Low-income countries,OWID_LIC,1978,40.593727
Low-income countries,OWID_LIC,1979,41.089283
Low-income countries,OWID_LIC,1980,39.291004
Low-income countries,OWID_LIC,1981,37.259872
Low-income countries,OWID_LIC,1982,38.166412
Low-income countries,OWID_LIC,1983,35.838757
Low-income countries,OWID_LIC,1984,34.15172
Low-income countries,OWID_LIC,1985,33.23383
Low-income countries,OWID_LIC,1986,34.813576
Low-income countries,OWID_LIC,1987,36.61948
Low-income countries,OWID_LIC,1988,35.3545
Low-income countries,OWID_LIC,1989,37.110874
Low-income countries,OWID_LIC,1990,37.838463
Low-income countries,OWID_LIC,1991,40.520588
Low-income countries,OWID_LIC,1992,48.350792
Low-income countries,OWID_LIC,1993,43.907185
Low-income countries,OWID_LIC,1994,43.934746
Low-income countries,OWID_LIC,1995,43.427475
Low-income countries,OWID_LIC,1996,45.272545
Low-income countries,OWID_LIC,1997,44.92751
Low-income countries,OWID_LIC,1998,45.89958
Low-income countries,OWID_LIC,1999,45.334034
Low-income countries,OWID_LIC,2000,46.687897
Low-income countries,OWID_LIC,2001,46.178947
Low-income countries,OWID_LIC,2002,49.385082
Low-income countries,OWID_LIC,2003,49.521305
Low-income countries,OWID_LIC,2004,50.40235
Low-income countries,OWID_LIC,2005,52.69564
Low-income countries,OWID_LIC,2006,52.02424
Low-income countries,OWID_LIC,2007,49.948208
Low-income countries,OWID_LIC,2008,48.475063
Low-income countries,OWID_LIC,2009,47.36719
Low-income countries,OWID_LIC,2010,48.968094
Low-income countries,OWID_LIC,2011,50.670128
Low-income countries,OWID_LIC,2012,56.64197
Low-income countries,OWID_LIC,2013,57.914047
Low-income countries,OWID_LIC,2014,56.181377
Low-income countries,OWID_LIC,2015,55.72362
Low-income countries,OWID_LIC,2016,54.192944
Low-income countries,OWID_LIC,2017,54.3659
Low-income countries,OWID_LIC,2018,54.585583
Low-income countries,OWID_LIC,2019,53.409138
Low-income countries,OWID_LIC,2020,51.93777
Low-income countries,OWID_LIC,2021,51.728333
Low-income countries,OWID_LIC,2022,52.167263
Low-income countries,OWID_LIC,2023,49.597645
Low-income countries,OWID_LIC,2024,49.60021
Lower-middle-income countries,OWID_LMC,1961,43.449913
Lower-middle-income countries,OWID_LMC,1962,41.456806
Lower-middle-income countries,OWID_LMC,1963,40.4359
Lower-middle-income countries,OWID_LMC,1964,44.596092
Lower-middle-income countries,OWID_LMC,1965,45.701008
Lower-middle-income countries,OWID_LMC,1966,43.665485
Lower-middle-income countries,OWID_LMC,1967,41.011208
Lower-middle-income countries,OWID_LMC,1968,45.622643
Lower-middle-income countries,OWID_LMC,1969,48.14571
Lower-middle-income countries,OWID_LMC,1970,48.34557
Lower-middle-income countries,OWID_LMC,1971,46.99654
Lower-middle-income countries,OWID_LMC,1972,46.42249
Lower-middle-income countries,OWID_LMC,1973,48.871117
Lower-middle-income countries,OWID_LMC,1974,48.917316
Lower-middle-income countries,OWID_LMC,1975,47.312466
Lower-middle-income countries,OWID_LMC,1976,48.46402
Lower-middle-income countries,OWID_LMC,1977,50.054432
Lower-middle-income countries,OWID_LMC,1978,51.711636
Lower-middle-income countries,OWID_LMC,1979,47.708668
Lower-middle-income countries,OWID_LMC,1980,48.480625
Lower-middle-income countries,OWID_LMC,1981,54.15827
Lower-middle-income countries,OWID_LMC,1982,54.290905
Lower-middle-income countries,OWID_LMC,1983,52.515354
Lower-middle-income countries,OWID_LMC,1984,52.331043
Lower-middle-income countries,OWID_LMC,1985,52.577633
Lower-middle-income countries,OWID_LMC,1986,54.946384
Lower-middle-income countries,OWID_LMC,1987,58.286373
Lower-middle-income countries,OWID_LMC,1988,55.82013
Lower-middle-income countries,OWID_LMC,1989,57.120052
Lower-middle-income countries,OWID_LMC,1990,59.74137
Lower-middle-income countries,OWID_LMC,1991,59.594975
Lower-middle-income countries,OWID_LMC,1992,60.550026
Lower-middle-income countries,OWID_LMC,1993,59.114666
Lower-middle-income countries,OWID_LMC,1994,61.970947
Lower-middle-income countries,OWID_LMC,1995,65.382095
Lower-middle-income countries,OWID_LMC,1996,63.48425
Lower-middle-income countries,OWID_LMC,1997,62.208447
Lower-middle-income countries,OWID_LMC,1998,65.98456
Lower-middle-income countries,OWID_LMC,1999,69.03828
Lower-middle-income countries,OWID_LMC,2000,65.56001
Lower-middle-income countries,OWID_LMC,2001,64.22838
Lower-middle-income countries,OWID_LMC,2002,63.50067
Lower-middle-income countries,OWID_LMC,2003,61.136948
Lower-middle-income countries,OWID_LMC,2004,59.08665
Lower-middle-income countries,OWID_LMC,2005,62.45728
Lower-middle-income countries,OWID_LMC,2006,64.517784
Lower-middle-income countries,OWID_LMC,2007,66.4557
Lower-middle-income countries,OWID_LMC,2008,65.29794
Lower-middle-income countries,OWID_LMC,2009,62.435925
Lower-middle-income countries,OWID_LMC,2010,66.30069
Lower-middle-income countries,OWID_LMC,2011,66.4093
Lower-middle-income countries,OWID_LMC,2012,67.98757
Lower-middle-income countries,OWID_LMC,2013,66.1464
Lower-middle-income countries,OWID_LMC,2014,67.465485
Lower-middle-income countries,OWID_LMC,2015,68.52206
Lower-middle-income countries,OWID_LMC,2016,68.405045
Lower-middle-income countries,OWID_LMC,2017,67.35799
Lower-middle-income countries,OWID_LMC,2018,74.74408
Lower-middle-income countries,OWID_LMC,2019,75.21898
Lower-middle-income countries,OWID_LMC,2020,75.37439
Lower-middle-income countries,OWID_LMC,2021,78.344696
Lower-middle-income countries,OWID_LMC,2022,78.81847
Lower-middle-income countries,OWID_LMC,2023,79.49523
Lower-middle-income countries,OWID_LMC,2024,75.542534
Madagascar,MDG,1961,49.294106
Madagascar,MDG,1962,50.000004
Madagascar,MDG,1963,56.3889
Madagascar,MDG,1964,55.5029
Madagascar,MDG,1965,53.5632
Madagascar,MDG,1966,53.257305
Madagascar,MDG,1967,49.672203
Madagascar,MDG,1968,48.232502
Madagascar,MDG,1969,55.341103
Madagascar,MDG,1970,54.9477
Madagascar,MDG,1971,57.0732
Madagascar,MDG,1972,35.083202
Madagascar,MDG,1973,36.733105
Madagascar,MDG,1974,47.1577
Madagascar,MDG,1975,40.056602
Madagascar,MDG,1976,37.7029
Madagascar,MDG,1977,39.352104
Madagascar,MDG,1978,40.9084
Madagascar,MDG,1979,39.679104
Madagascar,MDG,1980,34.705605
Madagascar,MDG,1981,34.189003
Madagascar,MDG,1982,29.5482
Madagascar,MDG,1983,28.392302
Madagascar,MDG,1984,28.111803
Madagascar,MDG,1985,29.561901
Madagascar,MDG,1986,32.7731
Madagascar,MDG,1987,33.2874
Madagascar,MDG,1988,33.0833
Madagascar,MDG,1989,32.4104
Madagascar,MDG,1990,30.8642
Madagascar,MDG,1991,30.6122
Madagascar,MDG,1992,51.212902
Madagascar,MDG,1993,33.107002
Madagascar,MDG,1994,33.2158
Madagascar,MDG,1995,32.002403
Madagascar,MDG,1996,32.282303
Madagascar,MDG,1997,32.727303
Madagascar,MDG,1998,33.030304
Madagascar,MDG,1999,32.537304
Madagascar,MDG,2000,32.508404
Madagascar,MDG,2001,32.5826
Madagascar,MDG,2002,32.584503
Madagascar,MDG,2003,32.5853
Madagascar,MDG,2004,32.143402
Madagascar,MDG,2005,32.616802
Madagascar,MDG,2006,32.8157
Madagascar,MDG,2007,31.707302
Madagascar,MDG,2008,31.645601
Madagascar,MDG,2009,31.578901
Madagascar,MDG,2010,31.921501
Madagascar,MDG,2011,32.037502
Madagascar,MDG,2012,32.1584
Madagascar,MDG,2013,32.094303
Madagascar,MDG,2014,31.650501
Madagascar,MDG,2015,31.754803
Madagascar,MDG,2016,31.546803
Madagascar,MDG,2017,31.448303
Madagascar,MDG,2018,31.399803
Madagascar,MDG,2019,31.327902
Madagascar,MDG,2020,31.275702
Madagascar,MDG,2021,31.333902
Madagascar,MDG,2022,31.312302
Madagascar,MDG,2023,31.307201
Madagascar,MDG,2024,31.317802
Malawi,MWI,1966,69.9588
Malawi,MWI,1967,82.59621
Malawi,MWI,1968,87.3251
Malawi,MWI,1969,138.94481
Malawi,MWI,1970,116.41771
Malawi,MWI,1971,111.25451
Malawi,MWI,1972,104.98521
Malawi,MWI,1973,116.68521
Malawi,MWI,1974,94.076004
Malawi,MWI,1975,104.0428
Malawi,MWI,1976,109.4218
Malawi,MWI,1977,105.552505
Malawi,MWI,1978,108.90101
Malawi,MWI,1979,120.972206
Malawi,MWI,1980,106.8515
Malawi,MWI,1981,113.750404
Malawi,MWI,1982,129.02771
Malawi,MWI,1983,124.50721
Malawi,MWI,1984,109.846306
Malawi,MWI,1985,108.467705
Malawi,MWI,1986,113.6929
Malawi,MWI,1987,113.029205
Malawi,MWI,1988,111.84211
Malawi,MWI,1989,105.00001
Malawi,MWI,1990,105.294106
Malawi,MWI,1991,105.5556
Malawi,MWI,1992,105.5556
Malawi,MWI,1993,78.5714
Malawi,MWI,1994,105.5556
Malawi,MWI,1995,105.5556
Malawi,MWI,1996,105.3824
Malawi,MWI,1997,100.00001
Malawi,MWI,1998,105.5556
Malawi,MWI,1999,105.26321
Malawi,MWI,2000,105.00001
Malawi,MWI,2001,107.31711
Malawi,MWI,2002,108.333305
Malawi,MWI,2003,102.439
Malawi,MWI,2004,105.00001
Malawi,MWI,2005,109.090904
Malawi,MWI,2006,108.8889
Malawi,MWI,2007,108.69571
Malawi,MWI,2008,110.00001
Malawi,MWI,2009,108.333305
Malawi,MWI,2010,108.00001
Malawi,MWI,2011,108.00001
Malawi,MWI,2012,103.333305
Malawi,MWI,2013,106.66671
Malawi,MWI,2014,107.80011
Malawi,MWI,2015,107.99921
Malawi,MWI,2016,107.3998
Malawi,MWI,2017,107.4996
Malawi,MWI,2018,107.498604
Malawi,MWI,2019,107.6004
Malawi,MWI,2020,107.8003
Malawi,MWI,2021,107.96421
Malawi,MWI,2022,107.461105
Malawi,MWI,2023,107.48611
Malawi,MWI,2024,107.51111
Malaysia,MYS,1961,32
Malaysia,MYS,1962,33.898304
Malaysia,MYS,1963,33.8208
Malaysia,MYS,1964,32.204803
Malaysia,MYS,1965,32.258102
Malaysia,MYS,1966,29.898201
Malaysia,MYS,1967,30.000002
Malaysia,MYS,1968,30.000002
Malaysia,MYS,1969,30.0986
Malaysia,MYS,1970,24.903502
Malaysia,MYS,1971,14.4217005
Malaysia,MYS,1972,25.0477
Malaysia,MYS,1973,24.9985
Malaysia,MYS,1974,35.026802
Malaysia,MYS,1975,34.998
Malaysia,MYS,1976,34.996002
Malaysia,MYS,1977,50.000004
Malaysia,MYS,1978,45.000004
Malaysia,MYS,1979,50.000004
Malaysia,MYS,1980,40
Malaysia,MYS,1981,40
Malaysia,MYS,1982,50.000004
Malaysia,MYS,1983,50.000004
Malaysia,MYS,1984,50.000004
Malaysia,MYS,1985,49.0909
Malaysia,MYS,1986,53.000004
Malaysia,MYS,1987,59.149303
Malaysia,MYS,1988,54.350403
Malaysia,MYS,1989,59.681004
Malaysia,MYS,1990,60.2577
Malaysia,MYS,1991,54.1212
Malaysia,MYS,1992,56.1607
Malaysia,MYS,1993,68
Malaysia,MYS,1994,68.00011
Malaysia,MYS,1995,68
Malaysia,MYS,1996,71.68461
Malaysia,MYS,1997,73.066
Malaysia,MYS,1998,72.5854
Malaysia,MYS,1999,74.727905
Malaysia,MYS,2000,51.45
Malaysia,MYS,2001,47.449604
Malaysia,MYS,2002,47.107605
Malaysia,MYS,2003,50.000004
Malaysia,MYS,2004,41.666702
Malaysia,MYS,2005,41.666702
Malaysia,MYS,2006,37.5
Malaysia,MYS,2007,34.203804
Malaysia,MYS,2008,34.8675
Malaysia,MYS,2009,43.750004
Malaysia,MYS,2010,44.207
Malaysia,MYS,2011,47.349102
Malaysia,MYS,2012,33.6318
Malaysia,MYS,2013,34.733604
Malaysia,MYS,2014,38.594902
Malaysia,MYS,2015,17.631601
Malaysia,MYS,2016,18.500902
Malaysia,MYS,2017,17.977001
Malaysia,MYS,2018,16.7675
Malaysia,MYS,2019,17.678402
Malaysia,MYS,2020,17.945301
Malaysia,MYS,2021,15.247001
Malaysia,MYS,2022,20.045801
Malaysia,MYS,2023,19.548
Malaysia,MYS,2024,18.0983
Mali,MLI,1961,50.000004
Mali,MLI,1962,50.000004
Mali,MLI,1963,50.000004
Mali,MLI,1964,50.000004
Mali,MLI,1965,50.000004
Mali,MLI,1966,49.742
Mali,MLI,1967,55.003304
Mali,MLI,1968,58.443504
Mali,MLI,1969,58.509003
Mali,MLI,1970,54.166504
Mali,MLI,1971,58.072105
Mali,MLI,1972,46.0224
Mali,MLI,1973,53.507004
Mali,MLI,1974,45.8167
Mali,MLI,1975,54.395504
Mali,MLI,1976,52.000004
Mali,MLI,1977,50.000004
Mali,MLI,1978,50.000004
Mali,MLI,1979,53.2988
Mali,MLI,1980,44.4444
Mali,MLI,1981,32.5
Mali,MLI,1982,31.818201
Mali,MLI,1983,32.6087
Mali,MLI,1984,32.970303
Mali,MLI,1985,56.5847
Mali,MLI,1986,63.107903
Mali,MLI,1987,69.2489
Mali,MLI,1988,69.055
Mali,MLI,1989,59.8494
Mali,MLI,1990,67.752106
Mali,MLI,1991,65.775604
Mali,MLI,1992,63.9327
Mali,MLI,1993,66.2422
Mali,MLI,1994,78.3084
Mali,MLI,1995,73.2729
Mali,MLI,1996,70.9998
Mali,MLI,1997,76.6461
Mali,MLI,1998,79.8186
Mali,MLI,1999,40.951202
Mali,MLI,2000,79.682304
Mali,MLI,2001,68.3034
Mali,MLI,2002,70.0034
Mali,MLI,2003,72.9642
Mali,MLI,2004,77.9084
Mali,MLI,2005,75.0789
Mali,MLI,2006,68.2463
Mali,MLI,2007,69.7928
Mali,MLI,2008,72
Mali,MLI,2009,74.8759
Mali,MLI,2010,72.590904
Mali,MLI,2011,73.0612
Mali,MLI,2012,73.018906
Mali,MLI,2013,73.5678
Mali,MLI,2014,72.8143
Mali,MLI,2015,72.667206
Mali,MLI,2016,72.40111
Mali,MLI,2017,72.7754
Mali,MLI,2018,72.8303
Mali,MLI,2019,72.879906
Mali,MLI,2020,72.927704
Mali,MLI,2021,72.8345
Mali,MLI,2022,72.5413
Mali,MLI,2023,72.5743
Mali,MLI,2024,72.6074
Martinique,MTQ,1961,78.635704
Martinique,MTQ,1962,76.5638
Martinique,MTQ,1963,85.183304
Martinique,MTQ,1964,66.119
Martinique,MTQ,1965,75.6959
Martinique,MTQ,1966,75.6249
Martinique,MTQ,1967,83.6184
Martinique,MTQ,1968,65.300804
Martinique,MTQ,1969,68.1078
Martinique,MTQ,1970,68.293205
Martinique,MTQ,1971,64.2969
Martinique,MTQ,1972,53.038403
Martinique,MTQ,1973,64.8617
Martinique,MTQ,1974,65.31911
Martinique,MTQ,1975,62.9672
Martinique,MTQ,1976,57.201603
Martinique,MTQ,1977,59.973606
Martinique,MTQ,1978,57.998604
Martinique,MTQ,1979,57.983105
Martinique,MTQ,1980,53.005203
Martinique,MTQ,1981,54.003105
Martinique,MTQ,1982,44.6594
Martinique,MTQ,1983,51.685303
Martinique,MTQ,1984,54.385803
Martinique,MTQ,1985,62.947903
Martinique,MTQ,1986,64.1593
Martinique,MTQ,1987,63.464005
Martinique,MTQ,1988,64.2415
Martinique,MTQ,1989,73.7209
Martinique,MTQ,1990,67.69771
Martinique,MTQ,1991,61.533604
Martinique,MTQ,1992,66.05321
Martinique,MTQ,1993,71.4248
Martinique,MTQ,1994,66.0098
Martinique,MTQ,1995,75.9409
Martinique,MTQ,1996,74.9306
Martinique,MTQ,1997,62.942303
Martinique,MTQ,1998,62.8987
Martinique,MTQ,1999,67.3029
Martinique,MTQ,2000,75.9365
Martinique,MTQ,2001,66.835205
Martinique,MTQ,2002,75.1398
Martinique,MTQ,2003,59.0942
Martinique,MTQ,2004,69.043205
Martinique,MTQ,2005,56.990402
Martinique,MTQ,2006,47.171703
Mauritius,MUS,1961,62.528202
Mauritius,MUS,1962,56.518303
Mauritius,MUS,1963,70.1507
Mauritius,MUS,1964,53.0427
Mauritius,MUS,1965,72.7376
Mauritius,MUS,1966,58.618202
Mauritius,MUS,1967,71.846504
Mauritius,MUS,1968,64.501305
Mauritius,MUS,1969,73.2453
Mauritius,MUS,1970,63.680702
Mauritius,MUS,1971,65.78261
Mauritius,MUS,1972,78.689606
Mauritius,MUS,1973,77.1038
Mauritius,MUS,1974,74.6409
Mauritius,MUS,1975,53.819202
Mauritius,MUS,1976,79.0024
Mauritius,MUS,1977,74.7024
Mauritius,MUS,1978,78.0658
Mauritius,MUS,1979,79.178
Mauritius,MUS,1980,57.683804
Mauritius,MUS,1981,67.741905
Mauritius,MUS,1982,82.3979
Mauritius,MUS,1983,66.9879
Mauritius,MUS,1984,64.234
Mauritius,MUS,1985,71.5789
Mauritius,MUS,1986,77.5344
Mauritius,MUS,1987,80.34221
Mauritius,MUS,1988,71.72311
Mauritius,MUS,1989,70.79671
Mauritius,MUS,1990,72.713905
Mauritius,MUS,1991,73.9951
Mauritius,MUS,1992,76.99721
Mauritius,MUS,1993,72.9748
Mauritius,MUS,1994,65.9224
Mauritius,MUS,1995,71.656204
Mauritius,MUS,1996,73.261
Mauritius,MUS,1997,79.538605
Mauritius,MUS,1998,78.10921
Mauritius,MUS,1999,53.519104
Mauritius,MUS,2000,69.93951
Mauritius,MUS,2001,79.133
Mauritius,MUS,2002,67.443
Mauritius,MUS,2003,73.2328
Mauritius,MUS,2004,75.760704
Mauritius,MUS,2005,72.9186
Mauritius,MUS,2006,71.1649
Mauritius,MUS,2007,64.9083
Mauritius,MUS,2008,73.0999
Mauritius,MUS,2009,77.29771
Mauritius,MUS,2010,74.3639
Mauritius,MUS,2011,74.6484
Mauritius,MUS,2012,72.9088
Mauritius,MUS,2013,71.3711
Mauritius,MUS,2014,79.781105
Mauritius,MUS,2015,76.531006
Mauritius,MUS,2016,73.7907
Mauritius,MUS,2017,74.3053
Mauritius,MUS,2018,66.1629
Mauritius,MUS,2019,75.581505
Mauritius,MUS,2020,59.959103
Mauritius,MUS,2021,63.719803
Mauritius,MUS,2022,57.573105
Mauritius,MUS,2023,68.3895
Mauritius,MUS,2024,63.172203
Melanesia (FAO),,1961,32.8934
Melanesia (FAO),,1962,52.145203
Melanesia (FAO),,1963,66.541
Melanesia (FAO),,1964,56.554302
Melanesia (FAO),,1965,51.559303
Melanesia (FAO),,1966,51.3539
Melanesia (FAO),,1967,49.3165
Melanesia (FAO),,1968,61.8544
Melanesia (FAO),,1969,50.455303
Melanesia (FAO),,1970,62.448402
Melanesia (FAO),,1971,53.6873
Melanesia (FAO),,1972,51.149605
Melanesia (FAO),,1973,54.981804
Melanesia (FAO),,1974,47.8412
Melanesia (FAO),,1975,48.042805
Melanesia (FAO),,1976,48.559605
Melanesia (FAO),,1977,51.370605
Melanesia (FAO),,1978,52.775402
Melanesia (FAO),,1979,65.4297
Melanesia (FAO),,1980,50.867104
Melanesia (FAO),,1981,58.819202
Melanesia (FAO),,1982,59.247604
Melanesia (FAO),,1983,39.7477
Melanesia (FAO),,1984,62.6902
Melanesia (FAO),,1985,44.0479
Melanesia (FAO),,1986,59.5554
Melanesia (FAO),,1987,42.823605
Melanesia (FAO),,1988,50.382103
Melanesia (FAO),,1989,63.8012
Melanesia (FAO),,1990,57.493305
Melanesia (FAO),,1991,47.926304
Melanesia (FAO),,1992,49.1519
Melanesia (FAO),,1993,50.619602
Melanesia (FAO),,1994,54.290703
Melanesia (FAO),,1995,55.0559
Melanesia (FAO),,1996,50.6099
Melanesia (FAO),,1997,47.237503
Melanesia (FAO),,1998,40.9692
Melanesia (FAO),,1999,57.2192
Melanesia (FAO),,2000,56.871403
Melanesia (FAO),,2001,48.315105
Melanesia (FAO),,2002,49.8767
Melanesia (FAO),,2003,46.935303
Melanesia (FAO),,2004,49.107903
Melanesia (FAO),,2005,49.138504
Melanesia (FAO),,2006,52.812004
Melanesia (FAO),,2007,45.328003
Melanesia (FAO),,2008,44.5714
Melanesia (FAO),,2009,42.069603
Melanesia (FAO),,2010,38.857803
Melanesia (FAO),,2011,44.3067
Melanesia (FAO),,2012,36.447304
Melanesia (FAO),,2013,40.9775
Melanesia (FAO),,2014,45.067703
Melanesia (FAO),,2015,42.3712
Melanesia (FAO),,2016,34.5315
Melanesia (FAO),,2017,39.964
Melanesia (FAO),,2018,41.8819
Melanesia (FAO),,2019,42.905304
Melanesia (FAO),,2020,40.955105
Melanesia (FAO),,2021,37.7527
Melanesia (FAO),,2022,37.667202
Melanesia (FAO),,2023,43.920902
Melanesia (FAO),,2024,34.6962
Mexico,MEX,1961,55.1435
Mexico,MEX,1962,58.3944
Mexico,MEX,1963,59.074104
Mexico,MEX,1964,60.576202
Mexico,MEX,1965,65.8828
Mexico,MEX,1966,66.0967
Mexico,MEX,1967,65.6383
Mexico,MEX,1968,62.760704
Mexico,MEX,1969,61.7397
Mexico,MEX,1970,63.3814
Mexico,MEX,1971,68.0166
Mexico,MEX,1972,69.317
Mexico,MEX,1973,65.4524
Mexico,MEX,1974,68.1595
Mexico,MEX,1975,72.01371
Mexico,MEX,1976,63.245106
Mexico,MEX,1977,63.412003
Mexico,MEX,1978,66.04
Mexico,MEX,1979,64.28831
Mexico,MEX,1980,65.34511
Mexico,MEX,1981,62.679302
Mexico,MEX,1982,67.893005
Mexico,MEX,1983,67.4228
Mexico,MEX,1984,66.814705
Mexico,MEX,1985,70.45061
Mexico,MEX,1986,75.5428
Mexico,MEX,1987,74.5045
Mexico,MEX,1988,70.6022
Mexico,MEX,1989,71.67261
Mexico,MEX,1990,69.869705
Mexico,MEX,1991,70.264
Mexico,MEX,1992,74.7011
Mexico,MEX,1993,76.4323
Mexico,MEX,1994,69.078705
Mexico,MEX,1995,77.57271
Mexico,MEX,1996,71.1484
Mexico,MEX,1997,73.5565
Mexico,MEX,1998,77.540405
Mexico,MEX,1999,72.89101
Mexico,MEX,2000,71.326706
Mexico,MEX,2001,75.7528
Mexico,MEX,2002,72.183205
Mexico,MEX,2003,73.6874
Mexico,MEX,2004,74.6455
Mexico,MEX,2005,77.10811
Mexico,MEX,2006,74.530304
Mexico,MEX,2007,75.4436
Mexico,MEX,2008,73.890205
Mexico,MEX,2009,69.650604
Mexico,MEX,2010,71.6274
Mexico,MEX,2011,69.6744
Mexico,MEX,2012,69.303
Mexico,MEX,2013,78.157906
Mexico,MEX,2014,74.39001
Mexico,MEX,2015,73.0233
Mexico,MEX,2016,72.270004
Mexico,MEX,2017,73.775604
Mexico,MEX,2018,72.32621
Mexico,MEX,2019,74.5418
Mexico,MEX,2020,69.477104
Mexico,MEX,2021,68.264404
Mexico,MEX,2022,69.8638
Mexico,MEX,2023,69.2944
Mexico,MEX,2024,67.6376
Middle Africa (FAO),,1961,37.0522
Middle Africa (FAO),,1962,39.842304
Middle Africa (FAO),,1963,32.8981
Middle Africa (FAO),,1964,39.3067
Middle Africa (FAO),,1965,40.663002
Middle Africa (FAO),,1966,35.801502
Middle Africa (FAO),,1967,38.976902
Middle Africa (FAO),,1968,33.9396
Middle Africa (FAO),,1969,33.092102
Middle Africa (FAO),,1970,30.454903
Middle Africa (FAO),,1971,28.8652
Middle Africa (FAO),,1972,27.566803
Middle Africa (FAO),,1973,29.418901
Middle Africa (FAO),,1974,23.632502
Middle Africa (FAO),,1975,22.229002
Middle Africa (FAO),,1976,22.277
Middle Africa (FAO),,1977,20.348803
Middle Africa (FAO),,1978,18.1652
Middle Africa (FAO),,1979,20.162
Middle Africa (FAO),,1980,23.180101
Middle Africa (FAO),,1981,27.670301
Middle Africa (FAO),,1982,23.8251
Middle Africa (FAO),,1983,18.364801
Middle Africa (FAO),,1984,17.2227
Middle Africa (FAO),,1985,17.152302
Middle Africa (FAO),,1986,16.557302
Middle Africa (FAO),,1987,18.038502
Middle Africa (FAO),,1988,18.291
Middle Africa (FAO),,1989,19.3317
Middle Africa (FAO),,1990,19.8339
Middle Africa (FAO),,1991,20.394402
Middle Africa (FAO),,1992,23.980803
Middle Africa (FAO),,1993,26.265402
Middle Africa (FAO),,1994,27.863
Middle Africa (FAO),,1995,30.5307
Middle Africa (FAO),,1996,31.471502
Middle Africa (FAO),,1997,32.0702
Middle Africa (FAO),,1998,33.310604
Middle Africa (FAO),,1999,33.027
Middle Africa (FAO),,2000,33.6945
Middle Africa (FAO),,2001,33.3179
Middle Africa (FAO),,2002,32.393803
Middle Africa (FAO),,2003,33.284203
Middle Africa (FAO),,2004,33.4658
Middle Africa (FAO),,2005,33.6817
Middle Africa (FAO),,2006,34.1663
Middle Africa (FAO),,2007,36.3535
Middle Africa (FAO),,2008,37.5274
Middle Africa (FAO),,2009,38.090603
Middle Africa (FAO),,2010,38.5825
Middle Africa (FAO),,2011,37.7182
Middle Africa (FAO),,2012,37.576
Middle Africa (FAO),,2013,37.896202
Middle Africa (FAO),,2014,37.1468
Middle Africa (FAO),,2015,38.8157
Middle Africa (FAO),,2016,38.598103
Middle Africa (FAO),,2017,41.810303
Middle Africa (FAO),,2018,40.965103
Middle Africa (FAO),,2019,41.483105
Middle Africa (FAO),,2020,41.0828
Middle Africa (FAO),,2021,39.6572
Middle Africa (FAO),,2022,38.5143
Middle Africa (FAO),,2023,37.8286
Middle Africa (FAO),,2024,37.215702
Morocco,MAR,1974,5
Morocco,MAR,1975,14.272701
Morocco,MAR,1976,43.111103
Morocco,MAR,1977,49.288902
Morocco,MAR,1978,75
Morocco,MAR,1979,71.57071
Morocco,MAR,1980,93.27701
Morocco,MAR,1981,85.84251
Morocco,MAR,1982,67.09871
Morocco,MAR,1983,78.18301
Morocco,MAR,1984,68.58671
Morocco,MAR,1985,56.250004
Morocco,MAR,1986,63.890305
Morocco,MAR,1987,65.2369
Morocco,MAR,1988,72.954704
Morocco,MAR,1989,64.4616
Morocco,MAR,1990,68.6434
Morocco,MAR,1991,69.4403
Morocco,MAR,1992,65.8109
Morocco,MAR,1993,61.628902
Morocco,MAR,1994,61.696003
Morocco,MAR,1995,69.2161
Morocco,MAR,1996,62.875202
Morocco,MAR,1997,66.913506
Morocco,MAR,1998,78.14271
Morocco,MAR,1999,76.49921
Morocco,MAR,2000,82.5248
Morocco,MAR,2001,62.235104
Morocco,MAR,2002,68.7739
Morocco,MAR,2003,71.319
Morocco,MAR,2004,65.088104
Morocco,MAR,2005,58.8188
Morocco,MAR,2006,69.5258
Morocco,MAR,2007,66.703606
Morocco,MAR,2008,68.1045
Morocco,MAR,2009,65.5677
Morocco,MAR,2010,61.386402
Morocco,MAR,2011,56.923504
Morocco,MAR,2012,53.5364
Morocco,MAR,2013,40.0829
Morocco,MAR,2014,35.2106
Morocco,MAR,2015,46.5984
Morocco,MAR,2016,40.876305
Morocco,MAR,2017,52.2004
Morocco,MAR,2018,70.445206
Morocco,MAR,2019,45.9009
Morocco,MAR,2020,67.371605
Morocco,MAR,2021,64.7712
Morocco,MAR,2022,61.380203
Morocco,MAR,2023,57.057606
Morocco,MAR,2024,56.789104
Mozambique,MOZ,1961,48.4397
Mozambique,MOZ,1962,51.179604
Mozambique,MOZ,1963,46.912304
Mozambique,MOZ,1964,44.472202
Mozambique,MOZ,1965,46.196102
Mozambique,MOZ,1966,46.865604
Mozambique,MOZ,1967,46.559902
Mozambique,MOZ,1968,49.859
Mozambique,MOZ,1969,54.085304
Mozambique,MOZ,1970,52.500004
Mozambique,MOZ,1971,54.5455
Mozambique,MOZ,1972,56.250004
Mozambique,MOZ,1973,52.631603
Mozambique,MOZ,1974,48.2759
Mozambique,MOZ,1975,42.1053
Mozambique,MOZ,1976,36.666702
Mozambique,MOZ,1977,40
Mozambique,MOZ,1978,40
Mozambique,MOZ,1979,44.000004
Mozambique,MOZ,1980,40
Mozambique,MOZ,1981,36.3636
Mozambique,MOZ,1982,36.25
Mozambique,MOZ,1983,28.000002
Mozambique,MOZ,1984,22.500002
Mozambique,MOZ,1985,12.000001
Mozambique,MOZ,1986,15.000001
Mozambique,MOZ,1987,14.333301
Mozambique,MOZ,1988,14.708701
Mozambique,MOZ,1989,12.770801
Mozambique,MOZ,1990,13.2628
Mozambique,MOZ,1991,12.6385
Mozambique,MOZ,1992,10.623901
Mozambique,MOZ,1993,10.2501
Mozambique,MOZ,1994,10.5263
Mozambique,MOZ,1995,12.5296
Mozambique,MOZ,1996,12.634001
Mozambique,MOZ,1997,11.6225
Mozambique,MOZ,1998,14.747001
Mozambique,MOZ,1999,17.0966
Mozambique,MOZ,2000,14.7139015
Mozambique,MOZ,2001,18.767302
Mozambique,MOZ,2002,45.3217
Mozambique,MOZ,2003,51.0737
Mozambique,MOZ,2004,50.6287
Mozambique,MOZ,2005,64.19961
Mozambique,MOZ,2006,62.433804
Mozambique,MOZ,2007,64.395805
Mozambique,MOZ,2008,68.088104
Mozambique,MOZ,2009,58.0789
Mozambique,MOZ,2010,70.6946
Mozambique,MOZ,2011,79.535706
Mozambique,MOZ,2012,73.9139
Mozambique,MOZ,2013,68.603905
Mozambique,MOZ,2014,78.178505
Mozambique,MOZ,2015,68.951706
Mozambique,MOZ,2016,65.26681
Mozambique,MOZ,2017,67.098404
Mozambique,MOZ,2018,65.3224
Mozambique,MOZ,2019,63.927704
Mozambique,MOZ,2020,57.814106
Mozambique,MOZ,2021,67.999504
Mozambique,MOZ,2022,72.0006
Mozambique,MOZ,2023,52.8767
Mozambique,MOZ,2024,55.603104
Myanmar,MMR,1961,29.9789
Myanmar,MMR,1962,31.370201
Myanmar,MMR,1963,27.594902
Myanmar,MMR,1964,34.5654
Myanmar,MMR,1965,31.1837
Myanmar,MMR,1966,34.6359
Myanmar,MMR,1967,33.9214
Myanmar,MMR,1968,31.741001
Myanmar,MMR,1969,32.784702
Myanmar,MMR,1970,33.0887
Myanmar,MMR,1971,33.8335
Myanmar,MMR,1972,34.9502
Myanmar,MMR,1973,35.872105
Myanmar,MMR,1974,36.22
Myanmar,MMR,1975,33.4114
Myanmar,MMR,1976,35.4179
Myanmar,MMR,1977,36.632
Myanmar,MMR,1978,35.508503
Myanmar,MMR,1979,36.9449
Myanmar,MMR,1980,35.152103
Myanmar,MMR,1981,45.1585
Myanmar,MMR,1982,52.818504
Myanmar,MMR,1983,62.490803
Myanmar,MMR,1984,63.697403
Myanmar,MMR,1985,62.061005
Myanmar,MMR,1986,60.292603
Myanmar,MMR,1987,60.546703
Myanmar,MMR,1988,63.908604
Myanmar,MMR,1989,48.680504
Myanmar,MMR,1990,40.056004
Myanmar,MMR,1991,40.961105
Myanmar,MMR,1992,45.0792
Myanmar,MMR,1993,44.0869
Myanmar,MMR,1994,44.5693
Myanmar,MMR,1995,50.352802
Myanmar,MMR,1996,48.6712
Myanmar,MMR,1997,48.993702
Myanmar,MMR,1998,43.581
Myanmar,MMR,1999,42.7508
Myanmar,MMR,2000,43.6992
Myanmar,MMR,2001,44.376305
Myanmar,MMR,2002,44.4179
Myanmar,MMR,2003,46.446804
Myanmar,MMR,2004,51.533203
Myanmar,MMR,2005,54.789204
Myanmar,MMR,2006,55.643
Myanmar,MMR,2007,58.327103
Myanmar,MMR,2008,60.196106
Myanmar,MMR,2009,60.585106
Myanmar,MMR,2010,61.6064
Myanmar,MMR,2011,62.183105
Myanmar,MMR,2012,61.2112
Myanmar,MMR,2013,60.933304
Myanmar,MMR,2014,62.3557
Myanmar,MMR,2015,62.656105
Myanmar,MMR,2016,63.776703
Myanmar,MMR,2017,63.520103
Myanmar,MMR,2018,63.333202
Myanmar,MMR,2019,65.0324
Myanmar,MMR,2020,65.1472
Myanmar,MMR,2021,65.510704
Myanmar,MMR,2022,65.83371
Myanmar,MMR,2023,66.0194
Myanmar,MMR,2024,67.16
Nepal,NPL,1961,20
Nepal,NPL,1962,18.6
Nepal,NPL,1963,20.761402
Nepal,NPL,1964,14.177201
Nepal,NPL,1965,14.583301
Nepal,NPL,1966,16.8421
Nepal,NPL,1967,16.3333
Nepal,NPL,1968,15.400001
Nepal,NPL,1969,15.398401
Nepal,NPL,1970,15.9778
Nepal,NPL,1971,16.3789
Nepal,NPL,1972,16.202501
Nepal,NPL,1973,16.5022
Nepal,NPL,1974,16.809801
Nepal,NPL,1975,16.5411
Nepal,NPL,1976,16.779001
Nepal,NPL,1977,17.308401
Nepal,NPL,1978,16.9187
Nepal,NPL,1979,16.822601
Nepal,NPL,1980,17.175303
Nepal,NPL,1981,20.0242
Nepal,NPL,1982,23.440601
Nepal,NPL,1983,24.246
Nepal,NPL,1984,22.386501
Nepal,NPL,1985,23.355803
Nepal,NPL,1986,24.2651
Nepal,NPL,1987,24.752302
Nepal,NPL,1988,27.5881
Nepal,NPL,1989,30.5587
Nepal,NPL,1990,31.374601
Nepal,NPL,1991,33.554604
Nepal,NPL,1992,34.518604
Nepal,NPL,1993,35.643803
Nepal,NPL,1994,37.8722
Nepal,NPL,1995,34.417103
Nepal,NPL,1996,35
Nepal,NPL,1997,35.1445
Nepal,NPL,1998,35.1957
Nepal,NPL,1999,36.5838
Nepal,NPL,2000,36.1874
Nepal,NPL,2001,37.221603
Nepal,NPL,2002,37.796
Nepal,NPL,2003,38.7762
Nepal,NPL,2004,38.7939
Nepal,NPL,2005,40.217003
Nepal,NPL,2006,39.6818
Nepal,NPL,2007,40.609604
Nepal,NPL,2008,39.4752
Nepal,NPL,2009,40.5227
Nepal,NPL,2010,42.500004
Nepal,NPL,2011,43.147804
Nepal,NPL,2012,45.446804
Nepal,NPL,2013,45.4383
Nepal,NPL,2014,45.649002
Nepal,NPL,2015,45.991
Nepal,NPL,2016,53.7094
Nepal,NPL,2017,45.262604
Nepal,NPL,2018,45.2643
Nepal,NPL,2019,49.674503
Nepal,NPL,2020,49.590504
Nepal,NPL,2021,49.4754
Nepal,NPL,2022,50.500004
Nepal,NPL,2023,49.8167
Nepal,NPL,2024,49.792503
Net Food Importing Developing Countries (FAO),,1961,47.208103
Net Food Importing Developing Countries (FAO),,1962,41.798103
Net Food Importing Developing Countries (FAO),,1963,42.635105
Net Food Importing Developing Countries (FAO),,1964,45.6074
Net Food Importing Developing Countries (FAO),,1965,51.313503
Net Food Importing Developing Countries (FAO),,1966,47.3012
Net Food Importing Developing Countries (FAO),,1967,50.365105
Net Food Importing Developing Countries (FAO),,1968,48.4289
Net Food Importing Developing Countries (FAO),,1969,51.0717
Net Food Importing Developing Countries (FAO),,1970,55.180202
Net Food Importing Developing Countries (FAO),,1971,48.033302
Net Food Importing Developing Countries (FAO),,1972,47.4379
Net Food Importing Developing Countries (FAO),,1973,50.1762
Net Food Importing Developing Countries (FAO),,1974,49.890602
Net Food Importing Developing Countries (FAO),,1975,47.7374
Net Food Importing Developing Countries (FAO),,1976,49.7634
Net Food Importing Developing Countries (FAO),,1977,52.9793
Net Food Importing Developing Countries (FAO),,1978,53.416004
Net Food Importing Developing Countries (FAO),,1979,54.454502
Net Food Importing Developing Countries (FAO),,1980,48.739002
Net Food Importing Developing Countries (FAO),,1981,52.515606
Net Food Importing Developing Countries (FAO),,1982,53.292202
Net Food Importing Developing Countries (FAO),,1983,53.606804
Net Food Importing Developing Countries (FAO),,1984,54.3144
Net Food Importing Developing Countries (FAO),,1985,50.446304
Net Food Importing Developing Countries (FAO),,1986,52.2817
Net Food Importing Developing Countries (FAO),,1987,56.3748
Net Food Importing Developing Countries (FAO),,1988,54.474804
Net Food Importing Developing Countries (FAO),,1989,55.506603
Net Food Importing Developing Countries (FAO),,1990,54.551903
Net Food Importing Developing Countries (FAO),,1991,53.3704
Net Food Importing Developing Countries (FAO),,1992,50.713703
Net Food Importing Developing Countries (FAO),,1993,47.0133
Net Food Importing Developing Countries (FAO),,1994,47.601
Net Food Importing Developing Countries (FAO),,1995,46.142803
Net Food Importing Developing Countries (FAO),,1996,48.572502
Net Food Importing Developing Countries (FAO),,1997,47.5839
Net Food Importing Developing Countries (FAO),,1998,49.958202
Net Food Importing Developing Countries (FAO),,1999,50.656105
Net Food Importing Developing Countries (FAO),,2000,50.802803
Net Food Importing Developing Countries (FAO),,2001,50.4212
Net Food Importing Developing Countries (FAO),,2002,51.5867
Net Food Importing Developing Countries (FAO),,2003,54.888603
Net Food Importing Developing Countries (FAO),,2004,56.693604
Net Food Importing Developing Countries (FAO),,2005,55.410202
Net Food Importing Developing Countries (FAO),,2006,57.980103
Net Food Importing Developing Countries (FAO),,2007,60.611702
Net Food Importing Developing Countries (FAO),,2008,60.0632
Net Food Importing Developing Countries (FAO),,2009,58.829605
Net Food Importing Developing Countries (FAO),,2010,57.930603
Net Food Importing Developing Countries (FAO),,2011,57.6169
Net Food Importing Developing Countries (FAO),,2012,60.669106
Net Food Importing Developing Countries (FAO),,2013,61.685104
Net Food Importing Developing Countries (FAO),,2014,61.533104
Net Food Importing Developing Countries (FAO),,2015,62.0595
Net Food Importing Developing Countries (FAO),,2016,62.837303
Net Food Importing Developing Countries (FAO),,2017,62.053204
Net Food Importing Developing Countries (FAO),,2018,62.986202
Net Food Importing Developing Countries (FAO),,2019,63.542103
Net Food Importing Developing Countries (FAO),,2020,63.449
Net Food Importing Developing Countries (FAO),,2021,65.04861
Net Food Importing Developing Countries (FAO),,2022,65.5761
Net Food Importing Developing Countries (FAO),,2023,68.394005
Net Food Importing Developing Countries (FAO),,2024,65.584
Nicaragua,NIC,1961,50.289803
Nicaragua,NIC,1962,53.061203
Nicaragua,NIC,1963,50.000004
Nicaragua,NIC,1964,56.000004
Nicaragua,NIC,1965,56.000004
Nicaragua,NIC,1966,51.146202
Nicaragua,NIC,1967,61.814606
Nicaragua,NIC,1968,61.0102
Nicaragua,NIC,1969,58.317104
Nicaragua,NIC,1970,55.780003
Nicaragua,NIC,1971,61.247604
Nicaragua,NIC,1972,60.088203
Nicaragua,NIC,1973,53.251102
Nicaragua,NIC,1974,60.785305
Nicaragua,NIC,1975,64.925705
Nicaragua,NIC,1976,55.343502
Nicaragua,NIC,1977,67.23311
Nicaragua,NIC,1978,68.0598
Nicaragua,NIC,1979,69.0126
Nicaragua,NIC,1980,58.526203
Nicaragua,NIC,1981,61.4342
Nicaragua,NIC,1982,64.19881
Nicaragua,NIC,1983,59.7913
Nicaragua,NIC,1984,65.4857
Nicaragua,NIC,1985,54.7619
Nicaragua,NIC,1986,59.117603
Nicaragua,NIC,1987,58.062805
Nicaragua,NIC,1988,59.657402
Nicaragua,NIC,1989,68.50371
Nicaragua,NIC,1990,61.0102
Nicaragua,NIC,1991,66.501205
Nicaragua,NIC,1992,61.230305
Nicaragua,NIC,1993,59.475002
Nicaragua,NIC,1994,62.301502
Nicaragua,NIC,1995,71.6675
Nicaragua,NIC,1996,73.3149
Nicaragua,NIC,1997,72.11011
Nicaragua,NIC,1998,64.954
Nicaragua,NIC,1999,66.249504
Nicaragua,NIC,2000,69.080605
Nicaragua,NIC,2001,77.437706
Nicaragua,NIC,2002,75.904205
Nicaragua,NIC,2003,93.6743
Nicaragua,NIC,2004,88.908005
Nicaragua,NIC,2005,82.337105
Nicaragua,NIC,2006,88.98311
Nicaragua,NIC,2007,83.331
Nicaragua,NIC,2008,79.531006
Nicaragua,NIC,2009,93.64011
Nicaragua,NIC,2010,89.916405
Nicaragua,NIC,2011,91.83221
Nicaragua,NIC,2012,100.6853
Nicaragua,NIC,2013,99.168106
Nicaragua,NIC,2014,98.1479
Nicaragua,NIC,2015,88.802605
Nicaragua,NIC,2016,85.15501
Nicaragua,NIC,2017,96.0224
Nicaragua,NIC,2018,95.6871
Nicaragua,NIC,2019,91.396805
Nicaragua,NIC,2020,91.57661
Nicaragua,NIC,2021,94.938705
Nicaragua,NIC,2022,99.862404
Nicaragua,NIC,2023,95.3718
Niger,NER,1961,14.9306
Niger,NER,1962,16.9405
Niger,NER,1963,14.8596
Niger,NER,1964,23.1651
Niger,NER,1965,19.9152
Niger,NER,1966,17.9395
Niger,NER,1967,21.236301
Niger,NER,1968,18.976902
Niger,NER,1969,18.279402
Niger,NER,1970,26.570402
Niger,NER,1971,36.723503
Niger,NER,1972,35.677303
Niger,NER,1973,37.357304
Niger,NER,1974,53.714302
Niger,NER,1975,31.320902
Niger,NER,1976,42.760002
Niger,NER,1977,48.7037
Niger,NER,1978,46.042004
Niger,NER,1979,53.413803
Niger,NER,1980,33.2647
Niger,NER,1981,21.4737
Niger,NER,1982,32.255302
Niger,NER,1983,32.4681
Niger,NER,1984,29.838701
Niger,NER,1985,26.268303
Niger,NER,1986,26.333302
Niger,NER,1987,26.087002
Niger,NER,1988,26.190502
Niger,NER,1989,26.315802
Niger,NER,1990,26.2432
Niger,NER,1991,26.300001
Niger,NER,1992,26.324303
Niger,NER,1993,26.478302
Niger,NER,1994,25.818201
Niger,NER,1995,26.075
Niger,NER,1996,26.226402
Niger,NER,1997,26.7077
Niger,NER,1998,27.800001
Niger,NER,1999,27.4885
Niger,NER,2000,60.200703
Niger,NER,2001,58.905804
Niger,NER,2002,57.894703
Niger,NER,2003,57.894703
Niger,NER,2004,57.894703
Niger,NER,2005,57.894703
Niger,NER,2006,57.142902
Niger,NER,2007,57.142902
Niger,NER,2008,50.080605
Niger,NER,2009,48.492603
Niger,NER,2010,47.4519
Niger,NER,2011,45.738102
Niger,NER,2012,42.3465
Niger,NER,2013,42.3465
Niger,NER,2014,41.3649
Niger,NER,2015,51.734703
Niger,NER,2016,36.9897
Niger,NER,2017,39.0568
Niger,NER,2018,38.085304
Niger,NER,2019,39.5926
Niger,NER,2020,44.1939
Niger,NER,2021,54.179203
Niger,NER,2022,54.166702
Niger,NER,2023,42.9832
Niger,NER,2024,42.192604
Nigeria,NGA,1961,24.571402
Nigeria,NGA,1962,24.6667
Nigeria,NGA,1963,27.894701
Nigeria,NGA,1964,30.260902
Nigeria,NGA,1965,33.481503
Nigeria,NGA,1966,32.666702
Nigeria,NGA,1967,35.600002
Nigeria,NGA,1968,36.3333
Nigeria,NGA,1969,37.032303
Nigeria,NGA,1970,37.9375
Nigeria,NGA,1971,37.5294
Nigeria,NGA,1972,38.057102
Nigeria,NGA,1973,37.454502
Nigeria,NGA,1974,38.2857
Nigeria,NGA,1975,38.8889
Nigeria,NGA,1976,38.6842
Nigeria,NGA,1977,38.25
Nigeria,NGA,1978,38.5
Nigeria,NGA,1979,38.8095
Nigeria,NGA,1980,39.5455
Nigeria,NGA,1981,40.2609
Nigeria,NGA,1982,40
Nigeria,NGA,1983,40.500004
Nigeria,NGA,1984,40.0488
Nigeria,NGA,1985,40.2804
Nigeria,NGA,1986,40.044605
Nigeria,NGA,1987,39.9095
Nigeria,NGA,1988,40
Nigeria,NGA,1989,40
Nigeria,NGA,1990,41.0714
Nigeria,NGA,1991,40
Nigeria,NGA,1992,40
Nigeria,NGA,1993,38.0252
Nigeria,NGA,1994,33.760002
Nigeria,NGA,1995,30.565601
Nigeria,NGA,1996,29.212002
Nigeria,NGA,1997,30.821901
Nigeria,NGA,1998,29.347803
Nigeria,NGA,1999,28.4167
Nigeria,NGA,2000,28.958302
Nigeria,NGA,2001,30.6522
Nigeria,NGA,2002,18.75
Nigeria,NGA,2003,19
Nigeria,NGA,2004,19.8605
Nigeria,NGA,2005,20.7727
Nigeria,NGA,2006,21.000002
Nigeria,NGA,2007,23.904802
Nigeria,NGA,2008,19.642101
Nigeria,NGA,2009,19.1853
Nigeria,NGA,2010,22.088402
Nigeria,NGA,2011,20.176302
Nigeria,NGA,2012,19.102001
Nigeria,NGA,2013,18.3505
Nigeria,NGA,2014,17.264902
Nigeria,NGA,2015,17.0547
Nigeria,NGA,2016,17.218
Nigeria,NGA,2017,17.7246
Nigeria,NGA,2018,16.957302
Nigeria,NGA,2019,17.401901
Nigeria,NGA,2020,16.8317
Nigeria,NGA,2021,17.059502
Nigeria,NGA,2022,17.093601
Nigeria,NGA,2023,16.993801
Nigeria,NGA,2024,17.0489
North America,OWID_NAM,1961,53.58662
North America,OWID_NAM,1962,48.086746
North America,OWID_NAM,1963,49.984604
North America,OWID_NAM,1964,53.590675
North America,OWID_NAM,1965,58.891933
North America,OWID_NAM,1966,55.173172
North America,OWID_NAM,1967,59.514374
North America,OWID_NAM,1968,54.989643
North America,OWID_NAM,1969,57.089645
North America,OWID_NAM,1970,60.611416
North America,OWID_NAM,1971,53.41027
North America,OWID_NAM,1972,53.295555
North America,OWID_NAM,1973,54.76503
North America,OWID_NAM,1974,55.556614
North America,OWID_NAM,1975,56.817036
North America,OWID_NAM,1976,56.035957
North America,OWID_NAM,1977,60.584198
North America,OWID_NAM,1978,61.8674
North America,OWID_NAM,1979,61.662315
North America,OWID_NAM,1980,54.839306
North America,OWID_NAM,1981,58.781387
North America,OWID_NAM,1982,62.37725
North America,OWID_NAM,1983,63.199295
North America,OWID_NAM,1984,62.260086
North America,OWID_NAM,1985,58.595455
North America,OWID_NAM,1986,61.739597
North America,OWID_NAM,1987,60.82935
North America,OWID_NAM,1988,62.581665
North America,OWID_NAM,1989,63.1087
North America,OWID_NAM,1990,61.885376
North America,OWID_NAM,1991,60.48217
North America,OWID_NAM,1992,56.995506
North America,OWID_NAM,1993,54.22149
North America,OWID_NAM,1994,52.28108
North America,OWID_NAM,1995,52.297173
North America,OWID_NAM,1996,53.17072
North America,OWID_NAM,1997,54.88677
North America,OWID_NAM,1998,57.349354
North America,OWID_NAM,1999,58.621845
North America,OWID_NAM,2000,58.974003
North America,OWID_NAM,2001,59.597153
North America,OWID_NAM,2002,58.307373
North America,OWID_NAM,2003,64.74777
North America,OWID_NAM,2004,65.51279
North America,OWID_NAM,2005,62.495064
North America,OWID_NAM,2006,67.28625
North America,OWID_NAM,2007,69.67537
North America,OWID_NAM,2008,68.04034
North America,OWID_NAM,2009,67.162766
North America,OWID_NAM,2010,63.648876
North America,OWID_NAM,2011,60.4991
North America,OWID_NAM,2012,69.1753
North America,OWID_NAM,2013,72.19956
North America,OWID_NAM,2014,74.638855
North America,OWID_NAM,2015,73.56237
North America,OWID_NAM,2016,72.906715
North America,OWID_NAM,2017,70.210884
North America,OWID_NAM,2018,73.003
North America,OWID_NAM,2019,72.21016
North America,OWID_NAM,2020,70.337006
North America,OWID_NAM,2021,68.27439
North America,OWID_NAM,2022,73.06463
North America,OWID_NAM,2023,72.06484
North America,OWID_NAM,2024,69.62803
Northern Africa (FAO),,1961,86.520004
Northern Africa (FAO),,1962,91.62961
Northern Africa (FAO),,1963,88.640205
Northern Africa (FAO),,1964,80.678406
Northern Africa (FAO),,1965,79.6038
Northern Africa (FAO),,1966,84.9579
Northern Africa (FAO),,1967,84.3961
Northern Africa (FAO),,1968,88.2158
Northern Africa (FAO),,1969,91.5338
Northern Africa (FAO),,1970,86.32101
Northern Africa (FAO),,1971,87.8833
Northern Africa (FAO),,1972,87.63971
Northern Africa (FAO),,1973,86.29021
Northern Africa (FAO),,1974,78.603004
Northern Africa (FAO),,1975,82.07171
Northern Africa (FAO),,1976,83.677704
Northern Africa (FAO),,1977,80.2935
Northern Africa (FAO),,1978,76.052704
Northern Africa (FAO),,1979,75.92711
Northern Africa (FAO),,1980,77.530205
Northern Africa (FAO),,1981,79.1992
Northern Africa (FAO),,1982,75.20871
Northern Africa (FAO),,1983,76.6423
Northern Africa (FAO),,1984,81.514404
Northern Africa (FAO),,1985,80.9399
Northern Africa (FAO),,1986,79.68921
Northern Africa (FAO),,1987,67.584404
Northern Africa (FAO),,1988,79.928
Northern Africa (FAO),,1989,81.6139
Northern Africa (FAO),,1990,85.553
Northern Africa (FAO),,1991,88.32371
Northern Africa (FAO),,1992,88.5425
Northern Africa (FAO),,1993,88.968506
Northern Africa (FAO),,1994,93.672104
Northern Africa (FAO),,1995,95.021904
Northern Africa (FAO),,1996,97.6134
Northern Africa (FAO),,1997,99.8849
Northern Africa (FAO),,1998,101.7414
Northern Africa (FAO),,1999,98.44971
Northern Africa (FAO),,2000,102.9345
Northern Africa (FAO),,2001,104.27121
Northern Africa (FAO),,2002,107.7348
Northern Africa (FAO),,2003,109.92901
Northern Africa (FAO),,2004,112.2004
Northern Africa (FAO),,2005,111.38811
Northern Africa (FAO),,2006,111.2515
Northern Africa (FAO),,2007,113.422905
Northern Africa (FAO),,2008,113.680405
Northern Africa (FAO),,2009,110.541504
Northern Africa (FAO),,2010,108.7973
Northern Africa (FAO),,2011,107.233406
Northern Africa (FAO),,2012,106.689
Northern Africa (FAO),,2013,103.789505
Northern Africa (FAO),,2014,101.9208
Northern Africa (FAO),,2015,102.6653
Northern Africa (FAO),,2016,100.2506
Northern Africa (FAO),,2017,97.521805
Northern Africa (FAO),,2018,102.790405
Northern Africa (FAO),,2019,96.51971
Northern Africa (FAO),,2020,72.91771
Northern Africa (FAO),,2021,98.25011
Northern Africa (FAO),,2022,97.16801
Northern Africa (FAO),,2023,93.7948
Northern Africa (FAO),,2024,92.6184
Northern America (FAO),,1961,99.3693
Northern America (FAO),,1962,94.187004
Northern America (FAO),,1963,93.646706
Northern America (FAO),,1964,82.1565
Northern America (FAO),,1965,85.97401
Northern America (FAO),,1966,87.90121
Northern America (FAO),,1967,95.1946
Northern America (FAO),,1968,91.863304
Northern America (FAO),,1969,94.6535
Northern America (FAO),,1970,92.1258
Northern America (FAO),,1971,83.6089
Northern America (FAO),,1972,90.499504
Northern America (FAO),,1973,78.133804
Northern America (FAO),,1974,76.770004
Northern America (FAO),,1975,82.0923
Northern America (FAO),,1976,84.38721
Northern America (FAO),,1977,79.19961
Northern America (FAO),,1978,78.3598
Northern America (FAO),,1979,81.17261
Northern America (FAO),,1980,82.4968
Northern America (FAO),,1981,81.335106
Northern America (FAO),,1982,89.9775
Northern America (FAO),,1983,82.2323
Northern America (FAO),,1984,82.0128
Northern America (FAO),,1985,82.1383
Northern America (FAO),,1986,85.344505
Northern America (FAO),,1987,79.526
Northern America (FAO),,1988,79.2985
Northern America (FAO),,1989,77.42171
Northern America (FAO),,1990,79.41511
Northern America (FAO),,1991,75.6033
Northern America (FAO),,1992,73.571106
Northern America (FAO),,1993,73.51221
Northern America (FAO),,1994,74.01211
Northern America (FAO),,1995,74.0472
Northern America (FAO),,1996,74.2974
Northern America (FAO),,1997,77.8738
Northern America (FAO),,1998,82.151
Northern America (FAO),,1999,79.6624
Northern America (FAO),,2000,86.4468
Northern America (FAO),,2001,83.1538
Northern America (FAO),,2002,85.86021
Northern America (FAO),,2003,84.31321
Northern America (FAO),,2004,76.4143
Northern America (FAO),,2005,71.313705
Northern America (FAO),,2006,81.3785
Northern America (FAO),,2007,77.9588
Northern America (FAO),,2008,71.2869
Northern America (FAO),,2009,78.0623
Northern America (FAO),,2010,69.8951
Northern America (FAO),,2011,75.07621
Northern America (FAO),,2012,80.0565
Northern America (FAO),,2013,75.7099
Northern America (FAO),,2014,78.5279
Northern America (FAO),,2015,81.1535
Northern America (FAO),,2016,79.724205
Northern America (FAO),,2017,82.4123
Northern America (FAO),,2018,86.06421
Northern America (FAO),,2019,78.398
Northern America (FAO),,2020,85.400505
Northern America (FAO),,2021,78.712006
Northern America (FAO),,2022,83.5538
Northern America (FAO),,2023,79.309204
Northern America (FAO),,2024,84.205605
Oceania,OWID_OCE,1961,56.732613
Oceania,OWID_OCE,1962,74.6778
Oceania,OWID_OCE,1963,71.75831
Oceania,OWID_OCE,1964,76.139435
Oceania,OWID_OCE,1965,67.30763
Oceania,OWID_OCE,1966,71.34797
Oceania,OWID_OCE,1967,71.60956
Oceania,OWID_OCE,1968,78.045006
Oceania,OWID_OCE,1969,69.86704
Oceania,OWID_OCE,1970,76.9629
Oceania,OWID_OCE,1971,78.008224
Oceania,OWID_OCE,1972,74.13507
Oceania,OWID_OCE,1973,80.25765
Oceania,OWID_OCE,1974,75.6902
Oceania,OWID_OCE,1975,79.9067
Oceania,OWID_OCE,1976,76.43517
Oceania,OWID_OCE,1977,75.35019
Oceania,OWID_OCE,1978,79.49062
Oceania,OWID_OCE,1979,76.56509
Oceania,OWID_OCE,1980,77.13244
Oceania,OWID_OCE,1981,75.74932
Oceania,OWID_OCE,1982,74.437
Oceania,OWID_OCE,1983,72.06886
Oceania,OWID_OCE,1984,77.839066
Oceania,OWID_OCE,1985,73.150955
Oceania,OWID_OCE,1986,75.81578
Oceania,OWID_OCE,1987,73.42082
Oceania,OWID_OCE,1988,79.33148
Oceania,OWID_OCE,1989,82.076164
Oceania,OWID_OCE,1990,70.49687
Oceania,OWID_OCE,1991,59.94435
Oceania,OWID_OCE,1992,60.108696
Oceania,OWID_OCE,1993,78.458885
Oceania,OWID_OCE,1994,85.269264
Oceania,OWID_OCE,1995,88.27607
Oceania,OWID_OCE,1996,89.43211
Oceania,OWID_OCE,1997,90.88583
Oceania,OWID_OCE,1998,90.15735
Oceania,OWID_OCE,1999,90.093056
Oceania,OWID_OCE,2000,86.18649
Oceania,OWID_OCE,2001,66.43429
Oceania,OWID_OCE,2002,70.24913
Oceania,OWID_OCE,2003,77.76245
Oceania,OWID_OCE,2004,78.13349
Oceania,OWID_OCE,2005,82.203804
Oceania,OWID_OCE,2006,87.53897
Oceania,OWID_OCE,2007,83.26809
Oceania,OWID_OCE,2008,80.15771
Oceania,OWID_OCE,2009,75.4823
Oceania,OWID_OCE,2010,75.09533
Oceania,OWID_OCE,2011,75.94813
Oceania,OWID_OCE,2012,71.25229
Oceania,OWID_OCE,2013,77.22177
Oceania,OWID_OCE,2014,77.18963
Oceania,OWID_OCE,2015,80.7181
Oceania,OWID_OCE,2016,72.64327
Oceania,OWID_OCE,2017,76.619736
Oceania,OWID_OCE,2018,72.28926
Oceania,OWID_OCE,2019,77.57595
Oceania,OWID_OCE,2020,77.577324
Oceania,OWID_OCE,2021,80.406425
Oceania,OWID_OCE,2022,78.93501
Oceania,OWID_OCE,2023,92.38345
Oceania,OWID_OCE,2024,81.20316
Oceania (FAO),,1961,56.732605
Oceania (FAO),,1962,74.6778
Oceania (FAO),,1963,71.7583
Oceania (FAO),,1964,76.139404
Oceania (FAO),,1965,67.3076
Oceania (FAO),,1966,71.34801
Oceania (FAO),,1967,71.609604
Oceania (FAO),,1968,78.045006
Oceania (FAO),,1969,69.867004
Oceania (FAO),,1970,76.962906
Oceania (FAO),,1971,78.00821
Oceania (FAO),,1972,74.1351
Oceania (FAO),,1973,80.257706
Oceania (FAO),,1974,75.69021
Oceania (FAO),,1975,79.90671
Oceania (FAO),,1976,76.4352
Oceania (FAO),,1977,75.350204
Oceania (FAO),,1978,79.49061
Oceania (FAO),,1979,76.5651
Oceania (FAO),,1980,77.1324
Oceania (FAO),,1981,75.7493
Oceania (FAO),,1982,74.437004
Oceania (FAO),,1983,72.0689
Oceania (FAO),,1984,77.8391
Oceania (FAO),,1985,73.151
Oceania (FAO),,1986,75.8158
Oceania (FAO),,1987,73.4208
Oceania (FAO),,1988,79.331505
Oceania (FAO),,1989,82.07621
Oceania (FAO),,1990,70.4969
Oceania (FAO),,1991,59.9444
Oceania (FAO),,1992,60.108704
Oceania (FAO),,1993,78.4589
Oceania (FAO),,1994,85.2693
Oceania (FAO),,1995,88.27611
Oceania (FAO),,1996,89.432106
Oceania (FAO),,1997,90.8858
Oceania (FAO),,1998,90.1574
Oceania (FAO),,1999,90.09311
Oceania (FAO),,2000,86.1865
Oceania (FAO),,2001,66.4343
Oceania (FAO),,2002,70.24911
Oceania (FAO),,2003,77.762405
Oceania (FAO),,2004,78.13351
Oceania (FAO),,2005,82.203804
Oceania (FAO),,2006,87.539
Oceania (FAO),,2007,83.268105
Oceania (FAO),,2008,80.15771
Oceania (FAO),,2009,75.4823
Oceania (FAO),,2010,75.0953
Oceania (FAO),,2011,75.948105
Oceania (FAO),,2012,71.2523
Oceania (FAO),,2013,77.2218
Oceania (FAO),,2014,77.189606
Oceania (FAO),,2015,80.71821
Oceania (FAO),,2016,72.6433
Oceania (FAO),,2017,76.619705
Oceania (FAO),,2018,72.2893
Oceania (FAO),,2019,77.575905
Oceania (FAO),,2020,77.5773
Oceania (FAO),,2021,80.4063
Oceania (FAO),,2022,78.935104
Oceania (FAO),,2023,92.38351
Oceania (FAO),,2024,81.2031
Oman,OMN,2003,18.375
Oman,OMN,2004,24.084501
Oman,OMN,2005,26.192501
Oman,OMN,2006,21.715502
Oman,OMN,2007,23.800001
Oman,OMN,2008,22.6
Oman,OMN,2009,23.000002
Oman,OMN,2010,22.6
Oman,OMN,2011,23.000002
Oman,OMN,2012,24.000002
Oman,OMN,2013,25.000002
Oman,OMN,2014,10.312501
Oman,OMN,2015,10.312501
Oman,OMN,2016,10.312501
Oman,OMN,2017,10.312501
Oman,OMN,2018,10.312501
Oman,OMN,2019,10.312501
Oman,OMN,2020,10.7143
Oman,OMN,2021,8.8188
Oman,OMN,2022,7.6792006
Oman,OMN,2023,6.6928
Oman,OMN,2024,5.7797003
Pakistan,PAK,1961,29.992302
Pakistan,PAK,1962,32.313103
Pakistan,PAK,1963,34.7232
Pakistan,PAK,1964,33.799
Pakistan,PAK,1965,37.1113
Pakistan,PAK,1966,37.3504
Pakistan,PAK,1967,33.844803
Pakistan,PAK,1968,37.036503
Pakistan,PAK,1969,40.6344
Pakistan,PAK,1970,42.5315
Pakistan,PAK,1971,36.4261
Pakistan,PAK,1972,36.1394
Pakistan,PAK,1973,37.396103
Pakistan,PAK,1974,37.0418
Pakistan,PAK,1975,31.571701
Pakistan,PAK,1976,36.504105
Pakistan,PAK,1977,37.4739
Pakistan,PAK,1978,36.567303
Pakistan,PAK,1979,36.313004
Pakistan,PAK,1980,38.271004
Pakistan,PAK,1981,39.237804
Pakistan,PAK,1982,38.639202
Pakistan,PAK,1983,35.6844
Pakistan,PAK,1984,38.2457
Pakistan,PAK,1985,35.5684
Pakistan,PAK,1986,35.7224
Pakistan,PAK,1987,57.228302
Pakistan,PAK,1988,39.2452
Pakistan,PAK,1989,42.1664
Pakistan,PAK,1990,41.547
Pakistan,PAK,1991,40.7204
Pakistan,PAK,1992,43.3712
Pakistan,PAK,1993,43.023804
Pakistan,PAK,1994,46.1435
Pakistan,PAK,1995,46.7477
Pakistan,PAK,1996,46.962605
Pakistan,PAK,1997,43.5442
Pakistan,PAK,1998,50.278503
Pakistan,PAK,1999,47.7804
Pakistan,PAK,2000,45.8829
Pakistan,PAK,2001,45.3854
Pakistan,PAK,2002,48.056004
Pakistan,PAK,2003,47.340702
Pakistan,PAK,2004,50.0884
Pakistan,PAK,2005,48.8867
Pakistan,PAK,2006,49.229004
Pakistan,PAK,2007,53.2092
Pakistan,PAK,2008,51.4944
Pakistan,PAK,2009,48.616104
Pakistan,PAK,2010,52.3684
Pakistan,PAK,2011,55.997303
Pakistan,PAK,2012,55.216503
Pakistan,PAK,2013,57.542503
Pakistan,PAK,2014,55.0872
Pakistan,PAK,2015,57.8734
Pakistan,PAK,2016,61.997303
Pakistan,PAK,2017,62.106106
Pakistan,PAK,2018,60.9594
Pakistan,PAK,2019,63.840702
Pakistan,PAK,2020,69.5341
Pakistan,PAK,2021,70.3414
Pakistan,PAK,2022,66.711205
Pakistan,PAK,2023,74.2516
Pakistan,PAK,2024,70.60261
Panama,PAN,1961,51.8674
Panama,PAN,1962,40.3757
Panama,PAN,1963,44.366604
Panama,PAN,1964,58.426003
Panama,PAN,1965,43.250202
Panama,PAN,1966,45.8229
Panama,PAN,1967,62.5049
Panama,PAN,1968,64.9992
Panama,PAN,1969,71.52521
Panama,PAN,1970,66.93201
Panama,PAN,1971,67.669205
Panama,PAN,1972,52.933804
Panama,PAN,1973,54.665504
Panama,PAN,1974,55.6287
Panama,PAN,1975,57.206604
Panama,PAN,1976,64.8208
Panama,PAN,1977,64.605
Panama,PAN,1978,67.0463
Panama,PAN,1979,59.408203
Panama,PAN,1980,49.868004
Panama,PAN,1981,38.3678
Panama,PAN,1982,51.359604
Panama,PAN,1983,55.600803
Panama,PAN,1984,56.056305
Panama,PAN,1985,52.494003
Panama,PAN,1986,47.249302
Panama,PAN,1987,48.900803
Panama,PAN,1988,50.7229
Panama,PAN,1989,48.0684
Panama,PAN,1990,48.6619
Panama,PAN,1991,41.946304
Panama,PAN,1992,54.999504
Panama,PAN,1993,54.966003
Panama,PAN,1994,53.073105
Panama,PAN,1995,46.6054
Panama,PAN,1996,48.584003
Panama,PAN,1997,51.040104
Panama,PAN,1998,55.575104
Panama,PAN,1999,53.189606
Panama,PAN,2000,53.500103
Panama,PAN,2001,57.546803
Panama,PAN,2002,49.3507
Panama,PAN,2003,54.475403
Panama,PAN,2004,53.320305
Panama,PAN,2005,53.208202
Panama,PAN,2006,53.172604
Panama,PAN,2007,53.003403
Panama,PAN,2008,54.447002
Panama,PAN,2009,55.771603
Panama,PAN,2010,59.135303
Panama,PAN,2011,68.410904
Panama,PAN,2012,67.77511
Panama,PAN,2013,62.691605
Panama,PAN,2014,64.8134
Panama,PAN,2015,62.311802
Panama,PAN,2016,63.684204
Panama,PAN,2017,63.2815
Panama,PAN,2018,68.6304
Panama,PAN,2019,64.532005
Panama,PAN,2020,67.3434
Panama,PAN,2021,60.645702
Panama,PAN,2022,56.250004
Panama,PAN,2023,58.236305
Panama,PAN,2024,60.6557
Papua New Guinea,PNG,1961,40
Papua New Guinea,PNG,1962,40
Papua New Guinea,PNG,1963,39.5
Papua New Guinea,PNG,1964,39.5
Papua New Guinea,PNG,1965,40
Papua New Guinea,PNG,1966,40
Papua New Guinea,PNG,1967,39.5122
Papua New Guinea,PNG,1968,40
Papua New Guinea,PNG,1969,39.523804
Papua New Guinea,PNG,1970,39.5349
Papua New Guinea,PNG,1971,39.5455
Papua New Guinea,PNG,1972,39.555603
Papua New Guinea,PNG,1973,40
Papua New Guinea,PNG,1974,39.5652
Papua New Guinea,PNG,1975,39.5745
Papua New Guinea,PNG,1976,39.5833
Papua New Guinea,PNG,1977,40
Papua New Guinea,PNG,1978,40
Papua New Guinea,PNG,1979,40
Papua New Guinea,PNG,1980,40
Papua New Guinea,PNG,1981,40
Papua New Guinea,PNG,1982,62.439003
Papua New Guinea,PNG,1983,70.80421
Papua New Guinea,PNG,1984,70.4348
Papua New Guinea,PNG,1985,64.6341
Papua New Guinea,PNG,1986,59.683804
Papua New Guinea,PNG,1987,65.7143
Papua New Guinea,PNG,1988,58.200005
Papua New Guinea,PNG,1989,60.227303
Papua New Guinea,PNG,1990,59.523804
Papua New Guinea,PNG,1991,62.000004
Papua New Guinea,PNG,1992,58.333305
Papua New Guinea,PNG,1993,56.666702
Papua New Guinea,PNG,1994,50.000004
Papua New Guinea,PNG,1995,50.000004
Papua New Guinea,PNG,1996,52.500004
Papua New Guinea,PNG,1997,56.428604
Papua New Guinea,PNG,1998,50.000004
Papua New Guinea,PNG,1999,53.750004
Papua New Guinea,PNG,2000,54.714302
Papua New Guinea,PNG,2001,64.285706
Papua New Guinea,PNG,2002,53.125004
Papua New Guinea,PNG,2003,52.3529
Papua New Guinea,PNG,2004,52.000004
Papua New Guinea,PNG,2005,52.5714
Papua New Guinea,PNG,2006,37.647102
Papua New Guinea,PNG,2007,37.647102
Papua New Guinea,PNG,2008,38.8235
Papua New Guinea,PNG,2009,38.8235
Papua New Guinea,PNG,2010,38.614002
Papua New Guinea,PNG,2011,36.850304
Papua New Guinea,PNG,2012,35.008003
Papua New Guinea,PNG,2013,35.1687
Papua New Guinea,PNG,2014,33.6022
Papua New Guinea,PNG,2015,32.3954
Papua New Guinea,PNG,2016,30.968302
Papua New Guinea,PNG,2017,30.251501
Papua New Guinea,PNG,2018,29.472301
Papua New Guinea,PNG,2019,28.5711
Papua New Guinea,PNG,2020,27.610601
Papua New Guinea,PNG,2021,27.4195
Papua New Guinea,PNG,2022,26.564001
Papua New Guinea,PNG,2023,25.8097
Papua New Guinea,PNG,2024,25.0554
Paraguay,PRY,1961,29.000002
Paraguay,PRY,1962,30.000002
Paraguay,PRY,1963,30.434803
Paraguay,PRY,1964,36.108604
Paraguay,PRY,1965,37
Paraguay,PRY,1966,38
Paraguay,PRY,1967,38
Paraguay,PRY,1968,34.0777
Paraguay,PRY,1969,34.9489
Paraguay,PRY,1970,34.9383
Paraguay,PRY,1971,35.4509
Paraguay,PRY,1972,33.802605
Paraguay,PRY,1973,39.314304
Paraguay,PRY,1974,41.9164
Paraguay,PRY,1975,34.264
Paraguay,PRY,1976,34.6906
Paraguay,PRY,1977,37.4129
Paraguay,PRY,1978,36.131104
Paraguay,PRY,1979,36.940304
Paraguay,PRY,1980,37.5109
Paraguay,PRY,1981,44.624603
Paraguay,PRY,1982,46.481003
Paraguay,PRY,1983,46.4614
Paraguay,PRY,1984,46.8242
Paraguay,PRY,1985,49.393
Paraguay,PRY,1986,46.666702
Paraguay,PRY,1987,40.1808
Paraguay,PRY,1988,50.981503
Paraguay,PRY,1989,50.376003
Paraguay,PRY,1990,40.8222
Paraguay,PRY,1991,50.395203
Paraguay,PRY,1992,49.8785
Paraguay,PRY,1993,50.258503
Paraguay,PRY,1994,50.314003
Paraguay,PRY,1995,46.000004
Paraguay,PRY,1996,48.000004
Paraguay,PRY,1997,48.343903
Paraguay,PRY,1998,48.2759
Paraguay,PRY,1999,46.9532
Paraguay,PRY,2000,37.761105
Paraguay,PRY,2001,40.2179
Paraguay,PRY,2002,56.800503
Paraguay,PRY,2003,52.372902
Paraguay,PRY,2004,52.000202
Paraguay,PRY,2005,40.810802
Paraguay,PRY,2006,42.666702
Paraguay,PRY,2007,50.000004
Paraguay,PRY,2008,62.075203
Paraguay,PRY,2009,48.000004
Paraguay,PRY,2010,51.309402
Paraguay,PRY,2011,51.3095
Paraguay,PRY,2012,36.4
Paraguay,PRY,2013,47.800003
Paraguay,PRY,2014,54.000004
Paraguay,PRY,2015,55.845303
Paraguay,PRY,2016,55.9
Paraguay,PRY,2017,56.000004
Paraguay,PRY,2018,56.000004
Paraguay,PRY,2019,56.500004
Paraguay,PRY,2020,70.77121
Paraguay,PRY,2021,68.7724
Paraguay,PRY,2022,55.892002
Paraguay,PRY,2023,62.010803
Paraguay,PRY,2024,62.405003
Peru,PER,1961,154.49171
Peru,PER,1962,153.20871
Peru,PER,1963,149.79771
Peru,PER,1964,150.1808
Peru,PER,1965,155.5361
Peru,PER,1966,141.16371
Peru,PER,1967,143.17741
Peru,PER,1968,126.704
Peru,PER,1969,127.867805
Peru,PER,1970,141.57822
Peru,PER,1971,155.73071
Peru,PER,1972,156.92322
Peru,PER,1973,153.38611
Peru,PER,1974,151.12961
Peru,PER,1975,146.20331
Peru,PER,1976,146.04521
Peru,PER,1977,143.26051
Peru,PER,1978,133.8236
Peru,PER,1979,118.2788
Peru,PER,1980,101.288506
Peru,PER,1981,111.516106
Peru,PER,1982,118.5048
Peru,PER,1983,115.292404
Peru,PER,1984,110.01411
Peru,PER,1985,114.857506
Peru,PER,1986,104.1649
Peru,PER,1987,106.421906
Peru,PER,1988,107.200005
Peru,PER,1989,111.2245
Peru,PER,1990,108.94311
Peru,PER,1991,108.333305
Peru,PER,1992,105.76921
Peru,PER,1993,104.9781
Peru,PER,1994,119.561005
Peru,PER,1995,117.4438
Peru,PER,1996,123.2003
Peru,PER,1997,118.03221
Peru,PER,1998,121.132904
Peru,PER,1999,114.89621
Peru,PER,2000,118.0743
Peru,PER,2001,129.12971
Peru,PER,2002,130.3425
Peru,PER,2003,120.4833
Peru,PER,2004,105.8118
Peru,PER,2005,110.5481
Peru,PER,2006,110.1229
Peru,PER,2007,121.094604
Peru,PER,2008,135.9231
Peru,PER,2009,120.9009
Peru,PER,2010,119.2394
Peru,PER,2011,117.840805
Peru,PER,2012,108.5595
Peru,PER,2013,112.90671
Peru,PER,2014,106.73471
Peru,PER,2015,120.744606
Peru,PER,2016,97.49171
Peru,PER,2017,105.678406
Peru,PER,2018,100.99771
Peru,PER,2019,109.6119
Peru,PER,2020,106.2079
Peru,PER,2021,101.5123
Peru,PER,2022,101.69571
Peru,PER,2023,102.28461
Peru,PER,2024,101.629005
Philippines,PHL,1961,75.1938
Philippines,PHL,1962,76.011
Philippines,PHL,1963,79.646
Philippines,PHL,1964,81.458405
Philippines,PHL,1965,60.345802
Philippines,PHL,1966,60.9459
Philippines,PHL,1967,68.9365
Philippines,PHL,1968,68.679504
Philippines,PHL,1969,64.0891
Philippines,PHL,1970,71.407104
Philippines,PHL,1971,62.587704
Philippines,PHL,1972,56.233303
Philippines,PHL,1973,61.440002
Philippines,PHL,1974,71.0763
Philippines,PHL,1975,66.9105
Philippines,PHL,1976,67.6109
Philippines,PHL,1977,60.752003
Philippines,PHL,1978,58.591305
Philippines,PHL,1979,70.6738
Philippines,PHL,1980,72.770905
Philippines,PHL,1981,79.01011
Philippines,PHL,1982,85.9633
Philippines,PHL,1983,69.762505
Philippines,PHL,1984,83.760506
Philippines,PHL,1985,61.978504
Philippines,PHL,1986,69.942505
Philippines,PHL,1987,63.917305
Philippines,PHL,1988,89.50101
Philippines,PHL,1989,96.520905
Philippines,PHL,1990,80.03071
Philippines,PHL,1991,80.386
Philippines,PHL,1992,78.6793
Philippines,PHL,1993,59.673203
Philippines,PHL,1994,61.486603
Philippines,PHL,1995,58.854702
Philippines,PHL,1996,58.493103
Philippines,PHL,1997,59.366302
Philippines,PHL,1998,56.428703
Philippines,PHL,1999,58.846504
Philippines,PHL,2000,55.2947
Philippines,PHL,2001,58.090504
Philippines,PHL,2002,59.514503
Philippines,PHL,2003,62.4599
Philippines,PHL,2004,65.819405
Philippines,PHL,2005,62.1169
Philippines,PHL,2006,62.0605
Philippines,PHL,2007,58.0623
Philippines,PHL,2008,66.8392
Philippines,PHL,2009,56.759605
Philippines,PHL,2010,50.522305
Philippines,PHL,2011,64.5364
Philippines,PHL,2012,60.917805
Philippines,PHL,2013,56.249203
Philippines,PHL,2014,57.936104
Philippines,PHL,2015,54.416805
Philippines,PHL,2016,54.548504
Philippines,PHL,2017,66.9459
Philippines,PHL,2018,56.526802
Philippines,PHL,2019,54.6318
Philippines,PHL,2020,61.137
Philippines,PHL,2021,62.531105
Philippines,PHL,2022,58.435402
Philippines,PHL,2023,52.929703
Philippines,PHL,2024,46.1694
Polynesia (FAO),,1961,72.5
Polynesia (FAO),,1962,72.5
Polynesia (FAO),,1963,72.5
Polynesia (FAO),,1964,72.8333
Polynesia (FAO),,1965,72.8333
Polynesia (FAO),,1966,72.8889
Polynesia (FAO),,1967,72
Polynesia (FAO),,1968,72.04761
Polynesia (FAO),,1969,72.04761
Polynesia (FAO),,1970,71.41671
Polynesia (FAO),,1971,71.41671
Polynesia (FAO),,1972,71.4583
Polynesia (FAO),,1973,73.6538
Polynesia (FAO),,1974,74.62961
Polynesia (FAO),,1975,75.535706
Polynesia (FAO),,1976,76.3793
Polynesia (FAO),,1977,77.16671
Polynesia (FAO),,1978,77.903206
Polynesia (FAO),,1979,78.5938
Polynesia (FAO),,1980,79.2424
Polynesia (FAO),,1981,79.852905
Polynesia (FAO),,1982,79
Polynesia (FAO),,1983,71.8571
Polynesia (FAO),,1984,71.8571
Polynesia (FAO),,1985,72.6389
Polynesia (FAO),,1986,70.675705
Polynesia (FAO),,1987,68.8158
Polynesia (FAO),,1988,69.6154
Polynesia (FAO),,1989,69.6154
Polynesia (FAO),,1990,67.850006
Polynesia (FAO),,1991,70.325005
Polynesia (FAO),,1992,68.5854
Polynesia (FAO),,1993,68.6098
Polynesia (FAO),,1994,68.5854
Polynesia (FAO),,1995,68.5854
Polynesia (FAO),,1996,68.5854
Polynesia (FAO),,1997,68.5854
Polynesia (FAO),,1998,73.4634
Polynesia (FAO),,1999,73.4634
Polynesia (FAO),,2000,74.69771
Polynesia (FAO),,2001,73.4634
Polynesia (FAO),,2002,73.4634
Polynesia (FAO),,2003,72.37211
Polynesia (FAO),,2004,73.4634
Polynesia (FAO),,2005,73.4634
Polynesia (FAO),,2006,73.4634
Polynesia (FAO),,2007,73.4634
Polynesia (FAO),,2008,73.4634
Polynesia (FAO),,2009,73.4634
Polynesia (FAO),,2010,73.4634
Polynesia (FAO),,2011,73.4634
Polynesia (FAO),,2012,81.6744
Polynesia (FAO),,2013,85.6585
Polynesia (FAO),,2014,85.6559
Polynesia (FAO),,2015,85.0603
Polynesia (FAO),,2016,84.5353
Polynesia (FAO),,2017,84.1109
Polynesia (FAO),,2018,83.97021
Polynesia (FAO),,2019,84.0959
Polynesia (FAO),,2020,84.339005
Polynesia (FAO),,2021,85.5518
Polynesia (FAO),,2022,85.9523
Polynesia (FAO),,2023,86.3548
Polynesia (FAO),,2024,86.7571
Portugal,PRT,1961,38.461502
Portugal,PRT,1962,38.461502
Portugal,PRT,1963,37.5
Portugal,PRT,1964,37.5
Portugal,PRT,1965,37.5
Portugal,PRT,1966,38.7302
Portugal,PRT,1967,41.3419
Portugal,PRT,1968,35.8814
Portugal,PRT,1969,38.002304
Portugal,PRT,1970,40.4938
Portugal,PRT,1971,35.679104
Portugal,PRT,1972,36.824
Portugal,PRT,1973,23.664303
Portugal,PRT,1974,32.803104
Portugal,PRT,1975,23.515501
Portugal,PRT,1976,22.0217
Portugal,PRT,1977,27.434902
Portugal,PRT,1978,21.9736
Portugal,PRT,1979,18.9062
Portugal,PRT,1980,16.8938
Portugal,PRT,1981,27.0925
Portugal,PRT,1982,24.900002
Portugal,PRT,1983,22.435001
Portugal,PRT,1984,21.9667
Portugal,PRT,1985,22.8367
Portugal,PRT,1986,22.115402
Portugal,PRT,1987,46.041702
Portugal,PRT,1988,46.222202
Portugal,PRT,1989,79.755104
Portugal,PRT,1990,72.920006
Portugal,PRT,1991,79.78001
Portugal,PRT,1992,80
Portugal,PRT,1993,80
Portugal,PRT,1994,80
Portugal,PRT,1995,80
Portugal,PRT,1996,80
Portugal,PRT,1997,80
Portugal,PRT,1998,80
Portugal,PRT,1999,80
Portugal,PRT,2000,80
Portugal,PRT,2001,80
Portugal,PRT,2002,80
Portugal,PRT,2003,80
Portugal,PRT,2004,80
Portugal,PRT,2005,80
Portugal,PRT,2006,83.3333
Portugal,PRT,2007,85.00001
Portugal,PRT,2008,85.00001
Portugal,PRT,2009,85.8333
Portugal,PRT,2010,85.00001
Portugal,PRT,2011,86.66671
Portugal,PRT,2012,88.3333
Portugal,PRT,2013,86.2903
Portugal,PRT,2014,86.2664
Portugal,PRT,2015,87.7603
Portugal,PRT,2016,88.356
Portugal,PRT,2017,88.822205
Puerto Rico,PRI,1961,73.5178
Puerto Rico,PRI,1962,70.243004
Puerto Rico,PRI,1963,74.9017
Puerto Rico,PRI,1964,72.53171
Puerto Rico,PRI,1965,68.638405
Puerto Rico,PRI,1966,77.7759
Puerto Rico,PRI,1967,69.4443
Puerto Rico,PRI,1968,62.2769
Puerto Rico,PRI,1969,73.3833
Puerto Rico,PRI,1970,70.408104
Puerto Rico,PRI,1971,65.25461
Puerto Rico,PRI,1972,63.200005
Puerto Rico,PRI,1973,58.975105
Puerto Rico,PRI,1974,61.599503
Puerto Rico,PRI,1975,62.012005
Puerto Rico,PRI,1976,65.731
Puerto Rico,PRI,1977,61.974503
Puerto Rico,PRI,1978,68.05121
Puerto Rico,PRI,1979,59.143402
Puerto Rico,PRI,1980,63.780605
Puerto Rico,PRI,1981,61.2195
Puerto Rico,PRI,1982,66.1445
Puerto Rico,PRI,1983,57.970703
Puerto Rico,PRI,1984,48.338104
Puerto Rico,PRI,1985,51.235104
Puerto Rico,PRI,1986,49.346203
Puerto Rico,PRI,1987,54.074703
Puerto Rico,PRI,1988,58.715805
Puerto Rico,PRI,1989,52.0112
Puerto Rico,PRI,1990,42.670902
Puerto Rico,PRI,1991,49.7587
Puerto Rico,PRI,1992,51.663605
Puerto Rico,PRI,1993,53.979103
Puerto Rico,PRI,1994,46.0329
Puerto Rico,PRI,1995,38.878002
Puerto Rico,PRI,1996,35.4933
Puerto Rico,PRI,1997,30.0771
Puerto Rico,PRI,1998,36.5649
Puerto Rico,PRI,1999,15.5556
Puerto Rico,PRI,2000,16
Puerto Rico,PRI,2001,28.333302
Puerto Rico,PRI,2002,20
Reunion,REU,1961,66.9548
Reunion,REU,1962,47.295002
Reunion,REU,1963,53.345802
Reunion,REU,1964,49.152203
Reunion,REU,1965,62.333305
Reunion,REU,1966,55.618504
Reunion,REU,1967,61.956505
Reunion,REU,1968,64.9327
Reunion,REU,1969,64.131004
Reunion,REU,1970,50.4382
Reunion,REU,1971,39.110603
Reunion,REU,1972,52.6477
Reunion,REU,1973,66.8694
Reunion,REU,1974,64.3722
Reunion,REU,1975,62.936203
Reunion,REU,1976,65.440506
Reunion,REU,1977,75.0403
Reunion,REU,1978,69.968605
Reunion,REU,1979,65.0249
Reunion,REU,1980,57.813503
Reunion,REU,1981,62.6337
Reunion,REU,1982,66.2181
Reunion,REU,1983,54.0623
Reunion,REU,1984,57.712605
Reunion,REU,1985,54.8494
Reunion,REU,1986,56.342503
Reunion,REU,1987,59.062702
Reunion,REU,1988,60.224304
Reunion,REU,1989,50.180004
Reunion,REU,1990,52.039303
Reunion,REU,1991,60.529003
Reunion,REU,1992,61.074203
Reunion,REU,1993,67.845505
Reunion,REU,1994,66.3003
Reunion,REU,1995,73.8433
Reunion,REU,1996,73.9059
Reunion,REU,1997,74.5938
Reunion,REU,1998,65.722
Reunion,REU,1999,73.5568
Reunion,REU,2000,75.79071
Reunion,REU,2001,75.2086
Reunion,REU,2002,70.0993
Reunion,REU,2003,72.463005
Reunion,REU,2004,74.57071
Reunion,REU,2005,69.915
Reunion,REU,2006,73.615005
Rwanda,RWA,1968,31.250002
Rwanda,RWA,1969,29.102402
Rwanda,RWA,1970,17.6844
Rwanda,RWA,1971,19.369501
Rwanda,RWA,1972,21.2259
Rwanda,RWA,1973,28.192802
Rwanda,RWA,1974,20.7822
Rwanda,RWA,1975,29.066902
Rwanda,RWA,1976,29.660002
Rwanda,RWA,1977,42.965702
Rwanda,RWA,1978,42.553303
Rwanda,RWA,1979,44.9217
Rwanda,RWA,1980,40.728302
Rwanda,RWA,1981,44.061703
Rwanda,RWA,1982,35.128605
Rwanda,RWA,1983,46.4
Rwanda,RWA,1984,40.65
Rwanda,RWA,1985,51.2429
Rwanda,RWA,1986,42.5763
Rwanda,RWA,1987,52.185604
Rwanda,RWA,1988,51.617
Rwanda,RWA,1989,43.014202
Rwanda,RWA,1990,35.841003
Rwanda,RWA,1991,29.230803
Rwanda,RWA,1992,26.250002
Rwanda,RWA,1993,35.714302
Rwanda,RWA,1994,20
Rwanda,RWA,1995,20
Rwanda,RWA,1996,20
Rwanda,RWA,1997,20
Rwanda,RWA,1998,20
Rwanda,RWA,1999,20
Rwanda,RWA,2000,20
Rwanda,RWA,2001,20
Rwanda,RWA,2002,20.4545
Rwanda,RWA,2003,20
Rwanda,RWA,2004,27.272701
Rwanda,RWA,2005,17.254402
Rwanda,RWA,2006,16.1142
Rwanda,RWA,2007,26.9472
Rwanda,RWA,2008,17.5
Rwanda,RWA,2009,27.961903
Rwanda,RWA,2010,18.990902
Rwanda,RWA,2011,18.537401
Rwanda,RWA,2012,17.9746
Rwanda,RWA,2013,17.483902
Rwanda,RWA,2014,16.3866
Rwanda,RWA,2015,15.532101
Rwanda,RWA,2016,8.5063
Rwanda,RWA,2017,12.543701
Rwanda,RWA,2018,11.572801
Rwanda,RWA,2019,13.595501
Rwanda,RWA,2020,14.8817005
Rwanda,RWA,2021,14.716901
Rwanda,RWA,2022,14.837201
Rwanda,RWA,2023,15.523901
Rwanda,RWA,2024,21.467802
Saint Kitts and Nevis,KNA,1961,84.222206
Saint Kitts and Nevis,KNA,1962,81.42171
Saint Kitts and Nevis,KNA,1963,71.25721
Saint Kitts and Nevis,KNA,1964,75.147705
Saint Kitts and Nevis,KNA,1965,75.25171
Saint Kitts and Nevis,KNA,1966,69.57461
Saint Kitts and Nevis,KNA,1967,67.064
Saint Kitts and Nevis,KNA,1968,66.18021
Saint Kitts and Nevis,KNA,1969,57.711105
Saint Kitts and Nevis,KNA,1970,84.3433
Saint Kitts and Nevis,KNA,1971,69.9448
Saint Kitts and Nevis,KNA,1972,58.366203
Saint Kitts and Nevis,KNA,1973,61.549202
Saint Kitts and Nevis,KNA,1974,60.702606
Saint Kitts and Nevis,KNA,1975,62.345505
Saint Kitts and Nevis,KNA,1976,83.1343
Saint Kitts and Nevis,KNA,1977,78.083405
Saint Kitts and Nevis,KNA,1978,81.8079
Saint Kitts and Nevis,KNA,1979,79.5855
Saint Kitts and Nevis,KNA,1980,73.779106
Saint Kitts and Nevis,KNA,1981,81.87771
Saint Kitts and Nevis,KNA,1982,77.6889
Saint Kitts and Nevis,KNA,1983,67.3659
Saint Kitts and Nevis,KNA,1984,69.3756
Saint Kitts and Nevis,KNA,1985,59.795002
Saint Kitts and Nevis,KNA,1986,59.175003
Saint Kitts and Nevis,KNA,1987,58.7864
Saint Kitts and Nevis,KNA,1988,60.184402
Saint Kitts and Nevis,KNA,1989,55.3289
Saint Kitts and Nevis,KNA,1990,47.222202
Saint Kitts and Nevis,KNA,1991,46.729004
Saint Kitts and Nevis,KNA,1992,67.961205
Saint Kitts and Nevis,KNA,1993,62.2857
Saint Kitts and Nevis,KNA,1994,52.8224
Saint Kitts and Nevis,KNA,1995,55.055603
Saint Kitts and Nevis,KNA,1996,61.116
Saint Kitts and Nevis,KNA,1997,80.703804
Saint Kitts and Nevis,KNA,1998,65.172806
Saint Kitts and Nevis,KNA,1999,52.842106
Saint Kitts and Nevis,KNA,2000,55.635803
Saint Kitts and Nevis,KNA,2001,55.639503
Saint Kitts and Nevis,KNA,2002,55.142902
Saint Kitts and Nevis,KNA,2003,55.142902
Saint Kitts and Nevis,KNA,2004,57.777805
Saint Kitts and Nevis,KNA,2005,55.555603
Saint Lucia,LCA,1961,71.566505
Saint Lucia,LCA,1962,73.3114
Saint Lucia,LCA,1963,81.48151
Saint Lucia,LCA,1964,80
Saint Lucia,LCA,1965,80
Saint Vincent and the Grenadines,VCT,1961,91.72
Saint Vincent and the Grenadines,VCT,1962,74.2366
Saint Vincent and the Grenadines,VCT,1979,50.000004
Saint Vincent and the Grenadines,VCT,1980,56.250004
Saint Vincent and the Grenadines,VCT,1981,50.000004
Saint Vincent and the Grenadines,VCT,1982,50.058304
Saint Vincent and the Grenadines,VCT,1983,33.61
Saint Vincent and the Grenadines,VCT,1984,25.007101
Saint Vincent and the Grenadines,VCT,1985,25.000002
Saint Vincent and the Grenadines,VCT,1986,25.000002
Saint Vincent and the Grenadines,VCT,1987,25.000002
Saint Vincent and the Grenadines,VCT,1988,25.000002
Saint Vincent and the Grenadines,VCT,1989,25.000002
Saint Vincent and the Grenadines,VCT,1990,24.000002
Samoa,WSM,1961,10
Samoa,WSM,1962,10
Samoa,WSM,1963,10
Samoa,WSM,1964,11.000001
Samoa,WSM,1965,11.000001
Samoa,WSM,1966,12.000001
Samoa,WSM,1967,12.000001
Samoa,WSM,1968,13.000001
Samoa,WSM,1969,13.000001
Samoa,WSM,1970,14.000001
Samoa,WSM,1971,14.000001
Samoa,WSM,1972,15.000001
Samoa,WSM,1973,15.000001
Samoa,WSM,1974,15.000001
Samoa,WSM,1975,15.000001
Samoa,WSM,1976,15.000001
Samoa,WSM,1977,15.000001
Samoa,WSM,1978,15.000001
Samoa,WSM,1979,15.000001
Samoa,WSM,1980,15.000001
Samoa,WSM,1981,15.000001
Samoa,WSM,1982,15.000001
Samoa,WSM,1983,15.000001
Samoa,WSM,1984,15.000001
Samoa,WSM,1985,15.000001
Samoa,WSM,1986,15.000001
Samoa,WSM,1987,15.000001
Samoa,WSM,1988,15.000001
Samoa,WSM,1989,15.000001
Samoa,WSM,1990,14.000001
Samoa,WSM,1991,13.000001
Samoa,WSM,1992,12.000001
Samoa,WSM,1993,13.000001
Samoa,WSM,1994,12.000001
Samoa,WSM,1995,12.000001
Samoa,WSM,1996,12.000001
Samoa,WSM,1997,12.000001
Samoa,WSM,1998,12.000001
Samoa,WSM,1999,12.000001
Samoa,WSM,2000,12.000001
Samoa,WSM,2001,12.000001
Samoa,WSM,2002,12.000001
Samoa,WSM,2003,12.000001
Samoa,WSM,2004,12.000001
Samoa,WSM,2005,12.000001
Samoa,WSM,2006,12.000001
Samoa,WSM,2007,12.000001
Samoa,WSM,2008,12.000001
Samoa,WSM,2009,12.000001
Samoa,WSM,2010,12.000001
Samoa,WSM,2011,12.000001
Samoa,WSM,2012,12.000001
Samoa,WSM,2013,12.000001
Samoa,WSM,2014,11.934701
Samoa,WSM,2015,11.941201
Samoa,WSM,2016,11.9156
Samoa,WSM,2017,11.9068
Samoa,WSM,2018,11.899701
Samoa,WSM,2019,11.888801
Samoa,WSM,2020,11.882001
Samoa,WSM,2021,11.890501
Samoa,WSM,2022,11.902801
Samoa,WSM,2023,11.898401
Samoa,WSM,2024,11.893001
Senegal,SEN,1972,1
Senegal,SEN,1973,12.500001
Senegal,SEN,1974,24.761902
Senegal,SEN,1975,58.8039
Senegal,SEN,1976,54.615402
Senegal,SEN,1977,74.1463
Senegal,SEN,1978,55.555603
Senegal,SEN,1979,84.4455
Senegal,SEN,1980,103.14001
Senegal,SEN,1981,109.090904
Senegal,SEN,1982,109.090904
Senegal,SEN,1983,110.00001
Senegal,SEN,1984,111.4474
Senegal,SEN,1985,97.14291
Senegal,SEN,1986,105.7143
Senegal,SEN,1987,108.5714
Senegal,SEN,1988,110.00001
Senegal,SEN,1989,114.76311
Senegal,SEN,1990,110.35221
Senegal,SEN,1991,120.09621
Senegal,SEN,1992,109.56021
Senegal,SEN,1993,108.9744
Senegal,SEN,1994,109.70511
Senegal,SEN,1995,109.00001
Senegal,SEN,1996,109.2593
Senegal,SEN,1997,109.382706
Senegal,SEN,1998,109.50621
Senegal,SEN,1999,109.753105
Senegal,SEN,2000,107.5949
Senegal,SEN,2001,115.1623
Senegal,SEN,2002,113.1731
Senegal,SEN,2003,111.881905
Senegal,SEN,2004,116.8429
Senegal,SEN,2005,116.760605
Senegal,SEN,2006,116.01401
Senegal,SEN,2007,116.11111
Senegal,SEN,2008,116.11111
Senegal,SEN,2009,116.11111
Senegal,SEN,2010,113.79751
Senegal,SEN,2011,114.814804
Senegal,SEN,2012,114.5783
Senegal,SEN,2013,113.373505
Senegal,SEN,2014,114.023
Senegal,SEN,2015,113.9604
Senegal,SEN,2016,113.67921
Senegal,SEN,2017,113.86551
Senegal,SEN,2018,113.8843
Senegal,SEN,2019,114.87601
Senegal,SEN,2020,114.72001
Senegal,SEN,2021,114.304405
Senegal,SEN,2022,114.04861
Senegal,SEN,2023,114.034805
Senegal,SEN,2024,114.020905
Sierra Leone,SLE,1981,50.000004
Sierra Leone,SLE,1982,80
Sierra Leone,SLE,1983,80
Sierra Leone,SLE,1984,70
Sierra Leone,SLE,1985,70
Sierra Leone,SLE,1986,70
Sierra Leone,SLE,1987,70
Sierra Leone,SLE,1988,70
Sierra Leone,SLE,1989,70
Sierra Leone,SLE,1990,70
Sierra Leone,SLE,1991,70
Sierra Leone,SLE,1992,70
Sierra Leone,SLE,1993,70
Sierra Leone,SLE,1994,70
Sierra Leone,SLE,1995,70
Sierra Leone,SLE,1996,69.8795
Sierra Leone,SLE,1997,69.69701
Sierra Leone,SLE,1998,69.69701
Sierra Leone,SLE,1999,70.4348
Sierra Leone,SLE,2000,70.4348
Sierra Leone,SLE,2001,69
Sierra Leone,SLE,2002,69
Sierra Leone,SLE,2003,69
Sierra Leone,SLE,2004,70
Sierra Leone,SLE,2005,70
Sierra Leone,SLE,2006,70
Sierra Leone,SLE,2007,70
Sierra Leone,SLE,2008,70
Sierra Leone,SLE,2009,70
Sierra Leone,SLE,2010,69.090904
Sierra Leone,SLE,2011,70
Sierra Leone,SLE,2012,70
Sierra Leone,SLE,2013,70
Sierra Leone,SLE,2014,69.830505
Sierra Leone,SLE,2015,69.78651
Sierra Leone,SLE,2016,69.75721
Sierra Leone,SLE,2017,69.746
Sierra Leone,SLE,2018,69.743706
Sierra Leone,SLE,2019,69.7408
Sierra Leone,SLE,2020,69.7384
Sierra Leone,SLE,2021,69.732
Sierra Leone,SLE,2022,69.7239
Sierra Leone,SLE,2023,69.71651
Sierra Leone,SLE,2024,69.70911
Singapore,SGP,1966,15.277801
Singapore,SGP,1967,15.000001
Singapore,SGP,1968,15.166701
Singapore,SGP,1969,16.6667
Singapore,SGP,1970,16.6667
Singapore,SGP,1971,16.6667
Singapore,SGP,1972,18.7
Singapore,SGP,1973,18.571402
Singapore,SGP,1974,18.727303
Singapore,SGP,1975,18.2
Singapore,SGP,1976,18
Singapore,SGP,1977,18.230803
Singapore,SGP,1978,18.0952
Singapore,SGP,1979,18
Singapore,SGP,1980,18.7
Singapore,SGP,1981,18.4706
Singapore,SGP,1982,18.481
Singapore,SGP,1983,18.4615
Singapore,SGP,1984,18.4211
Singapore,SGP,1985,18.5
Singapore,SGP,1986,20.555601
Singapore,SGP,1987,20
Singapore,SGP,1988,22.6667
Singapore,SGP,1989,23.500002
Singapore,SGP,1990,25.000002
Small Island Developing States (FAO),,1961,50.596104
Small Island Developing States (FAO),,1962,42.9257
Small Island Developing States (FAO),,1963,44.493103
Small Island Developing States (FAO),,1964,48.074303
Small Island Developing States (FAO),,1965,55.014503
Small Island Developing States (FAO),,1966,48.2047
Small Island Developing States (FAO),,1967,53.983902
Small Island Developing States (FAO),,1968,48.9588
Small Island Developing States (FAO),,1969,52.3818
Small Island Developing States (FAO),,1970,57.8067
Small Island Developing States (FAO),,1971,47.1539
Small Island Developing States (FAO),,1972,45.191803
Small Island Developing States (FAO),,1973,49.038002
Small Island Developing States (FAO),,1974,49.287106
Small Island Developing States (FAO),,1975,48.141003
Small Island Developing States (FAO),,1976,49.525703
Small Island Developing States (FAO),,1977,55.3964
Small Island Developing States (FAO),,1978,58.123
Small Island Developing States (FAO),,1979,58.998203
Small Island Developing States (FAO),,1980,48.184002
Small Island Developing States (FAO),,1981,54.4947
Small Island Developing States (FAO),,1982,56.3459
Small Island Developing States (FAO),,1983,57.232502
Small Island Developing States (FAO),,1984,56.709305
Small Island Developing States (FAO),,1985,50.4732
Small Island Developing States (FAO),,1986,52.575203
Small Island Developing States (FAO),,1987,52.322002
Small Island Developing States (FAO),,1988,55.880203
Small Island Developing States (FAO),,1989,56.925003
Small Island Developing States (FAO),,1990,54.8699
Small Island Developing States (FAO),,1991,52.941902
Small Island Developing States (FAO),,1992,46.386604
Small Island Developing States (FAO),,1993,39.9222
Small Island Developing States (FAO),,1994,38.640602
Small Island Developing States (FAO),,1995,33.9737
Small Island Developing States (FAO),,1996,37.636402
Small Island Developing States (FAO),,1997,36.9095
Small Island Developing States (FAO),,1998,36.092804
Small Island Developing States (FAO),,1999,39.881203
Small Island Developing States (FAO),,2000,40.2399
Small Island Developing States (FAO),,2001,38.712902
Small Island Developing States (FAO),,2002,39.439304
Small Island Developing States (FAO),,2003,43.4409
Small Island Developing States (FAO),,2004,45.423702
Small Island Developing States (FAO),,2005,36.791702
Small Island Developing States (FAO),,2006,43.2568
Small Island Developing States (FAO),,2007,46.672802
Small Island Developing States (FAO),,2008,47.580605
Small Island Developing States (FAO),,2009,43.2984
Small Island Developing States (FAO),,2010,39.472603
Small Island Developing States (FAO),,2011,35.787003
Small Island Developing States (FAO),,2012,45.776604
Small Island Developing States (FAO),,2013,45.0169
Small Island Developing States (FAO),,2014,48.835606
Small Island Developing States (FAO),,2015,47.635105
Small Island Developing States (FAO),,2016,44.645
Small Island Developing States (FAO),,2017,44.782604
Small Island Developing States (FAO),,2018,45.4985
Small Island Developing States (FAO),,2019,45.718803
Small Island Developing States (FAO),,2020,40.559803
Small Island Developing States (FAO),,2021,38.234802
Small Island Developing States (FAO),,2022,42.2573
Small Island Developing States (FAO),,2023,45.1907
Small Island Developing States (FAO),,2024,40.0185
Somalia,SOM,1961,99.48211
Somalia,SOM,1962,92.69211
Somalia,SOM,1963,72.7001
Somalia,SOM,1964,63.889305
Somalia,SOM,1965,90.077
Somalia,SOM,1966,131.8691
Somalia,SOM,1967,102.793106
Somalia,SOM,1968,116.2983
Somalia,SOM,1969,107.778404
Somalia,SOM,1970,129.42531
Somalia,SOM,1971,145.5975
Somalia,SOM,1972,134.0461
Somalia,SOM,1973,144.3651
Somalia,SOM,1974,110.1928
Somalia,SOM,1975,106.944405
Somalia,SOM,1976,81.29271
Somalia,SOM,1977,88.8889
Somalia,SOM,1978,89.00001
Somalia,SOM,1979,88.3333
Somalia,SOM,1980,63.560604
Somalia,SOM,1981,46.122
Somalia,SOM,1982,56.847103
Somalia,SOM,1983,48.3548
Somalia,SOM,1984,34.928604
Somalia,SOM,1985,45.255104
Somalia,SOM,1986,49.019604
Somalia,SOM,1987,49.367104
Somalia,SOM,1988,50.000004
Somalia,SOM,1989,50.000004
Somalia,SOM,1990,40
Somalia,SOM,1991,41.428604
Somalia,SOM,1992,40
Somalia,SOM,1993,30.000002
Somalia,SOM,1994,33.3333
Somalia,SOM,1995,33.3333
Somalia,SOM,1996,35
Somalia,SOM,1997,30.000002
Somalia,SOM,1998,31.6667
Somalia,SOM,1999,35
Somalia,SOM,2000,35.483902
Somalia,SOM,2001,32.258102
Somalia,SOM,2002,33.871002
Somalia,SOM,2003,34.848503
Somalia,SOM,2004,32.258102
Somalia,SOM,2005,27.272701
Somalia,SOM,2006,34.482803
Somalia,SOM,2007,33.3333
Somalia,SOM,2008,33.3333
Somalia,SOM,2009,37.0968
Somalia,SOM,2010,37.0968
Somalia,SOM,2011,37.0968
Somalia,SOM,2012,36.065605
Somalia,SOM,2013,36.065605
Somalia,SOM,2014,35.375103
Somalia,SOM,2015,35.5078
Somalia,SOM,2016,35.5102
Somalia,SOM,2017,35.1787
Somalia,SOM,2018,35.3194
Somalia,SOM,2019,35.402203
Somalia,SOM,2020,35.266804
Somalia,SOM,2021,35.221104
Somalia,SOM,2022,35.257
Somalia,SOM,2023,35.302002
Somalia,SOM,2024,35.3469
South Africa,ZAF,1961,88.67711
South Africa,ZAF,1962,101.57291
South Africa,ZAF,1963,82.1181
South Africa,ZAF,1964,80.244804
South Africa,ZAF,1965,55.233604
South Africa,ZAF,1966,81.093704
South Africa,ZAF,1967,84.5145
South Africa,ZAF,1968,75.33411
South Africa,ZAF,1969,80.052505
South Africa,ZAF,1970,73.4019
South Africa,ZAF,1971,91.41771
South Africa,ZAF,1972,93.15
South Africa,ZAF,1973,85.5288
South Africa,ZAF,1974,90.1806
South Africa,ZAF,1975,90.119705
South Africa,ZAF,1976,95.435005
South Africa,ZAF,1977,87.56971
South Africa,ZAF,1978,89.24361
South Africa,ZAF,1979,84.41961
South Africa,ZAF,1980,66.135605
South Africa,ZAF,1981,75.83471
South Africa,ZAF,1982,72.6259
South Africa,ZAF,1983,57.850502
South Africa,ZAF,1984,81.8859
South Africa,ZAF,1985,70.5713
South Africa,ZAF,1986,66.1959
South Africa,ZAF,1987,76.648
South Africa,ZAF,1988,71.670006
South Africa,ZAF,1989,71.90471
South Africa,ZAF,1990,68.3203
South Africa,ZAF,1991,72.7423
South Africa,ZAF,1992,48.286804
South Africa,ZAF,1993,41.696003
South Africa,ZAF,1994,55.176804
South Africa,ZAF,1995,61.197105
South Africa,ZAF,1996,69.91671
South Africa,ZAF,1997,74.701904
South Africa,ZAF,1998,72.4824
South Africa,ZAF,1999,67.7418
South Africa,ZAF,2000,73.95251
South Africa,ZAF,2001,64.95631
South Africa,ZAF,2002,71.638
South Africa,ZAF,2003,62.643204
South Africa,ZAF,2004,60.424503
South Africa,ZAF,2005,66.0244
South Africa,ZAF,2006,66.356705
South Africa,ZAF,2007,64.1679
South Africa,ZAF,2008,67.0033
South Africa,ZAF,2009,67.0725
South Africa,ZAF,2010,59.080902
South Africa,ZAF,2011,66.4557
South Africa,ZAF,2012,67.205
South Africa,ZAF,2013,75.32921
South Africa,ZAF,2014,65.055305
South Africa,ZAF,2015,57.493103
South Africa,ZAF,2016,60.317703
South Africa,ZAF,2017,68.4811
South Africa,ZAF,2018,69.721405
South Africa,ZAF,2019,69.732
South Africa,ZAF,2020,73.0993
South Africa,ZAF,2021,71.9166
South Africa,ZAF,2022,69.31421
South Africa,ZAF,2023,67.844604
South Africa,ZAF,2024,69.1013
South America,OWID_SAM,1961,48.820618
South America,OWID_SAM,1962,48.966072
South America,OWID_SAM,1963,48.053043
South America,OWID_SAM,1964,49.364067
South America,OWID_SAM,1965,49.607464
South America,OWID_SAM,1966,52.423923
South America,OWID_SAM,1967,51.647747
South America,OWID_SAM,1968,51.755688
South America,OWID_SAM,1969,51.41248
South America,OWID_SAM,1970,51.762295
South America,OWID_SAM,1971,51.988205
South America,OWID_SAM,1972,52.663677
South America,OWID_SAM,1973,53.077442
South America,OWID_SAM,1974,52.816944
South America,OWID_SAM,1975,54.34135
South America,OWID_SAM,1976,54.92795
South America,OWID_SAM,1977,56.39706
South America,OWID_SAM,1978,57.001583
South America,OWID_SAM,1979,57.570652
South America,OWID_SAM,1980,60.292698
South America,OWID_SAM,1981,57.410713
South America,OWID_SAM,1982,61.87688
South America,OWID_SAM,1983,63.180237
South America,OWID_SAM,1984,61.58446
South America,OWID_SAM,1985,63.36984
South America,OWID_SAM,1986,60.92444
South America,OWID_SAM,1987,62.413002
South America,OWID_SAM,1988,63.14291
South America,OWID_SAM,1989,63.799034
South America,OWID_SAM,1990,63.313454
South America,OWID_SAM,1991,63.937237
South America,OWID_SAM,1992,65.302025
South America,OWID_SAM,1993,64.00636
South America,OWID_SAM,1994,67.39935
South America,OWID_SAM,1995,66.91079
South America,OWID_SAM,1996,67.86613
South America,OWID_SAM,1997,70.026596
South America,OWID_SAM,1998,69.60873
South America,OWID_SAM,1999,69.00486
South America,OWID_SAM,2000,68.71064
South America,OWID_SAM,2001,69.94622
South America,OWID_SAM,2002,72.81913
South America,OWID_SAM,2003,75.0613
South America,OWID_SAM,2004,74.96305
South America,OWID_SAM,2005,74.281
South America,OWID_SAM,2006,75.939445
South America,OWID_SAM,2007,77.63528
South America,OWID_SAM,2008,78.90634
South America,OWID_SAM,2009,80.08066
South America,OWID_SAM,2010,78.66269
South America,OWID_SAM,2011,76.3512
South America,OWID_SAM,2012,73.47371
South America,OWID_SAM,2013,74.89028
South America,OWID_SAM,2014,70.961945
South America,OWID_SAM,2015,73.59285
South America,OWID_SAM,2016,74.2917
South America,OWID_SAM,2017,72.56908
South America,OWID_SAM,2018,73.26857
South America,OWID_SAM,2019,71.91952
South America,OWID_SAM,2020,74.708565
South America,OWID_SAM,2021,71.25509
South America,OWID_SAM,2022,72.1017
South America,OWID_SAM,2023,76.16336
South America,OWID_SAM,2024,73.97269
South America (FAO),,1961,48.820602
South America (FAO),,1962,48.966103
South America (FAO),,1963,48.053
South America (FAO),,1964,49.364105
South America (FAO),,1965,49.607502
South America (FAO),,1966,52.4239
South America (FAO),,1967,51.6477
South America (FAO),,1968,51.755703
South America (FAO),,1969,51.412502
South America (FAO),,1970,51.762302
South America (FAO),,1971,51.9882
South America (FAO),,1972,52.6637
South America (FAO),,1973,53.0774
South America (FAO),,1974,52.816902
South America (FAO),,1975,54.3414
South America (FAO),,1976,54.928
South America (FAO),,1977,56.397102
South America (FAO),,1978,57.001606
South America (FAO),,1979,57.5707
South America (FAO),,1980,60.2927
South America (FAO),,1981,57.4107
South America (FAO),,1982,61.8769
South America (FAO),,1983,63.180202
South America (FAO),,1984,61.584503
South America (FAO),,1985,63.369804
South America (FAO),,1986,60.9244
South America (FAO),,1987,62.413002
South America (FAO),,1988,63.142902
South America (FAO),,1989,63.799004
South America (FAO),,1990,63.313503
South America (FAO),,1991,63.937202
South America (FAO),,1992,65.302
South America (FAO),,1993,64.0064
South America (FAO),,1994,67.3994
South America (FAO),,1995,66.9108
South America (FAO),,1996,67.866104
South America (FAO),,1997,70.0266
South America (FAO),,1998,69.6087
South America (FAO),,1999,69.0049
South America (FAO),,2000,68.7106
South America (FAO),,2001,69.946205
South America (FAO),,2002,72.81911
South America (FAO),,2003,75.0613
South America (FAO),,2004,74.963104
South America (FAO),,2005,74.281006
South America (FAO),,2006,75.9394
South America (FAO),,2007,77.6353
South America (FAO),,2008,78.9063
South America (FAO),,2009,80.0807
South America (FAO),,2010,78.662704
South America (FAO),,2011,76.351204
South America (FAO),,2012,73.47371
South America (FAO),,2013,74.8903
South America (FAO),,2014,70.9619
South America (FAO),,2015,73.592804
South America (FAO),,2016,74.29171
South America (FAO),,2017,72.56911
South America (FAO),,2018,73.26861
South America (FAO),,2019,71.9195
South America (FAO),,2020,74.7086
South America (FAO),,2021,71.255104
South America (FAO),,2022,72.10171
South America (FAO),,2023,76.1634
South America (FAO),,2024,73.97271
South-eastern Asia (FAO),,1961,72.6585
South-eastern Asia (FAO),,1962,72.2184
South-eastern Asia (FAO),,1963,71.6761
South-eastern Asia (FAO),,1964,74.48961
South-eastern Asia (FAO),,1965,64.0597
South-eastern Asia (FAO),,1966,62.645103
South-eastern Asia (FAO),,1967,69.9017
South-eastern Asia (FAO),,1968,66.214005
South-eastern Asia (FAO),,1969,66.024605
South-eastern Asia (FAO),,1970,69.58121
South-eastern Asia (FAO),,1971,66.01511
South-eastern Asia (FAO),,1972,59.586403
South-eastern Asia (FAO),,1973,62.263004
South-eastern Asia (FAO),,1974,68.7135
South-eastern Asia (FAO),,1975,63.857105
South-eastern Asia (FAO),,1976,64.6389
South-eastern Asia (FAO),,1977,60.801502
South-eastern Asia (FAO),,1978,53.937805
South-eastern Asia (FAO),,1979,60.230003
South-eastern Asia (FAO),,1980,55.6892
South-eastern Asia (FAO),,1981,65.7369
South-eastern Asia (FAO),,1982,64.8415
South-eastern Asia (FAO),,1983,59.680603
South-eastern Asia (FAO),,1984,64.801506
South-eastern Asia (FAO),,1985,57.5774
South-eastern Asia (FAO),,1986,58.330803
South-eastern Asia (FAO),,1987,59.024105
South-eastern Asia (FAO),,1988,62.759502
South-eastern Asia (FAO),,1989,66.5455
South-eastern Asia (FAO),,1990,61.550304
South-eastern Asia (FAO),,1991,61.137104
South-eastern Asia (FAO),,1992,61.341503
South-eastern Asia (FAO),,1993,52.590202
South-eastern Asia (FAO),,1994,57.246605
South-eastern Asia (FAO),,1995,57.766605
South-eastern Asia (FAO),,1996,59.130703
South-eastern Asia (FAO),,1997,58.894203
South-eastern Asia (FAO),,1998,52.4902
South-eastern Asia (FAO),,1999,55.3333
South-eastern Asia (FAO),,2000,56.927605
South-eastern Asia (FAO),,2001,56.346302
South-eastern Asia (FAO),,2002,59.347603
South-eastern Asia (FAO),,2003,62.802902
South-eastern Asia (FAO),,2004,61.133503
South-eastern Asia (FAO),,2005,55.7135
South-eastern Asia (FAO),,2006,57.285202
South-eastern Asia (FAO),,2007,60.491302
South-eastern Asia (FAO),,2008,64.7669
South-eastern Asia (FAO),,2009,62.812504
South-eastern Asia (FAO),,2010,62.080902
South-eastern Asia (FAO),,2011,67.6545
South-eastern Asia (FAO),,2012,68.89361
South-eastern Asia (FAO),,2013,67.1649
South-eastern Asia (FAO),,2014,67.3672
South-eastern Asia (FAO),,2015,63.0344
South-eastern Asia (FAO),,2016,62.883606
South-eastern Asia (FAO),,2017,65.8799
South-eastern Asia (FAO),,2018,70.3391
South-eastern Asia (FAO),,2019,68.07461
South-eastern Asia (FAO),,2020,52.299603
South-eastern Asia (FAO),,2021,56.884502
South-eastern Asia (FAO),,2022,62.8777
South-eastern Asia (FAO),,2023,58.1674
South-eastern Asia (FAO),,2024,56.3399
Southern Africa (FAO),,1961,89.996506
Southern Africa (FAO),,1962,101.41511
Southern Africa (FAO),,1963,79.63901
Southern Africa (FAO),,1964,80.09971
Southern Africa (FAO),,1965,56.623802
Southern Africa (FAO),,1966,83.34021
Southern Africa (FAO),,1967,86.26601
Southern Africa (FAO),,1968,77.132
Southern Africa (FAO),,1969,81.673004
Southern Africa (FAO),,1970,77.1774
Southern Africa (FAO),,1971,92.4999
Southern Africa (FAO),,1972,94.78321
Southern Africa (FAO),,1973,86.8944
Southern Africa (FAO),,1974,91.5725
Southern Africa (FAO),,1975,92.0798
Southern Africa (FAO),,1976,96.2609
Southern Africa (FAO),,1977,88.7468
Southern Africa (FAO),,1978,90.966805
Southern Africa (FAO),,1979,85.8587
Southern Africa (FAO),,1980,70.64001
Southern Africa (FAO),,1981,78.99911
Southern Africa (FAO),,1982,75.74921
Southern Africa (FAO),,1983,63.767105
Southern Africa (FAO),,1984,84.61851
Southern Africa (FAO),,1985,73.625404
Southern Africa (FAO),,1986,71.826904
Southern Africa (FAO),,1987,80.342
Southern Africa (FAO),,1988,75.24261
Southern Africa (FAO),,1989,75.946205
Southern Africa (FAO),,1990,72.7955
Southern Africa (FAO),,1991,76.0064
Southern Africa (FAO),,1992,54.622
Southern Africa (FAO),,1993,48.0877
Southern Africa (FAO),,1994,60.0469
Southern Africa (FAO),,1995,64.806305
Southern Africa (FAO),,1996,73.220406
Southern Africa (FAO),,1997,77.09121
Southern Africa (FAO),,1998,75.57271
Southern Africa (FAO),,1999,72.308304
Southern Africa (FAO),,2000,77.25101
Southern Africa (FAO),,2001,68.60171
Southern Africa (FAO),,2002,75.0884
Southern Africa (FAO),,2003,66.8485
Southern Africa (FAO),,2004,65.29661
Southern Africa (FAO),,2005,70.99271
Southern Africa (FAO),,2006,70.6509
Southern Africa (FAO),,2007,68.7515
Southern Africa (FAO),,2008,71.4698
Southern Africa (FAO),,2009,71.653206
Southern Africa (FAO),,2010,65.19881
Southern Africa (FAO),,2011,71.87971
Southern Africa (FAO),,2012,72.454
Southern Africa (FAO),,2013,79.0565
Southern Africa (FAO),,2014,70.497604
Southern Africa (FAO),,2015,64.610405
Southern Africa (FAO),,2016,67.1676
Southern Africa (FAO),,2017,73.770706
Southern Africa (FAO),,2018,74.4941
Southern Africa (FAO),,2019,74.41971
Southern Africa (FAO),,2020,77.9114
Southern Africa (FAO),,2021,75.87471
Southern Africa (FAO),,2022,74.2581
Southern Africa (FAO),,2023,71.386604
Southern Africa (FAO),,2024,73.693
Southern Asia (FAO),,1961,43.0157
Southern Asia (FAO),,1962,40.625603
Southern Asia (FAO),,1963,39.611103
Southern Asia (FAO),,1964,43.7724
Southern Asia (FAO),,1965,45.178104
Southern Asia (FAO),,1966,42.8772
Southern Asia (FAO),,1967,39.491802
Southern Asia (FAO),,1968,44.798103
Southern Asia (FAO),,1969,47.542103
Southern Asia (FAO),,1970,47.7447
Southern Asia (FAO),,1971,46.0185
Southern Asia (FAO),,1972,45.197105
Southern Asia (FAO),,1973,48.2574
Southern Asia (FAO),,1974,48.287304
Southern Asia (FAO),,1975,46.3352
Southern Asia (FAO),,1976,47.8272
Southern Asia (FAO),,1977,49.687103
Southern Asia (FAO),,1978,51.6598
Southern Asia (FAO),,1979,46.4767
Southern Asia (FAO),,1980,46.733803
Southern Asia (FAO),,1981,52.9439
Southern Asia (FAO),,1982,53.407303
Southern Asia (FAO),,1983,51.601902
Southern Asia (FAO),,1984,51.587105
Southern Asia (FAO),,1985,52.105103
Southern Asia (FAO),,1986,54.1178
Southern Asia (FAO),,1987,58.683502
Southern Asia (FAO),,1988,54.9347
Southern Asia (FAO),,1989,56.056503
Southern Asia (FAO),,1990,59.6449
Southern Asia (FAO),,1991,59.479103
Southern Asia (FAO),,1992,60.677105
Southern Asia (FAO),,1993,58.711502
Southern Asia (FAO),,1994,61.477505
Southern Asia (FAO),,1995,64.980804
Southern Asia (FAO),,1996,62.837803
Southern Asia (FAO),,1997,61.378605
Southern Asia (FAO),,1998,65.560104
Southern Asia (FAO),,1999,68.8766
Southern Asia (FAO),,2000,65.0754
Southern Asia (FAO),,2001,63.425003
Southern Asia (FAO),,2002,62.979504
Southern Asia (FAO),,2003,59.9317
Southern Asia (FAO),,2004,57.072002
Southern Asia (FAO),,2005,60.833603
Southern Asia (FAO),,2006,62.820004
Southern Asia (FAO),,2007,65.6378
Southern Asia (FAO),,2008,64.509605
Southern Asia (FAO),,2009,60.752106
Southern Asia (FAO),,2010,66.0644
Southern Asia (FAO),,2011,66.45871
Southern Asia (FAO),,2012,68.003006
Southern Asia (FAO),,2013,65.6081
Southern Asia (FAO),,2014,67.0298
Southern Asia (FAO),,2015,68.441505
Southern Asia (FAO),,2016,68.2216
Southern Asia (FAO),,2017,66.9199
Southern Asia (FAO),,2018,75.67971
Southern Asia (FAO),,2019,76.6227
Southern Asia (FAO),,2020,77.5603
Southern Asia (FAO),,2021,80.226105
Southern Asia (FAO),,2022,80.676704
Southern Asia (FAO),,2023,81.242905
Southern Asia (FAO),,2024,77.059204
Southern Europe (FAO),,1961,56.694202
Southern Europe (FAO),,1962,58.9939
Southern Europe (FAO),,1963,62.540104
Southern Europe (FAO),,1964,60.658302
Southern Europe (FAO),,1965,76.32371
Southern Europe (FAO),,1966,72.0866
Southern Europe (FAO),,1967,70.6634
Southern Europe (FAO),,1968,66.985504
Southern Europe (FAO),,1969,75.25951
Southern Europe (FAO),,1970,69.093704
Southern Europe (FAO),,1971,72.0215
Southern Europe (FAO),,1972,63.005302
Southern Europe (FAO),,1973,61.600502
Southern Europe (FAO),,1974,66.1778
Southern Europe (FAO),,1975,60.788605
Southern Europe (FAO),,1976,58.3002
Southern Europe (FAO),,1977,59.8227
Southern Europe (FAO),,1978,57.440105
Southern Europe (FAO),,1979,58.2675
Southern Europe (FAO),,1980,63.122803
Southern Europe (FAO),,1981,50.7204
Southern Europe (FAO),,1982,61.476604
Southern Europe (FAO),,1983,59.0414
Southern Europe (FAO),,1984,60.108704
Southern Europe (FAO),,1985,69.192604
Southern Europe (FAO),,1986,66.4017
Southern Europe (FAO),,1987,77.3597
Southern Europe (FAO),,1988,78.8033
Southern Europe (FAO),,1989,82.288
Southern Europe (FAO),,1990,79.6835
Southern Europe (FAO),,1991,78.494
Southern Europe (FAO),,1992,79.5074
Southern Europe (FAO),,1993,76.896706
Southern Europe (FAO),,1994,84.373604
Southern Europe (FAO),,1995,72.0213
Southern Europe (FAO),,1996,45.975803
Southern Europe (FAO),,1997,62.470203
Southern Europe (FAO),,1998,86.680504
Southern Europe (FAO),,1999,94.814804
Southern Europe (FAO),,2000,98.54921
Southern Europe (FAO),,2001,88.34321
Southern Europe (FAO),,2002,88.630905
Southern Europe (FAO),,2003,75.9557
Southern Europe (FAO),,2004,61.842804
Southern Europe (FAO),,2005,71.393105
Southern Europe (FAO),,2006,60.866505
Southern Europe (FAO),,2007,80.3143
Southern Europe (FAO),,2008,85.00001
Southern Europe (FAO),,2009,84.08401
Southern Europe (FAO),,2010,81.84621
Southern Europe (FAO),,2011,85.4839
Southern Europe (FAO),,2012,84.62121
Southern Europe (FAO),,2013,82.00001
Southern Europe (FAO),,2014,82.746506
Southern Europe (FAO),,2015,82.750404
Southern Europe (FAO),,2016,75.3766
Southern Europe (FAO),,2017,81.5602
Spain,ESP,1961,58.8889
Spain,ESP,1962,64.068405
Spain,ESP,1963,68.5068
Spain,ESP,1964,66.02321
Spain,ESP,1965,85.4785
Spain,ESP,1966,80.0818
Spain,ESP,1967,77.5846
Spain,ESP,1968,74.31421
Spain,ESP,1969,84.083
Spain,ESP,1970,75.9259
Spain,ESP,1971,80.5455
Spain,ESP,1972,69.898
Spain,ESP,1973,72.239105
Spain,ESP,1974,76.428604
Spain,ESP,1975,73.7838
Spain,ESP,1976,70
Spain,ESP,1977,69.31821
Spain,ESP,1978,68.3333
Spain,ESP,1979,69.38061
Spain,ESP,1980,76.087006
Spain,ESP,1981,55.116302
Spain,ESP,1982,66.8293
Spain,ESP,1983,62.894703
Spain,ESP,1984,63.421104
Spain,ESP,1985,73.0556
Spain,ESP,1986,70
Spain,ESP,1987,78.7594
Spain,ESP,1988,80.0195
Spain,ESP,1989,82.34571
Spain,ESP,1990,79.8413
Spain,ESP,1991,78.4634
Spain,ESP,1992,79.495705
Spain,ESP,1993,76.8177
Spain,ESP,1994,84.507
Spain,ESP,1995,71.7376
Spain,ESP,1996,44.4952
Spain,ESP,1997,61.7452
Spain,ESP,1998,86.943405
Spain,ESP,1999,95.384605
Spain,ESP,2000,99.4176
Spain,ESP,2001,88.774605
Spain,ESP,2002,89.12021
Spain,ESP,2003,75.7718
Spain,ESP,2004,61.013702
Spain,ESP,2005,70.69221
Spain,ESP,2006,56.250004
Spain,ESP,2007,52.2
Spain,ESP,2009,49.097603
Spain,ESP,2010,44.000004
Spain,ESP,2011,50.000004
Spain,ESP,2012,47.500004
Spain,ESP,2013,48.750004
Spain,ESP,2014,44.830902
Spain,ESP,2015,41.5494
Spain,ESP,2016,28.235302
Spain,ESP,2017,57.894703
Sri Lanka,LKA,1961,16.027401
Sri Lanka,LKA,1962,15.395201
Sri Lanka,LKA,1963,18.545101
Sri Lanka,LKA,1964,22.057802
Sri Lanka,LKA,1965,21.978
Sri Lanka,LKA,1966,28.6957
Sri Lanka,LKA,1967,32
Sri Lanka,LKA,1968,35.0649
Sri Lanka,LKA,1969,39.1892
Sri Lanka,LKA,1970,42.1053
Sri Lanka,LKA,1971,45.454502
Sri Lanka,LKA,1972,47.619003
Sri Lanka,LKA,1973,50.000004
Sri Lanka,LKA,1974,50.000004
Sri Lanka,LKA,1975,50.000004
Sri Lanka,LKA,1976,50.000004
Sri Lanka,LKA,1977,45.5882
Sri Lanka,LKA,1978,45.5882
Sri Lanka,LKA,1979,47.857105
Sri Lanka,LKA,1980,42.891605
Sri Lanka,LKA,1981,39.7727
Sri Lanka,LKA,1982,38.8889
Sri Lanka,LKA,1983,22.6586
Sri Lanka,LKA,1984,38.782
Sri Lanka,LKA,1985,40.5867
Sri Lanka,LKA,1986,33.7433
Sri Lanka,LKA,1987,33.3584
Sri Lanka,LKA,1988,38.363102
Sri Lanka,LKA,1989,35.6264
Sri Lanka,LKA,1990,39.047604
Sri Lanka,LKA,1991,40.0859
Sri Lanka,LKA,1992,29.188303
Sri Lanka,LKA,1993,34.1069
Sri Lanka,LKA,1994,64.8308
Sri Lanka,LKA,1995,55.474503
Sri Lanka,LKA,1996,58.300606
Sri Lanka,LKA,1997,56.309105
Sri Lanka,LKA,1998,53.270702
Sri Lanka,LKA,1999,55.238003
Sri Lanka,LKA,2000,59.4267
Sri Lanka,LKA,2001,55.4187
Sri Lanka,LKA,2002,55.000004
Sri Lanka,LKA,2003,60.4452
Sri Lanka,LKA,2004,59.094902
Sri Lanka,LKA,2005,58.6369
Sri Lanka,LKA,2006,60.521805
Sri Lanka,LKA,2007,55.301105
Sri Lanka,LKA,2008,61.9249
Sri Lanka,LKA,2009,66.9723
Sri Lanka,LKA,2010,61.606106
Sri Lanka,LKA,2011,59.8039
Sri Lanka,LKA,2012,53.407604
Sri Lanka,LKA,2013,46.189003
Sri Lanka,LKA,2014,46.0553
Sri Lanka,LKA,2015,42.156605
Sri Lanka,LKA,2016,34.6102
Sri Lanka,LKA,2017,36.565502
Sri Lanka,LKA,2018,40.985603
Sri Lanka,LKA,2019,50.3894
Sri Lanka,LKA,2020,59.265003
Sri Lanka,LKA,2021,57.4849
Sri Lanka,LKA,2022,57.011105
Sri Lanka,LKA,2023,50.682003
Sri Lanka,LKA,2024,36.990303
Sudan,SDN,2012,100.119606
Sudan,SDN,2013,97.385506
Sudan,SDN,2014,83.1115
Sudan,SDN,2015,84.4353
Sudan,SDN,2016,83.4274
Sudan,SDN,2017,78.8564
Sudan,SDN,2018,83.5714
Sudan,SDN,2019,76.638504
Sudan,SDN,2020,73.9764
Sudan,SDN,2021,72.736
Sudan,SDN,2022,71.70351
Sudan,SDN,2023,69.601006
Sudan,SDN,2024,67.498604
Sudan (former),OWID_SDN,1961,46.666702
Sudan (former),OWID_SDN,1962,46.666702
Sudan (former),OWID_SDN,1963,38.614105
Sudan (former),OWID_SDN,1964,31.477303
Sudan (former),OWID_SDN,1965,24.43
Sudan (former),OWID_SDN,1966,32.849304
Sudan (former),OWID_SDN,1967,53.3712
Sudan (former),OWID_SDN,1968,67.7029
Sudan (former),OWID_SDN,1969,67.7144
Sudan (former),OWID_SDN,1970,70.226204
Sudan (former),OWID_SDN,1971,58.282703
Sudan (former),OWID_SDN,1972,67.3476
Sudan (former),OWID_SDN,1973,74.6106
Sudan (former),OWID_SDN,1974,78.4194
Sudan (former),OWID_SDN,1975,76.84521
Sudan (former),OWID_SDN,1976,93.7333
Sudan (former),OWID_SDN,1977,88.00001
Sudan (former),OWID_SDN,1978,60.995804
Sudan (former),OWID_SDN,1979,42.926804
Sudan (former),OWID_SDN,1980,57.1492
Sudan (former),OWID_SDN,1981,65.4079
Sudan (former),OWID_SDN,1982,60.664204
Sudan (former),OWID_SDN,1983,69.760704
Sudan (former),OWID_SDN,1984,71.4436
Sudan (former),OWID_SDN,1985,68.5714
Sudan (former),OWID_SDN,1986,56.250004
Sudan (former),OWID_SDN,1987,57.926804
Sudan (former),OWID_SDN,1988,56.5959
Sudan (former),OWID_SDN,1989,57.773605
Sudan (former),OWID_SDN,1990,64.4383
Sudan (former),OWID_SDN,1991,66.92161
Sudan (former),OWID_SDN,1992,68.7124
Sudan (former),OWID_SDN,1993,64.1959
Sudan (former),OWID_SDN,1994,69.3554
Sudan (former),OWID_SDN,1995,72.0779
Sudan (former),OWID_SDN,1996,79.4814
Sudan (former),OWID_SDN,1997,83.277504
Sudan (former),OWID_SDN,1998,80.51411
Sudan (former),OWID_SDN,1999,70.1023
Sudan (former),OWID_SDN,2000,78.4063
Sudan (former),OWID_SDN,2001,86.2044
Sudan (former),OWID_SDN,2002,94.518005
Sudan (former),OWID_SDN,2003,100.00001
Sudan (former),OWID_SDN,2004,105.87271
Sudan (former),OWID_SDN,2005,103.0295
Sudan (former),OWID_SDN,2006,100.00001
Sudan (former),OWID_SDN,2007,107.7629
Sudan (former),OWID_SDN,2008,107.761
Sudan (former),OWID_SDN,2009,107.396904
Sudan (former),OWID_SDN,2010,100.119
Sudan (former),OWID_SDN,2011,100.119
Suriname,SUR,1961,93.4559
Suriname,SUR,1962,91.1676
Suriname,SUR,1963,94.406204
Suriname,SUR,1964,83.72671
Suriname,SUR,1965,102.580605
Suriname,SUR,1966,97.61571
Suriname,SUR,1967,97.8869
Suriname,SUR,1968,70.015205
Suriname,SUR,1969,69.0088
Suriname,SUR,1970,92.8218
Suriname,SUR,1971,74.088104
Suriname,SUR,1972,86.34871
Suriname,SUR,1973,69.4348
Suriname,SUR,1974,63.549004
Suriname,SUR,1975,69.7913
Suriname,SUR,1976,69.198105
Suriname,SUR,1977,61.8487
Suriname,SUR,1978,68.748604
Suriname,SUR,1979,67.542206
Suriname,SUR,1980,61.1785
Suriname,SUR,1981,60.415802
Suriname,SUR,1982,50.378105
Suriname,SUR,1983,51.5292
Suriname,SUR,1984,52.438805
Suriname,SUR,1985,46.858902
Suriname,SUR,1986,43.9822
Suriname,SUR,1987,32.524002
Suriname,SUR,1988,31.250002
Suriname,SUR,1989,36.111103
Suriname,SUR,1990,34.210503
Suriname,SUR,1991,30.434803
Suriname,SUR,1992,31.111101
Suriname,SUR,1993,31.180403
Suriname,SUR,1994,40.909103
Suriname,SUR,1995,40
Suriname,SUR,1996,40.909103
Suriname,SUR,1997,40
Suriname,SUR,1998,41.176502
Suriname,SUR,1999,40.909103
Suriname,SUR,2000,40
Suriname,SUR,2001,40
Suriname,SUR,2002,40
Suriname,SUR,2003,40
Suriname,SUR,2004,40
Suriname,SUR,2005,40
Suriname,SUR,2006,40
Suriname,SUR,2007,40
Suriname,SUR,2008,39.377003
Suriname,SUR,2009,39.377003
Suriname,SUR,2010,40
Suriname,SUR,2011,40
Suriname,SUR,2012,39.377003
Suriname,SUR,2013,39.377003
Suriname,SUR,2014,40
Suriname,SUR,2015,40.3865
Suriname,SUR,2016,40.5679
Suriname,SUR,2017,40.668003
Suriname,SUR,2018,40.6929
Suriname,SUR,2019,40.7018
Suriname,SUR,2020,40.7036
Suriname,SUR,2021,40.6869
Suriname,SUR,2022,40.473503
Suriname,SUR,2023,40.483803
Suriname,SUR,2024,40.494102
Syria,SYR,1961,38.75
Syria,SYR,1962,30.000002
Syria,SYR,1963,65.8228
Syria,SYR,1964,30.1282
Syria,SYR,1965,27.500002
Syria,SYR,1966,21.8462
Syria,SYR,1967,25.6944
Syria,SYR,1968,22.5676
Syria,SYR,1969,22.5926
Syria,SYR,1970,80.8824
Syria,SYR,1971,77.85711
Syria,SYR,1972,60.000004
Syria,SYR,1973,24.562502
Syria,SYR,1974,26.9286
Syria,SYR,1975,38.3333
Syria,SYR,1976,28.571402
Syria,SYR,1977,40
Syria,SYR,1978,40
Syria,SYR,1979,45.000004
Syria,SYR,1980,50.000004
Syria,SYR,1981,50.000004
Syria,SYR,1982,31.500002
Syria,SYR,1983,50.000004
Syria,SYR,1984,50.000004
Syria,SYR,1985,37.5
Syria,SYR,1986,35
Syria,SYR,1987,42.500004
Syria,SYR,1988,30.000002
Syria,SYR,1989,40
Syria,SYR,1990,40
Syria,SYR,1991,40
Syria,SYR,1992,45.000004
Syria,SYR,1993,45.000004
Syria,SYR,1994,45.000004
Syria,SYR,1995,50.000004
Syria,SYR,1996,50.000004
Syria,SYR,1997,55.000004
Taiwan,TWN,1961,78.269905
Taiwan,TWN,1962,65.4335
Taiwan,TWN,1963,68.59151
Taiwan,TWN,1964,70.6256
Taiwan,TWN,1965,84.8719
Taiwan,TWN,1966,83.678
Taiwan,TWN,1967,74.2863
Taiwan,TWN,1968,85.262505
Taiwan,TWN,1969,74.43921
Taiwan,TWN,1970,69.198105
Taiwan,TWN,1971,87.49361
Taiwan,TWN,1972,77.8028
Taiwan,TWN,1973,75.8768
Taiwan,TWN,1974,87.8578
Taiwan,TWN,1975,76.759
Taiwan,TWN,1976,79.7571
Taiwan,TWN,1977,91.823105
Taiwan,TWN,1978,74.8258
Taiwan,TWN,1979,87.53561
Taiwan,TWN,1980,81.6513
Taiwan,TWN,1981,81.214905
Taiwan,TWN,1982,81.2639
Taiwan,TWN,1983,78.4808
Taiwan,TWN,1984,80.031204
Taiwan,TWN,1985,81.89101
Taiwan,TWN,1986,90.93861
Taiwan,TWN,1987,81.00171
Taiwan,TWN,1988,94.57291
Taiwan,TWN,1989,97.361404
Taiwan,TWN,1990,84.9036
Taiwan,TWN,1991,75.658104
Taiwan,TWN,1992,91.3858
Taiwan,TWN,1993,74.2363
Taiwan,TWN,1994,87.48601
Taiwan,TWN,1995,80.28621
Taiwan,TWN,1996,80.6343
Taiwan,TWN,1997,81.89561
Taiwan,TWN,1998,79.060005
Taiwan,TWN,1999,80.358
Taiwan,TWN,2000,78.58411
Taiwan,TWN,2001,69.77061
Taiwan,TWN,2002,76.76671
Taiwan,TWN,2003,79.136
Taiwan,TWN,2004,80.26401
Taiwan,TWN,2005,82.6415
Taiwan,TWN,2006,65.050705
Taiwan,TWN,2007,73.3738
Taiwan,TWN,2008,72.766304
Taiwan,TWN,2009,65.691505
Taiwan,TWN,2010,72.524704
Taiwan,TWN,2011,74.88421
Taiwan,TWN,2012,66.5879
Taiwan,TWN,2013,63.130005
Taiwan,TWN,2014,68.30051
Taiwan,TWN,2015,70.242004
Taiwan,TWN,2016,59.4737
Taiwan,TWN,2017,60.871803
Taiwan,TWN,2018,68.09061
Taiwan,TWN,2019,66.491005
Taiwan,TWN,2020,62.6234
Taiwan,TWN,2021,69.9758
Taiwan,TWN,2022,65.1648
Taiwan,TWN,2023,76.1396
Taiwan,TWN,2024,66.629005
Tanzania,TZA,1961,25.824701
Tanzania,TZA,1962,24.917803
Tanzania,TZA,1963,31.2422
Tanzania,TZA,1964,29.880602
Tanzania,TZA,1965,28.168001
Tanzania,TZA,1966,28.0487
Tanzania,TZA,1967,28.288502
Tanzania,TZA,1968,29.593102
Tanzania,TZA,1969,30.350502
Tanzania,TZA,1970,28.674501
Tanzania,TZA,1971,29.767502
Tanzania,TZA,1972,31.614601
Tanzania,TZA,1973,36.106304
Tanzania,TZA,1974,38.5667
Tanzania,TZA,1975,39.233303
Tanzania,TZA,1976,42.666702
Tanzania,TZA,1977,44.666702
Tanzania,TZA,1978,44.9
Tanzania,TZA,1979,58.833305
Tanzania,TZA,1980,73.75
Tanzania,TZA,1981,98.123505
Tanzania,TZA,1982,97.4989
Tanzania,TZA,1983,103.27151
Tanzania,TZA,1984,101.37321
Tanzania,TZA,1985,100.833305
Tanzania,TZA,1986,109.304405
Tanzania,TZA,1987,93.285
Tanzania,TZA,1988,88.7069
Tanzania,TZA,1989,86.4553
Tanzania,TZA,1990,85.84811
Tanzania,TZA,1991,87.8224
Tanzania,TZA,1992,83.774
Tanzania,TZA,1993,81.423004
Tanzania,TZA,1994,98.9745
Tanzania,TZA,1995,96.476105
Tanzania,TZA,1996,92.2134
Tanzania,TZA,1997,86.5333
Tanzania,TZA,1998,89.4455
Tanzania,TZA,1999,90.635704
Tanzania,TZA,2000,90.3333
Tanzania,TZA,2001,93.75001
Tanzania,TZA,2002,106.06061
Tanzania,TZA,2003,111.11111
Tanzania,TZA,2004,111.11111
Tanzania,TZA,2005,115.00001
Tanzania,TZA,2006,118.09521
Tanzania,TZA,2007,76.25
Tanzania,TZA,2008,62.500004
Tanzania,TZA,2009,60.000004
Tanzania,TZA,2010,57.634304
Tanzania,TZA,2011,52.937702
Tanzania,TZA,2012,47.901203
Tanzania,TZA,2013,51.148304
Tanzania,TZA,2014,56.149303
Tanzania,TZA,2015,61.256603
Tanzania,TZA,2016,65.5689
Tanzania,TZA,2017,69.9105
Tanzania,TZA,2018,69.90921
Tanzania,TZA,2019,69.91
Tanzania,TZA,2020,69.909904
Tanzania,TZA,2021,67.984505
Tanzania,TZA,2022,70.4716
Tanzania,TZA,2023,69.0024
Tanzania,TZA,2024,69.38261
Thailand,THA,1961,31.746002
Thailand,THA,1962,33
Thailand,THA,1963,30.706501
Thailand,THA,1964,33.006104
Thailand,THA,1965,45.9704
Thailand,THA,1966,36.388603
Thailand,THA,1967,43.8885
Thailand,THA,1968,33.1892
Thailand,THA,1969,42.56
Thailand,THA,1970,43.1495
Thailand,THA,1971,47.752304
Thailand,THA,1972,37.3739
Thailand,THA,1973,52.476803
Thailand,THA,1974,51.579002
Thailand,THA,1975,48.127605
Thailand,THA,1976,53.291603
Thailand,THA,1977,52.8142
Thailand,THA,1978,33.8429
Thailand,THA,1979,40.768803
Thailand,THA,1980,30.137802
Thailand,THA,1981,43.488804
Thailand,THA,1982,49.2405
Thailand,THA,1983,42.288803
Thailand,THA,1984,44.540802
Thailand,THA,1985,47.1803
Thailand,THA,1986,44.1282
Thailand,THA,1987,47.005302
Thailand,THA,1988,47.650803
Thailand,THA,1989,55.598003
Thailand,THA,1990,48.894203
Thailand,THA,1991,52.3429
Thailand,THA,1992,52.330605
Thailand,THA,1993,40.6309
Thailand,THA,1994,47.3059
Thailand,THA,1995,54.8359
Thailand,THA,1996,58.856106
Thailand,THA,1997,57.529003
Thailand,THA,1998,46.0639
Thailand,THA,1999,54.8554
Thailand,THA,2000,59.1614
Thailand,THA,2001,56.512604
Thailand,THA,2002,59.350105
Thailand,THA,2003,65.1797
Thailand,THA,2004,57.933804
Thailand,THA,2005,46.462105
Thailand,THA,2006,49.369602
Thailand,THA,2007,63.710106
Thailand,THA,2008,69.72871
Thailand,THA,2009,69.337105
Thailand,THA,2010,68.15471
Thailand,THA,2011,76.197105
Thailand,THA,2012,76.7505
Thailand,THA,2013,75.7385
Thailand,THA,2014,76.6408
Thailand,THA,2015,67.2059
Thailand,THA,2016,65.6878
Thailand,THA,2017,66.325005
Thailand,THA,2018,75.4515
Thailand,THA,2019,71.387505
Thailand,THA,2020,43.735203
Thailand,THA,2021,48.718903
Thailand,THA,2022,64.575905
Thailand,THA,2023,57.3619
Thailand,THA,2024,55.281303
Trinidad and Tobago,TTO,1961,74.8678
Trinidad and Tobago,TTO,1962,62.654503
Trinidad and Tobago,TTO,1963,69.5763
Trinidad and Tobago,TTO,1964,65.8109
Trinidad and Tobago,TTO,1965,70.5549
Trinidad and Tobago,TTO,1966,65.171104
Trinidad and Tobago,TTO,1967,61.482803
Trinidad and Tobago,TTO,1968,69.457405
Trinidad and Tobago,TTO,1969,70.879005
Trinidad and Tobago,TTO,1970,74.908104
Trinidad and Tobago,TTO,1971,66.8095
Trinidad and Tobago,TTO,1972,64.372604
Trinidad and Tobago,TTO,1973,50.076103
Trinidad and Tobago,TTO,1974,49.283604
Trinidad and Tobago,TTO,1975,53.661102
Trinidad and Tobago,TTO,1976,69.1134
Trinidad and Tobago,TTO,1977,59.093803
Trinidad and Tobago,TTO,1978,45.5882
Trinidad and Tobago,TTO,1979,44.3395
Trinidad and Tobago,TTO,1980,46.542503
Trinidad and Tobago,TTO,1981,39.5559
Trinidad and Tobago,TTO,1982,46.428802
Trinidad and Tobago,TTO,1983,62.478302
Trinidad and Tobago,TTO,1984,60.6889
Trinidad and Tobago,TTO,1985,74.515205
Trinidad and Tobago,TTO,1986,80.74421
Trinidad and Tobago,TTO,1987,49.717102
Trinidad and Tobago,TTO,1988,55.572304
Trinidad and Tobago,TTO,1989,51.6124
Trinidad and Tobago,TTO,1990,65.416504
Trinidad and Tobago,TTO,1991,54.2042
Trinidad and Tobago,TTO,1992,54.9915
Trinidad and Tobago,TTO,1993,50.448303
Trinidad and Tobago,TTO,1994,56.362103
Trinidad and Tobago,TTO,1995,52.000004
Trinidad and Tobago,TTO,1996,60.906605
Trinidad and Tobago,TTO,1997,62.893
Trinidad and Tobago,TTO,1998,47.057102
Trinidad and Tobago,TTO,1999,55.633503
Trinidad and Tobago,TTO,2000,54.933804
Trinidad and Tobago,TTO,2001,54.1757
Trinidad and Tobago,TTO,2002,54.650402
Trinidad and Tobago,TTO,2003,54.615902
Trinidad and Tobago,TTO,2004,53.500004
Trinidad and Tobago,TTO,2005,52.500004
Trinidad and Tobago,TTO,2006,53.750004
Trinidad and Tobago,TTO,2007,54.000004
Uganda,UGA,1961,72.0833
Uganda,UGA,1962,77.0588
Uganda,UGA,1963,87.3563
Uganda,UGA,1964,81.5789
Uganda,UGA,1965,76.6839
Uganda,UGA,1966,76.9231
Uganda,UGA,1967,71.428604
Uganda,UGA,1968,61.697403
Uganda,UGA,1969,52.215202
Uganda,UGA,1970,55.031403
Uganda,UGA,1971,59.106503
Uganda,UGA,1972,53.448303
Uganda,UGA,1973,45.3037
Uganda,UGA,1974,25.714302
Uganda,UGA,1975,19.1
Uganda,UGA,1976,19.1
Uganda,UGA,1977,19.1
Uganda,UGA,1978,13.738001
Uganda,UGA,1979,9.333301
Uganda,UGA,1980,10.967701
Uganda,UGA,1981,11.612901
Uganda,UGA,1982,12.2581005
Uganda,UGA,1983,12.2581005
Uganda,UGA,1984,12.2581005
Uganda,UGA,1985,12.2581005
Uganda,UGA,1986,12.2581005
Uganda,UGA,1987,12.2581005
Uganda,UGA,1988,12.903201
Uganda,UGA,1989,20.400002
Uganda,UGA,1990,24.400002
Uganda,UGA,1991,38.409103
Uganda,UGA,1992,53.3333
Uganda,UGA,1993,59.375004
Uganda,UGA,1994,67.8571
Uganda,UGA,1995,76.66671
Uganda,UGA,1996,80.5556
Uganda,UGA,1997,82.0513
Uganda,UGA,1998,79.487206
Uganda,UGA,1999,71.0075
Uganda,UGA,2000,73.8108
Uganda,UGA,2001,78.28461
Uganda,UGA,2002,69.8113
Uganda,UGA,2003,65.151505
Uganda,UGA,2004,68.1159
Uganda,UGA,2005,69.11761
Uganda,UGA,2006,70
Uganda,UGA,2007,67.1429
Uganda,UGA,2008,69.9746
Uganda,UGA,2009,69.9153
Uganda,UGA,2010,69.764
Uganda,UGA,2011,69.025505
Uganda,UGA,2012,68.93761
Uganda,UGA,2013,68.609604
Uganda,UGA,2014,69.2078
Uganda,UGA,2015,69.66671
Uganda,UGA,2016,70.2703
Uganda,UGA,2017,70.0921
Uganda,UGA,2018,69.6582
Uganda,UGA,2019,70.5128
Uganda,UGA,2020,70.17621
Uganda,UGA,2021,69.4118
Uganda,UGA,2022,68.0948
Uganda,UGA,2023,69.01601
Uganda,UGA,2024,69.97021
United States,USA,1961,99.3693
United States,USA,1962,94.187004
United States,USA,1963,93.646706
United States,USA,1964,82.1565
United States,USA,1965,85.97401
United States,USA,1966,87.90121
United States,USA,1967,95.1946
United States,USA,1968,91.863304
United States,USA,1969,94.6535
United States,USA,1970,92.1258
United States,USA,1971,83.6089
United States,USA,1972,90.499504
United States,USA,1973,78.133804
United States,USA,1974,76.770004
United States,USA,1975,82.0923
United States,USA,1976,84.38721
United States,USA,1977,79.19961
United States,USA,1978,78.3598
United States,USA,1979,81.17261
United States,USA,1980,82.4968
United States,USA,1981,81.335106
United States,USA,1982,89.9775
United States,USA,1983,82.2323
United States,USA,1984,82.0128
United States,USA,1985,82.1383
United States,USA,1986,85.344505
United States,USA,1987,79.526
United States,USA,1988,79.2985
United States,USA,1989,77.42171
United States,USA,1990,79.41511
United States,USA,1991,75.6033
United States,USA,1992,73.571106
United States,USA,1993,73.51221
United States,USA,1994,74.01211
United States,USA,1995,74.0472
United States,USA,1996,74.2974
United States,USA,1997,77.8738
United States,USA,1998,82.151
United States,USA,1999,79.6624
United States,USA,2000,86.4468
United States,USA,2001,83.1538
United States,USA,2002,85.86021
United States,USA,2003,84.31321
United States,USA,2004,76.4143
United States,USA,2005,71.313705
United States,USA,2006,81.3785
United States,USA,2007,77.9588
United States,USA,2008,71.2869
United States,USA,2009,78.0623
United States,USA,2010,69.8951
United States,USA,2011,75.07621
United States,USA,2012,80.0565
United States,USA,2013,75.7099
United States,USA,2014,78.5279
United States,USA,2015,81.1535
United States,USA,2016,79.724205
United States,USA,2017,82.4123
United States,USA,2018,86.06421
United States,USA,2019,78.398
United States,USA,2020,85.400505
United States,USA,2021,78.712006
United States,USA,2022,83.5538
United States,USA,2023,79.309204
United States,USA,2024,84.205605
Upper-middle-income countries,OWID_UMC,1961,50.40544
Upper-middle-income countries,OWID_UMC,1962,48.445377
Upper-middle-income countries,OWID_UMC,1963,49.153465
Upper-middle-income countries,OWID_UMC,1964,51.557667
Upper-middle-income countries,OWID_UMC,1965,52.671597
Upper-middle-income countries,OWID_UMC,1966,52.245926
Upper-middle-income countries,OWID_UMC,1967,54.98532
Upper-middle-income countries,OWID_UMC,1968,52.534245
Upper-middle-income countries,OWID_UMC,1969,53.391323
Upper-middle-income countries,OWID_UMC,1970,55.634922
Upper-middle-income countries,OWID_UMC,1971,52.543518
Upper-middle-income countries,OWID_UMC,1972,52.215206
Upper-middle-income countries,OWID_UMC,1973,53.74315
Upper-middle-income countries,OWID_UMC,1974,55.041042
Upper-middle-income countries,OWID_UMC,1975,54.862026
Upper-middle-income countries,OWID_UMC,1976,55.41927
Upper-middle-income countries,OWID_UMC,1977,57.713158
Upper-middle-income countries,OWID_UMC,1978,57.535645
Upper-middle-income countries,OWID_UMC,1979,59.177765
Upper-middle-income countries,OWID_UMC,1980,56.68068
Upper-middle-income countries,OWID_UMC,1981,59.45207
Upper-middle-income countries,OWID_UMC,1982,62.419304
Upper-middle-income countries,OWID_UMC,1983,61.091484
Upper-middle-income countries,OWID_UMC,1984,62.10078
Upper-middle-income countries,OWID_UMC,1985,60.128265
Upper-middle-income countries,OWID_UMC,1986,59.72181
Upper-middle-income countries,OWID_UMC,1987,61.011948
Upper-middle-income countries,OWID_UMC,1988,61.90151
Upper-middle-income countries,OWID_UMC,1989,62.86181
Upper-middle-income countries,OWID_UMC,1990,62.01329
Upper-middle-income countries,OWID_UMC,1991,62.125298
Upper-middle-income countries,OWID_UMC,1992,61.28458
Upper-middle-income countries,OWID_UMC,1993,57.972614
Upper-middle-income countries,OWID_UMC,1994,60.47979
Upper-middle-income countries,OWID_UMC,1995,60.679115
Upper-middle-income countries,OWID_UMC,1996,61.575245
Upper-middle-income countries,OWID_UMC,1997,63.50293
Upper-middle-income countries,OWID_UMC,1998,62.758816
Upper-middle-income countries,OWID_UMC,1999,62.707108
Upper-middle-income countries,OWID_UMC,2000,63.07872
Upper-middle-income countries,OWID_UMC,2001,64.00454
Upper-middle-income countries,OWID_UMC,2002,66.2716
Upper-middle-income countries,OWID_UMC,2003,69.4821
Upper-middle-income countries,OWID_UMC,2004,69.660126
Upper-middle-income countries,OWID_UMC,2005,68.071556
Upper-middle-income countries,OWID_UMC,2006,70.72512
Upper-middle-income countries,OWID_UMC,2007,72.972565
Upper-middle-income countries,OWID_UMC,2008,74.83493
Upper-middle-income countries,OWID_UMC,2009,74.69959
Upper-middle-income countries,OWID_UMC,2010,73.426865
Upper-middle-income countries,OWID_UMC,2011,72.38932
Upper-middle-income countries,OWID_UMC,2012,71.80504
Upper-middle-income countries,OWID_UMC,2013,73.30043
Upper-middle-income countries,OWID_UMC,2014,70.978836
Upper-middle-income countries,OWID_UMC,2015,71.87603
Upper-middle-income countries,OWID_UMC,2016,72.30135
Upper-middle-income countries,OWID_UMC,2017,71.53378
Upper-middle-income countries,OWID_UMC,2018,72.97509
Upper-middle-income countries,OWID_UMC,2019,71.9987
Upper-middle-income countries,OWID_UMC,2020,70.81772
Upper-middle-income countries,OWID_UMC,2021,69.57153
Upper-middle-income countries,OWID_UMC,2022,71.39545
Upper-middle-income countries,OWID_UMC,2023,73.25461
Upper-middle-income countries,OWID_UMC,2024,71.13291
Uruguay,URY,1961,28.0496
Uruguay,URY,1962,37.933304
Uruguay,URY,1963,35.4274
Uruguay,URY,1964,39.966003
Uruguay,URY,1965,43.256104
Uruguay,URY,1966,37.599102
Uruguay,URY,1967,53.946606
Uruguay,URY,1968,39.0926
Uruguay,URY,1969,50.5304
Uruguay,URY,1970,37.599304
Uruguay,URY,1971,45.800602
Uruguay,URY,1972,33.218502
Uruguay,URY,1973,44.775803
Uruguay,URY,1974,34.9295
Uruguay,URY,1975,45.3959
Uruguay,URY,1976,32.5898
Uruguay,URY,1977,56.258305
Uruguay,URY,1978,46.366802
Uruguay,URY,1979,31.3547
Uruguay,URY,1980,49.0079
Uruguay,URY,1981,41.817303
Uruguay,URY,1982,47.240803
Uruguay,URY,1983,55.638603
Uruguay,URY,1984,53.181202
Uruguay,URY,1985,55.807804
Uruguay,URY,1986,61.789803
Uruguay,URY,1987,60.6399
Uruguay,URY,1988,50.270702
Uruguay,URY,1989,58.7092
Uruguay,URY,1990,66.57571
Uruguay,URY,1991,43.064804
Uruguay,URY,1992,54.431602
Uruguay,URY,1993,42.409103
Uruguay,URY,1994,56.894703
Uruguay,URY,1995,54.540504
Uruguay,URY,1996,51.4054
Uruguay,URY,1997,62.050106
Uruguay,URY,1998,53.944504
Uruguay,URY,1999,49.214302
Uruguay,URY,2000,53.392902
Uruguay,URY,2001,60.862106
Uruguay,URY,2002,60.5484
Uruguay,URY,2003,40.487804
Uruguay,URY,2004,46.727303
Uruguay,URY,2005,52.181805
Uruguay,URY,2006,48.807503
Uruguay,URY,2007,56.515003
Uruguay,URY,2008,55.3329
Uruguay,URY,2009,50.988804
Uruguay,URY,2010,48.2
Uruguay,URY,2011,52.500004
Uruguay,URY,2012,55.757603
Uruguay,URY,2013,55.757603
Uruguay,URY,2014,61.794903
Uruguay,URY,2015,62.3944
Uruguay,URY,2016,48.381603
Uruguay,URY,2017,56.080605
Uruguay,URY,2018,57.500004
Uruguay,URY,2019,64.138504
Uruguay,URY,2020,63.181805
Uruguay,URY,2021,68.95521
Uruguay,URY,2022,75.898605
Uruguay,URY,2023,76.338005
Uruguay,URY,2024,71.304
Vanuatu,VUT,2022,40
Vanuatu,VUT,2023,40
Vanuatu,VUT,2024,39.9938
Venezuela,VEN,1961,62.462
Venezuela,VEN,1962,66.5742
Venezuela,VEN,1963,65.6528
Venezuela,VEN,1964,69.2711
Venezuela,VEN,1965,73.19121
Venezuela,VEN,1966,76.6404
Venezuela,VEN,1967,80.342804
Venezuela,VEN,1968,75.719
Venezuela,VEN,1969,78.888504
Venezuela,VEN,1970,80.1479
Venezuela,VEN,1971,78.04211
Venezuela,VEN,1972,77.93011
Venezuela,VEN,1973,75.296005
Venezuela,VEN,1974,77.082504
Venezuela,VEN,1975,71.109406
Venezuela,VEN,1976,73.3336
Venezuela,VEN,1977,63.722603
Venezuela,VEN,1978,64.7829
Venezuela,VEN,1979,69.4502
Venezuela,VEN,1980,64.6424
Venezuela,VEN,1981,61.462303
Venezuela,VEN,1982,66.4065
Venezuela,VEN,1983,60.2144
Venezuela,VEN,1984,60.3889
Venezuela,VEN,1985,65.000305
Venezuela,VEN,1986,70.4003
Venezuela,VEN,1987,68.43201
Venezuela,VEN,1988,71.2043
Venezuela,VEN,1989,67.6312
Venezuela,VEN,1990,65.05
Venezuela,VEN,1991,60.7169
Venezuela,VEN,1992,60.800503
Venezuela,VEN,1993,60.733704
Venezuela,VEN,1994,60.7429
Venezuela,VEN,1995,60.732903
Venezuela,VEN,1996,61.5274
Venezuela,VEN,1997,61.690002
Venezuela,VEN,1998,61.988106
Venezuela,VEN,1999,66.841606
Venezuela,VEN,2000,68.67171
Venezuela,VEN,2001,64.3179
Venezuela,VEN,2002,66.598
Venezuela,VEN,2003,67.5259
Venezuela,VEN,2004,70.2633
Venezuela,VEN,2005,69.0201
Venezuela,VEN,2006,75.507706
Venezuela,VEN,2007,75.524
Venezuela,VEN,2008,71.86021
Venezuela,VEN,2009,68.2701
Venezuela,VEN,2010,64.375206
Venezuela,VEN,2011,65.7933
Venezuela,VEN,2012,67.91971
Venezuela,VEN,2013,62.760002
Venezuela,VEN,2014,63.024303
Venezuela,VEN,2015,56.5914
Venezuela,VEN,2016,63.456
Venezuela,VEN,2017,54.5544
Venezuela,VEN,2018,54.364002
Venezuela,VEN,2019,47.052402
Venezuela,VEN,2020,56.983
Venezuela,VEN,2021,55.853703
Venezuela,VEN,2022,53.610302
Venezuela,VEN,2023,73.4178
Venezuela,VEN,2024,68.315506
Vietnam,VNM,1961,32.1795
Vietnam,VNM,1962,32.8889
Vietnam,VNM,1963,34.042603
Vietnam,VNM,1964,34.600002
Vietnam,VNM,1965,34.622902
Vietnam,VNM,1966,33.3482
Vietnam,VNM,1967,32.5
Vietnam,VNM,1968,30.303001
Vietnam,VNM,1969,30.562101
Vietnam,VNM,1970,38.9667
Vietnam,VNM,1971,39.7112
Vietnam,VNM,1972,39.375
Vietnam,VNM,1973,32.5
Vietnam,VNM,1974,30.8511
Vietnam,VNM,1975,37.4732
Vietnam,VNM,1976,40.0859
Vietnam,VNM,1977,38.745502
Vietnam,VNM,1978,38.2647
Vietnam,VNM,1979,39.896004
Vietnam,VNM,1980,39.7429
Vietnam,VNM,1981,35.9746
Vietnam,VNM,1982,37.888203
Vietnam,VNM,1983,38.9959
Vietnam,VNM,1984,39.7494
Vietnam,VNM,1985,38.8247
Vietnam,VNM,1986,39.6677
Vietnam,VNM,1987,39.8789
Vietnam,VNM,1988,40.109802
Vietnam,VNM,1989,40.367104
Vietnam,VNM,1990,41.3272
Vietnam,VNM,1991,42.664604
Vietnam,VNM,1992,43.938602
Vietnam,VNM,1993,42.477
Vietnam,VNM,1994,45.318703
Vietnam,VNM,1995,47.6472
Vietnam,VNM,1996,48.229103
Vietnam,VNM,1997,46.384804
Vietnam,VNM,1998,49.5759
Vietnam,VNM,1999,51.598804
Vietnam,VNM,2000,49.766106
Vietnam,VNM,2001,50.419304
Vietnam,VNM,2002,53.500004
Vietnam,VNM,2003,53.814503
Vietnam,VNM,2004,54.6987
Vietnam,VNM,2005,56.134804
Vietnam,VNM,2006,58.033703
Vietnam,VNM,2007,59.293503
Vietnam,VNM,2008,59.6435
Vietnam,VNM,2009,58.7662
Vietnam,VNM,2010,60.058304
Vietnam,VNM,2011,62.141003
Vietnam,VNM,2012,62.9814
Vietnam,VNM,2013,64.8757
Vietnam,VNM,2014,64.9996
Vietnam,VNM,2015,64.5083
Vietnam,VNM,2016,63.643204
Vietnam,VNM,2017,65.2906
Vietnam,VNM,2018,66.6033
Vietnam,VNM,2019,65.9614
Vietnam,VNM,2020,62.203003
Vietnam,VNM,2021,64.735504
Vietnam,VNM,2022,65.4383
Vietnam,VNM,2023,67.7499
Vietnam,VNM,2024,67.7499
Western Africa (FAO),,1961,19.995802
Western Africa (FAO),,1962,20.6599
Western Africa (FAO),,1963,22.625101
Western Africa (FAO),,1964,25.1817
Western Africa (FAO),,1965,26.601402
Western Africa (FAO),,1966,21.474802
Western Africa (FAO),,1967,24.000902
Western Africa (FAO),,1968,27.462803
Western Africa (FAO),,1969,24.092701
Western Africa (FAO),,1970,31.270302
Western Africa (FAO),,1971,32.459503
Western Africa (FAO),,1972,33.5708
Western Africa (FAO),,1973,33.3647
Western Africa (FAO),,1974,33.0397
Western Africa (FAO),,1975,36.8527
Western Africa (FAO),,1976,41.1557
Western Africa (FAO),,1977,45.180603
Western Africa (FAO),,1978,41.781803
Western Africa (FAO),,1979,46.138103
Western Africa (FAO),,1980,47.966305
Western Africa (FAO),,1981,46.036503
Western Africa (FAO),,1982,47.1474
Western Africa (FAO),,1983,47.6474
Western Africa (FAO),,1984,41.2433
Western Africa (FAO),,1985,44.301003
Western Africa (FAO),,1986,45.753002
Western Africa (FAO),,1987,45.560802
Western Africa (FAO),,1988,43.1647
Western Africa (FAO),,1989,45.702602
Western Africa (FAO),,1990,46.7484
Western Africa (FAO),,1991,47.8217
Western Africa (FAO),,1992,47.242203
Western Africa (FAO),,1993,45.935604
Western Africa (FAO),,1994,45.171604
Western Africa (FAO),,1995,44.659
Western Africa (FAO),,1996,43.757202
Western Africa (FAO),,1997,43.894203
Western Africa (FAO),,1998,42.2117
Western Africa (FAO),,1999,43.807503
Western Africa (FAO),,2000,45.5232
Western Africa (FAO),,2001,45.717102
Western Africa (FAO),,2002,39.6907
Western Africa (FAO),,2003,38.8112
Western Africa (FAO),,2004,39.6832
Western Africa (FAO),,2005,39.893604
Western Africa (FAO),,2006,39.2037
Western Africa (FAO),,2007,38.788303
Western Africa (FAO),,2008,36.785202
Western Africa (FAO),,2009,36.5822
Western Africa (FAO),,2010,42.0349
Western Africa (FAO),,2011,41.9317
Western Africa (FAO),,2012,39.1819
Western Africa (FAO),,2013,38.0367
Western Africa (FAO),,2014,36.4679
Western Africa (FAO),,2015,37.1364
Western Africa (FAO),,2016,36.501602
Western Africa (FAO),,2017,37.838104
Western Africa (FAO),,2018,37.3854
Western Africa (FAO),,2019,38.3642
Western Africa (FAO),,2020,37.320503
Western Africa (FAO),,2021,38.6024
Western Africa (FAO),,2022,38.6556
Western Africa (FAO),,2023,37.793804
Western Africa (FAO),,2024,37.904003
Western Asia (FAO),,1961,16.7692
Western Asia (FAO),,1962,15.658901
Western Asia (FAO),,1963,19.3959
Western Asia (FAO),,1964,14.888501
Western Asia (FAO),,1965,12.601401
Western Asia (FAO),,1966,11.861701
Western Asia (FAO),,1967,11.354401
Western Asia (FAO),,1968,11.1007
Western Asia (FAO),,1969,10.9145
Western Asia (FAO),,1970,51.448
Western Asia (FAO),,1971,41.250603
Western Asia (FAO),,1972,27.3841
Western Asia (FAO),,1973,29.339
Western Asia (FAO),,1974,33.951702
Western Asia (FAO),,1975,26.9286
Western Asia (FAO),,1976,42.0329
Western Asia (FAO),,1977,46.451103
Western Asia (FAO),,1978,46.824604
Western Asia (FAO),,1979,54.344604
Western Asia (FAO),,1980,45.630802
Western Asia (FAO),,1981,55.739304
Western Asia (FAO),,1982,43.034
Western Asia (FAO),,1983,27.3176
Western Asia (FAO),,1984,19.3696
Western Asia (FAO),,1985,29.114601
Western Asia (FAO),,1986,29.6942
Western Asia (FAO),,1987,33.562202
Western Asia (FAO),,1988,21.800901
Western Asia (FAO),,1989,28.387701
Western Asia (FAO),,1990,25.982
Western Asia (FAO),,1991,25.290602
Western Asia (FAO),,1992,28.223803
Western Asia (FAO),,1993,18.7076
Western Asia (FAO),,1994,18.7841
Western Asia (FAO),,1995,17.2117
Western Asia (FAO),,1996,15.795001
Western Asia (FAO),,1997,15.465401
Western Asia (FAO),,1998,13.427501
Western Asia (FAO),,1999,13.426401
Western Asia (FAO),,2000,13.4167
Western Asia (FAO),,2001,11.818201
Western Asia (FAO),,2002,10.7692
Western Asia (FAO),,2003,18.375
Western Asia (FAO),,2004,24.084501
Western Asia (FAO),,2005,26.192501
Western Asia (FAO),,2006,21.715502
Western Asia (FAO),,2007,23.800001
Western Asia (FAO),,2008,21.555601
Western Asia (FAO),,2009,23.801302
Western Asia (FAO),,2010,20.1926
Western Asia (FAO),,2011,19.518002
Western Asia (FAO),,2012,20.3636
Western Asia (FAO),,2013,16.7879
Western Asia (FAO),,2014,14.705401
Western Asia (FAO),,2015,17.971401
Western Asia (FAO),,2016,17.915302
Western Asia (FAO),,2017,16.960802
Western Asia (FAO),,2018,10.312501
Western Asia (FAO),,2019,10.312501
Western Asia (FAO),,2020,10.7143
Western Asia (FAO),,2021,8.827901
Western Asia (FAO),,2022,7.6868
Western Asia (FAO),,2023,6.7030005
Western Asia (FAO),,2024,5.7943
World,OWID_WRL,1961,50.265003
World,OWID_WRL,1962,48.408
World,OWID_WRL,1963,48.6699
World,OWID_WRL,1964,51.530304
World,OWID_WRL,1965,52.2624
World,OWID_WRL,1966,51.226803
World,OWID_WRL,1967,52.155003
World,OWID_WRL,1968,52.7944
World,OWID_WRL,1969,53.574303
World,OWID_WRL,1970,54.764805
World,OWID_WRL,1971,52.6537
World,OWID_WRL,1972,52.350605
World,OWID_WRL,1973,53.836002
World,OWID_WRL,1974,54.3497
World,OWID_WRL,1975,53.762302
World,OWID_WRL,1976,54.647606
World,OWID_WRL,1977,56.400703
World,OWID_WRL,1978,56.568
World,OWID_WRL,1979,56.0867
World,OWID_WRL,1980,55.287903
World,OWID_WRL,1981,58.422604
World,OWID_WRL,1982,60.249504
World,OWID_WRL,1983,58.754105
World,OWID_WRL,1984,59.4654
World,OWID_WRL,1985,58.516605
World,OWID_WRL,1986,59.061203
World,OWID_WRL,1987,60.716805
World,OWID_WRL,1988,60.584606
World,OWID_WRL,1989,61.563004
World,OWID_WRL,1990,61.653103
World,OWID_WRL,1991,61.4039
World,OWID_WRL,1992,61.401005
World,OWID_WRL,1993,59.1964
World,OWID_WRL,1994,61.808502
World,OWID_WRL,1995,63.084503
World,OWID_WRL,1996,63.078804
World,OWID_WRL,1997,64.0179
World,OWID_WRL,1998,64.813705
World,OWID_WRL,1999,65.7125
World,OWID_WRL,2000,64.884705
World,OWID_WRL,2001,64.481606
World,OWID_WRL,2002,65.7944
World,OWID_WRL,2003,67.0651
World,OWID_WRL,2004,66.58971
World,OWID_WRL,2005,66.74521
World,OWID_WRL,2006,69.2023
World,OWID_WRL,2007,70.93861
World,OWID_WRL,2008,71.592606
World,OWID_WRL,2009,70.9358
World,OWID_WRL,2010,71.1799
World,OWID_WRL,2011,70.4933
World,OWID_WRL,2012,70.5509
World,OWID_WRL,2013,71.0575
World,OWID_WRL,2014,69.91021
World,OWID_WRL,2015,70.868904
World,OWID_WRL,2016,70.96171
World,OWID_WRL,2017,70.2874
World,OWID_WRL,2018,73.2825
World,OWID_WRL,2019,72.7258
World,OWID_WRL,2020,72.0823
World,OWID_WRL,2021,72.0995
World,OWID_WRL,2022,73.566505
World,OWID_WRL,2023,75.101204
World,OWID_WRL,2024,72.53171
Yemen,YEM,1961,10
Yemen,YEM,1962,10
Yemen,YEM,1963,10
Yemen,YEM,1964,10
Yemen,YEM,1965,10
Yemen,YEM,1966,10
Yemen,YEM,1967,10
Yemen,YEM,1968,10
Yemen,YEM,1969,10
Yemen,YEM,1970,10
Yemen,YEM,1971,10
Yemen,YEM,1972,10
Yemen,YEM,1973,10
Yemen,YEM,1974,10
Yemen,YEM,1975,10
Yemen,YEM,1976,10
Yemen,YEM,1977,10
Yemen,YEM,1978,10
Zambia,ZMB,1968,124.367905
Zambia,ZMB,1969,104.647804
Zambia,ZMB,1970,111.9728
Zambia,ZMB,1971,92.53971
Zambia,ZMB,1972,108.421005
Zambia,ZMB,1973,114.724304
Zambia,ZMB,1974,107.0276
Zambia,ZMB,1975,109.43911
Zambia,ZMB,1976,108.94511
Zambia,ZMB,1977,113.730705
Zambia,ZMB,1978,120.68711
Zambia,ZMB,1979,94.206
Zambia,ZMB,1980,97.6034
Zambia,ZMB,1981,89.01511
Zambia,ZMB,1982,103.9474
Zambia,ZMB,1983,114.719604
Zambia,ZMB,1984,121.848206
Zambia,ZMB,1985,118.04651
Zambia,ZMB,1986,121.408905
Zambia,ZMB,1987,114.29211
Zambia,ZMB,1988,112.5735
Zambia,ZMB,1989,93.608
Zambia,ZMB,1990,94.08221
Zambia,ZMB,1991,95.8333
Zambia,ZMB,1992,96.2963
Zambia,ZMB,1993,106.1181
Zambia,ZMB,1994,109.37761
Zambia,ZMB,1995,109.16671
Zambia,ZMB,1996,107.6923
Zambia,ZMB,1997,107.14291
Zambia,ZMB,1998,103.333305
Zambia,ZMB,1999,103.12501
Zambia,ZMB,2000,106.66671
Zambia,ZMB,2001,105.26321
Zambia,ZMB,2002,104.5455
Zambia,ZMB,2003,104.5455
Zambia,ZMB,2004,104.444405
Zambia,ZMB,2005,104.5455
Zambia,ZMB,2006,102.083305
Zambia,ZMB,2007,101.25001
Zambia,ZMB,2008,105.128204
Zambia,ZMB,2009,104.91801
Zambia,ZMB,2010,105.7143
Zambia,ZMB,2011,105.00001
Zambia,ZMB,2012,100.00001
Zambia,ZMB,2013,102.222206
Zambia,ZMB,2014,103.397804
Zambia,ZMB,2015,104.048706
Zambia,ZMB,2016,104.275604
Zambia,ZMB,2017,104.1643
Zambia,ZMB,2018,103.98241
Zambia,ZMB,2019,103.813
Zambia,ZMB,2020,103.70411
Zambia,ZMB,2021,103.8013
Zambia,ZMB,2022,103.74171
Zambia,ZMB,2023,103.7108
Zambia,ZMB,2024,103.6799
Zimbabwe,ZWE,1961,88.2589
Zimbabwe,ZWE,1962,97.3833
Zimbabwe,ZWE,1963,76.612206
Zimbabwe,ZWE,1964,106.576004
Zimbabwe,ZWE,1965,110.18661
Zimbabwe,ZWE,1966,84.8214
Zimbabwe,ZWE,1967,105.333305
Zimbabwe,ZWE,1968,104.84621
Zimbabwe,ZWE,1969,104.06251
Zimbabwe,ZWE,1970,90.2518
Zimbabwe,ZWE,1971,99.60161
Zimbabwe,ZWE,1972,92.1174
Zimbabwe,ZWE,1973,82.5298
Zimbabwe,ZWE,1974,109.20251
Zimbabwe,ZWE,1975,115.420105
Zimbabwe,ZWE,1976,83.386
Zimbabwe,ZWE,1977,116.84771
Zimbabwe,ZWE,1978,106.77961
Zimbabwe,ZWE,1979,104.209206
Zimbabwe,ZWE,1980,103.12051
Zimbabwe,ZWE,1981,103.994606
Zimbabwe,ZWE,1982,113.70341
Zimbabwe,ZWE,1983,104.077705
Zimbabwe,ZWE,1984,104.6659
Zimbabwe,ZWE,1985,109.9735
Zimbabwe,ZWE,1986,125.30301
Zimbabwe,ZWE,1987,106.5363
Zimbabwe,ZWE,1988,100.4234
Zimbabwe,ZWE,1989,108.9208
Zimbabwe,ZWE,1990,95.52151
Zimbabwe,ZWE,1991,102.72371
Zimbabwe,ZWE,1992,93.00671
Zimbabwe,ZWE,1993,59.777805
Zimbabwe,ZWE,1994,107.245804
Zimbabwe,ZWE,1995,108.40401
Zimbabwe,ZWE,1996,94.2236
Zimbabwe,ZWE,1997,108.1628
Zimbabwe,ZWE,1998,96.22
Zimbabwe,ZWE,1999,108.3023
Zimbabwe,ZWE,2000,96.079506
Zimbabwe,ZWE,2001,113.04261
Zimbabwe,ZWE,2002,94.544205
Zimbabwe,ZWE,2003,100.7333
Zimbabwe,ZWE,2004,93.6591
Zimbabwe,ZWE,2005,78.820404
Zimbabwe,ZWE,2006,84.677605
Zimbabwe,ZWE,2007,81.4263
Zimbabwe,ZWE,2008,73.1087
Zimbabwe,ZWE,2009,64.640305
Zimbabwe,ZWE,2010,66.202705
Zimbabwe,ZWE,2011,71.4019
Zimbabwe,ZWE,2012,73.4595
Zimbabwe,ZWE,2013,84.969406
Zimbabwe,ZWE,2014,89.4228
Zimbabwe,ZWE,2015,77.690605
Zimbabwe,ZWE,2016,80.069
Zimbabwe,ZWE,2017,79.0153
Zimbabwe,ZWE,2018,79.2161
Zimbabwe,ZWE,2019,78.99061
Zimbabwe,ZWE,2020,79
Zimbabwe,ZWE,2021,79
Zimbabwe,ZWE,2022,81.00001
Zimbabwe,ZWE,2023,82.00001
Zimbabwe,ZWE,2024,83.00001