time,open,high,low,close
2016-09-26,33.520,33.940,33.230,33.390
2016-09-27,33.370,33.490,32.900,33.350
2016-09-28,33.360,33.360,32.670,32.890
2016-09-29,32.980,33.350,32.890,33.320
2016-09-30,33.300,33.750,33.000,33.310
2016-10-03,33.320,33.350,32.730,33.230
2016-10-04,33.300,33.300,32.780,33.140
2016-10-05,33.160,33.200,32.500,32.800
2016-10-06,32.790,33.350,32.650,33.310
2016-10-07,33.370,33.470,33.050,33.300
2016-10-10,33.410,34.040,33.090,33.900
2016-10-11,33.960,34.090,33.320,33.390
2016-10-12,33.430,33.910,33.280,33.350
2016-10-13,33.400,33.620,32.880,33.400
2016-10-14,33.440,34.600,33.330,34.370
2016-10-17,34.480,35.570,34.440,35.440
2016-10-18,35.410,35.690,34.920,35.140
2016-10-19,35.240,35.600,34.970,35.410
2016-10-20,35.440,35.630,34.900,35.040
2016-10-21,35.060,35.260,34.660,35.120
2016-10-24,35.170,36.230,35.050,35.920
2016-10-25,36.100,36.200,35.620,35.790
2016-10-26,35.820,36.040,35.640,35.680
2016-10-27,35.680,35.900,35.080,35.230
2016-10-28,35.020,35.690,35.010,35.390
2016-10-31,35.430,35.480,35.070,35.190
2016-11-01,35.180,35.390,34.720,34.810
2016-11-02,34.840,35.050,34.560,34.960
2016-11-03,34.980,35.250,34.820,35.040
2016-11-04,35.090,35.130,34.510,34.720
2016-11-07,34.720,34.990,34.530,34.840
2016-11-08,34.840,35.550,34.820,35.330
2016-11-09,35.330,35.410,34.270,34.320
2016-11-10,34.320,35.060,34.320,34.830
2016-11-11,34.830,35.720,34.100,34.440
2016-11-14,34.440,34.650,33.750,33.940
2016-11-15,34.000,34.250,33.810,34.230
2016-11-16,34.490,34.930,34.200,34.340
2016-11-17,34.340,34.580,33.860,33.930
2016-11-18,33.930,34.560,33.720,34.400
2016-11-21,34.400,35.040,34.370,34.910
2016-11-22,34.910,35.180,34.680,34.810
2016-11-23,34.810,37.270,34.400,37.070
2016-11-24,37.070,37.070,37.070,37.070
2016-11-25,37.070,37.190,36.580,36.940
2016-11-28,36.940,37.630,36.750,36.940
2016-11-29,36.940,37.250,36.350,36.620
2016-11-30,36.620,37.300,36.520,36.920
2016-12-01,36.920,38.040,36.800,37.850
2016-12-02,37.850,37.930,37.440,37.740
2016-12-05,37.740,38.000,37.520,37.670
2016-12-06,37.670,38.280,37.520,37.780
2016-12-07,37.780,38.350,37.540,37.830
2016-12-08,37.830,37.830,36.960,37.380
2016-12-09,37.380,37.460,36.630,36.870
2016-12-12,36.870,37.450,36.770,36.940
2016-12-13,36.940,37.220,36.570,36.770
2016-12-14,36.770,37.050,36.610,36.920
2016-12-15,36.920,37.280,36.600,36.750
2016-12-16,37.030,37.300,36.810,37.080
2016-12-19,37.080,37.440,36.680,36.850
2016-12-20,36.850,36.920,36.320,36.380
2016-12-21,36.380,36.590,36.190,36.440
2016-12-22,36.440,36.460,35.060,35.170
2016-12-23,35.170,35.390,34.570,35.000
2016-12-26,35.000,35.000,35.000,35.000
2016-12-27,35.000,35.630,34.850,35.360
2016-12-28,35.360,35.530,34.670,35.130
2016-12-29,35.130,35.190,34.750,34.790
2016-12-30,34.790,35.020,34.620,34.690
2017-01-02,34.690,34.690,34.690,34.690
2017-01-03,34.690,35.000,34.620,34.880
2017-01-04,34.880,35.550,34.540,35.170
2017-01-05,35.170,35.430,35.040,35.170
2017-01-06,35.170,35.350,34.860,35.000
2017-01-09,35.000,35.510,34.890,35.460
2017-01-10,35.460,35.750,34.990,35.610
2017-01-11,35.610,36.080,35.380,35.960
2017-01-12,35.960,36.960,35.610,36.020
2017-01-13,36.020,36.200,35.500,35.560
2017-01-16,35.560,35.560,35.560,35.560
2017-01-17,35.560,36.070,35.500,35.510
2017-01-18,35.510,35.910,35.510,35.640
2017-01-19,35.640,35.820,35.350,35.460
2017-01-20,35.460,35.550,35.110,35.120
2017-01-23,35.120,35.520,35.100,35.170
2017-01-24,35.170,35.590,35.170,35.310
2017-01-25,35.310,35.310,34.750,34.880
2017-01-26,34.880,35.000,34.110,34.410
2017-01-27,34.410,34.520,34.020,34.340
2017-01-30,34.340,34.340,33.330,33.630
2017-01-31,33.630,34.080,33.550,33.830
2017-02-01,33.830,34.430,33.800,34.310
2017-02-02,34.310,34.750,34.150,34.550
2017-02-03,34.550,34.740,33.800,33.840
2017-02-06,33.840,34.480,33.840,34.450
2017-02-07,34.450,34.640,34.090,34.340
2017-02-08,34.340,34.830,34.250,34.660
2017-02-09,34.660,34.980,34.470,34.640
2017-02-10,34.640,34.960,34.360,34.580
2017-02-13,34.580,34.680,34.130,34.210
2017-02-14,34.210,34.320,33.750,34.180
2017-02-15,34.180,34.440,33.910,33.920
2017-02-16,34.200,34.380,33.760,33.860
2017-02-17,33.860,33.930,33.120,33.190
2017-02-20,33.190,33.190,33.190,33.190
2017-02-21,33.190,33.440,32.770,32.900
2017-02-22,32.900,33.390,32.900,33.080
2017-02-23,33.080,33.190,32.510,32.650
2017-02-24,32.650,32.930,32.600,32.660
2017-02-27,32.660,32.860,32.350,32.680
2017-02-28,32.680,34.740,32.550,34.150
2017-03-01,34.150,34.810,33.780,34.790
2017-03-02,34.790,34.790,34.080,34.150
2017-03-03,34.150,34.440,33.840,34.440
2017-03-06,34.440,34.600,34.040,34.310
2017-03-07,34.310,34.320,33.410,33.760
2017-03-08,33.760,33.990,33.400,33.510
2017-03-09,33.510,33.670,33.030,33.190
2017-03-10,33.190,33.270,32.610,32.640
2017-03-13,32.670,32.940,32.080,32.100
2017-03-14,32.120,32.400,31.690,32.290
2017-03-15,32.280,32.690,32.120,32.210
2017-03-16,32.290,32.570,32.110,32.290
2017-03-17,32.300,32.530,32.200,32.280
2017-03-20,32.460,32.890,32.370,32.650
2017-03-21,32.800,33.300,32.590,33.090
2017-03-22,33.150,33.590,32.750,33.480
2017-03-23,33.530,33.940,33.130,33.130
2017-03-24,33.160,33.290,32.200,32.240
2017-03-27,32.280,32.390,31.650,32.270
2017-03-28,32.310,32.640,32.180,32.430
2017-03-29,32.450,32.650,32.170,32.200
2017-03-30,32.270,32.320,31.470,32.000
2017-03-31,31.960,32.110,31.360,31.800
2017-04-03,31.880,32.100,31.350,31.410
2017-04-04,31.520,31.710,31.230,31.390
2017-04-05,31.390,32.010,31.370,31.840
2017-04-06,31.880,32.010,31.260,31.270
2017-04-07,31.290,31.670,31.030,31.580
2017-04-10,31.620,31.800,31.180,31.370
2017-04-11,31.350,31.660,30.860,31.110
2017-04-12,31.110,31.380,30.980,31.240
2017-04-13,31.240,31.480,31.160,31.280
2017-04-14,31.280,31.280,31.280,31.280
2017-04-17,31.520,32.190,31.400,32.040
2017-04-18,32.000,32.070,31.300,31.440
2017-04-19,31.520,31.920,31.220,31.790
2017-04-20,31.790,32.200,31.660,32.040
2017-04-21,31.980,32.270,31.870,32.160
2017-04-24,32.330,32.550,31.530,31.900
2017-04-25,31.860,32.030,31.480,31.840
2017-04-26,31.810,32.500,31.710,32.160
2017-04-27,32.160,32.350,31.940,32.020
2017-04-28,32.030,32.180,31.620,31.720
2017-05-01,31.900,32.210,31.750,32.190
2017-05-02,32.080,32.800,32.070,32.660
2017-05-03,32.700,32.750,32.290,32.610
2017-05-04,32.600,32.910,32.410,32.450
2017-05-05,32.430,33.470,32.340,32.970
2017-05-08,32.860,33.220,32.850,32.910
2017-05-09,32.910,33.170,32.810,32.890
2017-05-10,32.900,32.950,32.230,32.250
2017-05-11,32.310,32.660,32.250,32.520
2017-05-12,32.510,32.920,32.270,32.840
2017-05-15,32.820,33.300,32.810,33.090
2017-05-16,33.060,33.380,32.930,33.000
2017-05-17,33.010,33.390,32.960,33.120
2017-05-18,33.110,33.110,32.250,32.450
2017-05-19,32.490,33.080,32.410,33.050
2017-05-22,33.070,33.440,32.900,32.980
2017-05-23,33.010,33.120,32.300,32.390
2017-05-24,32.360,32.570,32.160,32.320
2017-05-25,32.270,32.570,32.010,32.030
2017-05-26,32.090,32.130,31.550,31.600
2017-05-29,31.600,31.600,31.600,31.600
2017-05-30,31.600,31.730,31.140,31.370
2017-05-31,31.420,31.580,31.200,31.320
2017-06-01,31.400,31.580,31.180,31.270
2017-06-02,31.290,31.410,30.960,31.050
2017-06-05,31.150,31.350,30.890,31.290
2017-06-06,31.300,31.720,31.160,31.420
2017-06-07,31.400,31.520,31.180,31.360
2017-06-08,31.330,31.930,31.230,31.770
2017-06-09,31.770,32.340,31.610,32.290
2017-06-12,32.330,32.470,31.890,31.900
2017-06-13,32.000,32.240,31.810,32.140
2017-06-14,32.070,32.280,31.960,32.070
2017-06-15,32.090,32.820,31.930,32.780
2017-06-16,32.860,33.330,32.740,33.270
2017-06-19,33.260,33.490,32.900,32.980
2017-06-20,32.950,33.080,32.090,32.160
2017-06-21,32.150,32.380,31.850,32.050
2017-06-22,32.000,32.150,31.620,31.710
2017-06-23,31.610,31.750,31.400,31.690
2017-06-26,31.680,31.800,31.500,31.580
2017-06-27,31.520,32.240,31.520,32.070
2017-06-28,32.080,32.300,31.860,32.130
2017-06-29,32.130,32.690,32.100,32.440
2017-06-30,32.360,33.050,32.300,32.960
2017-07-03,33.180,33.800,33.110,33.200
2017-07-04,33.200,33.200,33.200,33.200
2017-07-05,33.200,33.730,32.040,33.220
2017-07-06,33.210,33.230,32.760,32.880
2017-07-07,32.870,33.140,32.620,32.810
2017-07-10,33.190,33.790,32.970,33.740
2017-07-11,33.690,33.930,33.250,33.750
2017-07-12,33.710,33.820,33.350,33.550
2017-07-13,33.400,33.430,33.020,33.130
2017-07-14,32.980,33.440,32.890,33.430
2017-07-17,33.290,33.480,32.970,33.010
2017-07-18,33.180,33.600,33.050,33.160
2017-07-19,33.160,33.690,33.030,33.470
2017-07-20,33.460,33.960,33.420,33.890
2017-07-21,33.870,33.960,33.640,33.810
2017-07-24,33.570,33.720,33.230,33.630
2017-07-25,33.890,34.140,33.450,33.460
2017-07-26,33.450,33.870,33.380,33.770
2017-07-27,33.730,34.200,33.660,33.810
2017-07-28,33.790,35.160,33.550,34.620
2017-07-31,34.700,34.810,34.330,34.740
2017-08-01,34.710,34.820,33.920,33.960
2017-08-02,33.970,34.290,33.930,34.220
2017-08-03,34.230,34.270,33.330,33.450
2017-08-04,33.360,33.840,33.280,33.660
2017-08-07,33.730,33.800,33.330,33.570
2017-08-08,33.580,34.130,33.500,33.860
2017-08-09,33.920,34.250,33.750,34.190
2017-08-10,34.210,34.800,33.530,33.780
2017-08-11,33.750,34.070,33.530,33.600
2017-08-14,33.480,33.760,33.000,33.330
2017-08-15,33.330,33.410,32.700,32.780
2017-08-16,32.730,33.000,32.620,32.910
2017-08-17,32.860,33.340,32.860,33.170
2017-08-18,33.150,33.810,33.130,33.730
2017-08-21,33.620,34.070,33.460,33.750
2017-08-22,33.790,34.180,33.710,34.040
2017-08-23,34.910,35.010,34.360,34.670
2017-08-24,34.710,35.130,34.600,34.800
2017-08-25,34.800,34.840,34.440,34.540
2017-08-28,34.570,34.900,34.410,34.580
2017-08-29,34.580,34.600,34.150,34.260
2017-08-30,34.270,34.530,34.080,34.380
2017-08-31,34.330,34.840,34.250,34.750
2017-09-01,34.810,35.500,34.810,35.480
2017-09-04,35.480,35.480,35.480,35.480
2017-09-05,35.630,35.750,35.090,35.210
2017-09-06,35.190,35.510,34.940,35.270
2017-09-07,35.350,35.790,35.130,35.170
2017-09-08,35.180,35.490,34.620,34.650
2017-09-11,34.680,34.950,34.560,34.920
2017-09-12,34.880,35.160,34.400,34.770
2017-09-13,34.950,35.200,34.800,34.840
2017-09-14,34.880,35.120,34.710,34.850
2017-09-15,34.830,34.950,34.450,34.510
2017-09-18,34.480,34.690,34.160,34.200
2017-09-19,34.200,34.630,33.990,34.550
2017-09-20,34.580,34.810,34.380,34.670
2017-09-21,34.720,34.720,34.080,34.090
2017-09-22,34.100,34.370,33.920,33.990
2017-09-25,33.930,34.050,33.630,33.790
2017-09-26,33.800,34.070,33.060,33.190
2017-09-27,33.210,33.490,32.900,33.000
2017-09-28,33.010,33.010,32.560,32.630
2017-09-29,32.820,33.180,32.650,32.840
2017-10-02,32.890,32.910,32.300,32.500
2017-10-03,32.540,32.810,32.350,32.730
2017-10-04,32.690,33.250,32.690,33.200
2017-10-05,33.210,33.450,32.920,32.960
2017-10-06,32.970,33.180,32.760,33.010
2017-10-09,33.070,33.300,32.970,33.230
2017-10-10,33.190,33.250,33.000,33.140
2017-10-11,33.130,33.390,33.030,33.160
2017-10-12,33.150,33.520,32.850,33.340
2017-10-13,33.260,33.840,33.230,33.710
2017-10-16,33.670,33.910,33.550,33.610
2017-10-17,33.640,33.740,33.350,33.640
2017-10-18,33.580,33.680,33.300,33.370
2017-10-19,33.440,33.870,33.280,33.810
2017-10-20,33.760,34.470,33.720,34.160
2017-10-23,34.130,34.650,34.040,34.560
2017-10-24,34.600,34.650,34.300,34.340
2017-10-25,34.380,34.690,34.200,34.250
2017-10-26,34.300,34.630,34.290,34.510
2017-10-27,34.480,34.900,34.350,34.830
2017-10-30,34.900,35.130,34.410,34.640
2017-10-31,34.670,34.790,34.480,34.670
2017-11-01,34.680,35.050,34.650,34.850
2017-11-02,34.830,35.100,34.590,34.820
2017-11-03,34.860,34.860,34.270,34.390
2017-11-06,34.390,34.990,34.260,34.710
2017-11-07,34.710,35.120,34.610,34.960
2017-11-08,34.960,35.400,34.920,35.360
2017-11-09,35.360,35.440,35.050,35.150
2017-11-10,35.150,35.160,34.770,34.780
2017-11-13,34.780,34.830,34.280,34.330
2017-11-14,34.330,34.400,34.010,34.040
2017-11-15,34.040,34.770,34.010,34.700
2017-11-16,34.700,34.850,34.380,34.460
2017-11-17,34.460,34.650,34.150,34.470
2017-11-20,34.470,34.470,33.690,33.940
2017-11-21,33.940,34.350,33.900,34.140
2017-11-22,34.140,34.480,33.960,34.000
2017-11-23,34.000,34.000,34.000,34.000
2017-11-24,34.000,34.080,33.680,33.940
2017-11-27,33.940,34.170,33.440,33.660
2017-11-28,33.600,34.010,33.530,33.890
2017-11-29,33.890,34.030,33.640,33.920
2017-11-30,33.920,34.550,33.710,33.750
2017-12-01,33.890,34.050,33.600,33.730
2017-12-04,33.730,33.960,33.420,33.510
2017-12-05,33.540,33.590,33.240,33.470
2017-12-06,33.470,33.590,33.050,33.170
2017-12-07,33.170,33.390,32.800,33.280
2017-12-08,33.280,33.670,33.050,33.620
2017-12-11,33.620,33.700,33.340,33.410
2017-12-12,33.410,33.750,33.200,33.460
2017-12-13,33.410,33.500,32.980,33.180
2017-12-14,33.180,33.290,32.890,33.190
2017-12-15,33.160,33.660,32.970,33.210
2017-12-18,33.210,33.400,33.000,33.080
2017-12-19,33.080,33.310,33.050,33.200
2017-12-20,33.200,33.480,32.890,32.940
2017-12-21,32.940,33.010,32.510,32.630
2017-12-22,32.650,32.860,32.520,32.710
2017-12-25,32.710,32.710,32.710,32.710
2017-12-26,32.710,33.330,32.710,33.230
2017-12-27,33.240,33.450,33.010,33.080
2017-12-28,33.080,33.120,32.320,32.530
2017-12-29,32.530,33.160,32.440,33.060
2018-01-01,33.060,33.060,33.060,33.060
2018-01-02,33.200,33.620,33.200,33.570
2018-01-03,33.570,33.910,33.520,33.860
2018-01-04,33.860,33.980,33.700,33.870
2018-01-05,33.870,34.100,33.700,33.740
2018-01-08,33.740,33.880,33.290,33.550
2018-01-09,33.550,33.760,33.340,33.690
2018-01-10,33.690,33.830,33.230,33.420
2018-01-11,33.420,33.550,33.080,33.110
2018-01-12,33.110,33.400,32.830,33.160
2018-01-15,33.160,33.160,33.160,33.160
2018-01-16,33.160,33.340,32.690,32.760
2018-01-17,32.760,32.830,32.410,32.490
2018-01-18,32.490,32.680,32.210,32.290
2018-01-19,32.290,32.350,32.120,32.300
2018-01-22,32.300,32.460,32.100,32.130
2018-01-23,32.130,32.660,32.130,32.520
2018-01-24,32.520,32.800,32.520,32.690
2018-01-25,32.690,32.850,32.460,32.480
2018-01-26,32.480,32.920,32.480,32.830
2018-01-29,32.830,32.970,32.720,32.860
2018-01-30,32.860,33.110,32.620,33.080
2018-01-31,33.080,33.140,32.920,33.050
2018-02-01,33.050,33.200,32.830,32.860
2018-02-02,32.860,32.920,32.480,32.520
2018-02-05,32.520,32.790,32.390,32.540
2018-02-06,32.540,33.310,32.360,33.140
2018-02-07,33.140,33.290,32.490,32.560
2018-02-08,32.560,32.710,32.190,32.210
2018-02-09,32.210,32.530,31.940,32.040
2018-02-12,32.040,32.360,31.810,31.880
2018-02-13,31.880,32.010,31.400,31.590
2018-02-14,31.590,31.860,31.420,31.780
2018-02-15,31.780,31.970,31.600,31.690
2018-02-16,31.690,31.840,31.480,31.490
2018-02-19,31.490,31.490,31.490,31.490
2018-02-20,31.490,31.890,31.420,31.850
2018-02-21,31.850,32.260,31.730,32.020
2018-02-22,32.020,32.180,31.900,32.040
2018-02-23,32.040,32.550,32.040,32.280
2018-02-26,32.280,32.720,32.280,32.560
2018-02-27,32.560,32.650,32.140,32.220
2018-02-28,32.220,32.400,31.940,31.960
2018-03-01,32.260,32.590,31.930,32.400
2018-03-02,32.400,32.890,32.250,32.270
2018-03-05,32.270,32.580,32.170,32.230
2018-03-06,32.230,32.540,32.180,32.490
2018-03-07,32.490,32.560,32.040,32.070
2018-03-08,32.070,32.100,31.800,31.810
2018-03-09,31.810,31.890,31.430,31.610
2018-03-12,31.600,31.770,31.470,31.730
2018-03-13,31.730,32.250,31.680,32.190
2018-03-14,32.210,32.370,31.630,31.720
2018-03-15,31.730,32.150,31.640,32.060
2018-03-16,32.060,32.280,31.850,32.120
2018-03-19,32.040,32.120,31.720,32.040
2018-03-20,32.050,32.150,31.520,31.740
2018-03-21,31.700,32.500,31.620,32.360
2018-03-22,32.350,32.410,31.710,31.890
2018-03-23,31.850,31.980,31.370,31.380
2018-03-26,31.480,31.730,31.390,31.470
2018-03-27,31.460,31.640,31.350,31.580
2018-03-28,31.580,31.890,31.400,31.630
2018-03-29,31.630,32.150,31.420,31.960
2018-03-30,31.960,31.960,31.960,31.960
2018-04-02,32.060,32.240,31.900,32.040
2018-04-03,32.030,32.730,31.950,32.380
2018-04-04,32.300,32.430,31.370,31.750
2018-04-05,31.770,31.820,31.520,31.740
2018-04-06,31.530,31.770,31.460,31.570
2018-04-09,31.530,31.750,31.290,31.550
2018-04-10,31.510,31.890,31.440,31.820
2018-04-11,31.790,31.920,31.440,31.530
2018-04-12,31.550,31.730,31.400,31.660
2018-04-13,31.680,31.810,31.440,31.450
2018-04-16,31.520,31.580,31.140,31.270
2018-04-17,31.260,31.410,31.160,31.190
2018-04-18,31.250,31.430,31.160,31.350
2018-04-19,31.420,31.570,31.330,31.400
2018-04-20,31.450,31.490,31.250,31.290
2018-04-23,31.200,31.400,30.890,30.960
2018-04-24,31.070,31.290,30.950,31.010
2018-04-25,31.010,31.070,30.730,30.780
2018-04-26,30.790,30.920,30.740,30.780
2018-04-27,30.760,30.810,30.250,30.540
2018-04-30,30.450,30.480,30.320,30.350
2018-05-01,30.660,30.760,30.150,30.380
2018-05-02,30.380,30.800,30.350,30.611
2018-05-03,30.660,30.850,30.380,30.751
2018-05-04,30.710,30.940,30.520,30.773
2018-05-07,30.680,30.950,30.680,30.871
2018-05-08,30.810,31.000,30.560,30.661
2018-05-09,30.690,31.100,30.680,31.061
2018-05-10,31.030,31.160,30.900,31.101
2018-05-11,31.160,31.410,31.020,31.260
2018-05-14,31.320,31.480,31.150,31.301
2018-05-15,31.340,31.360,31.010,31.111
2018-05-16,31.040,31.090,30.550,30.601
2018-05-17,30.630,31.280,30.600,30.941
2018-05-18,30.960,31.410,30.940,31.047
2018-05-21,31.220,31.440,31.090,31.431
2018-05-22,31.480,31.800,31.380,31.461
2018-05-23,31.510,31.850,31.440,31.671
2018-05-24,31.630,32.050,31.610,31.741
2018-05-25,31.710,31.730,31.250,31.308
2018-05-28,31.311,31.310,31.310,31.311
2018-05-29,31.290,31.460,31.040,31.241
2018-05-30,31.180,31.540,31.120,31.471
2018-05-31,31.530,31.650,31.070,31.151
2018-06-01,31.150,31.500,31.140,31.229
2018-06-04,31.080,31.270,30.810,30.961
2018-06-05,30.920,31.000,30.710,30.791
2018-06-06,30.750,30.920,30.630,30.651
2018-06-07,30.640,30.820,30.570,30.601
2018-06-08,30.590,30.670,30.270,30.511
2018-06-11,30.440,30.690,30.400,30.551
2018-06-12,30.680,30.730,30.020,30.051
2018-06-13,30.090,30.230,30.010,30.051
2018-06-14,30.070,30.200,29.780,30.071
2018-06-15,29.990,30.050,29.450,29.483
2018-06-18,29.540,29.650,29.390,29.531
2018-06-19,29.520,29.590,27.790,28.891
2018-06-20,29.030,29.420,28.950,29.321
2018-06-21,29.450,29.450,29.010,29.231
2018-06-22,29.230,29.460,29.180,29.229
2018-06-25,29.160,29.270,28.910,29.001
2018-06-26,28.900,29.190,28.890,28.911
2018-06-27,28.910,29.180,28.890,28.971
2018-06-28,28.860,29.270,28.860,28.951
2018-06-29,29.030,29.490,29.030,29.250
2018-07-02,29.190,29.260,28.810,28.921
2018-07-03,28.860,29.030,28.680,28.801
2018-07-04,28.801,28.800,28.800,28.801
2018-07-05,28.800,28.800,28.510,28.531
2018-07-06,28.520,29.140,28.420,29.000
2018-07-09,29.030,29.100,28.770,28.891
2018-07-10,28.910,29.010,28.730,29.011
2018-07-11,28.740,28.880,28.400,28.411
2018-07-12,28.550,28.580,28.220,28.231
2018-07-13,28.340,28.350,27.520,27.888
2018-07-16,27.940,27.970,27.600,27.641
2018-07-17,27.800,27.910,27.570,27.751
2018-07-18,27.750,28.100,27.730,28.061
2018-07-19,28.120,28.120,27.710,27.841
2018-07-20,27.830,28.270,27.710,28.269
2018-07-23,28.310,28.310,27.960,27.981
2018-07-24,27.970,28.280,27.860,28.251
2018-07-25,28.230,28.470,28.170,28.411
2018-07-26,28.410,28.690,28.110,28.161
2018-07-27,28.150,28.580,28.110,28.486
2018-07-30,28.560,28.660,28.250,28.381
2018-07-31,28.380,28.800,28.320,28.741
2018-08-01,28.800,28.850,28.560,28.711
2018-08-02,28.700,28.760,28.050,28.381
2018-08-03,28.290,28.560,28.160,28.499
2018-08-06,28.500,28.660,28.360,28.461
2018-08-07,28.460,28.780,28.450,28.721
2018-08-08,28.750,28.880,28.540,28.591
2018-08-09,28.560,28.710,28.440,28.531
2018-08-10,28.550,28.670,28.000,28.089
2018-08-13,28.100,28.400,27.800,28.281
2018-08-14,28.200,28.320,28.060,28.251
2018-08-15,28.250,28.290,27.740,27.931
2018-08-16,27.870,28.250,27.810,28.101
2018-08-17,28.150,28.400,28.070,28.307
2018-08-20,28.440,28.610,28.320,28.571
2018-08-21,28.390,28.760,28.390,28.581
2018-08-22,28.500,28.610,28.140,28.251
2018-08-23,28.230,28.240,27.960,28.081
2018-08-24,28.020,28.480,28.010,28.180
2018-08-27,28.010,28.510,27.910,28.411
2018-08-28,28.350,28.570,28.120,28.191
2018-08-29,28.230,28.320,28.000,28.001
2018-08-30,27.990,28.310,27.950,28.291
2018-08-31,28.330,28.570,28.250,28.512
2018-09-03,28.510,28.510,28.510,28.511
2018-09-04,28.480,28.730,28.350,28.501
2018-09-05,28.530,28.590,28.200,28.301
2018-09-06,28.310,28.410,28.210,28.261
2018-09-07,28.280,28.300,27.890,28.054
2018-09-10,28.020,28.140,27.940,28.071
2018-09-11,28.130,28.130,27.790,27.791
2018-09-12,27.820,27.830,27.370,27.731
2018-09-13,27.710,27.910,27.510,27.591
2018-09-14,27.640,27.680,27.390,27.507
2018-09-17,27.490,27.630,27.370,27.491
2018-09-18,27.330,27.460,27.090,27.111
2018-09-19,27.120,27.280,26.880,27.281
2018-09-20,27.350,27.900,27.080,27.561
2018-09-21,27.600,28.240,27.370,28.218
2018-09-24,28.100,28.550,27.890,28.221
2018-09-25,28.230,28.450,28.100,28.361
2018-09-26,28.360,28.620,28.290,28.461
2018-09-27,28.470,28.900,28.380,28.821
2018-09-28,28.800,29.110,28.590,28.690
2018-10-01,28.990,29.400,28.790,29.211
2018-10-02,29.210,29.690,29.170,29.671
2018-10-03,29.620,29.880,29.580,29.801
2018-10-04,29.820,30.010,29.560,29.601
2018-10-05,29.560,29.670,29.290,29.458
2018-10-08,29.440,29.650,29.090,29.611
2018-10-09,29.630,29.640,29.150,29.221
2018-10-10,29.280,29.340,28.850,28.921
2018-10-11,28.940,29.050,28.630,29.021
2018-10-12,29.020,29.430,28.990,29.380
2018-10-15,29.430,29.780,29.310,29.781
2018-10-16,29.840,29.880,29.570,29.681
2018-10-17,29.720,29.810,29.530,29.561
2018-10-18,29.520,29.570,29.000,29.031
2018-10-19,29.150,29.440,28.960,29.129
2018-10-22,29.100,29.320,29.060,29.171
2018-10-23,29.180,29.180,28.720,28.761
2018-10-24,28.710,28.810,28.540,28.611
2018-10-25,28.620,28.650,28.290,28.431
2018-10-26,28.350,28.460,28.100,28.133
2018-10-29,28.220,28.370,27.880,27.931
2018-10-30,27.880,28.040,27.750,27.991
2018-10-31,28.000,28.140,27.810,28.011
2018-11-01,27.970,28.470,27.890,28.311
2018-11-02,28.320,28.560,28.100,28.218
2018-11-05,28.220,28.290,27.810,27.881
2018-11-06,27.880,28.050,27.770,27.931
2018-11-07,27.930,28.240,27.830,28.231
2018-11-08,28.200,28.260,27.760,28.061
2018-11-09,28.020,28.060,27.610,27.651
2018-11-12,27.650,27.810,27.600,27.711
2018-11-13,27.660,27.810,27.450,27.591
2018-11-14,27.590,27.680,27.390,27.571
2018-11-15,27.570,27.770,27.570,27.681
2018-11-16,27.680,27.850,27.290,27.451
2018-11-19,27.450,27.470,27.260,27.331
2018-11-20,27.330,27.550,27.170,27.321
2018-11-21,27.320,27.870,27.320,27.851
2018-11-22,27.850,27.850,27.850,27.851
2018-11-23,27.850,27.850,27.550,27.597
2018-11-26,27.600,27.760,26.950,26.971
2018-11-27,26.970,27.350,26.950,27.161
2018-11-28,27.160,27.750,27.160,27.721
2018-11-29,27.720,27.840,27.590,27.681
2018-11-30,27.880,28.110,27.870,28.034
2018-12-03,28.030,28.720,28.030,28.501
2018-12-04,28.500,28.940,28.390,28.841
2018-12-05,28.840,28.990,28.690,28.851
2018-12-06,28.850,28.850,28.470,28.671
2018-12-07,28.670,28.980,28.560,28.695
2018-12-10,28.690,28.910,28.580,28.741
2018-12-11,28.740,29.030,28.520,28.961
2018-12-12,28.960,29.250,28.860,29.001
2018-12-13,29.000,29.090,28.700,28.831
2018-12-14,28.830,28.830,28.440,28.442
2018-12-17,28.440,28.570,28.150,28.181
2018-12-18,28.180,28.470,28.180,28.401
2018-12-19,28.400,28.820,28.260,28.481
2018-12-20,28.480,28.540,28.170,28.251
2018-12-21,28.250,28.280,27.800,27.874
2018-12-24,27.870,27.970,27.730,27.731
2018-12-25,27.731,27.730,27.730,27.731
2018-12-26,27.730,27.780,27.310,27.381
2018-12-27,27.380,27.570,27.270,27.311
2018-12-28,27.310,27.520,27.310,27.485
2018-12-31,27.480,27.710,27.480,27.541
2019-01-01,27.841,27.840,27.840,27.841
2019-01-02,27.840,28.330,27.840,28.241
2019-01-03,28.240,28.460,28.200,28.381
2019-01-04,28.380,28.700,28.380,28.635
2019-01-07,28.640,28.800,28.470,28.491
2019-01-08,28.490,28.700,28.210,28.401
2019-01-09,28.400,28.670,28.390,28.581
2019-01-10,28.580,28.670,28.080,28.161
2019-01-11,28.160,28.450,28.160,28.436
2019-01-14,28.440,28.590,28.160,28.401
2019-01-15,28.400,28.520,28.190,28.271
2019-01-16,28.270,28.440,28.130,28.211
2019-01-17,28.210,28.790,28.150,28.761
2019-01-18,28.760,29.080,28.660,29.037
2019-01-21,29.041,29.040,29.040,29.041
2019-01-22,29.040,29.230,28.760,29.061
2019-01-23,29.060,29.420,29.060,29.361
2019-01-24,29.360,29.540,29.170,29.531
2019-01-25,29.530,30.050,29.470,29.995
2019-01-28,29.990,30.320,29.900,30.261
2019-01-29,30.260,30.290,29.980,30.111
2019-01-30,30.110,30.440,30.070,30.321
2019-01-31,30.320,30.480,30.130,30.211
2019-02-01,30.210,30.620,29.810,29.862
2019-02-04,29.860,30.160,29.650,30.131
2019-02-05,30.130,30.390,29.940,30.391
2019-02-06,30.390,30.910,30.280,30.841
2019-02-07,30.840,31.010,30.680,30.781
2019-02-08,30.780,30.950,30.460,30.859
2019-02-11,30.860,30.870,30.150,30.251
2019-02-12,30.250,30.470,30.070,30.321
2019-02-13,30.320,30.390,29.950,30.011
2019-02-14,30.010,30.160,29.810,29.921
2019-02-15,29.920,30.060,29.670,29.969
2019-02-18,29.971,29.970,29.970,29.971
2019-02-19,29.970,30.250,29.710,29.741
2019-02-20,29.740,30.040,29.620,29.981
2019-02-21,29.980,30.660,29.900,30.521
2019-02-22,30.520,30.550,30.300,30.533
2019-02-25,30.530,30.810,30.320,30.351
2019-02-26,30.350,30.440,29.830,30.141
2019-02-27,30.140,30.190,29.760,29.851
2019-02-28,29.850,30.030,29.820,29.961
2019-03-01,30.240,30.640,30.160,30.214
2019-03-04,30.210,30.560,30.050,30.111
2019-03-05,30.110,30.190,29.820,30.061
2019-03-06,30.060,30.110,29.740,29.781
2019-03-07,29.780,29.830,29.480,29.631
2019-03-08,29.630,29.700,29.470,29.661
2019-03-11,29.740,29.790,29.470,29.661
2019-03-12,29.680,30.080,29.580,29.971
2019-03-13,29.940,30.040,29.710,29.911
2019-03-14,29.930,30.000,29.520,29.531
2019-03-15,29.600,29.690,29.380,29.468
2019-03-18,29.430,29.530,29.280,29.461
2019-03-19,29.490,29.490,29.150,29.291
2019-03-20,29.280,29.400,29.200,29.291
2019-03-21,29.310,29.470,29.080,29.111
2019-03-22,29.110,29.190,28.600,28.610
2019-03-25,28.640,28.890,28.540,28.791
2019-03-26,28.820,28.850,28.580,28.641
2019-03-27,28.640,28.840,28.520,28.821
2019-03-28,28.830,28.840,28.600,28.651
2019-03-29,28.630,28.720,28.340,28.376
2019-04-01,28.370,28.630,28.370,28.581
2019-04-02,28.580,28.980,28.540,28.971
2019-04-03,28.960,29.070,28.740,28.801
2019-04-04,28.740,29.250,28.740,29.231
2019-04-05,29.180,29.400,29.060,29.141
2019-04-08,29.130,29.150,28.780,28.871
2019-04-09,28.840,29.140,28.780,28.981
2019-04-10,29.010,29.110,28.810,29.061
2019-04-11,29.020,29.070,28.870,28.981
2019-04-12,28.950,29.130,28.900,28.933
2019-04-15,28.920,29.010,28.760,28.791
2019-04-16,28.750,28.790,28.590,28.741
2019-04-17,28.710,28.940,28.450,28.481
2019-04-18,28.480,28.830,28.400,28.811
2019-04-19,28.815,28.810,28.810,28.815
2019-04-22,28.800,28.840,28.620,28.721
2019-04-23,28.700,28.750,27.990,28.021
2019-04-24,28.120,28.240,27.880,27.891
2019-04-25,27.920,28.000,27.570,27.591
2019-04-26,27.600,27.640,27.200,27.554
2019-04-29,27.570,27.960,27.420,27.891
2019-04-30,27.880,28.020,27.560,27.601
2019-05-01,27.900,28.010,27.550,27.681
2019-05-02,27.710,27.760,27.170,27.441
2019-05-03,27.500,27.580,27.290,27.318
2019-05-06,27.070,27.270,26.530,27.121
2019-05-07,27.020,27.400,26.960,27.061
2019-05-08,27.070,27.200,26.700,26.921
2019-05-09,26.920,26.920,26.500,26.571
2019-05-10,26.650,26.810,26.430,26.794
2019-05-13,26.510,26.730,26.210,26.601
2019-05-14,26.590,27.150,26.590,26.931
2019-05-15,27.030,27.500,26.900,27.271
2019-05-16,27.240,27.750,27.230,27.681
2019-05-17,27.770,27.790,27.110,27.176
2019-05-20,27.310,27.670,27.270,27.511
2019-05-21,27.710,27.720,27.100,27.131
2019-05-22,27.150,27.420,26.990,27.271
2019-05-23,27.250,27.310,26.740,26.751
2019-05-24,26.870,27.170,26.790,27.015
2019-05-27,27.010,27.010,27.010,27.011
2019-05-28,27.290,27.500,27.180,27.291
2019-05-29,27.330,28.230,27.260,27.711
2019-05-30,27.780,27.920,27.420,27.741
2019-05-31,27.830,27.830,27.460,27.584
2019-06-03,27.590,27.590,27.310,27.390
2019-06-04,27.600,27.730,27.380,27.430
2019-06-05,27.570,27.580,27.240,27.250
2019-06-06,27.220,27.650,27.070,27.580
2019-06-07,27.780,27.870,27.390,27.390
2019-06-10,27.380,27.550,27.180,27.540
2019-06-11,27.380,27.520,27.190,27.260
2019-06-12,27.270,27.620,26.930,27.570
2019-06-13,27.580,27.800,27.500,27.580
2019-06-14,28.100,28.130,27.820,27.970
2019-06-17,27.910,28.200,27.740,28.120
2019-06-18,28.330,28.540,28.080,28.341
2019-06-19,28.410,28.560,28.160,28.311
2019-06-20,28.360,28.650,28.100,28.581
2019-06-21,28.590,28.720,28.410,28.422
2019-06-24,28.470,28.570,28.250,28.381
2019-06-25,28.560,28.630,27.950,27.971
2019-06-26,27.990,28.100,27.770,27.831
2019-06-27,27.860,28.040,27.650,27.791
2019-06-28,27.850,28.310,27.770,28.270
2019-07-01,28.590,28.730,28.090,28.205
2019-07-02,28.740,28.850,28.630,28.730
2019-07-03,28.380,28.690,28.150,28.480
2019-07-05,28.640,28.750,27.970,27.970
2019-07-08,28.140,28.550,28.030,28.450
2019-07-09,28.270,28.610,28.220,28.500
2019-07-10,28.690,28.760,28.320,28.560
2019-07-11,28.580,28.710,28.410,28.570
2019-07-12,28.550,28.900,28.340,28.780
2019-07-15,28.740,28.970,28.650,28.780
2019-07-16,28.640,28.940,28.380,28.470
2019-07-17,28.700,28.700,28.050,28.130
2019-07-18,28.140,28.290,27.870,28.070
2019-07-19,28.190,28.640,28.010,28.600
2019-07-22,28.550,28.680,28.130,28.220
2019-07-23,28.340,28.540,28.170,28.460
2019-07-24,28.690,29.050,28.450,28.770
2019-07-25,29.060,29.110,28.770,28.830
2019-07-26,28.810,29.090,28.710,28.990
2019-07-29,29.090,29.280,28.920,28.970
2019-07-30,29.010,29.110,28.690,28.790
2019-07-31,28.770,28.910,28.200,28.280
2019-08-01,28.400,28.560,27.970,28.160
2019-08-02,28.260,28.770,28.110,28.720
2019-08-05,28.350,28.680,28.160,28.260
2019-08-06,28.480,28.580,27.910,27.950
2019-08-07,28.040,28.400,27.880,28.300
2019-08-08,28.630,29.400,28.270,29.360
2019-08-09,29.810,30.030,29.210,29.980
2019-08-12,29.800,30.180,29.570,30.020
2019-08-13,29.890,30.250,29.480,29.600
2019-08-14,29.570,29.780,29.450,29.560
2019-08-15,29.390,29.780,29.350,29.490
2019-08-16,29.660,29.920,29.440,29.470
2019-08-19,29.340,29.520,28.880,29.020
2019-08-20,29.240,29.380,28.650,28.820
2019-08-21,29.050,29.200,28.790,29.070
2019-08-22,29.240,29.320,28.840,28.850
2019-08-23,28.670,29.000,28.530,28.620
2019-08-26,28.870,28.980,28.650,28.650
2019-08-27,28.440,28.750,28.300,28.370
2019-08-28,28.380,28.510,28.220,28.430
2019-08-29,28.300,28.620,28.250,28.570
2019-08-30,28.570,28.870,28.490,28.830
2019-09-03,28.490,29.130,28.410,29.010
2019-09-04,28.920,29.140,28.840,28.980
2019-09-05,28.990,29.050,28.430,28.620
2019-09-06,28.720,28.860,28.480,28.630
2019-09-09,28.500,28.730,28.200,28.420
2019-09-10,28.520,28.660,28.310,28.540
2019-09-11,28.580,28.920,28.440,28.840
2019-09-12,29.040,29.330,28.820,29.120
2019-09-13,29.240,29.500,29.020,29.380
2019-09-16,29.690,30.360,29.600,30.240
2019-09-17,30.050,30.410,29.940,30.010
2019-09-18,29.900,30.150,29.880,29.980
2019-09-19,29.810,30.060,29.730,29.960
2019-09-20,29.730,29.970,29.380,29.390
2019-09-23,29.530,29.650,29.230,29.260
2019-09-24,29.210,29.390,29.110,29.300
2019-09-25,29.220,29.370,28.970,29.140
2019-09-26,29.240,29.330,29.050,29.120
2019-09-27,29.080,29.190,28.750,28.770
2019-09-30,28.860,29.310,28.800,29.090
2019-10-01,29.190,29.300,28.850,28.860
2019-10-02,29.050,29.280,28.930,29.160
2019-10-03,29.160,29.940,29.070,29.840
2019-10-04,30.050,30.150,29.540,29.840
2019-10-07,29.930,30.190,29.810,30.060
2019-10-08,29.860,30.150,29.730,29.790
2019-10-09,30.000,30.020,29.600,29.680
2019-10-10,29.800,29.990,29.550,29.720
2019-10-11,30.000,30.090,29.750,29.980
2019-10-14,29.850,30.200,29.820,29.990
2019-10-15,29.950,30.760,29.850,30.350
2019-10-16,30.340,30.540,30.250,30.430
2019-10-17,30.470,30.710,30.350,30.370
2019-10-18,30.430,30.600,30.330,30.340
2019-10-21,30.330,30.540,30.250,30.470
2019-10-22,30.740,30.970,30.350,30.790
2019-10-23,30.780,31.000,30.480,30.560
2019-10-24,30.820,31.420,30.530,31.350
2019-10-25,31.160,31.520,30.930,30.950
2019-10-28,31.060,31.210,30.610,30.780
2019-10-29,30.780,31.130,30.620,30.960
2019-10-30,31.220,31.320,30.900,30.960
2019-10-31,30.850,31.070,30.570,30.710
2019-11-01,30.770,31.120,30.650,31.050
2019-11-04,31.400,31.900,30.900,31.850
2019-11-05,31.680,31.960,31.530,31.560
2019-11-06,31.820,31.840,31.450,31.770
2019-11-07,31.590,31.780,31.410,31.430
2019-11-08,31.550,31.750,31.350,31.480
2019-11-11,31.740,31.890,31.400,31.420
2019-11-12,31.210,31.480,30.880,31.050
2019-11-13,30.820,31.220,30.510,30.530
2019-11-14,30.520,30.920,30.460,30.790
2019-11-15,30.660,30.840,30.410,30.440
2019-11-18,30.560,30.830,30.450,30.630
2019-11-19,30.920,31.240,30.570,30.950
2019-11-20,31.490,31.590,31.160,31.410
2019-11-21,31.240,31.450,30.750,30.810
2019-11-22,31.170,31.250,30.820,31.000
2019-11-25,30.820,31.260,30.470,30.580
2019-11-26,30.360,30.660,30.280,30.360
2019-11-27,30.510,30.600,30.380,30.470
2019-11-29,30.500,30.850,30.450,30.600
2019-12-02,30.660,30.800,30.110,30.210
2019-12-03,30.200,30.430,30.120,30.230
2019-12-04,30.280,30.530,30.150,30.430
2019-12-05,30.700,30.780,30.380,30.460
2019-12-06,30.830,31.300,30.490,31.200
2019-12-09,31.400,31.820,31.170,31.550
2019-12-10,31.580,31.800,31.360,31.650
2019-12-11,31.570,31.770,31.350,31.440
2019-12-12,31.620,32.280,31.420,32.220
2019-12-13,32.470,32.950,32.300,32.600
2019-12-16,33.100,33.200,32.630,33.170
2019-12-17,33.760,34.090,33.180,33.840
2019-12-18,33.350,33.800,33.260,33.410
2019-12-19,33.910,34.300,33.560,34.120
2019-12-20,34.130,34.270,33.850,34.100
2019-12-23,34.100,34.290,33.940,33.940
2019-12-24,33.990,34.250,33.800,34.200
2019-12-26,34.460,34.860,34.440,34.660
2019-12-27,34.980,35.180,34.640,35.070
2019-12-30,35.450,35.520,34.950,35.410
2019-12-31,34.930,35.400,34.380,34.800
2020-01-02,35.110,35.670,35.110,35.200
2020-01-03,35.140,35.400,34.750,35.010
2020-01-06,34.640,35.180,34.480,34.540
2020-01-07,34.640,34.780,34.440,34.690
2020-01-08,34.700,35.060,34.470,34.520
2020-01-09,34.820,34.950,34.520,34.660
2020-01-10,34.680,34.890,34.220,34.370
2020-01-13,34.110,34.550,33.900,33.950
2020-01-14,33.610,34.150,33.510,34.060
2020-01-15,33.760,34.110,33.250,33.340
2020-01-16,33.110,33.450,32.890,33.020
2020-01-17,32.880,33.420,32.750,33.300
2020-01-21,32.950,33.610,32.590,32.710
2020-01-22,33.200,33.370,32.610,33.050
2020-01-23,32.660,33.050,32.450,32.480
2020-01-24,32.080,32.540,31.860,31.980
2020-01-27,31.080,31.970,30.720,31.580
2020-01-28,31.080,31.630,30.560,31.490
2020-01-29,31.820,32.110,31.320,31.450
2020-01-30,31.020,31.670,30.580,30.580
2020-01-31,30.320,30.960,29.880,29.880
2020-02-03,29.910,30.420,29.810,30.200
2020-02-04,30.900,31.040,30.160,30.770
2020-02-05,31.650,31.690,30.640,31.340
2020-02-06,31.600,31.960,31.150,31.270
2020-02-07,31.040,31.500,30.740,30.910
2020-02-10,30.720,31.270,30.510,30.610
2020-02-11,30.500,30.950,30.400,30.740
2020-02-12,30.940,31.070,30.540,31.020
2020-02-13,30.510,31.000,30.410,30.750
2020-02-14,30.880,31.020,30.530,30.550
2020-02-18,30.600,30.770,30.330,30.410
2020-02-19,29.990,30.520,29.780,30.300
2020-02-20,30.380,30.430,30.040,30.100
2020-02-21,30.690,31.050,30.410,30.880
2020-02-24,30.430,30.740,29.730,29.880
2020-02-25,29.650,29.970,29.430,29.650
2020-02-26,29.600,29.770,29.280,29.460
2020-02-27,29.400,29.700,29.000,29.160
2020-02-28,28.650,29.210,28.350,28.780
2020-03-02,28.960,29.200,28.590,28.940
2020-03-03,29.250,29.500,28.910,29.190
2020-03-04,29.700,29.920,29.190,29.740
2020-03-05,29.660,30.160,29.330,29.340
2020-03-06,28.900,29.490,28.530,28.700
2020-03-09,27.670,28.330,27.070,27.590
2020-03-10,27.920,28.190,27.410,27.690
2020-03-11,27.650,28.040,27.510,27.550
2020-03-12,26.540,27.600,26.250,26.260
2020-03-13,26.830,26.950,25.650,26.310
2020-03-16,25.860,26.500,24.910,25.060
2020-03-17,25.390,25.900,24.970,25.220
2020-03-18,24.970,25.940,24.680,25.080
2020-03-19,25.330,25.730,24.850,25.540
2020-03-20,25.960,26.260,25.410,25.640
2020-03-23,25.950,26.210,25.250,26.060
2020-03-24,26.450,26.630,25.950,26.490
2020-03-25,26.600,27.040,26.120,26.760
2020-03-26,26.430,26.770,26.230,26.420
2020-03-27,26.550,26.960,26.330,26.950
2020-03-30,27.110,27.380,26.620,26.820
2020-03-31,26.820,27.150,26.680,27.050
2020-04-01,26.560,26.970,25.820,26.090
2020-04-02,26.100,26.830,25.820,26.230
2020-04-03,26.520,26.620,26.130,26.380
2020-04-06,26.450,26.940,26.200,26.860
2020-04-07,27.180,27.700,26.780,27.500
2020-04-08,27.430,27.570,27.060,27.230
2020-04-09,27.300,27.750,27.150,27.410
2020-04-13,27.280,27.800,26.760,26.960
2020-04-14,26.950,27.110,26.640,26.690
2020-04-15,26.980,27.330,26.630,26.890
2020-04-16,26.830,27.200,26.630,26.690
2020-04-17,26.740,27.010,26.610,26.620
2020-04-20,26.370,26.760,26.250,26.340
2020-04-21,25.700,26.350,25.180,25.800
2020-04-22,26.010,26.390,25.460,25.990
2020-04-23,26.440,26.700,25.980,26.110
2020-04-24,26.000,26.310,25.210,25.540
2020-04-27,25.400,25.610,25.090,25.470
2020-04-28,25.470,25.800,25.310,25.750
2020-04-29,25.760,26.290,25.660,26.220
2020-04-30,26.180,26.800,26.170,26.570
2020-05-01,26.600,26.640,26.060,26.510
2020-05-04,26.250,26.340,25.840,26.150
2020-05-05,26.180,26.600,26.090,26.260
2020-05-06,26.310,26.360,25.760,25.860
2020-05-07,25.870,26.390,25.790,26.240
2020-05-08,26.210,26.720,26.160,26.530
2020-05-11,26.570,26.840,26.290,26.500
2020-05-12,26.450,26.540,26.100,26.250
2020-05-13,26.240,26.520,25.860,25.890
2020-05-14,25.880,26.310,25.700,26.190
2020-05-15,26.180,26.650,26.170,26.530
2020-05-18,27.070,27.400,26.610,27.310
2020-05-19,27.330,27.560,26.950,27.100
2020-05-20,27.070,27.120,26.940,26.940
2020-05-21,27.250,27.550,27.050,27.100
2020-05-22,27.140,27.140,26.580,26.680
2020-05-26,26.740,27.360,26.710,27.230
2020-05-27,27.220,27.740,27.060,27.560
2020-05-28,27.570,27.660,27.000,27.330
2020-05-29,27.350,27.510,27.140,27.380
2020-06-01,27.360,27.800,27.120,27.620
2020-06-02,27.600,28.010,27.480,27.970
2020-06-03,27.970,28.200,27.780,27.890
2020-06-04,27.840,27.860,27.500,27.790
2020-06-05,27.720,28.400,27.670,28.250
2020-06-08,28.270,28.360,27.980,28.010
2020-06-09,28.020,28.360,27.940,28.270
2020-06-10,28.240,28.470,27.910,28.050
2020-06-11,28.060,28.130,27.460,27.470
2020-06-12,27.500,27.780,27.300,27.530
2020-06-15,27.400,27.770,27.010,27.750
2020-06-16,27.800,28.280,27.760,27.970
2020-06-17,27.960,28.270,27.750,28.070
2020-06-18,28.060,28.200,27.810,28.080
2020-06-19,28.140,28.680,28.010,28.420
2020-06-22,28.520,28.630,28.310,28.330
2020-06-23,28.350,28.420,27.890,28.180
2020-06-24,28.190,28.280,27.620,27.640
2020-06-25,27.640,27.670,27.360,27.500
2020-06-26,27.560,27.800,27.110,27.330
2020-06-29,28.080,28.600,27.740,28.400
2020-06-30,28.440,29.190,28.170,28.710
2020-07-01,28.760,29.080,28.670,28.980
2020-07-02,28.980,29.300,28.680,28.730
2020-07-06,28.840,29.390,28.840,29.200
2020-07-07,29.200,29.640,28.830,29.530
2020-07-08,29.510,29.600,29.050,29.200
2020-07-09,29.240,29.440,28.860,28.900
2020-07-10,28.850,29.160,28.660,28.810
2020-07-13,28.700,28.890,28.450,28.680
2020-07-14,28.730,29.230,28.390,29.140
2020-07-15,29.090,29.420,29.070,29.380
2020-07-16,29.370,29.980,29.310,29.810
2020-07-17,29.860,30.630,29.840,30.580
2020-07-20,30.750,31.060,30.420,30.420
2020-07-21,30.430,30.840,30.360,30.650
2020-07-22,30.510,31.050,30.190,30.510
2020-07-23,30.720,30.810,30.200,30.350
2020-07-24,30.570,30.620,30.140,30.280
2020-07-27,30.020,30.530,29.910,30.140
2020-07-28,29.800,30.050,29.560,29.900
2020-07-29,29.770,29.890,29.420,29.740
2020-07-30,30.200,30.410,29.830,30.220
2020-07-31,30.160,30.800,30.130,30.720
2020-08-03,31.310,31.420,30.650,31.320
2020-08-04,31.460,31.780,31.000,31.050
2020-08-05,31.000,31.270,30.810,31.080
2020-08-06,31.480,31.630,30.970,31.290
2020-08-07,31.120,31.440,30.700,30.770
2020-08-10,30.740,30.990,30.520,30.770
2020-08-11,30.680,30.910,30.420,30.530
2020-08-12,30.500,31.600,30.290,31.520
2020-08-13,31.510,31.820,31.140,31.130
2020-08-14,31.180,31.300,30.940,31.160
2020-08-17,31.150,31.720,31.140,31.430
2020-08-18,31.440,31.940,31.380,31.890
2020-08-19,31.870,32.200,31.790,31.950
2020-08-20,31.970,31.990,31.390,31.470
2020-08-21,31.400,31.710,31.340,31.650
2020-08-24,31.660,32.120,31.520,31.920
2020-08-25,31.930,32.400,31.770,32.260
2020-08-26,32.310,32.730,32.250,32.490
2020-08-27,32.880,33.810,32.500,33.450
2020-08-28,33.620,33.890,32.950,33.170
2020-08-31,33.320,34.040,32.760,32.840
2020-09-01,32.920,33.440,32.670,32.850
2020-09-02,32.900,33.580,32.700,33.560
2020-09-03,33.570,33.920,33.110,33.340
2020-09-04,33.260,33.480,32.770,32.820
2020-09-08,33.220,33.750,32.800,33.460
2020-09-09,33.440,33.550,33.050,33.230
2020-09-10,33.140,33.430,33.060,33.220
2020-09-11,33.300,33.850,33.120,33.760
2020-09-14,33.560,34.570,33.470,34.340
2020-09-15,34.390,34.710,34.040,34.150
2020-09-16,34.200,35.060,33.970,34.870
2020-09-17,34.800,35.190,34.670,34.830
2020-09-18,35.140,35.490,34.650,35.130
2020-09-21,35.120,35.420,34.160,34.220
2020-09-22,34.220,34.500,33.510,33.630
2020-09-23,33.680,33.760,32.610,32.770
2020-09-24,32.190,32.830,32.040,32.380
2020-09-25,32.410,33.040,32.220,32.770
2020-09-28,32.670,33.170,32.450,33.080
2020-09-29,33.040,33.260,32.320,32.690
2020-09-30,32.300,33.380,32.140,33.160
2020-10-01,33.230,33.410,32.340,32.430
2020-10-02,31.600,32.500,31.500,31.630
2020-10-05,31.660,32.590,31.470,32.570
2020-10-06,32.660,33.280,32.620,33.050
2020-10-07,33.010,33.460,32.800,33.000
2020-10-08,33.180,33.450,32.810,33.010
2020-10-09,33.590,34.410,32.860,34.010
2020-10-12,34.030,34.460,33.110,33.200
2020-10-13,33.590,33.730,33.050,33.570
2020-10-14,33.710,34.020,33.400,33.890
2020-10-15,32.990,34.090,32.820,33.150
2020-10-16,33.620,33.650,32.900,33.000
2020-10-19,32.660,33.120,32.280,32.510
2020-10-20,32.950,33.430,32.310,33.420
2020-10-21,33.390,33.830,33.110,33.200
2020-10-22,33.480,33.860,32.660,33.700
2020-10-23,33.890,34.200,33.460,34.140
2020-10-26,34.510,34.820,34.010,34.440
2020-10-27,34.380,34.700,34.030,34.040
2020-10-28,34.110,34.110,33.200,33.400
2020-10-29,33.160,33.560,32.860,33.060
2020-10-30,33.360,33.700,32.920,33.690
2020-11-02,33.260,33.610,33.020,33.230
2020-11-03,33.670,33.970,33.180,33.770
2020-11-04,33.700,34.480,33.340,34.380
2020-11-05,35.270,35.720,34.360,35.460
2020-11-06,35.360,35.790,35.090,35.450
2020-11-09,36.020,36.150,35.160,35.470
2020-11-10,35.730,36.100,35.190,36.040
2020-11-11,36.130,37.320,36.070,37.090
2020-11-12,37.140,37.240,36.670,37.030
2020-11-13,37.300,37.500,36.600,37.120
2020-11-16,37.170,37.580,36.770,37.430
2020-11-17,37.460,37.930,37.290,37.480
2020-11-18,37.530,38.740,37.430,38.450
2020-11-19,38.450,38.960,37.990,38.850
2020-11-20,38.690,39.020,38.030,38.310
2020-11-23,38.500,38.870,38.110,38.350
2020-11-24,38.430,38.440,37.270,37.970
2020-11-25,37.990,38.280,37.660,37.830
2020-11-27,38.100,38.650,37.910,38.480
2020-11-30,38.650,38.650,37.410,37.550
2020-12-01,37.580,37.970,36.960,37.060
2020-12-02,36.820,37.260,36.570,36.950
2020-12-03,37.090,37.800,36.880,37.630
2020-12-04,37.600,38.600,37.520,38.400
2020-12-07,37.950,38.460,37.770,38.030
2020-12-08,37.490,38.070,37.290,37.420
2020-12-09,37.420,37.920,37.400,37.860
2020-12-10,38.370,38.750,37.770,38.060
2020-12-11,38.160,38.530,37.940,38.260
2020-12-14,38.310,38.950,38.310,38.810
2020-12-15,38.630,39.270,38.270,39.240
2020-12-16,39.180,39.350,38.830,39.010
2020-12-17,39.050,39.960,38.920,39.850
2020-12-18,39.480,39.860,39.320,39.560
2020-12-21,38.990,39.810,38.720,39.480
2020-12-22,39.600,40.100,39.230,40.050
2020-12-23,40.050,41.000,39.700,40.600
2020-12-24,39.780,40.470,39.760,40.330
2020-12-28,41.360,41.390,40.560,41.020
2020-12-29,41.000,41.940,40.640,41.840
2020-12-30,41.860,41.980,41.250,41.800
2020-12-31,41.860,42.650,41.720,42.440
2021-01-04,43.400,44.070,41.750,42.120
2021-01-05,42.860,43.990,42.130,43.670
2021-01-06,44.350,44.690,43.650,43.890
2021-01-07,43.930,44.180,43.100,43.820
2021-01-08,43.790,44.180,43.430,43.670
2021-01-11,43.190,44.050,42.500,42.700
2021-01-12,42.220,43.050,41.850,42.600
2021-01-13,42.650,43.430,41.960,42.170
2021-01-14,41.450,43.210,41.300,43.050
2021-01-15,43.170,43.320,41.480,41.880
2021-01-19,41.220,42.310,41.010,41.670
2021-01-20,41.610,42.670,41.030,42.460
2021-01-21,42.520,43.530,42.320,43.300
2021-01-22,43.040,43.460,42.080,42.210
2021-01-25,42.350,43.680,41.920,43.000
2021-01-26,43.090,44.230,42.650,43.900
2021-01-27,45.270,45.430,44.060,44.590
2021-01-28,45.110,45.330,44.010,44.600
2021-01-29,45.310,45.580,44.230,44.600
2021-02-01,44.750,45.380,44.130,45.030
2021-02-02,44.420,45.470,44.230,44.340
2021-02-03,44.000,44.570,43.330,44.540
2021-02-04,44.480,45.220,44.190,44.900
2021-02-05,44.900,45.180,44.540,44.740
2021-02-08,45.200,45.770,44.660,45.680
2021-02-09,45.670,46.670,45.600,46.550
2021-02-10,46.580,46.660,45.510,45.620
2021-02-11,45.690,46.280,45.100,45.640
2021-02-12,45.900,46.240,45.580,46.160
2021-02-16,46.840,47.560,46.580,47.230
2021-02-17,47.330,47.640,46.550,46.680
2021-02-18,46.300,46.550,45.730,46.210
2021-02-19,46.610,47.180,45.920,47.060
2021-02-22,46.780,47.420,46.620,47.280
2021-02-23,47.900,48.670,47.030,48.330
2021-02-24,48.800,50.390,48.120,49.980
2021-02-25,50.080,50.950,49.070,49.680
2021-02-26,49.040,50.080,48.600,50.060
2021-03-01,50.120,50.620,49.050,49.120
2021-03-02,49.310,49.900,48.620,49.660
2021-03-03,49.720,50.030,49.250,49.810
2021-03-04,49.830,51.770,49.710,50.710
2021-03-05,51.290,52.170,50.200,51.890
2021-03-08,52.150,53.230,52.140,52.570
2021-03-09,52.570,53.590,52.220,53.550
2021-03-10,53.660,53.770,52.600,53.460
2021-03-11,53.360,55.000,53.130,54.730
2021-03-12,54.480,55.590,53.950,55.430
2021-03-15,55.360,55.750,55.000,55.050
2021-03-16,55.170,55.590,54.240,55.140
2021-03-17,55.200,55.670,54.270,54.540
2021-03-18,53.930,54.810,53.150,53.390
2021-03-19,53.310,54.110,52.970,53.870
2021-03-22,53.900,56.370,53.260,56.370
2021-03-23,56.870,58.250,56.450,56.940
2021-03-24,57.000,57.850,56.500,57.410
2021-03-25,57.480,57.510,54.980,54.950
2021-03-26,54.550,55.450,52.480,52.470
2021-03-29,52.440,54.030,52.000,52.950
2021-03-30,52.960,53.190,50.460,50.450
2021-03-31,50.490,52.960,50.220,52.940
2021-04-01,50.960,51.200,49.910,50.700
2021-04-05,52.550,53.150,52.340,53.000
2021-04-06,51.440,52.640,51.200,52.170
2021-04-07,52.260,52.360,50.640,50.890
2021-04-08,51.000,51.720,50.520,51.310
2021-04-09,51.410,51.750,50.800,50.880
2021-04-12,50.850,50.900,49.150,49.710
2021-04-13,49.590,51.410,49.580,51.110
2021-04-14,51.410,52.480,51.000,52.300
2021-04-15,52.250,52.930,52.030,52.820
2021-04-16,52.920,54.380,52.780,54.170
2021-04-19,54.500,54.550,53.680,53.710
2021-04-20,54.980,55.790,53.680,55.120
2021-04-21,55.460,57.170,55.100,56.890
2021-04-22,58.040,59.440,56.930,59.120
2021-04-23,58.880,59.740,58.110,58.840
2021-04-26,59.260,61.050,58.440,60.870
2021-04-27,60.990,63.390,60.100,60.710
2021-04-28,60.700,62.370,58.460,60.900
2021-04-29,60.900,61.980,59.550,59.910
2021-04-30,60.010,62.390,59.230,62.390
2021-05-03,62.750,64.870,61.760,63.480
2021-05-04,63.250,65.000,62.820,63.600
2021-05-05,63.610,64.370,62.800,63.450
2021-05-06,63.750,64.850,63.580,64.590
2021-05-07,64.370,66.280,64.160,64.360
2021-05-10,64.120,64.580,63.220,63.880
2021-05-11,63.800,65.290,63.110,64.850
2021-05-12,64.800,67.440,64.580,66.310
2021-05-13,66.400,66.860,65.050,65.930
2021-05-14,65.880,67.920,65.450,67.780
2021-05-17,68.000,69.990,67.050,68.760
2021-05-18,68.800,70.490,67.920,68.620
2021-05-19,68.680,68.750,65.380,66.550
2021-05-20,66.640,67.390,64.280,65.590
2021-05-21,65.760,66.340,64.640,65.480
2021-05-24,65.420,66.230,64.230,65.160
2021-05-25,65.340,67.260,65.300,66.630
2021-05-26,66.800,67.250,65.420,65.660
2021-05-27,65.760,66.890,65.220,66.800
2021-05-28,66.810,67.390,65.710,65.800
2021-06-01,66.130,68.190,65.850,67.330
2021-06-02,67.440,70.890,67.240,70.880
2021-06-03,71.440,72.130,68.720,68.850
2021-06-04,69.880,71.840,68.730,71.390
2021-06-07,71.970,73.740,70.500,71.000
2021-06-08,71.340,72.780,70.220,72.290
2021-06-09,72.480,72.490,70.430,71.530
2021-06-10,71.590,72.740,70.160,70.300
2021-06-11,70.300,70.600,66.960,66.930
2021-06-14,66.400,66.970,63.500,65.940
2021-06-15,66.330,67.380,65.190,65.570
2021-06-16,65.770,66.090,62.070,62.050
2021-06-17,54.150,57.850,52.330,51.710
2021-06-18,54.900,56.830,51.980,55.980
2021-06-21,54.930,58.150,54.330,58.010
2021-06-22,57.690,59.310,56.620,58.000
2021-06-23,58.050,60.160,58.050,59.430
2021-06-24,59.330,60.280,57.790,60.030
2021-06-25,61.290,61.510,56.660,57.020
2021-06-28,57.040,60.470,56.910,59.860
2021-06-29,62.000,63.090,59.120,61.230
2021-06-30,60.190,64.760,59.820,62.320
2021-07-01,64.050,64.870,61.330,61.510
2021-07-02,62.600,63.500,61.040,62.400
2021-07-06,61.100,61.200,58.780,58.770
2021-07-07,58.600,60.140,58.030,59.800
2021-07-08,58.600,60.370,58.420,59.270
2021-07-09,59.460,61.830,58.860,60.770
2021-07-12,60.980,62.900,60.980,62.370
2021-07-13,64.150,64.420,62.000,63.340
2021-07-14,63.620,64.340,63.030,63.560
2021-07-15,64.530,65.040,63.500,64.310
2021-07-16,64.990,65.640,64.010,64.930
2021-07-19,64.450,66.340,62.620,63.060
2021-07-20,63.790,64.780,63.040,63.890
2021-07-21,63.360,64.370,62.150,62.820
2021-07-22,61.380,63.000,60.580,62.020
2021-07-23,62.800,63.350,61.560,63.030
2021-07-26,63.060,64.120,62.110,64.020
2021-07-27,64.250,64.950,62.810,63.130
2021-07-28,63.150,63.800,62.420,63.470
2021-07-29,63.920,65.040,63.180,64.700
2021-07-30,63.800,64.940,62.550,63.100
2021-08-02,62.090,63.300,61.700,62.620
2021-08-03,61.560,62.880,60.930,61.690
2021-08-04,62.230,62.560,60.760,61.500
2021-08-05,61.250,61.950,60.450,60.890
2021-08-06,61.290,61.700,60.550,61.580
2021-08-09,61.450,61.870,59.370,59.880
2021-08-10,59.910,61.190,59.620,60.740
2021-08-11,62.280,62.630,60.450,61.480
2021-08-12,61.440,62.850,60.400,61.630
2021-08-13,62.390,63.380,61.170,63.320
2021-08-16,63.620,64.000,62.740,62.920
2021-08-17,62.620,63.510,61.890,62.190
2021-08-18,61.900,62.390,61.250,61.360
2021-08-19,60.500,61.400,59.680,60.070
2021-08-20,59.900,60.920,56.420,56.560
2021-08-23,56.710,58.900,56.640,58.560
2021-08-24,59.200,61.460,58.290,60.600
2021-08-25,60.760,61.550,59.990,61.220
2021-08-26,60.760,61.300,59.590,59.900
2021-08-27,58.930,60.650,58.410,60.040
2021-08-30,59.980,60.760,58.620,59.450
2021-08-31,58.800,60.000,57.600,58.650
2021-09-01,58.170,59.230,57.330,57.800
2021-09-02,58.330,58.930,57.210,58.660
2021-09-03,59.220,59.920,58.410,58.790
2021-09-07,59.230,59.500,57.470,57.460
2021-09-08,58.490,58.630,57.050,57.500
2021-09-09,57.040,57.680,56.110,56.260
2021-09-10,55.970,56.700,55.360,55.980
2021-09-13,55.850,56.460,55.680,56.030
2021-09-14,56.820,57.950,55.920,56.870
2021-09-15,57.560,58.510,56.870,58.510
2021-09-16,57.800,58.750,56.780,56.830
2021-09-17,56.420,57.050,55.510,56.250
2021-09-20,55.360,56.360,54.800,54.800
2021-09-21,55.070,55.500,54.180,55.250
2021-09-22,56.100,56.580,54.360,56.320
2021-09-23,56.920,57.380,56.120,56.940
2021-09-24,56.900,58.070,56.620,57.780
2021-09-27,57.220,58.600,57.050,58.180
2021-09-28,57.850,58.320,57.290,57.380
2021-09-29,57.680,58.320,57.020,57.810
2021-09-30,58.130,59.500,57.250,58.660
2021-10-01,58.150,59.210,57.710,58.920
2021-10-04,58.610,59.700,57.840,58.680
2021-10-05,59.630,61.630,58.430,61.220
2021-10-06,61.610,61.900,60.260,60.450
2021-10-07,60.660,62.220,59.820,61.980
2021-10-08,62.600,63.080,61.300,61.300
2021-10-11,61.720,62.140,60.440,60.560
2021-10-12,60.050,60.660,58.520,58.950
2021-10-13,59.880,60.650,58.750,59.690
2021-10-14,59.500,60.500,59.260,60.330
2021-10-15,61.050,61.460,60.260,61.370
2021-10-18,61.080,62.200,60.860,61.870
2021-10-19,61.810,62.520,61.350,62.320
2021-10-20,63.550,64.900,62.300,64.830
2021-10-21,63.800,65.000,62.410,62.550
2021-10-22,62.430,63.000,61.930,62.130
2021-10-25,62.630,63.580,62.010,63.180
2021-10-26,63.330,63.500,62.100,62.190
2021-10-27,61.750,62.500,61.010,61.430
2021-10-28,60.760,61.730,60.520,60.770
2021-10-29,61.450,61.880,60.550,61.230
2021-11-01,61.480,62.250,60.770,61.970
2021-11-02,62.000,62.380,61.420,61.840
2021-11-03,62.180,62.440,60.620,61.000
2021-11-04,61.000,61.500,59.340,59.460
2021-11-05,58.800,59.640,58.120,58.810
2021-11-08,58.990,59.390,57.770,58.020
2021-11-09,58.180,59.210,57.450,58.550
2021-11-10,59.050,59.860,58.500,59.290
2021-11-11,58.690,59.740,58.470,59.140
2021-11-12,58.950,59.460,58.580,58.870
2021-11-15,58.230,59.040,57.470,58.340
2021-11-16,58.840,59.660,58.270,59.130
2021-11-17,60.060,60.450,58.870,59.110
2021-11-18,59.600,60.190,58.750,59.160
2021-11-19,58.890,59.750,57.840,58.140
2021-11-22,58.580,59.450,58.050,59.360
2021-11-23,58.900,60.130,58.360,60.060
2021-11-24,60.750,61.980,59.960,60.600
2021-11-26,59.500,59.540,58.680,59.010
2021-11-29,59.470,60.250,58.200,58.260
2021-11-30,56.450,58.250,54.680,55.460
2021-12-01,55.820,56.120,55.050,55.050
2021-12-02,55.010,56.670,54.590,56.450
2021-12-03,57.780,58.090,56.360,57.300
2021-12-06,57.450,57.950,56.940,57.890
2021-12-07,58.400,58.860,56.800,57.000
2021-12-08,55.420,57.000,54.460,55.480
2021-12-09,54.680,55.800,53.940,54.940
2021-12-10,54.900,55.120,53.520,53.520
2021-12-13,53.840,54.170,53.250,53.400
2021-12-14,52.930,53.580,52.080,52.330
2021-12-15,51.690,53.650,51.100,53.450
2021-12-16,54.410,55.260,53.380,54.590
2021-12-17,54.090,54.950,53.880,54.040
2021-12-20,53.240,54.290,52.370,53.050
2021-12-21,53.750,54.310,53.110,53.930
2021-12-22,54.490,55.070,53.940,54.790
2021-12-23,54.790,55.790,54.430,55.470
2021-12-27,55.900,57.490,55.630,56.740
2021-12-28,56.920,57.800,56.300,56.540
2021-12-29,56.940,57.490,56.300,56.900
2021-12-30,56.300,57.230,55.570,56.030
2021-12-31,56.370,56.900,55.900,56.450
2022-01-03,57.040,57.630,56.300,56.380
2022-01-04,57.000,58.540,56.410,58.410
2022-01-05,58.810,59.680,58.200,59.360
2022-01-06,59.330,59.650,58.340,58.890
2022-01-07,58.920,59.270,57.920,58.760
2022-01-10,58.710,59.490,57.520,58.000
2022-01-11,58.430,59.070,57.640,58.870
2022-01-12,59.100,59.620,57.890,59.320
2022-01-13,58.970,59.580,58.400,58.410
2022-01-14,58.350,58.680,57.600,58.400
2022-01-18,58.150,59.480,57.750,59.110
2022-01-19,59.810,60.870,59.080,60.730
2022-01-20,61.420,62.970,60.610,62.710
2022-01-21,63.260,63.740,61.740,62.860
2022-01-24,61.940,63.350,61.220,61.910
2022-01-25,62.490,62.930,61.890,62.480
2022-01-26,63.110,64.070,62.100,63.840
2022-01-27,64.650,64.860,63.440,64.240
2022-01-28,65.390,66.340,64.150,65.290
2022-01-31,66.010,66.770,64.380,64.900
2022-02-01,64.730,66.250,64.080,65.900
2022-02-02,66.750,66.920,65.580,65.970
2022-02-03,65.080,66.010,64.920,65.600
2022-02-04,66.030,66.550,65.050,65.440
2022-02-07,65.600,66.450,65.070,65.370
2022-02-08,63.780,65.490,63.150,63.230
2022-02-09,63.760,64.620,62.700,64.010
2022-02-10,65.000,65.600,63.850,64.480
2022-02-11,65.350,66.230,63.890,65.960
2022-02-14,66.030,66.660,64.850,65.740
2022-02-15,65.770,65.770,64.400,65.640
2022-02-16,65.740,67.070,65.480,66.960
2022-02-17,66.970,67.480,66.340,66.740
2022-02-18,66.780,67.870,66.530,67.460
2022-02-22,67.900,70.460,67.900,70.400
2022-02-23,70.920,71.240,69.970,70.530
2022-02-24,70.510,74.580,70.510,71.840
2022-02-25,70.620,73.040,68.220,68.700
2022-02-28,71.880,72.930,70.670,72.480
2022-03-01,72.800,76.480,72.700,76.150
2022-03-02,76.310,77.020,74.550,75.820
2022-03-03,75.790,77.330,74.520,75.490
2022-03-04,76.050,76.090,71.870,72.500
2022-03-07,73.950,75.580,73.030,74.400
2022-03-08,74.300,76.190,73.770,75.600
2022-03-09,76.190,78.580,73.050,74.320
2022-03-10,74.150,75.750,73.680,74.590
2022-03-11,74.650,76.840,73.160,76.150
2022-03-14,76.530,77.220,73.800,73.820
2022-03-15,74.400,74.400,72.290,73.660
2022-03-16,73.790,74.980,73.190,73.510
2022-03-17,73.730,75.240,72.970,74.670
2022-03-18,74.830,75.240,71.320,72.390
2022-03-21,72.580,74.640,72.580,73.680
2022-03-22,73.840,74.980,73.300,74.490
2022-03-23,74.500,76.080,74.230,76.030
2022-03-24,75.910,76.630,74.150,74.350
2022-03-25,74.350,75.080,73.060,74.600
2022-03-28,74.560,74.600,72.340,72.490
2022-03-29,72.520,73.450,70.520,71.580
2022-03-30,71.660,73.180,71.130,72.190
2022-03-31,72.410,72.470,69.800,69.840
2022-04-01,70.040,71.580,68.840,71.200
2022-04-04,71.200,72.430,70.900,72.280
2022-04-05,72.470,73.250,72.050,72.330
2022-04-06,72.350,73.300,71.590,71.770
2022-04-07,71.940,73.260,71.500,72.930
2022-04-08,73.020,75.330,72.670,75.110
2022-04-11,75.120,75.600,73.930,74.400
2022-04-12,72.900,74.340,72.900,74.010
2022-04-13,74.010,76.690,73.510,76.120
2022-04-14,76.150,77.190,75.440,76.920
2022-04-18,77.350,78.500,77.310,78.080
2022-04-19,78.070,78.500,76.950,78.180
2022-04-20,78.180,79.260,77.500,78.760
2022-04-21,78.800,80.100,78.420,79.770
2022-04-22,79.840,83.210,79.020,80.260
2022-04-25,80.900,82.040,78.000,79.830
2022-04-26,80.080,82.840,79.820,82.200
2022-04-27,82.470,85.770,82.050,84.830
2022-04-28,84.790,86.690,83.680,86.540
2022-04-29,86.600,87.650,84.030,84.210
2022-05-02,84.530,84.530,79.390,80.150
2022-05-03,80.150,82.460,79.250,80.110
2022-05-04,80.450,82.730,79.820,82.220
2022-05-05,82.370,83.780,81.170,81.770
2022-05-06,81.870,81.930,79.850,81.000
2022-05-09,81.090,81.200,79.100,79.730
2022-05-10,79.870,81.700,79.260,81.000
2022-05-11,81.040,83.520,80.600,83.460
2022-05-12,83.430,83.530,81.880,82.420
2022-05-13,83.000,83.950,82.380,83.730
2022-05-16,84.000,84.640,82.470,83.120
2022-05-17,83.110,84.190,81.900,83.410
2022-05-18,83.480,83.720,80.470,80.620
2022-05-19,80.760,81.200,78.580,79.350
2022-05-20,79.550,81.400,79.000,80.840
2022-05-23,80.950,82.050,79.860,80.500
2022-05-24,80.470,81.490,79.900,80.150
2022-05-25,80.350,80.560,78.450,78.770
2022-05-26,78.940,80.910,78.300,80.390
2022-05-27,80.520,80.700,79.210,79.250
2022-05-31,80.140,80.490,77.810,77.930
2022-06-01,78.130,79.150,76.610,78.210
2022-06-02,78.360,81.790,77.570,81.430
2022-06-03,81.580,82.530,80.250,81.810
2022-06-06,82.500,82.710,80.960,81.150
2022-06-07,81.280,81.770,80.470,81.570
2022-06-08,81.620,83.440,81.450,83.060
2022-06-09,83.110,83.210,81.450,82.650
2022-06-10,82.700,82.950,80.710,80.740
2022-06-13,80.920,81.070,78.720,79.360
2022-06-14,79.510,80.070,78.010,78.250
2022-06-15,78.420,78.900,77.500,77.600
2022-06-16,77.720,78.200,75.740,76.420
2022-06-17,76.680,76.680,73.690,73.770
2022-06-21,70.700,71.100,69.330,70.400
2022-06-22,70.570,70.570,67.120,67.640
2022-06-23,67.740,67.750,63.430,63.680
2022-06-24,63.970,65.380,63.090,64.810
2022-06-27,64.680,65.960,63.250,65.860
2022-06-28,68.030,69.360,67.700,68.860
2022-06-29,66.620,67.760,65.630,66.980
2022-06-30,67.090,67.260,64.330,64.380
2022-07-01,64.460,64.600,62.010,62.160
2022-07-05,61.310,61.420,57.380,57.000
2022-07-06,57.520,58.240,55.690,56.880
2022-07-07,57.000,60.340,56.540,59.600
2022-07-08,60.100,61.040,59.060,60.590
2022-07-11,61.490,62.650,60.300,61.250
2022-07-12,61.300,61.900,57.500,57.690
2022-07-13,57.930,58.630,55.580,56.710
2022-07-14,56.890,57.840,54.420,55.840
2022-07-15,56.030,58.580,55.300,58.520
2022-07-18,58.680,61.700,57.700,60.910
2022-07-19,61.130,61.240,58.980,59.480
2022-07-20,59.540,60.120,57.210,57.690
2022-07-21,57.760,58.140,55.780,56.130
2022-07-22,56.300,58.270,55.530,57.780
2022-07-25,58.530,58.750,57.220,57.370
2022-07-26,57.830,58.920,57.450,57.860
2022-07-27,57.950,59.840,57.640,59.120
2022-07-28,59.640,63.610,59.290,62.980
2022-07-29,62.940,66.110,62.770,65.590
2022-08-01,65.810,65.970,62.620,63.070
2022-08-02,62.950,62.950,60.670,61.350
2022-08-03,61.290,62.830,60.260,61.060
2022-08-04,61.000,61.810,60.200,61.460
2022-08-05,61.420,64.270,61.060,63.720
2022-08-08,64.300,65.760,63.850,64.130
2022-08-09,64.400,65.380,64.110,64.550
2022-08-10,64.740,66.090,63.530,65.640
2022-08-11,65.610,67.730,65.150,67.530
2022-08-12,67.540,68.160,66.300,67.800
2022-08-15,67.940,67.940,65.120,66.950
2022-08-16,66.950,67.590,65.410,65.810
2022-08-17,65.930,66.750,65.300,65.480
2022-08-18,65.660,65.990,63.380,64.220
2022-08-19,64.270,66.090,63.790,65.940
2022-08-22,65.610,66.980,64.710,66.190
2022-08-23,66.350,67.640,65.620,66.980
2022-08-24,66.930,67.730,65.420,66.150
2022-08-25,65.980,67.130,65.540,65.860
2022-08-26,65.890,67.000,65.260,66.850
2022-08-29,66.800,66.870,65.500,66.450
2022-08-30,66.400,66.550,65.210,66.470
2022-08-31,66.510,67.620,65.890,67.490
2022-09-01,67.380,68.000,63.490,63.690
2022-09-02,63.720,66.370,63.230,66.190
2022-09-06,66.130,66.270,63.000,63.250
2022-09-07,63.280,63.490,61.700,61.990
2022-09-08,62.170,63.740,61.240,63.310
2022-09-09,63.350,64.920,62.980,64.790
2022-09-12,64.760,67.400,64.010,66.530
2022-09-13,66.450,68.000,66.100,66.740
2022-09-14,66.850,67.300,64.800,65.000
2022-09-15,64.200,65.250,63.320,64.250
2022-09-16,65.000,66.480,64.050,66.000
2022-09-19,64.910,66.390,64.670,65.270
2022-09-20,64.750,66.070,64.250,65.860
2022-09-21,65.800,66.820,64.720,64.960
2022-09-22,65.490,66.760,64.330,66.260
2022-09-23,64.840,66.400,63.600,63.650
2022-09-26,63.740,63.980,62.000,62.440
2022-09-27,62.460,63.540,62.310,62.400
2022-09-28,62.600,62.880,60.750,62.160
2022-09-29,62.150,64.090,61.630,63.800
2022-09-30,63.860,64.430,61.310,61.310
2022-10-03,61.390,63.570,61.390,63.490
2022-10-04,63.450,65.650,63.270,65.030
2022-10-05,65.000,65.770,64.190,65.670
2022-10-06,65.570,66.170,64.450,66.110
2022-10-07,66.020,66.800,65.370,66.600
2022-10-10,66.650,67.650,65.900,66.020
2022-10-11,66.020,66.380,64.660,65.320
2022-10-12,65.280,65.900,64.500,65.520
2022-10-13,65.520,66.750,64.050,66.340
2022-10-14,66.340,67.200,65.010,65.270
2022-10-17,65.320,67.160,65.150,66.750
2022-10-18,66.750,68.880,66.570,68.680
2022-10-19,68.700,70.700,68.270,70.530
2022-10-20,70.530,72.060,70.040,70.500
2022-10-21,70.500,71.720,69.540,71.450
2022-10-24,71.600,72.560,70.520,71.870
2022-10-25,71.950,72.410,71.230,72.160
2022-10-26,72.230,73.820,71.970,73.450
2022-10-27,73.790,73.970,72.000,72.420
2022-10-28,72.350,72.450,71.090,71.800
2022-10-31,71.800,74.280,72.500,73.200
2022-11-01,73.180,74.570,72.740,73.260
2022-11-02,73.650,75.900,72.550,75.650
2022-11-03,75.580,76.050,73.580,75.290
2022-11-04,75.450,77.420,75.180,77.270
2022-11-07,77.100,77.800,75.980,76.350
2022-11-08,76.540,76.880,74.850,75.010
2022-11-09,75.050,76.090,74.360,75.640
2022-11-10,75.640,77.000,75.400,76.020
2022-11-11,76.000,78.640,75.880,77.020
2022-11-14,77.200,77.330,75.610,76.340
2022-11-15,76.280,77.470,75.700,77.040
2022-11-16,76.900,76.960,73.780,73.930
2022-11-17,72.400,72.400,69.550,70.340
2022-11-18,70.550,71.090,69.580,70.670
2022-11-21,70.610,71.030,69.180,70.760
2022-11-22,70.690,72.120,70.640,71.480
2022-11-23,71.460,72.300,70.760,72.160
2022-11-25,72.210,72.660,71.530,71.600
2022-11-28,71.660,73.400,70.270,73.060
2022-11-29,73.100,74.460,72.500,72.910
2022-11-30,72.880,73.990,70.830,71.760
2022-12-01,71.000,71.310,67.380,67.370
2022-12-02,66.680,67.010,64.500,65.190
2022-12-05,65.720,66.310,62.500,62.650
2022-12-06,62.730,63.560,61.260,61.710
2022-12-07,61.810,62.910,60.730,61.110
2022-12-08,61.450,62.220,60.800,61.380
2022-12-09,61.710,62.000,59.880,60.040
2022-12-12,60.320,62.540,58.940,62.200
2022-12-13,62.350,64.540,62.090,64.120
2022-12-14,64.170,64.760,63.340,63.470
2022-12-15,62.840,63.110,61.550,63.060
2022-12-16,63.080,63.280,61.470,62.230
2022-12-19,62.210,63.540,61.920,63.380
2022-12-20,63.450,65.220,62.750,64.750
2022-12-21,64.770,65.630,64.050,64.710
2022-12-22,64.740,65.000,63.500,64.080
2022-12-23,64.100,65.360,63.900,64.540
2022-12-27,65.390,66.970,65.150,66.220
2022-12-28,66.220,66.660,64.370,65.030
2022-12-29,64.980,66.600,64.500,66.260
2022-12-30,66.330,66.730,63.740,64.120
2023-01-03,64.440,65.400,63.120,63.350
2023-01-04,63.440,63.750,62.500,62.830
2023-01-05,63.080,63.830,62.070,62.460
2023-01-06,62.430,63.670,62.100,63.360
2023-01-09,63.660,64.430,62.870,63.350
2023-01-10,63.390,63.620,62.520,62.740
2023-01-11,62.700,63.560,62.020,62.040
2023-01-12,62.150,63.650,62.150,63.210
2023-01-13,63.250,63.450,61.890,63.150
2023-01-17,63.000,64.000,62.470,63.870
2023-01-18,64.000,64.750,63.600,64.110
2023-01-19,64.050,64.430,62.710,63.120
2023-01-20,63.280,63.950,61.720,62.020
2023-01-23,61.880,62.360,61.210,62.060
2023-01-24,62.110,62.130,60.880,60.950
2023-01-25,61.090,61.290,60.000,60.540
2023-01-26,60.600,61.530,60.170,60.740
2023-01-27,60.800,61.320,59.900,60.760
2023-01-30,60.670,61.670,60.670,61.440
2023-01-31,61.250,62.380,60.780,62.220
2023-02-01,62.270,62.460,60.260,60.710
2023-02-02,60.800,61.230,60.190,60.900
2023-02-03,60.900,61.150,58.920,59.050
2023-02-06,59.060,59.650,58.430,59.310
2023-02-07,59.350,61.480,59.300,60.930
2023-02-08,61.010,61.130,60.080,60.550
2023-02-09,60.530,60.990,58.890,59.130
2023-02-10,59.150,60.580,58.870,60.520
2023-02-13,60.370,60.840,59.560,60.180
2023-02-14,60.200,60.770,59.700,60.350
2023-02-15,60.470,61.560,59.760,61.330
2023-02-16,61.360,62.350,61.180,62.160
2023-02-17,62.150,62.320,61.240,61.690
2023-02-21,62.030,63.230,61.210,62.800
2023-02-22,62.920,63.830,62.410,63.000
2023-02-23,63.050,63.750,61.960,62.370
2023-02-24,62.250,62.800,61.000,61.200
2023-02-27,61.330,61.850,60.050,60.280
2023-02-28,60.340,60.520,59.780,60.180
2023-03-01,60.200,60.940,59.860,60.800
2023-03-02,60.750,62.090,60.110,61.750
2023-03-03,61.720,62.150,61.000,61.050
2023-03-06,61.100,61.290,60.310,60.420
2023-03-07,60.450,60.590,58.310,58.630
2023-03-08,58.670,59.770,58.510,59.030
2023-03-09,59.080,59.650,57.010,57.160
2023-03-10,57.370,57.440,56.100,56.550
2023-03-13,56.830,57.240,55.360,55.810
2023-03-14,55.900,57.080,55.710,56.030
2023-03-15,56.170,56.510,54.990,56.390
2023-03-16,56.410,57.910,56.020,57.690
2023-03-17,57.690,57.970,56.830,57.390
2023-03-20,57.330,58.390,56.040,57.960
2023-03-21,58.020,58.240,56.080,56.210
2023-03-22,56.350,56.440,54.450,54.570
2023-03-23,54.560,54.770,51.280,52.270
2023-03-24,52.350,53.880,51.480,53.380
2023-03-27,53.400,54.740,52.820,54.470
2023-03-28,54.540,55.220,54.160,54.920
2023-03-29,54.920,55.560,54.500,55.160
2023-03-30,55.210,55.690,54.200,54.450
2023-03-31,54.400,56.200,53.930,55.850
2023-04-03,56.660,57.400,56.050,56.670
2023-04-04,56.700,57.180,54.950,55.830
2023-04-05,55.810,56.300,55.100,55.130
2023-04-06,55.220,55.340,54.040,54.550
2023-04-10,54.780,55.170,54.110,54.510
2023-04-11,54.480,55.450,54.290,54.920
2023-04-12,55.000,55.000,53.690,54.110
2023-04-13,54.110,54.280,53.530,53.740
2023-04-14,53.790,53.940,52.790,53.810
2023-04-17,53.820,54.840,53.480,54.590
2023-04-18,54.640,56.210,54.520,55.530
2023-04-19,55.530,56.200,54.750,55.220
2023-04-20,55.100,55.490,54.290,54.530
2023-04-21,54.660,55.030,53.380,53.450
2023-04-24,53.570,53.780,52.640,52.760
2023-04-25,52.770,52.970,51.920,52.040
2023-04-26,52.140,52.850,51.850,52.450
2023-04-27,52.550,52.610,50.570,50.920
2023-04-28,50.900,51.840,50.570,51.620
2023-05-01,51.620,52.090,51.000,51.720
2023-05-02,51.810,52.600,51.670,51.750
2023-05-03,51.870,52.760,50.930,52.520
2023-05-04,52.400,53.290,52.180,52.390
2023-05-05,52.480,54.570,52.370,54.330
2023-05-08,54.360,55.120,53.460,53.570
2023-05-09,53.650,53.970,52.790,53.060
2023-05-10,53.040,53.200,51.950,52.080
2023-05-11,52.050,52.240,51.080,51.160
2023-05-12,51.210,51.500,49.000,49.110
2023-05-15,49.210,50.390,48.810,49.700
2023-05-16,49.690,49.770,47.020,47.280
2023-05-17,47.670,47.990,45.750,46.210
2023-05-18,46.550,47.660,45.930,47.210
2023-05-19,47.500,48.980,46.910,47.170
2023-05-22,47.350,49.080,46.650,48.650
2023-05-23,48.770,48.880,47.340,47.710
2023-05-24,47.760,48.890,47.510,47.920
2023-05-25,48.070,49.060,47.890,48.630
2023-05-26,48.610,49.660,48.460,48.740
2023-05-30,48.880,49.060,45.940,46.140
2023-05-31,46.200,46.590,44.530,46.200
2023-06-01,46.330,48.020,46.160,47.770
2023-06-02,47.860,49.560,47.690,49.380
2023-06-05,49.610,49.890,48.630,49.060
2023-06-06,49.260,51.020,48.680,50.980
2023-06-07,50.920,51.570,50.170,50.540
2023-06-08,50.540,52.750,50.350,52.440
2023-06-09,52.260,54.920,52.200,54.600
2023-06-12,54.590,54.850,53.700,54.020
2023-06-13,54.150,55.590,53.980,55.460
2023-06-14,55.620,56.670,54.630,55.920
2023-06-15,55.960,58.900,55.800,58.400
2023-06-16,58.430,60.240,58.400,59.580
2023-06-20,57.780,58.180,56.620,57.550
2023-06-21,57.000,57.270,53.660,53.650
2023-06-22,53.480,53.810,51.360,53.740
2023-06-23,53.750,55.020,53.080,54.850
2023-06-26,55.080,56.340,54.750,56.230
2023-06-27,56.290,57.350,54.650,57.060
2023-06-28,57.160,58.160,55.300,55.570
2023-06-29,55.580,56.220,54.670,54.980
2023-06-30,55.260,58.970,55.050,58.900
2023-07-03,59.030,60.850,58.640,60.000
2023-07-05,60.290,62.410,60.290,61.050
2023-07-06,61.260,61.550,58.720,59.320
2023-07-07,59.240,59.820,58.200,58.620
2023-07-10,58.700,61.640,58.390,60.750
2023-07-11,60.870,61.190,59.620,59.930
2023-07-12,60.440,61.100,58.510,59.350
2023-07-13,59.490,61.460,59.090,61.190
2023-07-14,61.260,61.970,59.860,60.790
2023-07-17,60.970,61.940,59.900,60.350
2023-07-18,60.290,61.190,59.360,59.780
2023-07-19,59.850,62.660,59.770,61.410
2023-07-20,61.440,62.860,61.160,62.370
2023-07-21,62.230,63.370,61.730,62.930
2023-07-24,63.130,65.580,62.620,64.550
2023-07-25,64.510,64.920,63.280,64.070
2023-07-26,64.200,64.660,62.520,63.240
2023-07-27,63.120,63.590,61.590,62.090
2023-07-28,62.070,63.020,61.290,62.300
2023-07-31,62.400,62.460,59.300,60.040
2023-08-01,59.990,61.040,59.090,61.000
2023-08-02,60.830,61.250,60.060,60.640
2023-08-03,60.680,60.740,59.440,60.160
2023-08-04,60.150,61.720,60.060,61.460
2023-08-07,61.540,61.650,59.500,59.970
2023-08-08,59.850,60.510,57.860,59.730
2023-08-09,59.990,60.800,59.570,60.470
2023-08-10,60.430,60.760,59.940,60.500
2023-08-11,60.560,60.910,59.230,60.350
2023-08-14,60.310,61.220,59.900,61.160
2023-08-15,61.150,62.690,60.710,61.800
2023-08-16,61.880,63.820,61.610,62.820
2023-08-17,62.810,64.180,62.810,63.740
2023-08-18,63.770,64.420,63.530,64.190
2023-08-21,65.060,65.390,63.270,63.800
2023-08-22,63.920,64.290,61.640,61.720
2023-08-23,61.800,63.410,60.700,62.930
2023-08-24,62.970,63.200,61.630,62.240
2023-08-25,62.000,63.640,61.930,63.380
2023-08-28,63.780,64.270,62.780,63.410
2023-08-29,63.140,63.930,62.800,63.290
2023-08-30,63.330,64.040,62.410,62.560
2023-08-31,62.630,63.300,62.240,62.500
2023-09-01,62.630,63.730,62.510,63.380
2023-09-05,63.180,63.390,62.290,62.850
2023-09-06,62.810,62.990,62.070,62.350
2023-09-07,62.390,62.520,60.620,60.760
2023-09-08,60.780,61.210,60.160,60.460
2023-09-11,60.460,61.000,60.000,60.560
2023-09-12,60.600,60.710,59.060,60.160
2023-09-13,60.090,61.810,60.010,61.610
2023-09-14,61.720,62.130,61.080,61.880
2023-09-15,61.880,62.490,60.920,61.920
2023-09-18,62.100,62.270,60.630,60.860
2023-09-19,60.930,61.400,60.200,60.360
2023-09-20,60.290,60.570,59.220,59.260
2023-09-21,59.290,59.560,58.290,58.340
2023-09-22,58.400,59.940,58.260,59.450
2023-09-25,59.720,59.730,57.400,57.570
2023-09-26,57.650,57.980,56.620,57.480
2023-09-27,57.650,59.030,57.280,58.240
2023-09-28,58.270,58.500,56.580,56.900
2023-09-29,56.910,57.300,55.660,55.830
2023-10-02,55.850,57.540,55.560,57.480
2023-10-03,57.500,58.070,56.640,57.100
2023-10-04,57.130,57.480,55.930,56.050
2023-10-05,56.130,56.180,55.060,55.110
2023-10-06,55.280,55.990,55.010,55.260
2023-10-09,55.500,56.370,53.760,53.870
2023-10-10,54.080,54.090,52.240,53.460
2023-10-11,53.300,53.600,52.490,52.500
2023-10-12,52.570,53.870,52.080,53.270
2023-10-13,53.370,54.520,53.150,54.460
2023-10-16,54.490,56.160,54.450,55.900
2023-10-17,55.930,56.110,55.130,55.360
2023-10-18,55.440,55.900,54.730,54.980
2023-10-19,54.890,55.140,52.950,53.130
2023-10-20,53.240,54.320,52.970,53.160
2023-10-23,53.390,54.000,51.780,51.860
2023-10-24,52.030,52.030,50.820,51.250
2023-10-25,51.330,52.650,51.150,52.570
2023-10-26,52.690,53.490,51.560,51.630
2023-10-27,51.700,52.730,51.180,52.220
2023-10-30,52.060,52.970,52.060,52.260
2023-10-31,52.390,52.540,51.360,51.510
2023-11-01,51.590,51.880,49.780,49.900
2023-11-02,50.110,50.580,49.330,50.460
2023-11-03,50.480,51.320,48.790,49.160
2023-11-06,49.360,52.030,49.260,50.670
2023-11-07,50.880,50.880,49.250,49.490
2023-11-08,49.530,50.020,48.950,49.900
2023-11-09,49.880,50.850,49.720,50.390
2023-11-10,50.630,51.690,50.490,51.310
2023-11-13,51.200,51.750,49.830,51.670
2023-11-14,51.840,53.570,51.710,52.750
2023-11-15,52.820,53.620,52.420,53.070
2023-11-16,52.410,52.410,50.770,50.860
2023-11-17,51.020,51.660,50.460,51.210
2023-11-20,51.400,52.430,50.710,52.290
2023-11-21,52.290,53.500,51.790,53.430
2023-11-22,53.650,53.700,52.430,52.680
2023-11-24,52.600,53.700,50.150,50.640
2023-11-27,50.340,51.370,50.090,51.010
2023-11-28,51.220,53.110,51.140,53.040
2023-11-29,53.060,53.400,51.910,52.640
2023-11-30,52.700,53.320,52.010,52.310
2023-12-01,52.260,52.450,51.370,51.380
2023-12-04,51.450,52.070,51.060,51.250
2023-12-05,51.300,51.520,49.560,50.250
2023-12-06,50.340,50.610,49.020,49.370
2023-12-07,49.340,51.400,49.160,51.140
2023-12-08,51.130,51.630,50.070,50.100
2023-12-11,50.100,51.240,50.070,51.200
2023-12-12,51.250,51.750,50.050,50.460
2023-12-13,50.420,50.720,49.710,49.820
2023-12-14,50.070,50.860,49.430,49.840
2023-12-15,50.000,50.340,48.810,50.280
2023-12-18,50.350,51.100,49.900,50.730
2023-12-19,50.800,51.350,50.050,50.740
2023-12-20,50.900,51.690,50.200,50.820
2023-12-21,50.730,50.790,49.300,49.310
2023-12-22,49.380,49.740,48.940,48.950
2023-12-26,49.400,49.580,47.800,48.560
2023-12-27,48.510,48.990,47.570,48.780
2023-12-28,48.680,49.220,47.920,47.980
2023-12-29,48.020,48.280,47.560,48.140
2024-01-02,47.800,48.490,47.030,48.210
2024-01-03,48.290,48.970,47.660,48.570
2024-01-04,48.600,48.720,47.900,48.160
2024-01-05,48.160,48.500,47.510,47.560
2024-01-08,47.670,47.880,46.300,47.810
2024-01-09,47.710,48.700,47.700,48.440
2024-01-10,48.550,48.800,48.010,48.170
2024-01-11,48.200,48.980,48.130,48.710
2024-01-12,48.840,49.650,47.700,48.380
2024-01-16,48.350,48.590,47.220,47.260
2024-01-17,47.250,47.860,46.580,47.700
2024-01-18,47.700,48.200,46.960,47.550
2024-01-19,47.730,48.120,46.760,46.900
2024-01-22,46.770,48.260,46.770,48.090
2024-01-23,48.150,48.650,47.860,48.250
2024-01-24,48.180,48.430,47.200,47.260
2024-01-25,47.320,47.470,46.120,46.600
2024-01-26,46.670,47.080,46.080,46.880
2024-01-29,47.130,47.140,45.180,45.490
2024-01-30,45.550,46.190,44.890,46.010
2024-01-31,46.000,46.300,45.260,46.050
2024-02-01,46.020,46.380,45.320,45.610
2024-02-02,45.730,45.750,44.580,44.670
2024-02-05,44.730,45.450,44.510,45.430
2024-02-06,45.350,46.260,45.330,45.980
2024-02-07,46.000,46.890,45.330,46.760
2024-02-08,46.760,48.160,46.670,48.090
2024-02-09,47.940,48.450,46.910,47.230
2024-02-12,47.260,47.340,46.510,47.040
2024-02-13,46.990,47.700,46.240,47.240
2024-02-14,47.360,47.540,46.120,46.310
2024-02-15,46.230,46.340,45.560,46.020
2024-02-16,46.060,46.350,45.430,45.620
2024-02-20,46.380,46.590,45.410,45.870
2024-02-21,45.980,46.140,45.210,45.370
2024-02-22,45.420,45.900,44.650,44.790
2024-02-23,44.820,45.150,44.180,44.610
2024-02-26,44.620,45.240,44.260,44.930
2024-02-27,45.020,46.120,45.020,45.510
2024-02-28,45.500,45.740,44.900,45.230
2024-02-29,45.190,45.530,44.650,45.160
2024-03-01,45.210,45.690,44.510,44.990
2024-03-04,45.190,45.680,44.950,45.160
2024-03-05,45.240,45.540,44.700,44.980
2024-03-06,45.040,45.780,44.950,45.400
2024-03-07,45.390,46.490,45.260,46.340
2024-03-08,46.430,46.930,45.010,46.200
2024-03-11,46.220,46.900,46.120,46.620
2024-03-12,46.710,47.950,46.220,47.660
2024-03-13,47.680,48.820,47.570,48.480
2024-03-14,48.570,49.270,48.280,48.410
2024-03-15,48.450,49.610,47.760,49.570
2024-03-18,49.540,49.800,48.140,48.780
2024-03-19,48.710,48.810,48.100,48.160
2024-03-20,48.140,49.160,48.010,49.140
2024-03-21,49.100,49.760,48.330,48.820
2024-03-22,48.790,48.790,47.620,47.740
2024-03-25,47.750,49.090,47.550,49.010
2024-03-26,49.020,49.160,48.380,48.380
2024-03-27,48.420,48.430,47.390,47.690
2024-03-28,47.700,48.200,47.250,48.140
2024-04-01,48.120,48.790,48.060,48.230
2024-04-02,48.240,49.770,48.200,48.680
2024-04-03,48.700,49.260,48.270,48.860
2024-04-04,48.850,49.100,47.830,48.240
2024-04-05,48.180,49.150,48.010,49.080
2024-04-08,49.050,49.130,47.670,47.910
2024-04-09,47.900,48.230,47.310,47.560
2024-04-10,47.610,48.030,46.920,47.510
2024-04-11,47.600,47.600,45.960,46.010
2024-04-12,46.020,46.670,45.590,45.760
2024-04-15,45.900,46.320,45.330,45.340
2024-04-16,45.950,45.990,45.120,45.490
2024-04-17,45.510,45.840,45.120,45.510
2024-04-18,45.620,45.830,44.360,44.400
2024-04-19,44.400,45.220,44.060,44.940
2024-04-22,44.940,46.120,44.910,45.670
2024-04-23,45.650,46.100,45.290,45.810
2024-04-24,45.810,45.980,45.100,45.250
2024-04-25,45.250,45.500,44.630,45.460
2024-04-26,45.440,45.750,45.270,45.540
2024-04-29,45.560,45.970,44.300,44.370
2024-04-30,44.370,44.330,42.680,43.030
2024-05-01,43.130,43.750,42.940,43.240
2024-05-02,43.240,43.590,42.830,43.150
2024-05-03,43.210,43.540,42.730,43.030
2024-05-06,43.080,44.110,43.000,43.760
2024-05-07,43.990,44.760,43.720,44.390
2024-05-08,44.500,44.780,43.640,43.710
2024-05-09,43.710,43.880,42.530,42.680
2024-05-10,42.810,44.760,42.680,44.300
2024-05-13,44.300,45.450,44.100,45.110
2024-05-14,45.150,45.290,43.110,43.320
2024-05-15,43.440,44.200,43.220,43.530
2024-05-16,43.530,44.690,43.350,44.480
2024-05-17,44.500,45.670,44.240,45.260
2024-05-20,45.400,46.620,45.200,46.260
2024-05-21,46.270,46.370,45.480,45.820
2024-05-22,45.810,46.720,45.700,45.840
2024-05-23,45.840,46.480,45.110,45.130
2024-05-24,45.190,45.450,44.760,44.920
2024-05-28,44.960,45.930,44.950,45.520
2024-05-29,45.550,46.000,45.110,45.810
2024-05-30,45.870,45.900,44.910,45.710
2024-05-31,45.710,46.530,45.290,45.430
2024-06-03,45.520,45.520,44.020,44.090
2024-06-04,44.090,44.550,43.570,43.590
2024-06-05,43.630,43.930,43.030,43.110
2024-06-06,43.180,44.650,43.110,44.360
2024-06-07,44.350,44.450,43.500,43.510
2024-06-10,43.600,43.910,43.110,43.520
2024-06-11,43.640,44.060,43.070,43.620
2024-06-12,43.690,44.170,43.470,43.830
2024-06-13,43.940,44.000,43.320,43.840
2024-06-14,43.840,43.970,43.470,43.630
2024-06-17,43.630,43.880,43.130,43.700
2024-06-18,43.700,44.680,43.460,44.350
2024-06-20,44.350,44.910,43.880,43.940
2024-06-21,43.940,44.580,44.030,44.330
2024-06-24,43.890,44.160,43.270,43.460
2024-06-25,43.460,43.950,42.700,42.810
2024-06-26,42.810,44.030,43.010,43.670
2024-06-27,43.650,44.150,43.170,43.430
2024-06-28,43.430,44.120,43.390,43.810
2024-07-01,43.810,45.870,43.750,45.770
2024-07-02,45.770,46.940,45.530,46.720
2024-07-03,46.740,48.090,46.410,47.910
2024-07-05,47.910,48.890,47.190,48.860
2024-07-08,48.610,48.610,47.810,48.210
2024-07-09,48.210,48.230,46.200,46.240
2024-07-10,46.380,46.630,45.490,45.550
2024-07-11,45.620,46.750,45.610,46.220
2024-07-12,46.220,46.770,45.500,45.590
2024-07-15,45.590,45.470,44.070,44.810
2024-07-16,44.910,45.460,44.780,44.870
2024-07-17,44.870,45.360,43.940,43.990
2024-07-18,43.990,44.600,43.710,44.330
2024-07-19,44.220,44.950,43.880,43.900
2024-07-22,43.900,45.140,43.970,44.760
2024-07-23,44.760,45.650,44.730,45.100
2024-07-24,45.130,45.130,43.970,43.980
2024-07-25,43.980,44.430,43.570,44.120
2024-07-26,44.120,44.420,41.790,41.890
2024-07-29,42.120,42.350,40.800,42.060
2024-07-30,42.010,42.280,41.140,41.910
2024-07-31,41.870,42.560,41.770,42.350
2024-08-01,42.350,42.580,41.110,41.430
2024-08-02,41.560,41.950,40.760,40.820
2024-08-05,40.820,41.180,39.570,40.220
2024-08-06,40.220,40.460,38.870,39.890
2024-08-07,40.230,41.000,39.540,40.760
2024-08-08,40.850,41.200,40.390,40.840
2024-08-09,40.720,41.390,40.590,41.000
2024-08-12,40.990,41.140,40.150,40.500
2024-08-13,40.500,40.650,38.940,38.990
2024-08-14,38.980,39.670,38.660,38.760
2024-08-15,38.860,39.530,38.450,38.500
2024-08-16,38.510,38.760,37.660,38.630
2024-08-19,38.630,39.300,38.140,39.130
2024-08-20,39.130,39.470,38.500,39.220
2024-08-21,39.260,39.890,39.200,39.520
2024-08-22,39.610,40.070,38.870,38.890
2024-08-23,39.030,40.480,38.830,40.410
2024-08-26,40.410,41.190,40.000,40.780
2024-08-27,40.750,41.150,40.330,40.410
2024-08-28,40.480,40.770,39.970,40.680
2024-08-29,40.740,42.280,40.630,42.200
2024-08-30,42.180,42.680,41.540,41.890
2024-09-03,41.990,42.040,40.400,41.040
2024-09-04,40.950,41.380,40.000,40.080
2024-09-05,40.080,41.300,40.090,41.140
2024-09-06,41.140,41.160,39.560,39.650
2024-09-09,39.630,40.570,39.620,40.520
2024-09-10,40.500,40.670,39.480,39.550
2024-09-11,39.610,40.330,39.060,39.270
2024-09-12,39.350,40.050,39.130,39.860
2024-09-13,39.830,40.240,38.740,38.940
2024-09-16,38.930,39.530,38.640,39.060
2024-09-17,39.110,40.100,39.100,39.950
2024-09-18,39.920,40.840,39.870,40.330
2024-09-19,40.310,41.190,40.010,40.890
2024-09-20,40.930,41.500,40.580,41.350
2024-09-23,41.470,42.770,41.260,41.860
2024-09-24,41.840,43.440,41.540,43.390
2024-09-25,43.400,44.430,43.060,44.120
2024-09-26,44.110,44.860,42.780,42.780
2024-09-27,42.900,43.140,42.030,42.380
2024-09-30,42.410,43.470,41.920,43.310
2024-10-01,43.180,44.100,42.330,42.890
2024-10-02,42.910,44.280,42.800,43.610
2024-10-03,43.730,44.990,43.300,44.510
2024-10-04,44.510,45.290,43.890,43.990
2024-10-07,44.110,44.810,43.170,44.590
2024-10-08,44.640,44.910,42.530,43.040
2024-10-09,43.040,43.580,42.340,43.090
2024-10-10,43.110,43.980,42.740,43.680
2024-10-11,43.790,44.300,43.150,43.310
2024-10-14,43.320,43.240,41.780,41.970
2024-10-15,41.910,42.670,41.360,42.450
2024-10-16,42.450,43.010,41.650,41.720
2024-10-17,41.680,42.680,41.510,42.620
2024-10-18,42.480,43.160,41.600,41.790
2024-10-21,41.790,42.550,41.680,42.310
2024-10-22,42.380,43.910,42.260,43.740
2024-10-23,43.830,43.990,43.160,43.420
2024-10-24,43.400,45.100,43.380,44.360
2024-10-25,44.330,44.770,43.810,44.180
2024-10-28,44.180,43.750,42.470,42.720
2024-10-29,42.700,43.490,42.600,42.860
2024-10-30,42.890,44.240,42.640,43.880
2024-10-31,43.870,45.440,43.600,45.350
2024-11-01,45.420,46.650,45.410,46.420
2024-11-04,46.300,46.800,44.980,45.520
2024-11-05,45.580,45.930,44.810,45.060
2024-11-06,45.000,46.900,44.340,46.400
2024-11-07,46.400,48.410,45.920,48.280
2024-11-08,48.280,49.050,47.710,48.750
2024-11-11,48.840,49.220,47.690,48.300
2024-11-12,48.240,48.350,45.950,46.350
2024-11-13,46.340,46.440,44.770,45.300
2024-11-14,45.350,45.940,44.470,44.680
2024-11-15,44.660,46.400,44.580,45.590
2024-11-18,45.590,45.950,44.500,45.690
2024-11-19,45.760,46.180,44.850,44.880
2024-11-20,44.910,45.120,43.200,43.350
2024-11-21,43.350,43.870,42.020,42.330
2024-11-22,42.330,42.620,41.510,41.940
2024-11-25,41.920,42.450,40.640,41.350
2024-11-26,41.350,42.940,41.270,42.650
2024-11-27,42.710,42.980,40.720,40.840
2024-11-29,40.840,42.440,41.280,41.740
2024-12-02,41.640,41.970,41.010,41.350
2024-12-03,41.410,42.500,41.040,42.210
2024-12-04,42.160,42.290,41.270,41.350
2024-12-05,41.350,42.370,41.200,42.290
2024-12-06,42.310,43.500,42.080,43.000
2024-12-09,43.160,43.430,42.570,42.970
2024-12-10,43.040,43.100,42.190,42.910
2024-12-11,42.960,43.460,42.450,42.660
2024-12-12,42.670,43.210,42.170,43.000
2024-12-13,42.920,43.270,42.620,43.010
2024-12-16,42.990,43.080,41.940,42.100
2024-12-17,42.130,42.350,40.330,40.950
2024-12-18,40.950,40.970,39.750,39.900
2024-12-19,39.900,40.840,39.610,40.360
2024-12-20,40.420,40.830,39.810,39.900
2024-12-23,39.880,40.860,39.570,40.640
2024-12-24,40.660,40.930,40.120,40.320
2024-12-26,40.320,40.440,39.500,39.910
2024-12-27,39.880,40.660,39.750,40.080
2024-12-30,40.080,40.510,39.830,40.290
2024-12-31,40.300,40.520,39.920,40.410
2025-01-02,40.410,40.960,39.760,40.290
2025-01-03,40.260,40.690,39.560,39.910
2025-01-06,39.980,40.980,39.870,40.250
2025-01-07,40.330,41.320,40.050,41.280
2025-01-08,41.260,41.970,41.220,41.530
2025-01-09,41.600,42.850,41.010,42.380
2025-01-10,42.380,45.760,42.760,45.710
2025-01-13,45.710,46.220,45.090,45.900
2025-01-14,45.900,46.550,45.500,46.070
2025-01-15,46.060,47.100,45.720,46.280
2025-01-16,46.250,46.270,44.850,44.990
2025-01-17,45.240,45.800,44.950,45.690
2025-01-21,45.780,46.310,45.020,45.780
2025-01-22,45.780,45.840,44.210,44.480
2025-01-23,44.420,45.500,44.080,45.000
2025-01-24,44.690,45.440,44.130,45.280
2025-01-27,45.220,45.140,44.330,45.030
2025-01-28,45.000,45.790,44.640,45.110
2025-01-29,45.130,45.410,44.700,45.040
2025-01-30,45.000,45.170,44.100,44.970
2025-01-31,44.970,46.810,44.780,46.150
2025-02-03,46.240,47.540,46.150,46.380
2025-02-04,45.720,46.220,44.640,45.760
2025-02-05,45.790,45.990,44.770,45.060
2025-02-06,45.080,45.530,44.720,45.410
2025-02-07,45.410,46.750,45.690,46.500
2025-02-10,46.470,46.650,46.000,46.260
2025-02-11,46.360,47.080,45.870,46.590
2025-02-12,46.590,47.000,45.710,46.140
2025-02-13,46.140,46.830,45.530,46.680
2025-02-14,46.620,47.200,46.030,46.630
2025-02-18,46.630,47.800,46.040,47.710
2025-02-19,47.710,48.550,46.600,46.830
2025-02-20,46.830,47.870,46.700,47.650
2025-02-21,47.720,47.790,46.980,47.360
2025-02-24,47.360,47.380,46.180,46.300
2025-02-25,46.300,46.960,45.880,45.970
2025-02-26,45.970,46.190,45.150,45.520
2025-02-27,45.520,46.230,45.200,45.360
2025-02-28,45.360,45.730,44.050,44.120
2025-03-03,44.120,44.640,42.770,43.370
2025-03-04,43.370,44.200,42.570,42.890
2025-03-05,42.890,43.470,42.030,43.040
2025-03-06,43.040,43.590,42.910,43.190
2025-03-07,43.190,43.880,42.770,43.440
2025-03-10,43.440,43.550,41.980,42.290
2025-03-11,42.290,42.780,41.800,41.850
2025-03-12,41.850,42.140,41.220,41.680
2025-03-13,41.680,41.960,41.080,41.260
2025-03-14,41.260,41.770,41.250,41.640
2025-03-17,41.640,42.260,41.560,42.120
2025-03-18,42.120,42.880,42.010,42.540
2025-03-19,42.550,42.710,42.110,42.340
2025-03-20,42.340,42.800,41.570,42.640
2025-03-21,42.640,42.740,41.910,42.010
2025-03-24,42.010,42.200,41.500,42.120
2025-03-25,42.120,42.580,41.790,42.260
2025-03-26,42.260,43.110,42.150,42.610
2025-03-27,42.610,44.400,42.340,44.260
2025-03-28,44.260,45.210,43.910,45.190
2025-03-31,45.190,45.430,44.670,44.860
2025-04-01,44.860,47.490,44.750,47.410
2025-04-02,47.410,48.540,47.140,48.470
2025-04-03,48.470,48.040,46.160,47.050
2025-04-04,47.050,47.110,44.630,45.730
2025-04-07,45.730,46.960,44.810,45.580
2025-04-08,45.580,46.190,45.230,45.380
2025-04-09,45.380,46.860,44.250,46.570
2025-04-10,46.570,47.150,46.030,46.580
2025-04-11,46.580,48.040,46.340,47.760
2025-04-14,47.760,47.870,46.710,46.860
2025-04-15,46.860,48.410,46.500,47.800
2025-04-16,47.800,48.340,47.190,47.920
2025-04-17,47.920,48.530,47.700,48.320
2025-04-21,48.320,48.770,47.950,48.240
2025-04-22,48.240,48.840,47.830,48.000
2025-04-23,48.000,48.640,47.860,48.450
2025-04-24,48.450,50.130,48.310,50.030
2025-04-25,50.030,51.130,49.660,49.700
2025-04-28,49.700,50.630,49.180,50.440
2025-04-29,50.440,50.400,48.860,49.320
2025-04-30,49.320,49.500,48.430,48.970
2025-05-01,48.970,50.160,48.450,49.660
2025-05-02,49.660,50.130,48.790,49.500
2025-05-05,49.500,49.670,48.300,48.720
2025-05-06,48.720,48.900,47.760,48.300
2025-05-07,48.300,49.270,47.290,47.390
2025-05-08,47.390,48.500,47.300,48.390
2025-05-09,48.390,48.940,48.260,48.640
2025-05-12,48.640,50.630,48.780,49.820
2025-05-13,49.820,51.840,49.590,51.650
2025-05-14,51.650,52.620,51.080,52.190
2025-05-15,52.190,51.700,49.320,49.310
2025-05-16,49.310,49.760,47.630,48.920
2025-05-19,48.920,49.690,48.500,49.460
2025-05-20,49.460,49.590,48.750,49.560
2025-05-21,49.560,50.300,49.500,49.730
2025-05-22,49.730,49.430,47.950,49.120
2025-05-23,49.120,50.300,48.960,49.220
2025-05-27,49.220,50.180,49.000,49.660
2025-05-28,49.660,49.850,48.610,48.860
2025-05-29,48.860,49.390,47.710,48.370
2025-05-30,48.370,47.810,46.430,46.900
2025-06-02,46.900,47.170,46.230,46.230
2025-06-03,46.230,46.960,45.740,46.810
2025-06-04,46.810,47.420,46.430,46.700
2025-06-05,46.700,47.070,46.330,46.600
2025-06-06,46.600,47.720,46.910,47.430
2025-06-09,47.430,48.600,47.790,47.990
2025-06-10,47.990,48.610,47.990,48.340
2025-06-11,48.340,48.790,48.040,48.510
2025-06-12,48.510,49.720,47.670,48.100
2025-06-13,48.100,51.190,48.050,51.190
2025-06-16,51.190,55.680,52.550,55.660
2025-06-17,55.660,56.020,54.590,55.220
2025-06-18,55.220,55.820,54.700,55.240
2025-06-20,55.240,56.470,54.920,55.050
2025-06-23,55.050,55.830,53.620,53.640
2025-06-24,53.640,53.460,52.160,52.660
2025-06-25,52.660,53.340,52.180,52.440
2025-06-26,52.440,52.910,51.870,52.750
2025-06-27,52.750,53.250,52.230,52.600
2025-06-30,52.600,53.220,52.430,52.740
2025-07-01,52.740,53.750,52.400,53.640
2025-07-02,53.640,55.090,53.760,55.060
2025-07-03,55.060,55.190,54.450,54.530
2025-07-07,54.530,54.400,53.350,53.850
2025-07-08,53.850,54.340,53.600,53.970
2025-07-09,53.970,54.140,53.170,53.250
2025-07-10,53.250,53.810,53.040,53.470
2025-07-11,53.470,54.140,53.050,53.570
2025-07-14,53.570,54.180,52.980,53.950
2025-07-15,53.950,54.930,53.720,54.360
2025-07-16,54.360,54.910,54.290,54.650
2025-07-17,54.650,56.360,54.580,56.150
2025-07-18,56.150,56.950,55.510,55.560
2025-07-21,55.560,55.850,54.710,55.800
2025-07-22,55.800,55.860,55.040,55.470
2025-07-23,55.470,56.320,55.390,55.840
2025-07-24,55.840,56.380,55.750,56.320
2025-07-25,56.320,56.470,55.710,55.930
2025-07-28,55.930,56.210,55.460,55.960
2025-07-29,55.960,56.930,55.630,56.710
2025-07-30,56.710,57.200,56.000,56.090
2025-07-31,56.090,56.390,54.560,54.740
2025-08-01,54.740,54.990,53.780,53.890
2025-08-04,53.890,54.350,53.520,54.020
2025-08-05,54.020,54.550,53.370,53.380
2025-08-06,53.380,54.120,53.270,53.600
2025-08-07,53.600,53.830,53.220,53.450
2025-08-08,53.450,53.650,52.290,52.410
2025-08-11,52.410,53.590,52.320,52.990
2025-08-12,52.990,53.420,51.900,53.070
2025-08-13,53.060,53.770,52.790,53.400
2025-08-14,53.400,53.590,52.010,52.110
2025-08-15,52.110,53.320,51.770,53.210
2025-08-18,53.210,53.580,52.560,53.280
2025-08-19,53.280,53.330,51.730,51.830
2025-08-20,51.830,51.980,51.350,51.410
2025-08-21,51.410,54.270,51.410,53.770
2025-08-22,53.770,55.980,51.830,55.180
2025-08-25,55.180,55.720,54.810,54.840
2025-08-26,54.840,54.940,53.010,53.450
2025-08-27,53.450,53.730,52.770,53.140
2025-08-28,53.140,53.200,52.200,52.370
2025-08-29,52.370,52.500,51.680,52.080
2025-09-02,52.080,52.840,51.830,52.500
2025-09-03,52.500,52.850,51.800,51.830
2025-09-04,51.830,52.020,51.120,51.880
2025-09-05,51.880,52.200,51.170,51.190
2025-09-08,51.190,51.980,50.980,51.390
2025-09-09,51.390,51.660,50.370,50.380
2025-09-10,50.380,51.050,50.020,50.960
2025-09-11,50.960,51.650,50.980,51.610
2025-09-12,51.610,52.520,51.340,52.110
2025-09-15,52.110,52.970,51.870,52.290
2025-09-16,52.290,53.880,52.200,53.190
2025-09-17,53.190,53.390,51.730,51.810
2025-09-18,51.810,51.970,51.020,51.170
2025-09-19,51.170,51.340,50.560,50.580
2025-09-22,50.580,50.770,49.360,49.620
2025-09-23,49.620,50.020,48.890,49.830
2025-09-24,49.830,50.550,49.400,49.770
2025-09-25,49.770,50.540,49.500,50.190
2025-09-26,50.190,50.620,49.890,50.140
2025-09-29,50.140,50.250,49.410,49.570
2025-09-30,49.570,49.830,49.310,49.440
2025-10-01,49.440,50.750,49.200,50.500
2025-10-02,50.500,50.750,49.980,50.330
2025-10-03,50.330,50.580,49.950,49.960
2025-10-06,49.960,50.600,49.900,50.310
2025-10-07,50.310,51.070,50.260,51.040
2025-10-08,51.100,51.540,51.060,51.340
2025-10-09,51.340,51.600,50.790,50.970
2025-10-10,50.970,51.240,49.680,49.970
2025-10-13,49.970,50.680,49.850,50.530
2025-10-14,50.530,50.680,49.720,50.560
2025-10-15,50.560,51.430,50.500,50.820
2025-10-16,50.820,51.770,50.800,50.840
2025-10-17,50.830,51.220,50.350,51.100
2025-10-20,51.100,51.460,50.950,51.300
2025-10-21,51.300,51.400,50.470,50.610
2025-10-22,50.610,50.970,49.990,50.020
2025-10-23,50.020,51.130,50.030,50.850
2025-10-24,50.850,50.910,50.240,50.290
2025-10-27,50.290,50.940,50.330,50.660
2025-10-28,50.700,50.800,49.980,50.140
2025-10-29,50.210,50.440,49.560,50.100
2025-10-30,50.100,50.260,49.210,49.580
2025-10-31,49.580,49.840,48.560,48.600
2025-11-03,48.600,49.940,48.270,49.900
2025-11-04,49.900,50.100,49.110,49.490
2025-11-05,49.490,49.910,49.300,49.700
2025-11-06,49.600,50.330,49.260,49.270
2025-11-07,49.270,49.880,49.000,49.620
2025-11-10,49.600,50.600,49.580,50.520
2025-11-11,50.520,51.270,50.520,51.040
2025-11-12,51.040,51.330,50.290,50.560
2025-11-13,50.560,51.080,50.180,50.210
2025-11-14,50.210,50.760,50.010,50.130
2025-11-17,50.130,51.300,49.770,51.140
2025-11-18,51.100,52.480,50.910,52.130
2025-11-19,52.470,52.780,51.000,51.420
2025-11-20,51.420,51.800,50.850,51.050
2025-11-21,51.050,51.080,49.900,50.610
2025-11-24,50.610,50.780,49.780,50.470
2025-11-25,50.470,50.700,49.800,50.630
2025-11-26,50.630,51.280,50.490,51.040
2025-11-28,51.030,52.220,51.000,52.080
2025-12-01,52.000,52.490,51.730,52.310
2025-12-02,52.410,52.900,52.130,52.580
2025-12-03,52.580,52.760,51.630,51.700
2025-12-04,51.700,51.910,51.190,51.850
2025-12-05,51.850,52.500,51.670,51.700
2025-12-08,51.700,52.230,51.590,51.680
2025-12-09,51.680,51.920,51.350,51.500
2025-12-10,51.520,52.010,51.170,51.610
2025-12-11,51.610,51.740,50.930,51.320
2025-12-12,51.320,51.460,50.490,50.600
2025-12-15,50.600,50.760,49.840,50.010
2025-12-16,50.010,50.010,48.610,48.950
2025-12-17,48.950,49.160,48.350,49.120
2025-12-18,49.110,49.360,48.540,48.580
2025-12-19,48.580,48.790,48.050,48.340
2025-12-22,48.340,49.150,48.390,49.070
2025-12-23,49.070,49.280,48.630,48.760
2025-12-24,48.760,49.580,48.720,49.510
2025-12-26,49.510,49.630,49.120,49.190
2025-12-29,49.190,49.440,49.020,49.260
2025-12-30,49.260,49.680,49.150,49.390
2025-12-31,49.390,49.670,48.480,48.550
2026-01-02,48.550,49.330,48.260,49.310
2026-01-05,49.310,50.020,49.040,49.840
2026-01-06,49.840,50.430,49.360,49.370
2026-01-07,49.370,50.010,49.240,49.270
2026-01-08,49.270,49.610,48.990,49.490
2026-01-09,49.490,50.020,49.490,49.640
2026-01-12,49.640,50.890,49.800,50.340
2026-01-13,50.340,51.600,50.150,51.160
2026-01-14,51.160,51.820,50.830,51.010
2026-01-15,51.010,53.030,50.370,52.920
2026-01-16,52.920,53.480,52.240,52.510
2026-01-20,52.510,53.190,52.410,52.520
2026-01-21,52.520,54.120,52.370,54.030
2026-01-22,54.030,54.310,53.550,53.730
2026-01-23,53.730,54.620,53.630,53.940
2026-01-26,53.940,54.710,53.780,53.790
2026-01-27,53.790,54.530,53.350,54.400
2026-01-28,54.400,54.950,54.040,54.330
2026-01-29,54.330,54.830,53.560,53.990
2026-01-30,53.990,54.100,53.300,53.550
2026-02-02,53.550,53.450,52.610,53.220
2026-02-03,53.220,54.780,53.350,54.520
2026-02-04,54.520,55.850,54.200,55.670
2026-02-05,55.670,55.980,55.200,55.610
2026-02-06,55.610,56.140,54.950,55.320
2026-02-09,55.320,57.240,56.030,57.200
2026-02-10,57.200,57.860,56.750,57.710
2026-02-11,57.710,58.050,57.240,57.490
2026-02-12,57.490,58.340,57.250,57.890
2026-02-13,57.890,58.020,57.050,57.540
2026-02-17,57.540,58.090,57.140,57.810
2026-02-18,57.810,59.450,57.880,59.010
2026-02-19,59.070,60.220,58.920,60.180
2026-02-20,60.000,60.200,58.500,59.310
2026-02-23,59.310,60.560,59.000,59.850
2026-02-24,59.880,60.700,59.650,60.510
2026-02-25,60.500,60.970,59.800,60.620
2026-02-26,60.630,61.990,60.110,61.690
2026-02-27,61.690,62.430,61.500,61.760
2026-03-02,61.760,64.280,62.540,62.670
2026-03-03,62.700,63.790,62.310,62.890
2026-03-04,62.800,63.620,62.350,63.470
2026-03-05,63.590,66.120,63.510,65.700
2026-03-06,65.700,66.890,64.800,66.450
2026-03-09,66.450,69.910,65.730,66.050
2026-03-10,66.050,66.710,64.380,65.870
2026-03-11,65.870,68.630,66.620,67.160
2026-03-12,67.160,68.440,67.170,67.210
2026-03-13,67.850,67.850,66.720,67.420
2026-03-16,67.070,67.150,63.940,63.930
2026-03-17,63.930,66.420,63.500,65.880
2026-03-18,66.000,67.030,64.730,65.480
2026-03-19,66.000,66.270,65.020,65.200
2026-03-20,65.250,66.500,65.020,65.510
2026-03-23,65.510,66.380,64.220,65.690
2026-03-24,65.690,66.240,64.860,65.620
2026-03-25,65.440,67.320,64.900,67.080
2026-03-26,67.080,68.340,66.870,67.840
2026-03-27,67.840,69.100,66.300,67.210
2026-03-30,67.210,69.680,67.550,68.390
2026-03-31,68.390,69.210,68.000,68.970
2026-04-01,68.950,69.100,66.970,67.000
2026-04-02,67.000,69.170,66.740,68.990
2026-04-06,69.620,70.000,68.610,69.850
2026-04-07,69.770,70.490,69.270,69.600
2026-04-08,69.600,67.950,66.220,67.430
2026-04-09,67.510,68.630,67.350,67.600
2026-04-10,67.720,67.790,66.500,67.000
2026-04-13,67.000,68.700,66.190,66.240
2026-04-14,66.240,66.510,65.350,66.130
2026-04-15,66.140,67.430,65.950,67.280
2026-04-16,67.310,69.370,67.100,68.970
2026-04-17,69.050,69.400,66.850,67.800
2026-04-20,67.800,69.370,67.940,69.310
2026-04-21,69.310,71.820,69.110,71.620
2026-04-22,71.690,72.640,70.750,70.980
2026-04-23,70.990,71.390,70.190,71.130
2026-04-24,71.090,71.620,70.680,71.220
2026-04-27,71.690,72.080,70.950,71.700
2026-04-28,71.700,72.600,71.150,72.420
2026-04-29,72.720,74.250,72.330,74.220
2026-04-30,74.200,74.850,73.450,74.430
2026-05-01,74.430,75.400,74.510,75.100
2026-05-04,75.010,76.930,74.770,76.580
2026-05-05,76.590,76.990,76.070,76.750
2026-05-06,76.750,76.790,74.300,74.900
2026-05-07,74.960,75.330,73.100,74.070
2026-05-08,74.700,74.940,73.730,74.150
2026-05-11,74.150,75.130,73.250,73.640
2026-05-12,73.640,75.400,73.720,75.280
2026-05-13,75.370,75.500,74.180,74.220
2026-05-14,74.220,74.510,72.950,73.820
2026-05-15,73.960,74.250,73.140,73.760
2026-05-18,73.760,75.840,74.190,75.550
2026-05-19,75.570,75.900,75.180,75.380
2026-05-20,75.450,76.320,74.510,74.660
2026-05-21,74.620,74.960,73.510,73.820
2026-05-22,74.000,74.600,73.840,73.930
2026-05-26,73.930,74.400,72.990,74.290
2026-05-27,74.500,75.420,73.880,75.160
2026-05-28,75.250,76.810,74.700,76.660
2026-05-29,76.700,78.360,76.100,77.650
2026-06-01,77.650,79.690,77.340,79.040
2026-06-02,79.200,79.200,77.500,78.370
2026-06-03,78.370,79.550,78.410,78.610
2026-06-04,78.710,78.740,75.960,76.390
2026-06-05,76.600,76.720,73.610,74.140
2026-06-08,74.140,74.940,72.860,74.660
2026-06-09,74.660,71.300,70.190,70.610
2026-06-10,70.570,71.330,70.360,70.910
2026-06-11,71.120,71.350,69.580,70.080
2026-06-12,69.830,70.100,68.310,69.640
2026-06-15,69.000,69.380,67.820,69.250
2026-06-16,69.320,69.630,67.840,68.030
2026-06-17,68.250,68.460,67.000,67.250
2026-06-18,67.130,67.170,64.620,65.940
2026-06-22,65.940,67.250,66.020,66.830
2026-06-23,66.830,67.300,66.280,66.580
2026-06-24,66.580,66.890,65.590,65.650
2026-06-25,65.730,67.240,65.100,67.140
2026-06-26,67.140,67.320,66.320,67.030
2026-06-29,67.210,67.680,66.500,66.500
2026-06-30,66.660,66.670,64.650,65.210
2026-07-01,65.450,65.610,64.630,65.460
2026-07-02,65.490,66.320,65.010,65.540
2026-07-06,65.540,67.000,65.810,66.620
2026-07-07,66.500,67.430,66.450,67.230
2026-07-08,67.540,70.000,67.520,69.370
2026-07-09,69.370,69.970,68.520,68.640
2026-07-10,68.790,69.420,68.070,68.950
2026-07-13,68.950,71.510,69.330,71.060
2026-07-14,71.160,71.720,70.500,70.690
2026-07-15,70.850,71.260,69.950,70.910
2026-07-16,71.000,71.380,70.440,70.480
2026-07-17,70.800,72.980,70.800,72.430
2026-07-20,72.430,73.110,71.360,72.080
2026-07-21,72.080,72.540,71.130,71.540
2026-07-22,71.670,72.870,70.950,72.710
2026-07-23,72.710,73.820,72.690,72.840
2026-07-24,72.760,73.060,71.720,71.870
2026-07-27,71.870,71.300,69.470,69.530
2026-07-28,69.530,69.880,68.420,69.040
2026-07-29,69.310,69.770,67.450,67.610
2026-07-30,67.690,68.050,66.970,67.300
2026-07-31,67.460,67.460,66.170,67.030
2026-08-03,66.430,68.300,66.100,68.130
2026-08-04,68.190,68.680,67.000,67.440
2026-08-05,67.500,67.910,66.790,67.200
2026-08-06,67.200,67.720,66.750,67.310
2026-08-07,67.200,68.070,67.020,67.870
2026-08-10,67.980,69.270,67.920,69.030
2026-08-11,69.090,69.500,67.470,68.170
2026-08-12,68.220,68.910,67.640,68.710
2026-08-13,68.710,69.040,68.190,68.270
2026-08-14,68.250,69.000,67.880,68.820
2026-08-17,68.820,71.050,68.600,70.780
2026-08-18,70.780,71.340,69.540,69.590
2026-08-19,69.520,70.770,69.050,69.850
2026-08-20,69.850,71.420,69.670,71.360
2026-08-21,70.740,71.690,69.000,69.550
2026-08-24,69.550,69.230,66.780,67.330
2026-08-25,67.320,68.120,65.980,67.750
2026-08-26,67.750,67.910,66.510,67.620
2026-08-27,67.620,69.500,66.020,68.350
2026-08-28,68.350,71.280,69.200,70.990
2026-08-31,70.990,71.380,69.880,71.060
2026-09-01,71.060,73.000,72.000,72.600
2026-09-02,72.580,73.000,70.770,70.910
2026-09-03,70.910,71.010,69.260,69.980
2026-09-04,69.740,70.130,68.230,69.150
2026-09-08,69.920,71.160,69.550,71.070
2026-09-09,71.070,71.510,70.780,71.040
2026-09-10,71.230,72.480,70.420,72.350
2026-09-11,72.350,72.630,70.040,70.110
2026-09-14,70.500,71.130,70.110,70.610
2026-09-15,70.550,71.170,70.010,70.570
2026-09-16,70.510,71.310,69.690,69.840
2026-09-17,69.830,69.900,68.700,69.420
2026-09-18,69.560,69.580,68.500,68.570
2026-09-21,68.570,69.430,68.060,69.110
2026-09-22,69.300,69.560,68.200,68.330
2026-09-23,68.330,68.630,67.520,68.130
2026-09-24,68.120,68.410,67.550,67.990
