time,open,high,low,close
2016-09-26,333.750,336.500,328.500,328.750
2016-09-27,329.250,332.500,327.250,332.000
2016-09-28,331.750,332.500,328.750,329.750
2016-09-29,329.750,333.500,328.000,329.250
2016-09-30,329.000,337.500,325.000,336.250
2016-10-03,336.250,347.750,335.250,346.000
2016-10-04,345.000,349.000,343.500,348.000
2016-10-05,348.000,349.250,345.250,347.500
2016-10-06,347.250,347.750,338.500,341.000
2016-10-07,340.750,344.750,339.500,339.750
2016-10-10,339.500,344.250,339.250,343.000
2016-10-11,342.750,347.000,341.000,346.250
2016-10-12,345.000,348.500,336.500,337.250
2016-10-13,337.500,349.750,337.250,349.750
2016-10-14,349.500,358.750,348.750,353.500
2016-10-17,353.250,357.750,350.250,354.500
2016-10-18,354.250,357.500,351.500,353.500
2016-10-19,353.750,358.000,351.000,358.000
2016-10-20,357.500,359.250,349.250,350.750
2016-10-21,351.000,354.250,350.500,352.250
2016-10-24,351.500,354.500,346.250,348.750
2016-10-25,348.000,352.250,347.250,349.750
2016-10-26,349.250,355.750,349.000,354.500
2016-10-27,353.750,358.500,352.250,357.750
2016-10-28,357.500,358.250,354.250,355.250
2016-10-31,355.000,358.000,352.250,354.500
2016-11-01,354.250,354.750,347.250,348.750
2016-11-02,349.000,350.500,344.250,346.750
2016-11-03,346.500,348.750,345.000,348.250
2016-11-04,347.750,349.750,345.500,348.000
2016-11-07,348.000,349.500,345.000,346.500
2016-11-08,346.000,356.500,345.000,353.500
2016-11-09,353.500,355.000,340.500,341.250
2016-11-10,341.250,346.500,340.250,342.250
2016-11-11,342.250,345.000,339.000,340.750
2016-11-14,340.750,341.000,335.500,337.000
2016-11-15,336.750,342.250,335.750,342.000
2016-11-16,349.000,351.250,346.250,347.500
2016-11-17,347.500,351.000,345.750,350.000
2016-11-18,350.000,354.250,348.250,353.750
2016-11-21,353.750,358.000,352.750,357.750
2016-11-22,357.750,359.500,354.000,358.750
2016-11-23,358.750,359.500,354.250,359.000
2016-11-24,359.000,359.000,359.000,359.000
2016-11-25,359.000,359.250,357.250,358.000
2016-11-28,358.000,362.500,355.750,358.000
2016-11-29,358.000,358.000,348.000,348.000
2016-11-30,349.000,353.000,347.750,348.500
2016-12-01,349.000,349.750,341.750,343.250
2016-12-02,343.250,347.750,343.000,347.000
2016-12-05,347.000,359.750,347.000,358.250
2016-12-06,358.000,364.000,357.500,359.000
2016-12-07,359.000,360.500,356.000,358.250
2016-12-08,358.250,360.000,350.250,354.250
2016-12-09,354.250,359.750,351.250,358.750
2016-12-12,358.750,361.000,356.000,360.000
2016-12-13,360.000,364.750,359.250,361.500
2016-12-14,361.500,362.000,358.250,361.750
2016-12-15,361.500,363.000,356.250,356.250
2016-12-16,356.250,359.000,353.500,357.250
2016-12-19,357.250,357.250,351.500,353.750
2016-12-20,353.750,353.750,349.250,350.250
2016-12-21,350.000,351.250,346.750,347.500
2016-12-22,347.250,348.000,346.000,347.500
2016-12-23,347.000,347.750,345.500,345.750
2016-12-26,345.750,345.750,345.750,345.750
2016-12-27,345.750,356.000,345.750,355.000
2016-12-28,355.000,355.000,347.250,348.500
2016-12-29,348.250,351.000,347.500,349.750
2016-12-30,349.500,353.000,347.750,351.000
2017-01-02,351.000,351.000,351.000,351.000
2017-01-03,351.000,358.500,351.000,355.750
2017-01-04,355.750,360.000,354.750,360.000
2017-01-05,360.000,362.750,358.500,361.250
2017-01-06,361.250,362.500,356.750,358.750
2017-01-09,358.750,360.750,355.250,359.500
2017-01-10,359.500,359.500,357.250,357.500
2017-01-11,357.500,358.250,352.000,357.000
2017-01-12,357.000,360.000,353.000,358.000
2017-01-13,358.000,359.500,355.250,358.750
2017-01-16,358.750,358.750,358.750,358.750
2017-01-17,358.750,366.500,358.500,365.250
2017-01-18,365.250,367.750,362.750,364.250
2017-01-19,364.250,367.500,362.750,366.500
2017-01-20,366.500,370.000,365.000,370.000
2017-01-23,370.000,370.000,367.500,369.750
2017-01-24,369.750,371.000,362.250,363.500
2017-01-25,363.500,366.750,361.000,366.000
2017-01-26,366.000,366.750,362.000,363.750
2017-01-27,363.750,364.250,360.500,363.000
2017-01-30,363.000,363.000,355.750,358.250
2017-01-31,358.250,361.250,357.750,359.500
2017-02-01,359.500,368.500,358.000,367.500
2017-02-02,367.500,369.750,366.250,366.750
2017-02-03,366.750,367.750,364.000,364.500
2017-02-06,364.500,368.750,362.500,363.750
2017-02-07,363.750,369.000,362.500,368.750
2017-02-08,368.000,371.000,366.500,369.750
2017-02-09,369.750,372.750,367.500,368.750
2017-02-10,368.750,375.500,368.500,373.750
2017-02-13,373.750,376.750,371.750,375.250
2017-02-14,375.250,375.250,373.000,374.250
2017-02-15,374.000,379.000,371.750,378.750
2017-02-16,385.750,387.250,380.250,380.500
2017-02-17,380.500,380.750,375.250,375.750
2017-02-20,375.750,375.750,375.750,375.750
2017-02-21,375.750,377.750,373.500,376.500
2017-02-22,376.500,379.750,376.250,377.750
2017-02-23,377.750,379.000,372.250,372.500
2017-02-24,372.500,373.500,369.250,371.500
2017-02-27,371.500,372.500,367.250,369.250
2017-02-28,369.250,386.250,368.500,373.000
2017-03-01,373.000,382.250,372.250,382.000
2017-03-02,382.000,382.250,376.750,378.500
2017-03-03,378.500,381.750,377.500,380.750
2017-03-06,380.750,383.000,376.500,378.500
2017-03-07,378.500,379.750,373.250,376.000
2017-03-08,376.000,376.500,371.750,372.750
2017-03-09,372.750,374.000,366.000,367.000
2017-03-10,367.000,367.750,362.500,364.750
2017-03-13,364.000,365.000,360.500,360.750
2017-03-14,361.250,364.500,360.000,362.250
2017-03-15,362.500,364.750,362.000,363.500
2017-03-16,364.000,367.000,363.750,366.250
2017-03-17,366.250,367.750,364.500,367.750
2017-03-20,369.000,370.750,363.000,363.250
2017-03-21,363.250,364.000,359.250,361.250
2017-03-22,361.250,361.750,358.250,358.250
2017-03-23,358.500,359.750,356.250,356.500
2017-03-24,357.000,358.000,355.250,355.750
2017-03-27,356.750,358.250,354.250,356.250
2017-03-28,356.250,358.750,355.750,357.250
2017-03-29,357.500,360.750,356.500,358.000
2017-03-30,358.250,358.750,356.750,357.750
2017-03-31,357.750,366.750,355.000,364.750
2017-04-03,365.500,371.750,365.500,367.250
2017-04-04,367.000,369.750,362.750,363.250
2017-04-05,363.000,365.750,361.500,364.500
2017-04-06,364.000,365.500,360.000,360.750
2017-04-07,360.750,361.750,357.250,359.750
2017-04-10,359.500,367.000,359.000,366.250
2017-04-11,366.000,369.000,362.250,366.000
2017-04-12,366.750,371.500,366.250,368.750
2017-04-13,369.000,373.000,368.500,370.750
2017-04-14,370.750,370.750,370.750,370.750
2017-04-17,377.750,378.750,372.000,373.000
2017-04-18,373.000,374.500,367.250,367.750
2017-04-19,367.750,371.750,367.250,368.500
2017-04-20,368.250,370.750,363.750,363.750
2017-04-21,363.750,365.250,360.750,363.000
2017-04-24,364.500,367.000,362.500,365.500
2017-04-25,365.750,374.750,362.500,371.500
2017-04-26,371.500,374.500,366.000,366.000
2017-04-27,366.500,371.250,366.000,368.000
2017-04-28,367.500,369.000,363.500,365.500
2017-05-01,371.250,379.000,369.500,376.750
2017-05-02,376.750,378.250,370.250,372.250
2017-05-03,372.000,375.750,370.000,374.250
2017-05-04,374.250,376.000,366.000,367.250
2017-05-05,367.500,373.750,366.750,371.500
2017-05-08,369.500,371.250,365.000,366.500
2017-05-09,366.000,369.500,365.750,367.000
2017-05-10,366.500,374.000,366.000,373.000
2017-05-11,373.250,373.750,368.750,369.250
2017-05-12,369.000,371.500,368.000,371.250
2017-05-15,370.500,371.750,367.250,367.500
2017-05-16,367.250,368.750,365.250,367.000
2017-05-17,366.750,372.250,366.250,371.750
2017-05-18,371.250,371.500,364.250,365.750
2017-05-19,366.250,373.000,366.000,372.250
2017-05-22,373.000,377.500,371.750,375.250
2017-05-23,374.500,375.750,369.000,370.000
2017-05-24,370.250,371.500,368.750,370.500
2017-05-25,371.000,373.000,368.750,369.250
2017-05-26,369.500,374.750,368.750,373.750
2017-05-29,373.750,373.750,373.750,373.750
2017-05-30,373.750,373.750,366.250,366.750
2017-05-31,370.000,376.500,369.000,371.500
2017-06-01,371.500,373.750,367.500,370.750
2017-06-02,370.250,374.750,369.500,372.000
2017-06-05,374.250,375.500,372.000,373.000
2017-06-06,371.750,379.750,371.250,378.500
2017-06-07,378.250,387.000,378.250,385.000
2017-06-08,385.250,391.750,384.250,384.250
2017-06-09,384.250,389.500,380.750,388.000
2017-06-12,386.000,387.250,376.250,376.750
2017-06-13,379.250,383.750,377.500,381.250
2017-06-14,381.250,385.000,376.750,376.750
2017-06-15,376.500,382.000,370.000,378.250
2017-06-16,386.500,392.250,385.000,392.000
2017-06-19,386.250,389.250,383.000,383.250
2017-06-20,384.000,385.500,377.000,377.500
2017-06-21,377.750,381.250,376.000,377.000
2017-06-22,376.500,377.250,370.500,370.750
2017-06-23,362.750,364.750,356.500,359.000
2017-06-26,358.250,361.750,357.250,360.000
2017-06-27,361.250,364.250,359.250,359.250
2017-06-28,359.500,360.500,356.750,357.250
2017-06-29,356.750,362.250,356.250,359.500
2017-06-30,360.000,372.500,359.500,370.000
2017-07-03,384.250,396.000,383.250,385.000
2017-07-04,385.000,385.000,385.000,385.000
2017-07-05,385.000,394.250,385.000,392.250
2017-07-06,390.250,391.500,382.000,391.000
2017-07-07,389.500,397.000,388.250,391.750
2017-07-10,396.750,402.500,396.500,402.250
2017-07-11,403.250,404.750,394.500,401.000
2017-07-12,399.750,400.750,384.500,385.500
2017-07-13,383.500,385.250,368.500,370.750
2017-07-14,370.250,378.500,370.000,377.000
2017-07-17,376.000,378.750,370.500,376.250
2017-07-18,380.500,388.750,375.250,377.000
2017-07-19,376.500,389.000,374.250,383.250
2017-07-20,383.000,393.250,380.500,392.000
2017-07-21,390.750,391.000,378.500,380.000
2017-07-24,375.000,377.500,371.000,376.500
2017-07-25,381.750,383.750,368.500,369.250
2017-07-26,368.500,373.250,366.000,373.000
2017-07-27,374.000,377.250,373.000,373.500
2017-07-28,373.500,377.000,373.000,375.250
2017-07-31,370.750,372.250,367.500,372.000
2017-08-01,368.750,371.500,362.000,363.000
2017-08-02,364.500,367.250,363.750,364.500
2017-08-03,365.000,367.250,361.250,364.000
2017-08-04,364.000,368.000,363.250,367.250
2017-08-07,368.750,372.500,368.500,372.000
2017-08-08,372.250,374.250,368.250,369.250
2017-08-09,369.000,372.500,368.750,371.500
2017-08-10,371.750,375.500,356.500,359.500
2017-08-11,359.500,361.500,357.250,361.250
2017-08-14,359.000,363.000,356.000,362.500
2017-08-15,361.000,361.000,354.000,355.500
2017-08-16,355.000,356.750,349.250,353.000
2017-08-17,352.500,353.750,349.500,350.000
2017-08-18,350.000,352.500,349.750,351.250
2017-08-21,350.000,350.750,346.500,348.000
2017-08-22,348.750,351.000,346.000,346.500
2017-08-23,346.750,348.750,341.500,342.000
2017-08-24,341.750,342.750,340.250,342.250
2017-08-25,342.250,342.750,338.000,338.500
2017-08-28,339.000,340.250,335.500,335.750
2017-08-29,335.750,336.000,332.000,333.250
2017-08-30,333.000,334.000,329.000,329.250
2017-08-31,329.250,342.750,328.500,341.750
2017-09-01,356.750,360.750,353.250,354.750
2017-09-04,354.750,354.750,354.750,354.750
2017-09-05,355.000,360.500,355.000,357.500
2017-09-06,357.250,362.000,356.000,360.750
2017-09-07,359.750,360.250,354.750,355.000
2017-09-08,355.250,358.750,355.000,356.500
2017-09-11,356.500,359.250,354.750,358.000
2017-09-12,356.750,357.250,345.500,349.000
2017-09-13,351.250,356.750,350.250,352.750
2017-09-14,353.000,356.250,352.500,354.250
2017-09-15,353.250,355.500,352.500,354.750
2017-09-18,353.500,355.500,350.500,351.500
2017-09-19,351.250,353.250,346.500,348.250
2017-09-20,347.750,351.500,347.250,350.250
2017-09-21,349.500,351.250,348.500,350.000
2017-09-22,350.000,356.250,349.500,353.500
2017-09-25,352.750,355.000,351.250,353.500
2017-09-26,352.750,355.500,351.500,352.000
2017-09-27,352.000,354.500,348.500,353.750
2017-09-28,353.500,353.750,350.500,352.750
2017-09-29,351.750,358.000,350.000,356.250
2017-10-02,355.000,356.250,351.000,351.500
2017-10-03,351.250,351.500,348.750,349.250
2017-10-04,349.000,349.500,346.000,348.250
2017-10-05,348.500,351.250,347.500,349.500
2017-10-06,349.500,351.000,348.500,349.750
2017-10-09,350.750,351.750,348.000,349.500
2017-10-10,349.000,351.250,348.250,349.000
2017-10-11,348.750,349.000,345.500,345.750
2017-10-12,346.000,354.000,342.500,348.750
2017-10-13,348.500,353.500,348.250,352.750
2017-10-16,352.750,353.250,349.750,351.000
2017-10-17,350.250,351.750,348.500,350.500
2017-10-18,350.500,350.500,347.750,348.750
2017-10-19,349.000,351.500,348.500,348.750
2017-10-20,348.750,350.000,344.250,344.250
2017-10-23,344.250,351.750,343.000,351.000
2017-10-24,351.250,353.000,349.500,352.750
2017-10-25,352.250,355.250,350.500,350.750
2017-10-26,350.750,352.000,349.500,350.500
2017-10-27,350.250,350.250,347.500,348.250
2017-10-30,348.750,349.750,347.250,348.750
2017-10-31,348.250,348.750,345.500,345.500
2017-11-01,345.500,349.250,345.250,348.250
2017-11-02,348.000,352.000,347.500,350.500
2017-11-03,350.250,351.000,347.500,349.000
2017-11-06,349.000,350.250,347.750,348.000
2017-11-07,348.000,348.250,346.250,347.500
2017-11-08,347.250,349.000,345.750,347.500
2017-11-09,347.500,349.750,340.750,342.000
2017-11-10,342.000,344.000,341.000,343.500
2017-11-13,343.500,344.000,341.500,342.250
2017-11-14,342.000,342.250,337.250,337.500
2017-11-15,337.250,339.000,337.000,338.500
2017-11-16,338.250,339.000,336.250,336.750
2017-11-17,336.500,343.500,336.500,343.250
2017-11-20,343.250,345.250,341.500,344.750
2017-11-21,344.750,345.750,342.750,344.750
2017-11-22,344.250,347.000,344.000,344.500
2017-11-23,344.500,344.500,344.500,344.500
2017-11-24,344.500,345.750,339.750,342.000
2017-11-27,342.000,342.500,338.500,339.250
2017-11-28,339.000,339.500,335.750,335.750
2017-11-29,335.750,340.000,335.500,340.000
2017-11-30,340.000,343.000,337.500,341.750
2017-12-01,355.750,359.500,354.750,359.000
2017-12-04,359.000,360.500,352.500,353.000
2017-12-05,353.000,357.000,352.750,353.750
2017-12-06,353.750,356.000,351.000,352.500
2017-12-07,352.250,353.500,350.500,351.500
2017-12-08,351.250,354.000,351.250,352.500
2017-12-11,352.500,352.500,348.250,349.750
2017-12-12,349.750,353.000,347.500,348.000
2017-12-13,348.250,350.000,347.750,349.000
2017-12-14,349.000,350.750,348.000,348.750
2017-12-15,348.750,350.750,346.500,347.250
2017-12-18,347.250,348.750,346.500,347.000
2017-12-19,347.000,348.750,346.500,347.500
2017-12-20,347.500,349.750,347.250,349.250
2017-12-21,349.000,351.750,348.500,351.000
2017-12-22,351.000,352.500,350.500,352.250
2017-12-25,352.250,352.250,352.250,352.250
2017-12-26,352.250,353.250,351.000,352.500
2017-12-27,352.000,354.250,351.750,353.250
2017-12-28,353.000,353.500,350.000,351.500
2017-12-29,351.500,351.500,350.250,351.000
2018-01-01,351.000,351.000,351.000,351.000
2018-01-02,351.000,354.000,350.500,353.250
2018-01-03,353.000,354.750,352.250,353.000
2018-01-04,352.750,353.500,350.250,351.000
2018-01-05,351.000,352.250,350.250,351.250
2018-01-08,351.250,351.500,346.750,347.500
2018-01-09,347.500,350.000,347.250,348.750
2018-01-10,348.750,350.000,348.000,349.000
2018-01-11,349.000,350.500,348.000,348.750
2018-01-12,348.500,350.000,345.500,347.250
2018-01-15,347.250,347.250,347.250,347.250
2018-01-16,347.250,349.250,346.000,348.500
2018-01-17,348.500,353.250,348.250,352.250
2018-01-18,352.250,354.000,350.500,351.250
2018-01-19,351.500,354.000,351.250,352.500
2018-01-22,352.500,354.500,351.250,352.000
2018-01-23,352.000,352.000,349.500,351.500
2018-01-24,351.250,357.000,349.750,356.500
2018-01-25,356.000,358.000,354.500,355.500
2018-01-26,355.500,357.000,354.500,356.250
2018-01-29,356.250,359.250,356.250,358.500
2018-01-30,358.500,362.250,358.500,361.250
2018-01-31,361.250,362.000,359.500,361.500
2018-02-01,360.500,362.000,358.500,361.500
2018-02-02,361.500,362.500,359.500,361.000
2018-02-05,361.000,361.000,357.250,358.750
2018-02-06,358.750,364.000,356.250,363.500
2018-02-07,363.500,365.750,362.500,365.000
2018-02-08,365.000,367.750,364.500,364.750
2018-02-09,364.750,365.500,361.500,362.000
2018-02-12,362.000,367.000,362.000,366.750
2018-02-13,366.750,368.500,366.000,366.500
2018-02-14,366.500,368.500,364.750,366.750
2018-02-15,366.750,368.750,365.500,368.250
2018-02-16,368.250,368.500,366.500,367.250
2018-02-19,367.250,367.250,367.250,367.250
2018-02-20,367.250,370.000,365.250,365.500
2018-02-21,365.500,368.500,364.250,365.500
2018-02-22,365.500,367.000,364.250,366.750
2018-02-23,366.750,367.750,365.250,366.250
2018-02-26,366.500,370.000,366.500,368.500
2018-02-27,368.500,371.000,367.750,370.500
2018-02-28,370.500,376.750,369.750,374.000
2018-03-01,381.250,386.500,379.500,386.250
2018-03-02,386.250,388.000,383.500,384.750
2018-03-05,384.750,387.500,384.000,387.250
2018-03-06,387.250,388.500,385.500,387.750
2018-03-07,387.750,389.000,386.750,386.750
2018-03-08,386.750,393.750,385.750,393.250
2018-03-09,393.250,393.250,389.750,390.750
2018-03-12,389.250,391.250,387.000,390.000
2018-03-13,389.750,395.250,389.750,391.750
2018-03-14,391.000,393.250,388.000,388.500
2018-03-15,388.000,390.750,385.500,386.750
2018-03-16,386.000,387.500,382.500,382.750
2018-03-19,381.500,382.000,374.750,375.750
2018-03-20,375.000,377.000,373.250,374.500
2018-03-21,375.250,375.750,373.750,375.000
2018-03-22,375.500,377.500,374.000,376.000
2018-03-23,376.500,378.250,369.250,377.000
2018-03-26,378.000,380.750,373.500,374.250
2018-03-27,374.000,376.000,372.250,374.000
2018-03-28,374.500,375.000,372.000,373.250
2018-03-29,373.750,389.250,373.750,387.750
2018-03-30,387.750,387.750,387.750,387.750
2018-04-02,388.750,392.500,387.000,387.500
2018-04-03,386.750,392.000,386.750,388.000
2018-04-04,388.250,389.000,372.000,380.500
2018-04-05,382.000,389.500,380.750,389.250
2018-04-06,382.500,390.000,382.000,388.750
2018-04-09,389.750,392.500,388.750,390.750
2018-04-10,390.250,392.250,388.500,389.750
2018-04-11,389.500,390.500,385.750,386.750
2018-04-12,386.250,389.250,385.000,388.500
2018-04-13,388.250,389.250,385.000,385.250
2018-04-16,385.000,386.250,382.000,382.500
2018-04-17,382.750,384.500,379.750,380.250
2018-04-18,380.500,383.500,380.000,382.500
2018-04-19,383.000,383.500,380.750,381.500
2018-04-20,381.500,381.750,376.250,376.750
2018-04-23,376.750,379.250,376.250,378.500
2018-04-24,378.500,381.500,377.000,380.750
2018-04-25,381.250,387.250,380.500,385.500
2018-04-26,386.000,387.000,384.000,386.000
2018-04-27,385.500,390.500,385.250,390.500
2018-04-30,393.750,394.000,391.750,392.250
2018-05-01,400.750,406.000,399.750,405.000
2018-05-02,405.000,406.250,403.750,405.500
2018-05-03,404.750,408.250,403.250,408.000
2018-05-04,407.750,408.250,405.500,406.000
2018-05-07,405.250,405.750,400.250,400.750
2018-05-08,400.250,404.000,399.250,403.750
2018-05-09,404.000,404.750,402.000,402.500
2018-05-10,403.250,407.000,400.000,400.750
2018-05-11,401.500,401.750,395.750,396.750
2018-05-14,395.000,397.500,394.250,396.250
2018-05-15,396.250,402.500,396.000,402.000
2018-05-16,402.000,404.750,398.000,399.000
2018-05-17,399.000,402.000,395.000,395.000
2018-05-18,395.000,403.500,395.000,401.750
2018-05-21,405.500,407.500,401.250,402.250
2018-05-22,402.500,407.000,401.000,404.500
2018-05-23,404.500,409.000,403.000,408.250
2018-05-24,408.250,412.250,403.750,404.000
2018-05-25,403.750,406.750,403.250,406.500
2018-05-28,406.500,406.500,406.500,406.500
2018-05-29,409.000,410.000,397.500,399.750
2018-05-30,398.250,398.250,390.750,393.000
2018-05-31,393.750,398.500,393.250,393.500
2018-06-01,394.500,397.000,390.750,390.750
2018-06-04,389.500,389.500,380.500,380.500
2018-06-05,380.750,385.250,380.000,383.500
2018-06-06,384.500,386.500,378.000,379.000
2018-06-07,379.250,382.000,374.250,376.500
2018-06-08,376.250,379.000,373.500,377.000
2018-06-11,376.750,379.000,366.750,367.000
2018-06-12,368.000,379.500,367.250,377.000
2018-06-13,377.250,379.750,373.250,376.000
2018-06-14,374.000,374.750,362.500,363.250
2018-06-15,364.750,368.250,355.250,362.500
2018-06-18,359.750,362.000,354.000,355.500
2018-06-19,356.000,357.750,338.750,353.750
2018-06-20,354.250,357.000,347.500,354.000
2018-06-21,354.500,359.000,349.250,357.500
2018-06-22,358.000,359.750,355.000,357.000
2018-06-25,358.500,359.500,349.250,349.500
2018-06-26,350.500,355.500,348.000,352.000
2018-06-27,352.500,356.500,351.500,352.000
2018-06-28,351.500,352.500,344.500,344.750
2018-06-29,355.750,365.000,354.750,359.250
2018-07-02,360.500,362.250,346.750,348.000
2018-07-03,349.000,354.500,348.000,352.750
2018-07-04,352.750,352.750,352.750,352.750
2018-07-05,352.750,357.750,350.250,351.250
2018-07-06,350.500,361.250,349.500,359.500
2018-07-09,358.500,359.000,350.500,354.000
2018-07-10,353.000,354.000,344.250,347.500
2018-07-11,345.250,347.500,339.750,340.750
2018-07-12,341.750,349.750,337.250,345.250
2018-07-13,345.500,346.500,339.000,340.250
2018-07-16,339.500,345.750,338.750,341.750
2018-07-17,345.000,348.750,344.250,346.500
2018-07-18,346.750,349.000,346.000,346.750
2018-07-19,347.000,352.000,345.000,351.000
2018-07-20,351.250,355.750,349.750,354.500
2018-07-23,355.750,358.500,354.500,357.000
2018-07-24,355.500,356.500,351.500,352.750
2018-07-25,352.250,360.000,352.250,358.250
2018-07-26,361.000,365.750,360.250,360.500
2018-07-27,360.250,363.750,359.500,361.500
2018-07-30,364.500,369.250,363.500,367.000
2018-07-31,367.000,374.250,366.250,372.250
2018-08-01,371.750,373.000,364.000,365.750
2018-08-02,365.750,372.750,364.750,367.250
2018-08-03,367.000,371.250,364.750,369.750
2018-08-06,370.000,371.750,368.250,370.500
2018-08-07,370.750,373.250,368.750,371.000
2018-08-08,370.250,373.750,370.000,371.000
2018-08-09,371.000,372.750,366.500,368.750
2018-08-10,367.750,369.750,357.000,357.250
2018-08-13,357.500,357.500,352.250,357.000
2018-08-14,356.750,363.000,356.500,362.000
2018-08-15,362.250,363.500,359.000,361.500
2018-08-16,361.000,367.500,360.500,365.500
2018-08-17,364.500,367.750,361.750,364.500
2018-08-20,365.500,366.000,359.500,363.000
2018-08-21,362.500,363.750,358.500,359.500
2018-08-22,359.250,359.250,352.250,352.500
2018-08-23,352.750,355.000,346.250,346.500
2018-08-24,346.500,350.000,346.250,348.500
2018-08-27,348.250,348.500,343.000,346.000
2018-08-28,345.750,347.750,340.750,340.750
2018-08-29,341.000,344.000,340.250,341.500
2018-08-30,341.250,344.000,340.500,340.500
2018-08-31,356.000,366.000,356.000,366.000
2018-09-03,366.000,366.000,366.000,366.000
2018-09-04,365.250,368.750,361.000,368.500
2018-09-05,368.500,369.750,364.000,365.250
2018-09-06,365.750,367.750,363.500,366.500
2018-09-07,366.000,368.500,363.500,367.500
2018-09-10,366.500,368.000,364.250,367.250
2018-09-11,367.250,369.000,365.500,366.500
2018-09-12,366.250,366.250,350.750,353.500
2018-09-13,354.750,355.750,348.750,350.750
2018-09-14,351.000,352.500,349.500,351.500
2018-09-17,350.750,351.750,347.750,347.750
2018-09-18,348.000,348.750,342.500,342.750
2018-09-19,343.000,346.750,343.000,345.250
2018-09-20,345.250,356.250,344.750,352.250
2018-09-21,352.500,357.750,352.250,357.750
2018-09-24,357.250,362.000,355.750,361.000
2018-09-25,360.250,364.250,357.500,363.750
2018-09-26,363.500,364.750,361.250,362.250
2018-09-27,362.750,365.750,361.250,365.000
2018-09-28,364.500,366.750,354.500,356.500
2018-10-01,357.000,366.500,356.500,365.750
2018-10-02,365.250,369.000,363.250,367.500
2018-10-03,367.500,369.000,364.500,364.500
2018-10-04,365.000,368.500,364.750,368.000
2018-10-05,367.500,369.500,363.000,368.000
2018-10-08,369.500,369.500,364.250,366.500
2018-10-09,366.250,368.000,363.750,364.750
2018-10-10,364.500,365.250,362.000,362.000
2018-10-11,361.750,373.000,360.250,368.750
2018-10-12,368.750,374.000,368.500,373.250
2018-10-15,373.250,378.500,371.750,377.250
2018-10-16,377.500,377.500,373.500,375.250
2018-10-17,375.000,376.250,373.250,373.750
2018-10-18,373.000,373.250,369.500,370.250
2018-10-19,370.250,371.000,366.000,366.250
2018-10-22,365.750,370.500,365.500,369.500
2018-10-23,369.500,372.500,368.000,370.250
2018-10-24,369.500,369.750,367.750,368.250
2018-10-25,367.750,368.250,360.500,361.750
2018-10-26,362.000,369.750,361.750,368.500
2018-10-29,368.250,371.500,365.500,367.500
2018-10-30,366.500,368.000,364.250,364.750
2018-10-31,364.750,365.250,362.500,363.250
2018-11-01,363.500,371.000,363.000,366.000
2018-11-02,366.500,373.000,365.250,371.000
2018-11-05,371.000,374.250,369.500,374.000
2018-11-06,374.000,374.500,372.000,372.500
2018-11-07,372.250,373.250,371.000,372.250
2018-11-08,372.000,379.000,366.000,373.250
2018-11-09,372.750,374.000,368.250,369.500
2018-11-12,369.000,372.500,368.000,369.750
2018-11-13,369.500,371.250,365.500,366.000
2018-11-14,366.000,368.000,365.750,366.750
2018-11-15,366.750,371.750,366.500,367.250
2018-11-16,367.250,368.750,363.250,364.750
2018-11-19,364.500,366.250,361.250,362.750
2018-11-20,362.750,363.500,361.250,361.250
2018-11-21,361.250,363.250,360.000,361.250
2018-11-22,361.250,361.250,361.250,361.250
2018-11-23,361.250,361.750,358.750,359.000
2018-11-26,359.000,360.500,355.250,356.250
2018-11-27,356.000,358.500,355.500,356.000
2018-11-28,356.000,361.500,356.000,361.000
2018-11-29,361.000,363.000,359.000,361.001
2018-11-30,373.000,378.000,372.750,376.750
2018-12-03,376.750,385.250,376.750,381.751
2018-12-04,381.000,384.750,380.000,384.751
2018-12-05,384.750,386.750,382.750,384.751
2018-12-06,384.250,384.750,380.000,382.751
2018-12-07,382.750,385.750,382.250,385.253
2018-12-10,385.250,386.000,383.250,383.251
2018-12-11,383.250,386.000,381.250,384.751
2018-12-12,384.750,387.750,384.250,385.251
2018-12-13,385.250,386.250,382.750,384.001
2018-12-14,384.000,387.500,383.000,384.752
2018-12-17,384.750,386.000,383.250,383.501
2018-12-18,383.500,386.500,383.250,385.251
2018-12-19,385.000,385.250,381.500,381.501
2018-12-20,381.750,382.750,375.000,375.501
2018-12-21,375.250,379.500,374.750,378.496
2018-12-24,378.500,379.000,375.250,377.751
2018-12-25,377.751,377.750,377.750,377.751
2018-12-26,377.750,379.250,372.500,373.251
2018-12-27,373.250,376.500,373.250,374.751
2018-12-28,374.750,377.500,374.500,375.000
2018-12-31,375.000,377.000,372.750,374.251
2019-01-01,374.251,374.250,374.250,374.251
2019-01-02,374.250,377.750,374.000,375.751
2019-01-03,375.500,380.500,374.750,380.251
2019-01-04,380.000,383.500,379.750,382.749
2019-01-07,382.750,384.000,381.750,383.001
2019-01-08,383.000,384.500,379.000,380.251
2019-01-09,380.250,383.500,380.250,382.001
2019-01-10,382.000,382.750,376.000,377.001
2019-01-11,377.000,379.250,376.750,379.002
2019-01-14,378.500,381.000,377.000,379.251
2019-01-15,379.250,381.000,371.000,371.751
2019-01-16,371.750,375.000,371.750,374.001
2019-01-17,374.000,381.500,373.750,380.501
2019-01-18,379.750,383.000,377.750,380.752
2019-01-21,380.751,380.750,380.750,380.751
2019-01-22,380.750,382.250,376.750,379.251
2019-01-23,379.250,381.750,378.000,378.751
2019-01-24,378.750,379.750,375.750,377.251
2019-01-25,377.000,380.500,376.000,380.248
2019-01-28,380.250,381.000,378.000,379.751
2019-01-29,379.750,380.750,376.000,377.751
2019-01-30,377.750,381.500,377.500,381.251
2019-01-31,381.250,381.500,375.750,376.001
2019-02-01,376.000,380.750,376.000,378.249
2019-02-04,378.250,379.750,376.500,379.501
2019-02-05,379.500,381.250,377.000,380.501
2019-02-06,380.500,380.750,379.000,380.001
2019-02-07,380.000,380.250,376.250,376.501
2019-02-08,376.500,381.750,374.000,374.249
2019-02-11,374.250,375.000,371.750,373.501
2019-02-12,373.500,378.750,373.000,377.751
2019-02-13,377.750,379.000,376.250,379.001
2019-02-14,378.750,379.000,374.000,374.501
2019-02-15,374.500,376.500,373.000,374.747
2019-02-18,374.751,374.750,374.750,374.751
2019-02-19,374.750,376.250,369.000,370.001
2019-02-20,371.500,373.500,368.500,371.001
2019-02-21,371.000,378.500,370.500,375.001
2019-02-22,375.000,377.750,374.500,375.499
2019-02-25,375.500,378.500,370.000,371.001
2019-02-26,371.000,371.250,365.500,365.751
2019-02-27,365.750,368.250,362.500,363.501
2019-02-28,363.750,364.750,361.250,361.501
2019-03-01,370.750,373.500,366.000,372.245
2019-03-04,372.250,377.750,372.250,375.001
2019-03-05,375.000,377.250,373.750,375.501
2019-03-06,376.000,376.500,370.500,371.751
2019-03-07,371.750,372.000,364.500,364.501
2019-03-08,364.500,367.500,362.250,364.249
2019-03-11,366.000,367.250,361.500,362.001
2019-03-12,362.250,367.500,361.000,365.501
2019-03-13,365.250,370.000,363.250,366.501
2019-03-14,367.000,372.250,366.250,370.001
2019-03-15,369.500,373.750,369.000,373.004
2019-03-18,374.250,375.500,370.250,371.751
2019-03-19,372.000,373.750,367.750,371.251
2019-03-20,371.250,372.500,368.750,371.251
2019-03-21,371.250,377.500,370.500,375.501
2019-03-22,375.750,380.750,375.500,378.755
2019-03-25,378.750,380.750,376.750,379.251
2019-03-26,379.000,380.500,375.500,376.501
2019-03-27,376.500,377.000,372.000,373.501
2019-03-28,373.500,374.750,372.000,373.501
2019-03-29,373.750,375.000,356.000,356.754
2019-04-01,357.000,363.000,356.750,362.001
2019-04-02,362.250,363.500,359.250,361.751
2019-04-03,361.250,364.750,360.500,363.001
2019-04-04,362.750,366.250,362.750,365.001
2019-04-05,364.500,364.750,360.500,362.000
2019-04-08,362.500,363.500,359.500,359.751
2019-04-09,359.750,362.250,355.250,360.251
2019-04-10,360.500,362.750,360.000,361.501
2019-04-11,361.000,363.000,358.500,360.001
2019-04-12,360.250,361.500,358.500,360.753
2019-04-15,361.250,364.250,361.000,362.501
2019-04-16,362.500,362.500,357.250,358.751
2019-04-17,358.000,360.000,356.750,358.001
2019-04-18,358.250,359.250,357.000,358.501
2019-04-19,358.500,358.500,358.500,358.500
2019-04-22,358.750,359.000,354.250,354.501
2019-04-23,354.750,355.000,350.250,351.001
2019-04-24,351.250,352.500,345.500,345.501
2019-04-25,346.250,351.000,342.250,347.001
2019-04-26,347.250,353.500,347.000,351.499
2019-04-29,353.000,356.000,351.250,353.001
2019-04-30,352.750,354.000,349.250,353.751
2019-05-01,362.750,369.000,362.500,368.751
2019-05-02,369.250,371.000,366.500,370.251
2019-05-03,370.250,371.750,366.000,370.246
2019-05-06,359.000,365.000,355.500,364.501
2019-05-07,365.250,368.250,363.000,367.251
2019-05-08,367.000,368.250,361.500,362.751
2019-05-09,363.000,363.000,352.500,352.501
2019-05-10,354.250,355.500,345.500,350.248
2019-05-13,351.000,357.250,343.000,356.751
2019-05-14,360.750,370.750,360.250,368.751
2019-05-15,369.000,380.000,368.000,368.751
2019-05-16,368.750,380.750,368.750,379.751
2019-05-17,380.250,384.750,380.000,382.752
2019-05-20,385.750,391.500,385.750,388.251
2019-05-21,393.250,399.000,391.250,393.501
2019-05-22,393.250,396.500,386.250,394.501
2019-05-23,394.000,399.000,387.000,390.251
2019-05-24,390.750,404.750,389.750,404.749
2019-05-27,404.750,404.750,404.750,404.751
2019-05-28,408.000,421.000,407.500,420.751
2019-05-29,429.500,438.000,412.250,416.751
2019-05-30,416.500,436.750,413.250,436.001
2019-05-31,434.750,437.500,423.250,427.495
2019-06-03,426.250,429.250,422.250,427.250
2019-06-04,435.000,436.000,431.000,433.000
2019-06-05,424.500,424.750,414.500,421.500
2019-06-06,414.750,421.250,407.000,420.750
2019-06-07,420.750,423.500,415.750,417.250
2019-06-10,413.250,416.500,409.000,415.750
2019-06-11,414.250,414.750,408.250,412.250
2019-06-12,427.500,434.500,424.000,432.750
2019-06-13,429.750,438.500,429.500,438.000
2019-06-14,442.000,448.500,441.750,447.000
2019-06-17,458.250,464.250,458.000,461.000
2019-06-18,456.000,458.000,442.750,448.751
2019-06-19,449.500,451.750,438.250,440.501
2019-06-20,441.000,450.750,436.500,450.751
2019-06-21,451.750,454.000,441.750,443.503
2019-06-24,442.000,447.750,440.250,447.001
2019-06-25,451.250,453.000,446.500,446.751
2019-06-26,446.750,447.250,440.750,443.001
2019-06-27,442.750,445.500,438.500,440.001
2019-06-28,438.500,455.000,411.000,422.748
2019-07-01,429.250,429.500,413.500,414.255
2019-07-02,423.000,425.750,421.000,421.000
2019-07-03,431.750,441.500,426.500,440.500
2019-07-05,441.000,443.500,434.500,442.000
2019-07-08,446.000,448.000,437.750,443.250
2019-07-09,436.000,443.500,433.250,435.750
2019-07-10,435.250,441.000,431.500,438.250
2019-07-11,436.000,448.500,430.250,447.250
2019-07-12,451.500,460.750,445.500,460.000
2019-07-15,457.000,464.750,446.000,447.500
2019-07-16,440.000,447.250,435.500,441.250
2019-07-17,446.500,447.000,437.250,440.250
2019-07-18,433.000,441.000,428.000,430.250
2019-07-19,432.250,439.000,428.500,436.750
2019-07-22,429.500,437.000,425.500,426.500
2019-07-23,428.000,432.750,424.000,431.000
2019-07-24,436.000,436.750,427.750,429.250
2019-07-25,430.750,432.500,426.500,426.750
2019-07-26,425.000,428.000,423.500,424.250
2019-07-29,428.000,429.750,422.250,426.750
2019-07-30,423.000,426.750,419.750,420.250
2019-07-31,417.500,423.500,409.500,409.750
2019-08-01,411.000,412.250,397.250,403.000
2019-08-02,406.000,409.750,403.000,409.000
2019-08-05,401.750,416.250,400.750,415.000
2019-08-06,412.250,416.500,409.250,412.750
2019-08-07,414.250,415.250,409.250,414.500
2019-08-08,416.750,419.750,413.000,418.500
2019-08-09,420.500,424.500,415.250,417.250
2019-08-12,413.000,417.750,392.750,392.500
2019-08-13,381.000,388.000,376.000,376.500
2019-08-14,379.000,381.000,370.000,371.000
2019-08-15,373.250,374.750,369.000,371.250
2019-08-16,372.750,381.000,371.500,380.750
2019-08-19,374.250,378.250,373.250,374.750
2019-08-20,379.500,379.750,368.250,369.000
2019-08-21,370.000,371.500,366.250,370.500
2019-08-22,372.000,374.500,368.000,370.500
2019-08-23,366.750,371.500,365.500,367.000
2019-08-26,371.000,371.250,366.250,368.250
2019-08-27,368.000,369.250,365.750,366.000
2019-08-28,365.500,373.750,364.250,371.750
2019-08-29,374.000,377.000,370.000,370.250
2019-08-30,372.250,374.500,368.750,369.000
2019-09-02,384.000,386.500,381.250,382.500
2019-09-03,366.500,370.000,360.500,360.750
2019-09-04,361.500,363.000,356.500,357.750
2019-09-05,361.000,362.750,358.250,359.250
2019-09-06,359.250,360.250,353.000,355.250
2019-09-09,354.250,357.750,352.250,353.500
2019-09-10,359.250,362.500,355.750,361.750
2019-09-11,361.500,363.500,356.750,359.500
2019-09-12,361.250,367.500,353.250,367.250
2019-09-13,371.000,372.000,365.500,369.250
2019-09-16,370.000,374.750,367.500,374.500
2019-09-17,370.250,374.250,366.000,368.250
2019-09-18,366.750,372.000,365.750,371.750
2019-09-19,371.250,373.750,369.500,372.750
2019-09-20,371.250,374.500,369.500,370.750
2019-09-23,373.750,374.500,371.000,372.500
2019-09-24,371.250,376.000,370.250,375.750
2019-09-25,376.000,377.500,372.250,374.250
2019-09-26,373.500,375.750,368.250,372.000
2019-09-27,371.000,373.000,369.750,372.000
2019-09-30,372.250,388.250,371.500,386.750
2019-10-01,386.000,392.750,385.250,391.000
2019-10-02,389.500,391.750,385.500,387.500
2019-10-03,386.000,390.750,385.500,388.250
2019-10-04,388.500,389.000,383.750,384.750
2019-10-07,386.500,387.750,385.000,386.750
2019-10-08,386.500,396.500,386.000,395.000
2019-10-09,397.000,397.250,393.000,393.250
2019-10-10,393.750,395.000,378.250,379.750
2019-10-11,386.250,398.750,380.500,398.000
2019-10-14,396.000,402.500,393.250,397.000
2019-10-15,393.750,398.500,392.500,392.750
2019-10-16,390.000,392.750,387.500,392.000
2019-10-17,394.500,397.250,391.500,393.750
2019-10-18,391.500,395.750,389.750,390.250
2019-10-21,391.750,393.750,386.500,387.000
2019-10-22,390.750,392.500,385.000,388.000
2019-10-23,386.000,389.500,384.000,388.750
2019-10-24,388.750,390.750,385.250,387.000
2019-10-25,387.000,390.000,385.750,387.500
2019-10-28,384.500,386.500,383.250,383.750
2019-10-29,383.250,387.500,382.000,386.000
2019-10-30,387.000,391.250,385.250,390.500
2019-10-31,388.500,391.000,384.750,389.500
2019-11-01,389.000,391.750,386.250,388.250
2019-11-04,385.750,387.750,383.000,383.500
2019-11-05,383.000,384.750,380.500,382.000
2019-11-06,384.000,385.000,377.500,378.500
2019-11-07,378.750,380.000,373.750,374.500
2019-11-08,374.500,383.750,372.750,376.500
2019-11-11,374.500,377.000,372.500,373.250
2019-11-12,373.000,378.000,372.750,377.750
2019-11-13,376.000,377.750,375.000,375.500
2019-11-14,375.750,377.500,374.500,375.250
2019-11-15,375.500,376.500,370.750,370.750
2019-11-18,371.500,371.750,367.500,367.500
2019-11-19,368.750,373.000,367.750,369.750
2019-11-20,368.250,370.500,365.750,366.250
2019-11-21,378.000,380.250,376.750,379.500
2019-11-22,378.000,380.500,377.750,378.250
2019-11-25,380.250,382.750,378.000,380.000
2019-11-26,379.500,380.750,377.750,377.750
2019-11-27,378.750,379.750,373.000,373.500
2019-11-29,375.250,382.000,374.250,380.750
2019-12-02,381.000,384.750,379.250,382.000
2019-12-03,381.000,384.750,380.250,381.250
2019-12-04,382.250,383.000,377.250,378.250
2019-12-05,377.750,379.500,376.250,376.250
2019-12-06,378.750,379.500,375.000,376.250
2019-12-09,377.000,378.250,375.250,375.750
2019-12-10,376.500,378.000,375.000,376.250
2019-12-11,376.000,377.000,371.000,371.250
2019-12-12,373.000,380.250,371.250,377.000
2019-12-13,382.000,385.500,377.500,381.000
2019-12-16,387.000,389.500,383.250,387.500
2019-12-17,386.750,390.500,386.250,389.250
2019-12-18,388.250,390.000,385.750,387.000
2019-12-19,387.000,389.000,385.000,386.250
2019-12-20,387.000,389.500,386.000,388.000
2019-12-23,388.000,390.250,387.250,388.500
2019-12-24,388.500,389.000,387.000,388.000
2019-12-26,388.000,389.000,386.500,388.250
2019-12-27,389.750,391.000,388.000,390.000
2019-12-30,391.500,392.000,386.750,388.250
2019-12-31,388.500,389.750,386.250,387.250
2020-01-03,389.750,392.000,385.500,385.500
2020-01-06,385.750,387.750,382.750,384.750
2020-01-07,384.000,385.750,383.500,384.500
2020-01-08,383.000,385.500,382.250,384.500
2020-01-09,386.250,387.000,382.250,383.250
2020-01-10,383.750,386.750,376.500,386.500
2020-01-13,386.750,389.500,385.500,389.250
2020-01-14,389.500,390.500,388.250,388.500
2020-01-15,389.750,390.250,386.500,387.000
2020-01-16,382.750,387.750,375.250,375.750
2020-01-17,377.750,389.500,376.750,389.250
2020-01-21,386.250,389.250,384.250,387.500
2020-01-22,389.750,391.000,386.750,388.750
2020-01-23,388.250,394.000,387.500,393.500
2020-01-24,390.250,393.250,386.500,386.500
2020-01-27,381.000,384.750,377.250,380.500
2020-01-28,381.000,387.000,378.500,385.250
2020-01-29,383.500,388.250,382.750,384.500
2020-01-30,380.750,385.000,378.500,379.750
2020-01-31,379.000,382.750,378.750,381.750
2020-02-03,379.250,382.000,376.500,378.500
2020-02-04,381.500,383.500,378.250,381.750
2020-02-05,382.250,383.250,379.500,380.500
2020-02-06,379.250,381.750,376.000,380.250
2020-02-07,381.250,385.000,380.000,382.750
2020-02-10,379.500,383.500,379.000,381.500
2020-02-11,380.500,382.000,378.000,379.500
2020-02-12,379.000,383.750,378.250,382.500
2020-02-13,381.000,382.750,379.000,379.250
2020-02-14,379.500,381.500,376.250,377.500
2020-02-18,379.500,383.000,378.000,382.500
2020-02-19,381.750,382.750,378.750,380.250
2020-02-20,378.750,381.250,378.000,378.250
2020-02-21,383.250,384.250,380.250,380.000
2020-02-24,377.000,380.000,373.500,376.500
2020-02-25,378.000,378.750,375.000,376.250
2020-02-26,376.250,378.000,372.500,374.250
2020-02-27,370.500,374.000,366.250,367.750
2020-02-28,368.500,369.750,365.750,368.250
2020-03-02,371.000,376.250,367.250,375.500
2020-03-03,379.000,384.500,376.000,380.250
2020-03-04,381.000,386.750,379.000,384.750
2020-03-05,380.750,384.500,379.500,381.500
2020-03-06,379.750,382.750,375.000,376.250
2020-03-09,369.000,375.250,366.750,373.250
2020-03-10,377.000,379.750,374.000,377.500
2020-03-11,375.500,377.250,372.250,374.000
2020-03-12,368.000,373.000,365.000,365.000
2020-03-13,370.750,371.750,363.500,366.250
2020-03-16,360.000,367.750,354.000,355.750
2020-03-17,355.250,356.750,342.750,342.750
2020-03-18,336.000,345.250,332.000,336.250
2020-03-19,341.500,354.750,336.500,344.750
2020-03-20,354.000,356.750,342.250,342.500
2020-03-23,344.750,345.500,338.250,342.000
2020-03-24,340.750,350.250,338.000,347.500
2020-03-25,350.000,352.750,345.750,349.500
2020-03-26,346.500,349.250,343.750,348.500
2020-03-27,347.250,350.000,342.500,346.000
2020-03-30,344.500,346.750,340.000,341.750
2020-03-31,340.500,344.750,333.500,341.500
2020-04-01,337.000,342.750,333.500,334.500
2020-04-02,336.000,343.250,333.000,334.000
2020-04-03,337.500,338.500,328.000,330.250
2020-04-06,328.250,331.750,325.500,327.750
2020-04-07,332.000,335.500,328.000,332.250
2020-04-08,334.000,334.000,328.250,330.500
2020-04-09,332.500,333.500,328.000,332.250
2020-04-13,330.750,334.000,326.500,331.000
2020-04-14,331.250,332.000,330.000,331.500
2020-04-15,331.000,333.000,325.000,326.750
2020-04-16,319.000,323.000,317.750,319.000
2020-04-17,328.000,332.000,326.500,329.500
2020-04-20,325.250,329.750,321.500,321.500
2020-04-21,315.000,323.250,309.000,317.500
2020-04-22,323.250,327.500,316.000,324.750
2020-04-23,329.250,331.000,322.250,326.250
2020-04-24,325.000,327.750,319.000,323.250
2020-04-27,322.000,323.000,312.000,312.750
2020-04-28,313.250,316.500,310.500,311.500
2020-04-29,311.750,318.000,309.250,314.500
2020-04-30,315.000,322.250,312.500,319.000
2020-05-01,319.500,320.250,315.500,317.750
2020-05-04,317.000,317.250,312.250,315.500
2020-05-05,315.250,318.500,314.000,317.250
2020-05-06,318.000,318.250,313.250,314.000
2020-05-07,314.000,320.500,314.000,318.250
2020-05-08,318.000,323.000,317.250,319.750
2020-05-11,320.750,322.750,317.250,317.500
2020-05-12,318.250,324.000,314.500,322.250
2020-05-13,322.000,322.000,317.750,317.750
2020-05-14,318.250,319.250,315.500,317.250
2020-05-15,317.750,320.500,316.750,319.250
2020-05-18,321.250,322.000,318.000,320.750
2020-05-19,320.750,325.500,320.500,321.250
2020-05-20,321.250,321.500,318.750,318.750
2020-05-21,319.000,320.250,316.250,317.750
2020-05-22,317.750,319.000,316.000,317.250
2020-05-26,316.750,323.000,316.500,319.500
2020-05-27,320.000,321.750,319.250,320.500
2020-05-28,320.250,330.750,319.500,327.250
2020-05-29,327.500,329.500,323.250,325.500
2020-06-01,325.500,327.750,319.250,323.750
2020-06-02,323.500,325.250,322.000,324.000
2020-06-03,324.250,324.500,321.250,324.250
2020-06-04,324.250,329.500,324.000,328.750
2020-06-05,328.750,332.500,328.250,332.250
2020-06-08,333.500,334.750,331.000,333.000
2020-06-09,332.250,334.000,326.750,327.250
2020-06-10,327.250,328.000,324.250,326.750
2020-06-11,326.000,331.000,325.250,329.500
2020-06-12,329.500,333.000,328.250,330.000
2020-06-15,329.250,330.000,325.500,329.500
2020-06-16,331.750,334.500,328.000,328.250
2020-06-17,328.000,331.250,325.000,329.750
2020-06-18,329.750,333.750,328.750,330.000
2020-06-19,329.750,333.750,327.500,332.500
2020-06-22,332.000,332.250,328.000,328.000
2020-06-23,327.500,327.500,321.250,324.500
2020-06-24,324.500,329.000,323.750,323.500
2020-06-25,333.250,333.750,324.000,327.250
2020-06-26,320.000,323.000,315.750,318.000
2020-06-29,318.500,329.000,317.500,328.000
2020-06-30,333.500,354.250,332.250,350.000
2020-07-01,350.000,363.000,349.500,359.500
2020-07-02,359.750,363.000,352.750,353.000
2020-07-06,359.500,360.000,355.250,356.250
2020-07-07,357.000,357.500,349.250,352.250
2020-07-08,351.500,354.750,347.500,353.750
2020-07-09,354.000,362.000,353.250,357.750
2020-07-10,357.000,359.500,343.750,343.750
2020-07-13,341.750,342.000,334.750,335.750
2020-07-14,336.500,339.500,333.250,333.250
2020-07-15,333.500,336.250,330.500,333.500
2020-07-16,333.750,340.500,333.500,337.500
2020-07-17,337.500,341.250,337.500,340.000
2020-07-20,339.750,340.000,332.500,335.250
2020-07-21,333.000,335.250,330.000,330.750
2020-07-22,332.000,335.000,330.250,334.500
2020-07-23,334.000,336.750,332.500,335.500
2020-07-24,335.750,337.500,334.250,335.750
2020-07-27,335.000,336.500,332.500,334.500
2020-07-28,330.500,332.500,329.000,330.000
2020-07-29,329.250,331.500,326.000,326.250
2020-07-30,326.250,329.500,326.000,326.500
2020-07-31,326.750,328.250,325.500,326.000
2020-08-03,327.500,329.000,326.000,328.500
2020-08-04,326.000,327.750,320.000,320.500
2020-08-05,321.000,323.500,320.750,322.500
2020-08-06,323.250,324.750,321.250,323.750
2020-08-07,323.500,324.250,320.000,320.750
2020-08-10,320.500,323.750,320.500,323.250
2020-08-11,323.750,327.500,322.500,323.500
2020-08-12,323.250,327.750,320.000,327.000
2020-08-13,327.500,340.750,327.500,338.250
2020-08-14,337.750,339.250,335.250,337.750
2020-08-17,340.750,345.000,340.000,344.500
2020-08-18,343.750,346.000,340.500,341.500
2020-08-19,340.500,342.250,338.000,339.250
2020-08-20,339.000,340.750,335.500,339.250
2020-08-21,339.250,341.750,338.750,340.750
2020-08-24,342.000,345.500,341.000,345.250
2020-08-25,348.750,355.000,348.000,354.000
2020-08-26,353.500,355.000,351.250,354.500
2020-08-27,357.500,359.000,352.750,357.750
2020-08-28,357.500,360.000,355.000,359.750
2020-08-31,360.000,364.250,356.250,358.250
2020-09-01,356.250,358.750,351.000,357.750
2020-09-02,354.500,359.500,354.250,358.000
2020-09-03,358.250,359.000,353.250,353.500
2020-09-04,358.750,359.250,353.750,357.250
2020-09-08,358.000,363.500,356.500,361.500
2020-09-09,360.750,361.250,358.000,360.000
2020-09-10,360.000,366.750,359.500,365.250
2020-09-11,365.000,369.500,363.750,369.250
2020-09-14,368.500,371.000,367.250,369.000
2020-09-15,369.000,369.500,365.250,366.250
2020-09-16,365.500,372.000,361.750,371.500
2020-09-17,369.500,377.250,368.000,374.750
2020-09-18,376.750,379.250,373.250,378.250
2020-09-21,377.500,378.250,368.250,370.500
2020-09-22,369.750,373.250,365.750,369.000
2020-09-23,368.250,370.250,365.750,368.250
2020-09-24,364.000,368.250,363.000,363.250
2020-09-25,363.250,367.500,363.000,365.000
2020-09-28,364.250,369.750,360.500,367.000
2020-09-29,366.750,367.750,361.000,364.250
2020-09-30,363.000,382.750,362.000,378.750
2020-10-01,379.000,385.500,378.000,382.250
2020-10-02,378.500,383.250,377.250,379.250
2020-10-05,378.750,382.500,377.750,379.250
2020-10-06,378.500,389.250,378.500,384.500
2020-10-07,384.500,392.000,384.000,389.000
2020-10-08,392.000,394.250,386.500,387.000
2020-10-09,390.000,398.250,386.500,394.250
2020-10-12,396.500,399.250,387.250,388.750
2020-10-13,389.000,392.750,388.000,391.500
2020-10-14,391.000,397.500,388.000,396.500
2020-10-15,395.000,404.250,393.500,403.750
2020-10-16,408.500,409.000,401.750,402.500
2020-10-19,404.750,406.750,400.750,404.500
2020-10-20,405.500,409.750,403.500,408.750
2020-10-21,412.000,415.250,407.750,414.000
2020-10-22,414.250,419.000,410.750,415.750
2020-10-23,415.000,420.000,414.000,419.750
2020-10-26,416.000,419.750,412.750,417.250
2020-10-27,419.000,422.250,415.500,415.750
2020-10-28,415.000,415.250,400.500,401.500
2020-10-29,397.000,404.250,393.000,397.000
2020-10-30,398.500,400.000,394.250,397.500
2020-11-02,393.000,397.750,393.000,396.000
2020-11-03,400.000,403.250,395.250,400.250
2020-11-04,400.000,406.000,396.500,404.750
2020-11-05,413.500,417.250,404.000,408.000
2020-11-06,409.750,412.000,405.750,406.000
2020-11-09,408.000,410.000,401.750,407.500
2020-11-10,411.500,427.250,406.250,421.750
2020-11-11,422.500,428.000,416.250,416.750
2020-11-12,417.250,418.500,406.250,407.250
2020-11-13,408.250,413.250,403.750,409.250
2020-11-16,409.000,416.750,409.000,416.500
2020-11-17,425.000,429.000,425.000,425.750
2020-11-18,425.250,433.000,424.000,429.500
2020-11-19,429.000,430.750,424.250,427.250
2020-11-20,426.750,433.250,426.250,428.000
2020-11-23,432.250,435.750,430.250,433.500
2020-11-24,432.250,433.500,423.250,432.250
2020-11-25,433.000,434.750,427.250,427.250
2020-11-27,428.000,435.500,425.750,435.000
2020-11-30,435.250,439.500,424.250,426.500
2020-12-01,426.500,429.000,420.250,420.250
2020-12-02,417.250,424.750,414.500,423.250
2020-12-03,424.000,427.500,422.000,426.250
2020-12-04,428.250,428.750,422.000,422.500
2020-12-07,416.500,425.250,415.250,422.500
2020-12-08,422.000,424.500,418.500,420.000
2020-12-09,420.000,424.500,419.750,423.250
2020-12-10,426.500,427.500,420.500,422.000
2020-12-11,419.750,424.500,418.000,423.750
2020-12-14,423.500,428.500,421.250,424.250
2020-12-15,421.250,425.250,420.500,425.000
2020-12-16,428.250,429.250,423.750,426.500
2020-12-17,426.250,433.000,424.250,432.250
2020-12-18,434.250,440.250,434.000,438.750
2020-12-21,435.000,440.750,430.250,440.000
2020-12-22,440.000,444.250,437.250,442.750
2020-12-23,442.750,449.750,441.500,446.750
2020-12-24,447.250,450.250,447.000,449.750
2020-12-28,452.000,457.500,448.000,456.500
2020-12-29,455.750,467.250,453.500,466.000
2020-12-30,466.000,476.000,462.000,474.000
2020-12-31,474.000,484.750,472.750,484.500
2021-01-04,491.500,497.750,479.750,484.750
2021-01-05,487.750,496.000,482.500,493.000
2021-01-06,496.500,502.750,491.500,495.750
2021-01-07,495.000,496.000,487.250,494.250
2021-01-08,495.250,501.000,494.000,497.750
2021-01-11,495.750,500.500,490.250,491.500
2021-01-12,494.000,517.250,489.250,517.250
2021-01-13,524.000,541.500,522.250,524.000
2021-01-14,525.000,536.500,519.000,534.000
2021-01-15,534.000,536.500,527.750,530.250
2021-01-19,529.750,534.250,523.250,524.750
2021-01-20,515.000,526.500,512.750,521.250
2021-01-21,521.000,531.500,519.250,523.250
2021-01-22,519.500,522.750,499.250,500.000
2021-01-25,497.500,515.500,492.500,511.250
2021-01-26,513.000,534.250,508.000,531.250
2021-01-27,543.000,543.750,529.500,533.250
2021-01-28,544.750,550.500,529.000,533.250
2021-01-29,546.750,553.750,533.250,546.750
2021-02-01,549.000,555.750,539.000,549.750
2021-02-02,542.500,552.500,540.250,542.750
2021-02-03,542.000,552.500,536.500,551.750
2021-02-04,552.000,558.000,547.000,549.250
2021-02-05,549.000,552.250,545.500,548.750
2021-02-08,554.750,565.750,548.750,564.500
2021-02-09,565.000,574.250,545.000,555.500
2021-02-10,556.000,556.250,531.750,532.500
2021-02-11,532.250,546.500,524.750,539.500
2021-02-12,542.500,546.250,536.750,539.250
2021-02-16,542.000,552.750,538.500,551.500
2021-02-17,552.000,554.750,547.500,552.250
2021-02-18,553.000,554.500,548.000,549.750
2021-02-19,551.000,555.000,540.500,542.000
2021-02-22,545.000,551.000,543.250,550.250
2021-02-23,555.000,559.250,549.750,552.750
2021-02-24,556.500,558.000,551.000,556.500
2021-02-25,546.500,558.000,541.000,549.000
2021-02-26,530.000,538.750,529.250,536.500
2021-03-01,547.000,554.250,537.000,538.000
2021-03-02,536.000,548.500,531.500,544.000
2021-03-03,544.000,544.250,532.750,534.500
2021-03-04,535.000,541.000,529.250,532.500
2021-03-05,539.250,547.500,530.000,547.000
2021-03-08,549.500,556.250,537.000,547.000
2021-03-09,547.000,547.500,536.500,545.250
2021-03-10,545.250,545.750,531.250,532.500
2021-03-11,533.000,541.750,531.250,537.250
2021-03-12,535.500,540.500,531.000,539.500
2021-03-15,537.000,550.750,532.750,548.000
2021-03-16,549.500,555.500,546.750,553.500
2021-03-17,554.000,558.500,552.000,556.000
2021-03-18,555.500,558.000,545.250,546.000
2021-03-19,549.000,559.000,545.500,556.500
2021-03-22,558.000,558.750,546.750,550.750
2021-03-23,549.250,556.000,547.750,551.750
2021-03-24,551.000,553.750,548.250,552.250
2021-03-25,552.250,552.500,541.500,546.250
2021-03-26,546.500,554.000,544.000,551.750
2021-03-29,551.750,552.000,542.250,545.500
2021-03-30,546.250,547.500,533.750,537.750
2021-03-31,538.250,564.250,536.250,564.250
2021-04-01,575.000,585.000,556.500,558.750
2021-04-05,561.250,564.500,549.750,552.500
2021-04-06,553.750,561.500,552.250,554.500
2021-04-07,555.750,562.250,553.750,561.000
2021-04-08,560.750,583.000,559.250,579.250
2021-04-09,579.000,595.000,575.500,575.750
2021-04-12,577.750,586.000,567.250,567.500
2021-04-13,569.000,584.500,565.500,580.000
2021-04-14,588.500,597.750,578.750,594.000
2021-04-15,594.250,601.500,587.750,590.000
2021-04-16,590.500,594.750,583.250,586.500
2021-04-19,588.750,596.750,588.250,592.250
2021-04-20,585.500,597.500,580.750,592.750
2021-04-21,592.500,609.500,588.250,605.500
2021-04-22,614.750,631.500,604.500,631.500
2021-04-23,626.750,636.500,619.250,635.000
2021-04-26,656.000,657.500,637.500,657.500
2021-04-27,660.250,684.000,646.000,656.000
2021-04-28,654.500,670.750,629.500,640.000
2021-04-29,640.500,653.500,635.500,647.750
2021-04-30,648.000,673.250,645.250,673.250
2021-05-03,685.000,698.000,674.000,680.250
2021-05-04,681.250,704.000,676.000,697.500
2021-05-05,698.250,712.000,691.250,707.500
2021-05-06,709.500,722.500,705.500,719.500
2021-05-07,719.000,735.250,715.500,731.000
2021-05-10,730.000,730.750,708.500,713.250
2021-05-11,721.000,732.500,703.250,723.750
2021-05-12,723.750,731.250,703.500,714.250
2021-05-13,712.750,714.000,674.750,674.500
2021-05-14,670.000,687.000,641.750,644.750
2021-05-17,649.000,656.750,633.000,652.000
2021-05-18,653.500,669.500,652.500,659.250
2021-05-19,660.500,663.000,637.000,660.750
2021-05-20,662.750,671.250,656.500,663.250
2021-05-21,657.750,666.750,653.500,656.500
2021-05-24,652.250,658.500,645.500,657.750
2021-05-25,653.000,661.750,617.250,620.250
2021-05-26,619.500,629.000,602.750,624.750
2021-05-27,626.000,664.500,621.250,664.500
2021-05-28,666.250,672.750,651.250,655.750
2021-06-01,666.000,696.750,660.750,687.500
2021-06-02,683.250,694.250,666.000,675.000
2021-06-03,684.750,685.000,652.750,660.000
2021-06-04,673.750,685.750,660.750,680.750
2021-06-07,695.000,706.250,674.500,677.000
2021-06-08,682.000,698.000,677.500,682.000
2021-06-09,682.500,695.500,669.500,689.250
2021-06-10,691.000,717.500,687.750,698.250
2021-06-11,699.500,703.000,673.000,685.000
2021-06-14,598.000,598.750,570.500,579.750
2021-06-15,662.750,668.500,646.750,666.250
2021-06-16,670.000,687.750,663.750,670.750
2021-06-17,548.000,573.250,532.500,532.000
2021-06-18,553.000,575.000,530.500,566.750
2021-06-21,547.500,564.750,540.000,557.750
2021-06-22,548.000,566.000,536.250,539.250
2021-06-23,538.000,543.000,528.750,532.750
2021-06-24,534.000,541.750,514.250,535.250
2021-06-25,534.000,542.250,518.000,519.000
2021-06-28,519.000,548.250,517.500,545.250
2021-06-29,550.750,559.000,541.500,546.250
2021-06-30,535.250,588.500,528.250,588.500
2021-07-01,607.250,611.250,584.000,588.500
2021-07-02,589.500,597.500,573.500,578.250
2021-07-06,552.250,552.250,539.750,539.500
2021-07-07,532.000,545.250,519.000,532.250
2021-07-08,526.000,538.250,520.250,521.750
2021-07-09,517.000,524.250,507.000,513.500
2021-07-12,515.750,534.000,514.250,531.500
2021-07-13,536.500,547.000,527.500,540.750
2021-07-14,544.000,562.750,536.750,559.250
2021-07-15,558.000,561.500,551.000,554.750
2021-07-16,562.500,565.500,548.750,549.500
2021-07-19,559.500,567.500,544.500,552.000
2021-07-20,564.250,570.750,553.250,566.000
2021-07-21,571.750,573.000,562.750,568.000
2021-07-22,553.250,568.000,550.750,561.500
2021-07-23,560.000,565.000,540.500,542.250
2021-07-26,537.500,547.500,532.250,545.750
2021-07-27,553.750,560.750,542.250,546.250
2021-07-28,549.750,552.500,542.750,549.500
2021-07-29,550.250,557.750,546.250,555.750
2021-07-30,550.000,556.000,543.500,544.500
2021-08-02,545.500,559.750,540.750,559.000
2021-08-03,554.500,565.250,547.250,552.250
2021-08-04,551.750,556.750,541.250,547.750
2021-08-05,550.250,558.000,545.750,553.250
2021-08-06,554.000,559.750,547.250,556.500
2021-08-09,555.250,558.000,549.000,554.000
2021-08-10,551.000,554.750,547.500,553.250
2021-08-11,559.000,561.750,552.000,558.250
2021-08-12,557.000,594.250,551.500,571.250
2021-08-13,580.750,582.000,566.250,572.500
2021-08-16,573.000,576.000,564.750,569.000
2021-08-17,569.000,573.750,561.500,564.250
2021-08-18,566.000,568.500,561.250,563.250
2021-08-19,557.750,563.500,546.500,551.000
2021-08-20,546.250,554.250,532.500,537.000
2021-08-23,534.500,542.750,529.500,536.000
2021-08-24,539.500,547.000,536.000,544.250
2021-08-25,544.500,555.750,541.000,550.500
2021-08-26,548.500,554.000,547.500,549.500
2021-08-27,547.500,554.500,544.250,553.500
2021-08-30,552.250,558.000,536.750,543.500
2021-08-31,537.500,545.500,525.250,534.750
2021-09-01,528.750,536.250,518.250,522.250
2021-09-02,522.750,528.250,516.750,524.750
2021-09-03,522.750,528.000,520.000,522.750
2021-09-07,523.750,526.250,510.250,510.250
2021-09-08,514.500,516.750,507.750,510.500
2021-09-09,506.500,513.000,504.250,511.500
2021-09-10,510.500,524.000,497.500,516.500
2021-09-13,512.000,519.750,507.500,513.500
2021-09-14,517.750,521.500,513.000,521.250
2021-09-15,526.750,534.500,520.500,534.250
2021-09-16,533.000,537.500,528.000,529.250
2021-09-17,527.750,530.500,521.750,527.500
2021-09-20,517.250,527.000,515.250,522.000
2021-09-21,519.750,522.750,512.750,516.250
2021-09-22,521.000,526.250,516.000,525.000
2021-09-23,524.000,531.000,520.250,529.000
2021-09-24,526.500,528.750,524.000,525.500
2021-09-27,525.750,540.000,524.000,539.250
2021-09-28,538.000,541.750,532.000,532.500
2021-09-29,535.000,541.000,533.500,539.250
2021-09-30,540.000,548.500,527.250,537.250
2021-10-01,539.250,545.250,532.000,542.000
2021-10-04,539.250,547.500,536.000,540.500
2021-10-05,538.000,543.000,535.250,536.750
2021-10-06,539.750,544.750,531.500,532.500
2021-10-07,534.250,535.250,527.500,533.500
2021-10-08,537.750,538.750,530.000,530.000
2021-10-11,530.500,534.000,528.750,532.750
2021-10-12,530.500,533.000,519.250,523.500
2021-10-13,520.000,525.250,506.750,511.250
2021-10-14,516.000,518.250,511.000,516.250
2021-10-15,523.250,528.500,514.250,527.000
2021-10-18,524.000,533.750,523.000,532.750
2021-10-19,533.500,537.000,529.500,530.000
2021-10-20,534.250,540.000,528.500,539.750
2021-10-21,536.000,540.000,530.750,532.250
2021-10-22,535.000,540.000,532.000,538.250
2021-10-25,540.000,542.000,535.000,538.000
2021-10-26,535.500,547.250,533.000,542.250
2021-10-27,540.750,563.250,539.500,557.750
2021-10-28,557.500,568.750,554.000,563.000
2021-10-29,563.000,569.250,558.750,569.000
2021-11-01,572.000,582.000,565.250,579.000
2021-11-02,580.500,586.000,572.000,572.250
2021-11-03,570.250,573.250,563.000,563.000
2021-11-04,566.250,569.750,556.500,559.000
2021-11-05,558.250,562.750,552.500,552.750
2021-11-08,551.000,554.750,549.500,551.750
2021-11-09,554.000,564.000,547.750,555.500
2021-11-10,559.500,571.750,555.000,568.000
2021-11-11,568.000,579.000,566.000,569.250
2021-11-12,568.000,582.000,566.750,577.250
2021-11-15,576.000,578.750,569.750,576.000
2021-11-16,573.750,577.500,570.000,570.250
2021-11-17,574.000,584.000,570.000,575.000
2021-11-18,578.000,583.000,572.000,573.000
2021-11-19,569.500,576.000,568.000,570.500
2021-11-22,582.500,585.500,576.250,584.000
2021-11-23,581.250,588.750,580.000,588.250
2021-11-24,591.000,596.750,583.250,585.000
2021-11-26,576.500,593.250,572.000,591.750
2021-11-29,589.750,594.000,579.000,583.000
2021-11-30,575.750,583.250,562.500,568.500
2021-12-01,572.500,576.250,567.250,571.000
2021-12-02,577.000,581.500,569.500,577.000
2021-12-03,581.000,586.750,575.250,584.750
2021-12-06,580.750,585.500,575.750,584.250
2021-12-07,581.250,588.750,578.500,586.000
2021-12-08,584.500,589.500,583.250,587.500
2021-12-09,586.500,593.250,582.500,591.000
2021-12-10,592.750,594.000,587.000,590.000
2021-12-13,587.750,590.250,582.250,584.500
2021-12-14,583.500,594.000,581.500,590.250
2021-12-15,591.750,596.500,582.000,586.250
2021-12-16,587.000,592.000,584.500,591.000
2021-12-17,590.000,598.750,589.250,592.250
2021-12-20,592.250,595.750,587.000,591.000
2021-12-21,592.000,599.000,589.500,597.750
2021-12-22,603.250,606.750,597.000,602.250
2021-12-23,602.000,607.000,600.500,606.750
2021-12-27,612.750,615.500,607.000,614.250
2021-12-28,611.000,617.750,603.750,603.750
2021-12-29,600.250,610.750,599.500,605.500
2021-12-30,600.250,606.000,592.750,595.250
2021-12-31,596.250,599.250,592.500,592.500
2022-01-03,598.000,603.500,584.750,589.750
2022-01-04,593.250,611.250,591.500,609.000
2022-01-05,607.250,609.750,601.250,602.250
2022-01-06,601.000,605.750,596.000,604.500
2022-01-07,600.000,608.250,599.000,606.750
2022-01-10,603.250,608.000,596.250,599.000
2022-01-11,601.000,604.750,598.000,601.000
2022-01-12,599.500,604.000,591.000,598.250
2022-01-13,594.000,599.750,585.250,586.750
2022-01-14,589.750,598.250,585.250,598.000
2022-01-18,589.500,600.750,588.250,600.000
2022-01-19,605.500,614.500,600.000,610.250
2022-01-20,609.500,614.250,606.250,610.000
2022-01-21,609.250,618.500,604.250,617.750
2022-01-24,611.750,621.500,609.250,621.250
2022-01-25,621.750,631.000,618.500,619.250
2022-01-26,619.000,627.750,615.000,626.000
2022-01-27,623.250,627.750,621.250,623.750
2022-01-28,629.250,637.250,623.000,636.000
2022-01-31,638.000,642.500,622.500,624.750
2022-02-01,630.000,639.500,624.500,634.500
2022-02-02,638.500,640.750,616.750,622.000
2022-02-03,614.500,624.250,610.250,617.250
2022-02-04,616.000,623.250,613.250,621.500
2022-02-07,630.500,636.750,624.750,636.500
2022-02-08,631.500,636.750,627.250,632.250
2022-02-09,635.750,647.750,630.500,646.250
2022-02-10,652.750,662.750,638.750,641.750
2022-02-11,645.250,657.750,637.750,650.000
2022-02-14,651.250,656.750,642.500,656.500
2022-02-15,655.000,655.500,635.500,637.000
2022-02-16,637.750,647.750,636.250,645.500
2022-02-17,645.500,652.000,642.750,648.500
2022-02-18,647.750,656.750,646.000,653.250
2022-02-22,656.250,674.500,656.250,674.000
2022-02-23,670.500,682.250,667.500,679.000
2022-02-24,681.000,716.250,679.000,686.000
2022-02-25,668.250,701.750,655.250,655.500
2022-02-28,681.500,690.750,673.500,690.750
2022-03-01,694.250,725.750,692.750,725.750
2022-03-02,730.000,747.750,711.500,726.750
2022-03-03,729.250,760.000,722.000,747.500
2022-03-04,755.000,782.750,733.750,752.000
2022-03-07,757.250,780.250,736.250,750.500
2022-03-08,750.000,760.750,728.750,753.000
2022-03-09,753.250,759.500,731.000,732.750
2022-03-10,732.750,765.500,729.000,754.750
2022-03-11,753.500,764.500,744.000,762.750
2022-03-14,762.000,767.500,740.000,745.000
2022-03-15,745.250,759.000,736.000,757.750
2022-03-16,756.750,757.000,726.750,730.250
2022-03-17,730.000,757.500,728.500,753.250
2022-03-18,753.750,755.000,736.500,741.500
2022-03-21,746.500,765.000,743.000,756.500
2022-03-22,756.750,761.000,744.000,751.500
2022-03-23,752.250,770.500,749.000,756.750
2022-03-24,757.000,762.500,745.000,747.500
2022-03-25,748.500,755.250,742.500,753.000
2022-03-28,749.000,750.250,740.500,746.750
2022-03-29,746.250,747.500,713.500,728.000
2022-03-30,727.000,748.750,726.750,738.500
2022-03-31,739.250,770.000,732.500,747.250
2022-04-01,748.500,751.500,730.250,733.250
2022-04-04,737.000,752.250,734.750,749.250
2022-04-05,750.750,768.000,749.250,760.250
2022-04-06,759.750,761.500,750.250,755.250
2022-04-07,746.000,751.000,740.500,750.250
2022-04-08,749.000,764.000,745.500,759.750
2022-04-11,759.000,770.750,755.500,759.000
2022-04-12,760.000,773.500,759.500,770.750
2022-04-13,771.250,779.500,763.500,778.000
2022-04-14,777.750,786.000,775.250,784.000
2022-04-18,784.000,810.000,783.750,806.000
2022-04-19,807.000,814.000,797.000,798.750
2022-04-20,799.000,810.500,792.000,809.000
2022-04-21,808.500,809.500,793.250,794.500
2022-04-22,794.000,804.000,780.500,787.750
2022-04-25,793.750,799.250,781.000,797.250
2022-04-26,799.250,809.750,793.250,802.250
2022-04-27,801.500,818.500,795.500,814.250
2022-04-28,812.500,819.750,808.500,813.000
2022-04-29,813.000,824.500,809.500,812.500
2022-05-02,805.000,808.500,790.500,804.000
2022-05-03,809.000,813.750,792.000,792.750
2022-05-04,793.000,803.750,789.500,793.000
2022-05-05,794.250,802.000,791.000,796.250
2022-05-06,796.250,796.750,776.500,786.500
2022-05-09,781.250,785.000,769.000,772.500
2022-05-10,773.500,778.750,769.250,775.500
2022-05-11,776.500,790.500,775.500,788.750
2022-05-12,788.500,800.750,782.750,790.500
2022-05-13,790.500,797.000,777.500,781.750
2022-05-16,795.000,810.250,792.750,808.250
2022-05-17,808.000,809.250,797.250,801.500
2022-05-18,800.750,802.250,778.000,782.500
2022-05-19,782.000,789.750,773.250,782.250
2022-05-20,781.250,782.000,774.500,777.750
2022-05-23,780.250,788.000,774.500,786.000
2022-05-24,785.000,787.000,762.000,769.750
2022-05-25,770.000,773.000,755.000,770.500
2022-05-26,762.750,772.500,757.500,763.500
2022-05-27,765.000,780.500,761.000,776.250
2022-05-31,777.000,777.250,747.250,752.750
2022-06-01,753.750,756.250,720.500,729.500
2022-06-02,731.250,739.250,726.250,728.500
2022-06-03,730.250,736.000,725.750,727.000
2022-06-06,732.250,744.250,731.500,742.750
2022-06-07,739.000,765.000,735.000,757.000
2022-06-08,757.000,774.000,756.000,763.500
2022-06-09,764.500,782.750,758.000,771.750
2022-06-10,772.250,781.000,765.750,773.000
2022-06-13,781.000,782.250,758.500,766.000
2022-06-14,765.750,771.000,759.000,766.750
2022-06-15,767.000,779.750,762.000,774.000
2022-06-16,774.000,792.000,773.000,787.500
2022-06-17,735.000,749.250,728.250,731.750
2022-06-21,725.750,725.750,690.500,701.250
2022-06-22,703.000,705.500,690.000,693.000
2022-06-23,692.000,692.750,645.500,655.000
2022-06-24,655.500,676.500,651.500,673.250
2022-06-27,656.000,662.250,644.250,652.250
2022-06-28,658.000,667.750,655.250,657.000
2022-06-29,667.250,672.250,662.250,663.500
2022-06-30,653.000,653.750,618.750,623.250
2022-07-01,625.000,627.000,604.250,606.500
2022-07-05,606.500,602.000,571.000,577.250
2022-07-06,582.000,586.250,566.500,585.250
2022-07-07,587.000,608.750,586.500,596.250
2022-07-08,598.000,626.000,597.250,625.500
2022-07-11,647.250,658.500,626.250,627.000
2022-07-12,629.500,634.250,582.500,586.500
2022-07-13,584.250,606.000,576.750,596.750
2022-07-14,597.250,608.000,589.250,601.750
2022-07-15,603.000,609.500,595.000,605.000
2022-07-18,610.000,623.750,601.000,609.500
2022-07-19,608.750,609.000,583.000,595.500
2022-07-20,594.000,597.500,585.250,590.000
2022-07-21,591.000,591.000,570.000,573.000
2022-07-22,573.000,582.000,561.750,562.500
2022-07-25,575.000,584.250,568.500,582.250
2022-07-26,592.250,602.500,589.500,599.000
2022-07-27,600.750,606.750,594.250,604.000
2022-07-28,605.250,621.750,603.750,618.500
2022-07-29,619.000,636.500,616.000,622.250
2022-08-01,623.750,625.000,597.250,610.250
2022-08-02,606.000,607.500,592.500,593.000
2022-08-03,590.000,599.750,587.500,595.500
2022-08-04,596.250,610.750,590.500,606.000
2022-08-05,606.000,615.250,600.500,608.500
2022-08-08,603.000,611.000,601.000,607.500
2022-08-09,613.000,624.500,612.250,613.250
2022-08-10,613.000,628.000,611.000,618.250
2022-08-11,618.000,628.500,615.250,627.500
2022-08-12,627.750,642.750,616.250,639.000
2022-08-15,633.000,638.250,618.000,627.250
2022-08-16,624.750,629.500,607.750,610.000
2022-08-17,610.000,617.000,606.750,612.250
2022-08-18,612.000,620.500,604.000,615.000
2022-08-19,615.000,624.500,612.000,622.750
2022-08-22,618.250,631.000,614.250,627.750
2022-08-23,632.000,662.000,631.250,655.750
2022-08-24,655.500,671.000,650.250,656.500
2022-08-25,657.000,666.500,649.250,650.250
2022-08-26,648.000,665.750,647.250,665.000
2022-08-29,670.250,683.750,666.250,682.750
2022-08-30,681.250,682.750,671.000,678.500
2022-08-31,677.500,680.500,661.000,670.500
2022-09-01,670.000,672.750,654.000,658.250
2022-09-02,658.000,669.500,656.500,664.250
2022-09-06,665.750,676.500,661.500,675.750
2022-09-07,675.000,688.000,669.000,670.250
2022-09-08,671.000,675.250,659.000,669.000
2022-09-09,669.000,685.750,669.000,684.750
2022-09-12,681.500,699.500,675.750,694.000
2022-09-13,695.500,698.250,688.250,690.500
2022-09-14,690.750,692.750,681.500,681.750
2022-09-15,684.000,690.000,676.250,676.250
2022-09-16,674.750,680.500,667.500,679.000
2022-09-19,672.250,680.000,668.250,678.000
2022-09-20,681.500,693.500,677.500,691.500
2022-09-21,692.000,698.500,679.250,685.750
2022-09-22,686.000,691.000,681.500,687.000
2022-09-23,676.000,688.000,669.500,675.000
2022-09-26,673.250,679.000,665.500,665.500
2022-09-27,666.250,678.000,666.250,668.250
2022-09-28,668.250,673.250,661.500,670.750
2022-09-29,670.500,676.750,666.000,669.250
2022-09-30,669.500,696.250,669.250,678.000
2022-10-03,680.000,687.500,672.500,680.500
2022-10-04,680.750,691.500,676.500,683.750
2022-10-05,683.000,687.500,675.750,684.000
2022-10-06,683.750,685.750,672.000,675.500
2022-10-07,675.500,684.500,671.500,683.000
2022-10-10,683.750,706.500,683.500,697.000
2022-10-11,697.000,702.000,690.750,692.500
2022-10-12,693.250,700.000,680.000,692.750
2022-10-13,692.250,699.500,684.000,697.500
2022-10-14,697.000,699.500,688.500,691.000
2022-10-17,689.000,692.250,681.250,682.750
2022-10-18,683.000,683.750,674.500,681.500
2022-10-19,681.000,684.500,674.000,678.250
2022-10-20,678.000,687.000,676.750,683.750
2022-10-21,683.500,688.000,677.750,683.250
2022-10-24,682.250,686.500,677.250,681.750
2022-10-25,681.500,687.500,677.750,684.500
2022-10-26,684.250,689.750,683.250,685.500
2022-10-27,685.000,689.250,679.250,681.750
2022-10-28,681.250,683.750,676.250,679.750
2022-10-31,679.750,700.000,684.250,689.500
2022-11-01,689.000,698.500,687.250,696.750
2022-11-02,696.500,697.250,680.000,686.500
2022-11-03,686.000,686.500,678.500,678.500
2022-11-04,679.250,685.250,678.500,680.250
2022-11-07,679.000,680.750,675.250,675.250
2022-11-08,675.750,677.000,666.250,666.750
2022-11-09,667.000,671.750,658.000,663.750
2022-11-10,664.500,667.250,652.750,652.750
2022-11-11,653.750,661.000,653.500,657.500
2022-11-14,657.000,662.000,652.250,657.000
2022-11-15,657.000,675.000,651.250,665.750
2022-11-16,665.250,666.000,657.500,664.750
2022-11-17,665.000,668.250,654.750,667.500
2022-11-18,668.500,674.000,667.500,669.250
2022-11-21,669.000,669.250,660.250,663.250
2022-11-22,663.500,666.750,659.000,659.750
2022-11-23,660.000,666.750,658.250,665.250
2022-11-25,664.750,673.000,664.250,670.250
2022-11-28,668.250,672.500,664.000,671.000
2022-11-29,669.750,674.000,668.000,669.000
2022-11-30,669.000,672.500,664.250,665.750
2022-12-01,666.750,669.000,659.250,659.750
2022-12-02,660.250,660.500,645.750,646.250
2022-12-05,646.500,649.000,637.750,640.500
2022-12-06,640.500,645.500,635.750,637.250
2022-12-07,637.500,645.750,635.000,642.000
2022-12-08,643.500,645.250,638.250,642.000
2022-12-09,642.500,649.750,642.000,643.500
2022-12-12,644.500,655.250,644.500,654.750
2022-12-13,654.000,660.000,652.250,652.500
2022-12-14,653.000,653.500,646.750,651.000
2022-12-15,650.250,654.250,647.750,653.750
2022-12-16,653.500,655.750,650.000,653.000
2022-12-19,650.500,650.750,644.000,647.500
2022-12-20,647.750,654.250,646.750,652.000
2022-12-21,651.500,663.000,651.000,662.750
2022-12-22,662.000,664.750,658.750,659.750
2022-12-23,659.500,667.750,659.250,665.750
2022-12-27,669.000,675.750,667.250,674.000
2022-12-28,673.250,683.500,672.750,683.000
2022-12-29,681.750,682.250,677.250,679.750
2022-12-30,679.500,685.000,676.500,678.500
2023-01-03,677.250,681.250,668.000,672.000
2023-01-04,670.750,671.750,652.500,654.750
2023-01-05,654.500,657.750,648.500,653.500
2023-01-06,653.750,659.500,651.750,653.250
2023-01-09,655.500,657.000,650.750,652.500
2023-01-10,651.750,664.000,648.250,654.750
2023-01-11,654.500,659.000,652.750,656.250
2023-01-12,656.000,673.500,649.250,672.000
2023-01-13,670.750,676.750,669.750,675.750
2023-01-17,671.500,687.000,668.750,686.250
2023-01-18,684.250,688.750,678.000,680.000
2023-01-19,680.000,685.250,676.000,676.000
2023-01-20,675.500,678.000,672.500,677.000
2023-01-23,674.000,674.750,661.250,666.500
2023-01-24,667.000,677.500,666.250,677.000
2023-01-25,676.750,681.000,673.750,674.000
2023-01-26,674.000,685.500,673.000,681.500
2023-01-27,681.750,686.000,678.250,683.250
2023-01-30,685.000,687.250,678.500,683.750
2023-01-31,683.500,688.500,678.000,679.250
2023-02-01,679.250,682.000,672.750,680.500
2023-02-02,681.000,686.000,674.250,674.500
2023-02-03,674.250,680.000,671.500,676.750
2023-02-06,677.250,679.250,672.250,677.750
2023-02-07,677.000,678.500,673.500,674.000
2023-02-08,673.750,679.500,672.750,678.500
2023-02-09,678.250,681.000,670.250,670.750
2023-02-10,670.750,682.750,669.250,680.750
2023-02-13,680.000,686.500,676.750,684.500
2023-02-14,684.000,688.250,681.750,682.000
2023-02-15,682.000,682.500,675.500,675.750
2023-02-16,676.500,677.250,673.250,675.250
2023-02-17,676.000,679.000,675.000,677.500
2023-02-21,679.250,682.500,675.250,680.250
2023-02-22,679.750,681.000,674.000,674.750
2023-02-23,674.750,676.000,657.500,659.750
2023-02-24,660.000,662.000,649.000,649.250
2023-02-27,650.250,652.250,643.000,643.500
2023-02-28,643.250,646.750,630.000,630.000
2023-03-01,631.000,637.750,622.250,635.750
2023-03-02,637.000,641.500,630.750,633.500
2023-03-03,634.000,642.750,632.250,640.250
2023-03-06,639.000,640.250,634.000,638.000
2023-03-07,637.500,638.750,633.250,634.750
2023-03-08,635.000,637.500,624.500,625.750
2023-03-09,625.500,629.750,610.250,612.250
2023-03-10,612.500,619.000,606.750,618.250
2023-03-13,619.000,620.250,608.500,613.250
2023-03-14,612.750,621.750,609.250,620.500
2023-03-15,623.750,629.000,619.250,624.750
2023-03-16,626.000,635.000,624.750,631.750
2023-03-17,633.250,638.750,630.250,634.500
2023-03-20,633.000,634.000,625.000,632.750
2023-03-21,632.750,638.250,628.750,629.500
2023-03-22,631.250,636.000,623.250,633.250
2023-03-23,633.000,644.000,627.250,630.750
2023-03-24,631.000,645.000,627.500,644.250
2023-03-27,643.000,648.750,637.000,647.000
2023-03-28,646.750,651.250,644.500,646.750
2023-03-29,646.250,655.500,645.750,650.750
2023-03-30,649.750,654.750,648.000,649.500
2023-03-31,648.750,664.500,647.250,658.500
2023-04-03,659.500,668.500,656.000,657.000
2023-04-04,657.000,657.500,648.500,653.250
2023-04-05,653.750,660.000,646.500,651.500
2023-04-06,652.250,652.500,641.750,644.000
2023-04-10,644.500,655.000,640.250,654.500
2023-04-11,653.500,657.750,646.750,651.500
2023-04-12,651.000,658.500,648.750,655.750
2023-04-13,627.500,633.000,624.500,626.000
2023-04-14,653.750,668.000,651.000,667.750
2023-04-17,635.000,642.750,631.000,642.000
2023-04-18,641.500,647.500,637.250,643.250
2023-04-19,643.500,644.000,636.000,636.500
2023-04-20,636.500,637.250,622.000,626.250
2023-04-21,626.750,627.750,611.000,614.500
2023-04-24,615.500,618.000,604.250,607.750
2023-04-25,609.000,610.500,601.000,607.500
2023-04-26,608.250,612.000,600.750,601.250
2023-04-27,601.750,602.500,580.500,581.500
2023-04-28,581.250,587.750,572.000,584.000
2023-05-01,584.500,587.500,577.500,584.250
2023-05-02,584.500,590.500,578.250,578.750
2023-05-03,579.000,590.750,569.250,587.750
2023-05-04,588.500,592.000,579.000,588.750
2023-05-05,588.750,599.250,588.500,596.750
2023-05-08,596.500,600.000,593.750,595.500
2023-05-09,595.000,595.000,581.000,585.750
2023-05-10,585.250,596.000,579.000,593.000
2023-05-11,591.000,592.750,580.750,582.000
2023-05-12,581.000,593.750,572.750,583.250
2023-05-15,581.500,598.750,581.500,593.000
2023-05-16,592.000,593.000,578.250,581.500
2023-05-17,581.750,582.750,554.250,561.000
2023-05-18,561.250,561.750,547.000,554.000
2023-05-19,555.000,571.750,551.500,556.000
2023-05-22,554.750,575.500,553.250,570.500
2023-05-23,570.250,580.750,564.000,577.500
2023-05-24,577.000,589.750,574.000,587.750
2023-05-25,587.500,593.000,583.500,591.250
2023-05-26,590.250,606.750,588.250,605.000
2023-05-30,603.750,605.000,591.500,594.000
2023-05-31,594.250,594.750,577.500,592.750
2023-06-01,594.000,606.000,591.750,593.250
2023-06-02,592.500,610.500,581.250,607.750
2023-06-05,609.000,614.000,595.000,597.000
2023-06-06,599.750,610.750,599.750,607.250
2023-06-07,605.000,612.500,601.750,601.500
2023-06-08,600.000,613.250,595.250,609.000
2023-06-09,608.250,609.000,597.500,604.500
2023-06-12,609.000,623.750,608.750,617.500
2023-06-13,617.000,625.000,610.750,611.500
2023-06-14,610.250,618.750,601.500,608.000
2023-06-15,549.750,575.000,549.750,573.500
2023-06-16,573.500,598.000,572.500,597.500
2023-06-20,600.000,609.000,588.500,596.500
2023-06-21,609.000,629.750,604.500,629.500
2023-06-22,624.750,626.500,613.250,620.250
2023-06-23,616.500,616.750,583.500,584.250
2023-06-26,594.000,600.750,575.500,588.000
2023-06-27,593.750,594.500,555.000,560.500
2023-06-28,562.000,562.500,534.000,537.750
2023-06-29,539.000,543.250,526.250,528.000
2023-06-30,532.000,537.500,493.000,494.500
2023-07-03,492.250,505.000,488.750,493.000
2023-07-05,504.000,504.000,485.500,493.500
2023-07-06,495.750,508.250,492.500,507.750
2023-07-07,507.000,509.500,493.500,496.250
2023-07-10,497.000,503.250,494.500,498.750
2023-07-11,496.000,506.500,493.750,501.250
2023-07-12,500.500,505.500,481.750,482.750
2023-07-13,484.250,501.250,481.000,500.500
2023-07-14,500.000,515.750,497.250,513.750
2023-07-17,519.250,526.500,503.250,505.750
2023-07-18,504.000,540.750,502.000,532.250
2023-07-19,532.750,563.750,531.500,553.000
2023-07-20,553.250,563.250,542.250,546.000
2023-07-21,545.500,546.250,531.250,536.500
2023-07-24,543.000,572.250,540.250,569.000
2023-07-25,567.750,572.000,553.750,565.500
2023-07-26,565.000,565.000,544.750,548.750
2023-07-27,548.000,555.000,541.500,542.000
2023-07-28,542.250,547.500,525.500,530.750
2023-07-31,524.500,524.500,508.000,512.000
2023-08-01,513.250,517.250,505.500,508.000
2023-08-02,507.250,523.250,497.500,499.750
2023-08-03,499.000,502.750,493.000,494.500
2023-08-04,495.750,506.500,493.000,497.250
2023-08-07,497.750,501.000,489.250,497.500
2023-08-08,495.750,501.250,490.500,499.000
2023-08-09,499.000,502.750,493.000,495.750
2023-08-10,495.000,498.000,493.250,496.000
2023-08-11,496.000,507.500,483.000,487.500
2023-08-14,489.500,492.250,481.000,486.500
2023-08-15,485.000,485.500,473.750,473.750
2023-08-16,474.750,484.500,473.500,481.750
2023-08-17,482.000,487.750,476.750,486.500
2023-08-18,486.000,495.000,484.750,492.500
2023-08-21,496.500,506.250,481.250,482.000
2023-08-22,482.250,485.500,474.250,479.000
2023-08-23,480.000,492.250,478.500,489.500
2023-08-24,490.500,494.500,483.500,487.750
2023-08-25,487.250,493.000,485.750,486.500
2023-08-28,494.500,497.500,489.250,496.750
2023-08-29,494.250,499.500,485.500,487.250
2023-08-30,486.750,491.750,479.500,480.750
2023-08-31,481.000,486.500,476.750,479.250
2023-09-01,478.000,485.250,477.500,482.750
2023-09-05,482.250,488.750,478.500,486.500
2023-09-06,488.000,490.250,483.250,485.750
2023-09-07,485.000,488.500,483.250,486.250
2023-09-08,486.000,488.750,482.000,482.750
2023-09-11,483.000,486.750,480.750,485.750
2023-09-12,485.000,486.750,473.500,477.000
2023-09-13,476.500,482.750,474.500,481.750
2023-09-14,482.000,484.750,478.250,480.250
2023-09-15,480.000,483.500,475.000,475.250
2023-09-18,475.250,478.750,469.000,471.500
2023-09-19,471.250,477.000,467.750,476.000
2023-09-20,476.000,483.000,474.500,481.250
2023-09-21,481.000,482.500,474.000,475.000
2023-09-22,475.000,478.500,474.250,477.500
2023-09-25,475.250,482.500,473.750,481.750
2023-09-26,481.000,483.500,476.500,479.500
2023-09-27,479.750,486.750,479.000,484.500
2023-09-28,483.750,489.250,481.000,488.500
2023-09-29,487.500,490.000,475.500,475.750
2023-10-02,477.000,489.750,476.000,488.250
2023-10-03,488.000,489.250,484.250,487.750
2023-10-04,487.500,489.750,482.500,486.000
2023-10-05,486.000,498.500,482.500,496.250
2023-10-06,496.000,499.000,491.500,492.500
2023-10-09,492.000,497.000,487.250,488.000
2023-10-10,488.000,488.250,484.250,485.750
2023-10-11,485.500,488.500,483.500,487.750
2023-10-12,487.750,498.750,482.250,495.000
2023-10-13,495.000,498.750,490.500,494.000
2023-10-16,493.500,496.750,489.500,489.750
2023-10-17,490.000,492.750,487.750,488.750
2023-10-18,488.500,494.000,488.500,492.250
2023-10-19,492.000,505.500,490.250,505.000
2023-10-20,504.000,509.500,495.000,495.250
2023-10-23,494.250,497.000,490.250,490.500
2023-10-24,490.750,491.500,482.750,483.000
2023-10-25,483.500,486.000,476.750,480.250
2023-10-26,480.000,484.250,477.500,479.500
2023-10-27,479.250,484.000,478.250,481.500
2023-10-30,480.000,484.250,477.500,478.500
2023-10-31,478.250,483.000,477.500,479.000
2023-11-01,478.750,480.000,472.500,475.500
2023-11-02,475.000,477.000,469.500,469.750
2023-11-03,470.000,481.000,468.000,477.750
2023-11-06,477.250,480.750,476.750,477.500
2023-11-07,477.000,477.500,468.000,468.750
2023-11-08,469.000,480.500,468.500,475.000
2023-11-09,475.000,476.000,466.500,468.250
2023-11-10,468.000,469.000,461.750,463.750
2023-11-13,463.250,477.750,461.000,476.750
2023-11-14,477.000,480.000,473.000,478.250
2023-11-15,477.750,480.500,467.250,471.250
2023-11-16,471.000,476.250,465.250,473.750
2023-11-17,474.500,475.000,466.750,467.750
2023-11-20,467.000,470.250,464.500,469.250
2023-11-21,469.250,475.000,468.000,470.000
2023-11-22,488.250,493.250,487.000,487.500
2023-11-24,487.500,489.250,481.750,482.750
2023-11-27,483.250,485.000,473.000,475.250
2023-11-28,475.250,476.750,471.000,473.500
2023-11-29,473.500,477.250,470.500,475.500
2023-11-30,475.250,484.500,475.000,482.250
2023-12-01,482.000,489.500,478.750,483.750
2023-12-04,483.750,488.500,481.250,485.000
2023-12-05,485.000,490.750,483.500,490.250
2023-12-06,489.750,493.750,483.500,483.750
2023-12-07,484.000,489.250,483.000,487.500
2023-12-08,487.500,492.000,484.000,486.750
2023-12-11,486.500,487.500,479.750,482.000
2023-12-12,482.000,488.000,481.750,484.500
2023-12-13,484.000,485.000,477.500,479.750
2023-12-14,481.000,484.250,479.000,480.000
2023-12-15,479.250,484.000,477.750,482.500
2023-12-18,482.500,482.750,475.500,477.000
2023-12-19,477.250,478.250,471.500,472.750
2023-12-20,472.750,475.500,468.250,470.000
2023-12-21,470.000,474.000,469.250,472.500
2023-12-22,472.500,474.000,471.500,472.500
2023-12-26,473.000,481.000,471.500,480.250
2023-12-27,479.750,480.250,474.500,476.500
2023-12-28,476.000,478.750,474.000,474.250
2023-12-29,473.750,475.000,470.500,470.750
2024-01-02,470.500,470.750,462.500,464.500
2024-01-03,464.750,466.000,461.750,465.000
2024-01-04,465.000,469.000,463.500,466.500
2024-01-05,466.500,467.750,460.000,461.750
2024-01-08,461.000,462.500,452.000,454.500
2024-01-09,454.750,460.500,451.750,458.750
2024-01-10,459.000,461.750,454.500,458.750
2024-01-11,459.000,461.500,455.750,457.000
2024-01-12,457.000,460.000,441.000,448.750
2024-01-16,447.750,451.250,442.000,443.500
2024-01-17,443.500,448.250,440.000,442.000
2024-01-18,442.000,445.000,436.750,443.500
2024-01-19,443.500,449.500,443.000,445.250
2024-01-22,445.500,448.000,444.000,445.500
2024-01-23,445.750,450.500,444.000,446.500
2024-01-24,446.500,452.750,446.250,451.750
2024-01-25,451.500,453.250,447.500,451.000
2024-01-26,451.000,451.750,445.500,446.250
2024-01-29,446.250,447.500,437.500,439.750
2024-01-30,439.750,448.250,436.500,447.750
2024-01-31,447.250,448.750,443.250,448.000
2024-02-01,448.000,448.000,443.500,446.500
2024-02-02,446.500,448.750,442.000,442.750
2024-02-05,442.750,445.000,439.500,442.750
2024-02-06,442.750,445.500,438.250,438.250
2024-02-07,438.500,439.250,432.750,434.750
2024-02-08,434.500,437.000,429.750,433.250
2024-02-09,433.000,437.000,428.250,430.250
2024-02-12,430.250,432.750,427.750,430.500
2024-02-13,430.250,434.750,428.750,431.250
2024-02-14,430.750,431.000,422.250,423.750
2024-02-15,424.000,425.000,417.250,417.500
2024-02-16,417.500,421.500,415.000,416.250
2024-02-20,416.250,421.500,414.750,418.750
2024-02-21,431.500,432.500,423.250,423.250
2024-02-22,423.500,428.500,417.000,419.000
2024-02-23,418.500,421.750,411.750,413.750
2024-02-26,413.500,422.500,408.750,421.500
2024-02-27,421.000,426.500,421.000,424.250
2024-02-28,423.750,430.500,421.750,430.000
2024-02-29,429.250,432.000,423.750,429.750
2024-03-01,429.250,431.000,422.000,424.250
2024-03-04,424.000,433.500,424.000,430.250
2024-03-05,430.000,431.000,425.000,425.750
2024-03-06,426.250,429.500,423.250,429.000
2024-03-07,428.750,438.750,428.250,437.500
2024-03-08,437.250,440.000,431.500,439.750
2024-03-11,438.500,443.000,433.250,441.250
2024-03-12,441.000,445.000,438.000,441.750
2024-03-13,441.750,444.500,438.250,441.250
2024-03-14,441.000,442.250,433.000,434.250
2024-03-15,433.750,440.000,431.750,438.000
2024-03-18,437.000,440.500,434.000,436.500
2024-03-19,436.500,440.000,435.000,439.250
2024-03-20,439.000,439.500,435.500,439.250
2024-03-21,439.000,445.750,437.500,441.000
2024-03-22,440.250,441.500,436.000,439.000
2024-03-25,439.000,441.250,437.000,437.250
2024-03-26,437.250,440.750,432.000,432.000
2024-03-27,432.000,432.250,426.250,426.500
2024-03-28,426.750,448.000,426.000,442.250
2024-04-01,441.750,442.000,432.250,436.000
2024-04-02,435.750,436.750,424.500,427.750
2024-04-03,428.250,433.000,425.750,432.250
2024-04-04,432.250,436.000,429.750,435.500
2024-04-05,435.000,438.500,432.250,433.500
2024-04-08,433.750,437.500,431.500,435.250
2024-04-09,435.000,435.750,429.750,431.250
2024-04-10,431.000,435.750,430.750,433.750
2024-04-11,434.000,437.500,427.500,428.500
2024-04-12,428.250,437.500,427.000,434.750
2024-04-15,434.500,435.000,430.250,431.250
2024-04-16,431.250,432.250,428.500,430.750
2024-04-17,431.000,433.000,429.500,430.250
2024-04-18,430.250,441.000,435.750,436.500
2024-04-19,436.750,443.500,436.000,442.500
2024-04-22,441.500,451.250,439.750,449.750
2024-04-23,449.500,453.250,448.250,452.500
2024-04-24,452.500,454.250,448.000,448.250
2024-04-25,448.500,453.250,446.500,451.750
2024-04-26,451.750,454.000,449.250,450.000
2024-04-29,450.000,451.250,445.500,449.250
2024-04-30,449.000,450.000,444.500,447.000
2024-05-01,446.750,451.500,443.750,450.000
2024-05-02,450.000,460.500,449.750,459.750
2024-05-03,459.500,468.000,457.250,460.000
2024-05-06,459.000,470.000,454.250,469.000
2024-05-07,468.500,472.000,466.000,467.250
2024-05-08,467.000,467.000,457.500,458.750
2024-05-09,458.500,462.000,454.250,456.750
2024-05-10,457.000,470.000,456.750,468.500
2024-05-13,468.500,475.500,465.500,471.750
2024-05-14,471.750,475.500,466.500,467.750
2024-05-15,467.750,473.250,461.500,462.750
2024-05-16,462.250,465.250,456.000,457.000
2024-05-17,457.000,460.500,451.000,452.750
2024-05-20,452.750,463.500,452.250,460.000
2024-05-21,460.000,461.250,455.000,458.000
2024-05-22,458.500,463.250,458.000,461.000
2024-05-23,461.250,467.250,458.500,464.500
2024-05-24,464.500,466.750,460.750,464.750
2024-05-28,464.750,471.000,460.000,463.000
2024-05-29,462.500,463.000,454.250,455.500
2024-05-30,455.250,457.000,447.500,448.500
2024-05-31,449.000,453.750,445.500,445.750
2024-06-03,446.000,449.000,439.000,442.750
2024-06-04,442.500,448.250,440.000,442.000
2024-06-05,442.500,444.250,438.250,439.000
2024-06-06,439.250,453.250,438.750,453.250
2024-06-07,453.250,454.250,444.250,448.750
2024-06-10,448.750,452.750,447.750,451.000
2024-06-11,450.750,456.250,449.000,449.250
2024-06-12,449.000,455.000,448.500,453.000
2024-06-13,453.500,460.500,453.500,458.000
2024-06-14,458.000,459.500,448.000,448.500
2024-06-17,448.000,450.000,443.250,443.750
2024-06-18,444.250,452.000,443.750,448.000
2024-06-20,448.250,449.500,439.250,439.750
2024-06-21,440.000,442.500,434.250,435.000
2024-06-24,453.000,455.000,443.000,451.250
2024-06-25,451.250,453.000,441.000,441.500
2024-06-26,431.500,436.000,424.250,424.500
2024-06-27,425.500,427.500,422.250,422.500
2024-06-28,434.000,441.000,412.000,421.250
2024-07-01,420.750,423.250,414.750,421.250
2024-07-02,421.750,426.500,419.500,421.000
2024-07-03,421.000,423.000,417.500,419.000
2024-07-05,419.000,425.750,419.500,424.250
2024-07-08,424.000,423.750,405.750,407.250
2024-07-09,408.250,412.750,406.250,408.000
2024-07-10,408.250,409.250,404.000,407.250
2024-07-11,407.000,413.250,406.250,411.000
2024-07-12,411.000,416.500,403.000,416.000
2024-07-15,416.000,416.000,403.250,403.250
2024-07-16,403.250,411.000,403.250,409.000
2024-07-17,408.750,413.250,408.250,412.250
2024-07-18,412.000,413.000,404.250,405.250
2024-07-19,405.000,410.750,404.000,405.250
2024-07-22,405.250,415.500,405.250,414.750
2024-07-23,413.750,422.500,411.750,417.000
2024-07-24,416.500,423.750,414.500,417.500
2024-07-25,417.250,423.500,416.250,421.000
2024-07-26,421.000,421.750,409.250,409.750
2024-07-29,410.250,413.000,405.500,412.500
2024-07-30,412.000,412.750,404.000,404.250
2024-07-31,404.500,406.500,397.750,399.750
2024-08-01,399.750,400.750,395.000,399.500
2024-08-02,399.250,404.750,398.500,403.500
2024-08-05,403.500,407.750,396.000,407.250
2024-08-06,407.250,409.000,402.000,404.000
2024-08-07,404.250,404.750,399.000,401.250
2024-08-08,401.000,403.750,396.250,396.500
2024-08-09,396.750,399.000,393.500,395.000
2024-08-12,395.000,403.000,390.250,401.750
2024-08-13,401.750,403.000,395.250,397.000
2024-08-14,397.000,401.750,395.500,401.000
2024-08-15,400.750,403.750,396.250,396.750
2024-08-16,396.000,397.500,390.000,392.000
2024-08-19,392.000,400.750,391.750,400.500
2024-08-20,400.000,401.000,397.750,398.250
2024-08-21,397.750,400.500,396.500,398.500
2024-08-22,398.500,399.000,393.000,393.000
2024-08-23,393.250,396.250,390.750,391.000
2024-08-26,391.000,391.000,385.000,386.000
2024-08-27,385.750,394.500,385.000,392.500
2024-08-28,392.250,394.000,388.750,390.500
2024-08-29,390.000,396.250,389.250,395.500
2024-08-30,395.000,401.750,394.500,401.250
2024-09-03,401.250,410.000,398.500,408.750
2024-09-04,408.750,413.500,407.500,413.000
2024-09-05,412.750,413.250,406.750,410.500
2024-09-06,410.000,416.000,405.500,406.000
2024-09-09,405.500,408.000,403.250,407.250
2024-09-10,407.000,407.500,403.250,404.000
2024-09-11,404.000,407.500,401.250,405.000
2024-09-12,404.750,409.750,397.000,406.500
2024-09-13,406.250,414.000,406.250,413.250
2024-09-16,413.000,413.000,408.500,410.250
2024-09-17,410.250,413.000,408.500,412.000
2024-09-18,412.000,415.000,411.000,412.250
2024-09-19,412.250,413.000,405.250,405.750
2024-09-20,406.000,407.250,401.500,401.500
2024-09-23,401.500,414.250,401.250,413.000
2024-09-24,413.000,418.250,410.000,411.750
2024-09-25,411.750,415.500,408.500,414.750
2024-09-26,414.750,419.250,412.500,413.000
2024-09-27,413.000,419.750,410.750,417.500
2024-09-30,417.250,427.750,415.500,424.250
2024-10-01,423.500,432.500,421.750,428.500
2024-10-02,428.500,434.250,428.500,431.500
2024-10-03,431.500,433.250,427.500,427.750
2024-10-04,427.500,427.500,423.000,425.000
2024-10-07,424.000,427.000,421.250,426.250
2024-10-08,426.000,428.000,419.250,420.500
2024-10-09,420.500,423.500,420.000,421.250
2024-10-10,421.000,424.000,418.000,418.000
2024-10-11,418.500,422.750,415.250,416.250
2024-10-14,416.000,415.250,407.500,407.750
2024-10-15,408.000,408.000,400.500,401.500
2024-10-16,401.250,406.750,401.000,404.500
2024-10-17,404.500,407.500,399.000,406.750
2024-10-18,406.750,409.500,403.750,404.000
2024-10-21,404.000,411.750,403.000,409.250
2024-10-22,409.000,417.000,408.250,416.500
2024-10-23,416.000,420.000,414.000,419.000
2024-10-24,418.750,424.000,418.250,421.250
2024-10-25,420.500,421.000,414.500,415.500
2024-10-28,415.500,414.750,410.000,410.250
2024-10-29,410.000,414.750,410.000,413.750
2024-10-30,413.250,414.250,411.000,411.250
2024-10-31,411.500,412.750,409.250,411.000
2024-11-01,411.000,415.750,410.500,414.500
2024-11-04,414.000,420.000,413.000,416.000
2024-11-05,416.250,419.750,415.250,418.250
2024-11-06,418.000,426.750,414.250,426.250
2024-11-07,425.750,428.500,422.250,428.000
2024-11-08,427.500,434.750,426.750,431.250
2024-11-11,430.000,432.000,426.500,429.500
2024-11-12,429.750,433.500,426.750,429.000
2024-11-13,440.250,441.750,435.250,437.250
2024-11-14,437.000,439.250,430.000,430.500
2024-11-15,430.000,436.750,429.000,435.000
2024-11-18,434.750,440.000,433.000,439.250
2024-11-19,439.000,441.750,437.000,437.500
2024-11-20,437.250,441.750,435.000,439.750
2024-11-21,439.750,442.250,435.750,436.500
2024-11-22,436.250,439.000,434.500,435.500
2024-11-25,434.750,435.750,431.750,433.250
2024-11-26,432.500,434.000,425.500,427.750
2024-11-27,427.750,431.000,427.500,427.750
2024-11-29,427.750,433.750,427.250,433.000
2024-12-02,433.000,435.000,429.750,433.000
2024-12-03,433.000,436.000,431.000,432.250
2024-12-04,432.000,433.500,429.500,429.750
2024-12-05,429.500,436.000,428.250,435.750
2024-12-06,435.000,440.500,434.500,439.750
2024-12-09,439.750,442.000,437.500,441.000
2024-12-10,441.000,450.000,440.750,448.500
2024-12-11,448.000,451.250,447.750,448.000
2024-12-12,447.750,448.000,442.500,443.750
2024-12-13,443.500,444.250,440.000,442.250
2024-12-16,441.250,445.750,441.250,445.000
2024-12-17,445.000,446.750,441.250,443.500
2024-12-18,443.750,446.500,437.000,437.500
2024-12-19,437.000,441.000,435.750,440.500
2024-12-20,439.750,447.500,439.500,446.000
2024-12-23,446.000,448.250,445.250,447.500
2024-12-24,447.250,448.750,446.750,448.500
2024-12-26,448.500,454.250,448.500,453.500
2024-12-27,453.250,455.000,452.250,453.500
2024-12-30,453.500,458.500,449.750,452.750
2024-12-31,452.250,459.000,452.000,458.500
2025-01-02,457.250,459.750,456.250,459.500
2025-01-03,459.500,459.750,449.250,451.000
2025-01-06,451.000,460.250,451.500,456.750
2025-01-07,456.000,458.500,453.000,457.500
2025-01-08,457.750,459.250,453.500,453.750
2025-01-09,454.000,457.250,453.500,456.500
2025-01-10,456.500,472.500,455.750,470.750
2025-01-13,470.750,477.000,469.250,475.750
2025-01-14,475.500,479.750,473.500,474.500
2025-01-15,474.250,479.500,474.000,478.750
2025-01-16,478.750,479.000,473.250,474.250
2025-01-17,474.000,485.000,474.000,484.500
2025-01-21,484.250,490.500,482.500,489.500
2025-01-22,489.500,492.250,482.500,484.000
2025-01-23,484.250,494.500,480.500,489.250
2025-01-24,487.000,489.500,483.500,485.750
2025-01-27,485.750,484.750,477.750,482.250
2025-01-28,482.250,489.250,481.000,485.000
2025-01-29,485.000,497.500,485.000,496.000
2025-01-30,496.250,497.000,490.000,490.000
2025-01-31,488.250,488.750,479.250,482.750
2025-02-03,482.500,491.000,472.500,488.250
2025-02-04,488.000,497.250,487.250,494.000
2025-02-05,494.000,498.500,489.750,493.000
2025-02-06,493.250,496.500,486.000,495.500
2025-02-07,495.500,496.500,485.500,487.500
2025-02-10,498.250,505.250,495.250,504.250
2025-02-11,504.500,510.000,497.250,497.250
2025-02-12,497.750,505.500,495.250,504.250
2025-02-13,503.250,506.500,499.500,505.750
2025-02-14,505.250,512.000,505.000,509.000
2025-02-18,508.250,517.750,505.500,515.500
2025-02-19,515.500,518.750,511.000,512.000
2025-02-20,512.000,518.000,511.750,511.750
2025-02-21,512.250,513.750,504.250,504.500
2025-02-24,504.500,505.250,495.250,496.750
2025-02-25,496.750,498.500,488.500,494.750
2025-02-26,494.750,500.000,492.250,494.000
2025-02-27,493.500,496.250,480.000,480.750
2025-02-28,481.250,483.750,469.000,469.250
2025-03-03,469.250,472.750,454.500,456.250
2025-03-04,456.250,459.250,442.500,452.250
2025-03-05,452.250,460.500,448.500,456.000
2025-03-06,456.000,473.500,452.750,463.500
2025-03-07,463.500,471.000,460.750,469.000
2025-03-10,469.000,474.750,466.500,472.000
2025-03-11,472.000,477.500,469.000,469.000
2025-03-12,469.000,472.000,456.250,461.500
2025-03-13,461.500,470.000,459.500,464.000
2025-03-14,464.000,463.500,456.500,458.500
2025-03-17,460.000,465.500,457.250,460.250
2025-03-18,460.250,462.500,455.250,457.750
2025-03-19,458.250,463.000,455.750,461.750
2025-03-20,462.000,470.250,462.000,467.500
2025-03-21,467.250,469.750,461.250,463.250
2025-03-24,465.000,466.250,459.500,464.250
2025-03-25,464.250,464.750,457.000,458.250
2025-03-26,458.250,461.000,450.750,451.250
2025-03-27,451.750,452.750,447.250,450.000
2025-03-28,450.250,454.000,442.000,452.750
2025-03-31,453.000,459.250,444.000,457.750
2025-04-01,457.750,465.000,454.000,459.750
2025-04-02,459.750,460.750,454.000,457.250
2025-04-03,457.250,462.250,447.500,458.250
2025-04-04,457.750,462.500,449.250,460.500
2025-04-07,460.500,473.750,461.250,470.750
2025-04-08,470.750,476.250,469.250,474.500
2025-04-09,474.000,481.250,472.250,480.250
2025-04-10,480.250,490.000,479.750,488.000
2025-04-11,488.000,497.250,487.250,496.250
2025-04-14,496.250,497.500,492.000,492.000
2025-04-15,492.000,496.000,487.000,489.000
2025-04-16,489.000,495.000,487.000,491.000
2025-04-17,491.000,494.000,489.000,490.250
2025-04-21,491.250,495.000,489.500,490.250
2025-04-22,490.000,491.750,482.500,482.500
2025-04-23,482.500,484.750,477.250,479.250
2025-04-24,479.250,485.250,479.000,483.250
2025-04-25,483.250,487.500,483.250,483.750
2025-04-28,483.750,485.750,476.250,482.750
2025-04-29,482.750,485.250,469.750,470.750
2025-04-30,470.750,478.500,468.500,475.000
2025-05-01,475.000,480.000,470.000,471.500
2025-05-02,472.250,477.000,468.250,468.500
2025-05-05,469.000,470.750,453.250,454.250
2025-05-06,454.250,457.250,452.500,455.750
2025-05-07,457.000,463.500,448.500,449.500
2025-05-08,449.500,452.000,442.250,448.500
2025-05-09,448.500,455.000,447.000,449.500
2025-05-12,453.000,458.750,445.750,447.000
2025-05-13,447.000,448.000,436.500,442.500
2025-05-14,443.000,447.750,438.500,444.750
2025-05-15,444.750,450.500,443.500,448.250
2025-05-16,448.250,451.500,442.750,443.000
2025-05-19,443.000,449.750,443.000,447.000
2025-05-20,447.000,455.500,444.750,454.500
2025-05-21,454.500,462.000,453.500,460.000
2025-05-22,460.000,464.750,456.500,462.750
2025-05-23,462.750,464.500,455.000,459.000
2025-05-27,459.000,463.000,456.000,458.000
2025-05-28,458.000,463.000,450.000,450.750
2025-05-29,450.750,453.000,443.500,446.750
2025-05-30,446.750,449.500,443.000,443.500
2025-06-02,443.500,451.000,437.750,438.000
2025-06-03,438.250,442.500,434.250,438.000
2025-06-04,438.000,446.000,437.500,438.000
2025-06-05,438.000,442.750,433.250,438.000
2025-06-06,438.000,445.000,435.000,441.750
2025-06-09,441.750,445.750,432.750,433.000
2025-06-10,433.000,439.500,429.250,439.000
2025-06-11,439.000,443.750,438.500,439.500
2025-06-12,439.500,443.250,437.750,440.500
2025-06-13,440.500,444.000,438.250,443.250
2025-06-16,443.250,444.750,433.750,435.250
2025-06-17,435.250,440.500,435.750,438.750
2025-06-18,438.750,445.750,438.750,443.750
2025-06-20,443.750,447.000,441.000,441.750
2025-06-23,441.750,444.250,433.000,434.000
2025-06-24,434.000,434.500,428.500,428.750
2025-06-25,428.750,430.500,421.000,422.500
2025-06-26,422.500,426.000,419.250,421.000
2025-06-27,421.000,428.000,421.250,426.500
2025-06-30,426.500,429.500,422.250,425.500
2025-07-01,424.000,425.000,416.500,421.500
2025-07-02,421.500,434.000,417.500,433.250
2025-07-03,433.250,442.250,432.750,437.250
2025-07-07,437.250,429.750,419.750,421.000
2025-07-08,420.750,420.750,413.250,414.750
2025-07-09,414.750,416.500,411.750,415.750
2025-07-10,415.750,417.000,412.500,416.000
2025-07-11,416.000,418.000,411.500,412.250
2025-07-14,412.250,418.750,407.500,418.500
2025-07-15,418.500,424.000,413.000,419.000
2025-07-16,419.000,425.750,418.750,424.250
2025-07-17,424.250,425.750,419.500,420.750
2025-07-18,420.750,430.250,421.500,427.750
2025-07-21,425.000,427.750,420.000,422.250
2025-07-22,422.250,424.750,416.750,417.500
2025-07-23,417.500,420.250,415.750,417.500
2025-07-24,417.500,423.000,417.500,420.750
2025-07-25,420.750,422.000,417.750,418.750
2025-07-28,418.750,448.750,444.250,445.250
2025-07-29,445.250,454.750,450.500,451.250
2025-07-30,451.250,452.750,450.500,451.500
2025-07-31,451.000,452.250,448.000,450.250
2025-08-01,450.000,452.000,447.000,450.000
2025-08-04,450.000,450.500,447.250,447.500
2025-08-05,447.500,447.750,444.000,444.000
2025-08-06,444.000,444.500,440.750,444.000
2025-08-07,444.000,447.750,443.250,447.250
2025-08-08,447.250,449.500,446.000,447.000
2025-08-11,447.000,450.500,445.250,449.500
2025-08-12,449.500,450.000,441.250,444.000
2025-08-13,444.000,446.000,442.000,444.500
2025-08-14,444.500,446.000,441.750,445.000
2025-08-15,445.000,450.750,443.500,450.500
2025-08-18,450.500,452.000,447.000,450.500
2025-08-19,450.000,450.000,447.250,448.750
2025-08-20,448.750,451.500,448.000,450.250
2025-08-21,450.250,456.000,449.750,454.500
2025-08-22,454.500,455.500,453.500,454.000
2025-08-25,454.000,457.250,453.750,455.250
2025-08-26,455.250,456.000,452.250,452.750
2025-08-27,452.750,453.000,449.750,450.500
2025-08-28,450.500,454.250,449.250,454.000
2025-08-29,454.000,460.250,453.250,459.250
2025-09-02,459.250,462.250,456.500,461.750
2025-09-03,461.750,462.750,457.750,458.500
2025-09-04,458.500,459.500,455.250,459.250
2025-09-05,459.250,462.250,457.750,458.000
2025-09-08,458.000,460.250,456.000,459.750
2025-09-09,458.000,460.750,458.250,459.250
2025-09-10,459.250,459.500,457.750,458.000
2025-09-11,458.000,461.500,457.750,460.750
2025-09-12,460.750,469.000,458.750,467.500
2025-09-15,467.500,468.500,464.750,466.000
2025-09-16,466.000,470.000,465.500,468.750
2025-09-17,468.750,469.750,466.000,466.000
2025-09-18,466.000,466.500,462.500,463.000
2025-09-19,463.000,465.500,460.500,461.750
2025-09-22,461.750,462.750,457.000,459.750
2025-09-23,459.750,463.000,457.000,462.250
2025-09-24,462.250,463.500,461.000,461.000
2025-09-25,461.000,464.250,460.750,461.250
2025-09-26,461.250,461.750,459.000,459.250
2025-09-29,458.750,461.000,458.250,460.500
2025-09-30,460.500,460.750,457.500,459.000
2025-10-01,459.000,464.000,456.500,462.250
2025-10-02,462.250,466.000,460.750,464.250
2025-10-03,464.250,465.500,461.500,462.000
2025-10-06,462.000,462.250,459.250,461.000
2025-10-07,461.000,461.250,457.750,457.750
2025-10-08,457.750,460.250,457.250,458.500
2025-10-09,458.500,458.750,455.750,456.750
2025-10-10,456.750,458.000,452.750,453.250
2025-10-13,453.250,454.000,452.000,452.000
2025-10-14,452.250,453.000,451.000,452.250
2025-10-15,452.250,455.750,451.250,454.250
2025-10-16,454.250,458.500,453.750,457.500
2025-10-17,457.500,460.000,456.750,457.500
2025-10-20,457.500,459.250,456.500,458.500
2025-10-21,458.000,459.250,455.000,455.750
2025-10-22,455.750,457.500,454.750,457.250
2025-10-23,457.250,461.000,456.000,460.250
2025-10-24,460.250,460.750,459.000,459.250
2025-10-27,459.250,467.000,460.000,465.000
2025-10-28,465.000,469.250,464.500,465.500
2025-10-29,465.500,466.500,463.750,465.250
2025-10-30,465.250,466.750,460.750,463.250
2025-10-31,463.000,464.250,461.250,463.000
2025-11-03,463.000,468.000,462.000,467.500
2025-11-04,467.750,467.750,463.500,465.250
2025-11-05,465.250,469.000,464.000,468.000
2025-11-06,467.750,468.750,463.750,463.750
2025-11-07,463.750,465.000,463.000,463.000
2025-11-10,463.000,467.750,463.000,467.000
2025-11-11,467.000,470.000,466.750,469.750
2025-11-12,469.750,470.000,468.500,468.250
2025-11-13,468.250,473.500,467.000,473.250
2025-11-14,473.250,473.250,466.250,467.000
2025-11-17,467.000,472.000,465.750,469.750
2025-11-18,469.750,472.000,468.000,468.250
2025-11-19,468.750,468.750,462.500,462.750
2025-11-20,462.750,464.000,459.500,460.500
2025-11-21,460.500,461.250,458.250,460.500
2025-11-24,460.500,461.500,458.500,460.000
2025-11-25,460.000,462.250,459.750,461.250
2025-11-26,461.250,466.750,460.500,466.000
2025-11-28,465.250,469.000,464.250,468.000
2025-12-01,468.000,469.000,465.750,466.750
2025-12-02,466.750,470.500,465.000,469.250
2025-12-03,469.250,469.750,463.000,463.000
2025-12-04,463.000,465.500,461.750,464.250
2025-12-05,464.250,466.500,463.500,464.000
2025-12-08,464.000,465.250,462.750,463.500
2025-12-09,463.500,466.500,462.500,466.000
2025-12-10,466.000,466.750,462.750,463.250
2025-12-11,463.250,465.500,462.750,464.500
2025-12-12,464.500,464.750,461.250,461.500
2025-12-15,461.500,462.750,459.000,460.750
2025-12-16,460.750,461.000,457.750,458.500
2025-12-17,458.500,461.250,458.750,460.750
2025-12-18,460.750,463.500,460.500,461.750
2025-12-19,461.750,463.000,461.000,461.000
2025-12-22,461.000,464.750,461.250,463.500
2025-12-23,463.500,465.250,463.500,464.250
2025-12-24,464.250,467.750,464.000,466.750
2025-12-26,467.750,468.500,467.250,467.500
2025-12-29,467.500,468.250,462.500,462.750
2025-12-30,462.750,463.000,460.500,460.750
2025-12-31,460.750,461.750,459.500,460.250
2026-01-02,460.250,460.750,457.000,457.500
2026-01-05,457.500,464.000,457.000,463.000
2026-01-06,462.750,464.750,461.250,461.250
2026-01-07,461.250,464.250,461.750,463.750
2026-01-08,463.750,465.750,463.250,464.000
2026-01-09,464.000,465.500,463.250,463.500
2026-01-12,463.500,466.250,449.000,450.250
2026-01-13,450.250,450.750,445.250,445.250
2026-01-14,445.250,449.250,445.250,447.250
2026-01-15,447.250,449.750,446.500,446.500
2026-01-16,446.500,450.500,446.250,449.750
2026-01-20,449.750,451.750,448.500,450.500
2026-01-21,450.500,453.250,449.500,450.000
2026-01-22,450.000,452.000,449.000,451.500
2026-01-23,451.500,456.500,451.000,455.500
2026-01-26,455.500,456.250,453.750,455.250
2026-01-27,455.250,456.250,453.750,454.000
2026-01-28,454.000,459.000,454.000,457.500
2026-01-29,457.500,460.500,456.750,458.750
2026-01-30,458.750,459.250,454.000,456.500
2026-02-02,456.500,456.500,453.250,454.500
2026-02-03,454.500,457.250,454.500,457.000
2026-02-04,457.000,460.500,454.500,456.750
2026-02-05,456.750,461.250,454.500,461.000
2026-02-06,461.000,462.500,457.000,458.000
2026-02-09,458.000,457.500,455.500,457.000
2026-02-10,457.000,458.750,456.250,458.250
2026-02-11,458.250,461.000,456.750,460.000
2026-02-12,460.000,464.000,459.250,463.500
2026-02-13,463.000,464.250,462.000,463.750
2026-02-17,463.750,463.500,459.000,459.750
2026-02-18,459.750,461.750,459.000,460.250
2026-02-19,460.000,462.000,459.250,461.500
2026-02-20,460.750,465.000,460.500,464.500
2026-02-23,464.500,467.500,462.000,464.250
2026-02-24,463.500,465.000,462.250,464.250
2026-02-25,463.750,467.000,463.250,466.750
2026-02-26,466.250,469.000,465.000,467.000
2026-02-27,467.000,470.000,466.000,468.750
2026-03-02,468.750,472.000,467.250,469.000
2026-03-03,469.250,474.250,469.000,471.000
2026-03-04,470.500,472.250,467.000,469.750
2026-03-05,468.750,478.250,468.500,477.750
2026-03-06,477.750,484.750,476.250,484.250
2026-03-09,484.250,488.250,479.000,479.250
2026-03-10,477.000,483.000,474.500,482.250
2026-03-11,481.500,486.750,481.250,486.250
2026-03-12,486.500,489.500,485.750,486.250
2026-03-13,486.250,488.250,484.000,487.750
2026-03-16,487.750,488.250,479.000,480.250
2026-03-17,480.250,483.750,476.250,480.500
2026-03-18,481.500,487.250,480.000,485.750
2026-03-19,485.750,490.000,485.250,489.500
2026-03-20,489.500,490.250,487.000,489.500
2026-03-23,489.500,492.000,482.750,487.250
2026-03-24,488.000,489.500,486.750,487.750
2026-03-25,487.750,492.250,486.250,492.250
2026-03-26,491.000,493.750,490.000,492.750
2026-03-27,492.250,495.000,492.000,492.250
2026-03-30,492.000,494.500,487.750,487.500
2026-03-31,487.500,493.250,485.000,490.750
2026-04-01,490.750,491.250,483.250,489.250
2026-04-02,489.250,492.750,488.000,489.500
2026-04-06,489.500,492.750,487.250,491.750
2026-04-07,491.750,493.750,490.500,491.250
2026-04-08,490.000,490.000,485.500,487.500
2026-04-09,487.250,489.750,484.250,484.500
2026-04-10,485.250,485.750,481.750,483.250
2026-04-13,487.250,488.000,482.000,482.500
2026-04-14,482.500,485.500,481.750,482.500
2026-04-15,482.500,488.750,482.750,488.000
2026-04-16,488.000,490.000,486.250,486.250
2026-04-17,486.250,488.750,483.250,488.000
2026-04-20,488.000,491.000,487.000,488.750
2026-04-21,488.750,492.750,488.750,491.250
2026-04-22,491.000,493.500,490.250,491.000
2026-04-23,491.000,495.500,490.750,494.000
2026-04-24,494.250,495.750,493.750,494.250
2026-04-27,494.500,498.000,494.000,497.750
2026-04-28,497.750,500.750,497.000,500.000
2026-04-29,500.000,503.000,499.000,500.750
2026-04-30,500.750,502.000,499.000,499.750
2026-05-01,499.250,506.000,499.000,503.500
2026-05-04,503.500,510.500,502.000,509.750
2026-05-05,509.750,510.250,504.750,506.500
2026-05-06,505.750,506.500,497.500,499.750
2026-05-07,500.000,501.500,495.500,500.250
2026-05-08,500.500,506.750,500.000,505.250
2026-05-11,505.250,509.750,504.750,508.000
2026-05-12,508.500,513.000,504.750,511.250
2026-05-13,511.250,513.750,510.000,511.000
2026-05-14,510.000,512.750,499.500,501.500
2026-05-15,501.500,505.500,493.500,494.250
2026-05-18,494.250,506.250,498.000,502.750
2026-05-19,502.750,504.250,499.750,502.250
2026-05-20,502.250,503.500,494.500,497.500
2026-05-21,497.500,499.000,493.250,495.250
2026-05-22,495.250,499.250,494.000,497.000
2026-05-26,493.500,496.750,491.750,493.750
2026-05-27,493.750,495.250,490.000,490.000
2026-05-28,490.000,496.750,490.000,494.500
2026-05-29,495.250,497.000,490.000,491.000
2026-06-01,491.000,493.000,486.250,491.750
2026-06-02,491.750,492.000,487.500,488.750
2026-06-03,488.750,492.500,486.000,486.000
2026-06-04,486.250,487.000,477.000,479.750
2026-06-05,480.000,480.000,474.750,477.500
2026-06-08,479.500,480.250,474.000,476.000
2026-06-09,477.000,479.000,474.500,476.250
2026-06-10,476.250,479.500,474.750,475.000
2026-06-11,475.000,476.000,465.250,465.750
2026-06-12,466.500,470.500,463.750,467.750
2026-06-15,467.000,471.250,463.500,470.000
2026-06-16,470.000,475.500,469.000,473.000
2026-06-17,473.000,478.750,471.750,477.750
2026-06-18,477.250,478.750,471.250,471.750
2026-06-22,471.750,473.750,467.500,467.500
2026-06-23,467.500,470.500,466.000,468.000
2026-06-24,468.000,470.250,467.500,467.500
2026-06-25,467.500,474.250,466.000,472.750
2026-06-26,472.750,476.250,471.500,472.750
2026-06-29,472.750,473.750,463.250,464.000
2026-06-30,464.000,473.250,461.500,469.250
2026-07-01,469.250,475.500,469.000,473.750
2026-07-02,473.000,476.250,471.000,470.750
2026-07-06,470.750,482.250,472.750,480.000
2026-07-07,479.500,487.000,478.250,484.500
2026-07-08,484.500,486.500,480.000,480.000
2026-07-09,480.000,481.500,477.250,478.500
2026-07-10,478.500,485.000,475.750,482.000
2026-07-13,485.750,488.250,482.250,483.750
2026-07-14,483.750,484.500,480.750,482.750
2026-07-15,482.750,491.000,482.250,489.750
2026-07-16,489.750,493.750,486.500,487.000
2026-07-17,486.250,490.500,483.750,490.250
2026-07-20,492.250,494.750,491.000,492.250
2026-07-21,492.250,496.500,491.250,495.250
2026-07-22,495.250,499.250,494.250,498.250
2026-07-23,498.000,500.750,497.250,497.250
2026-07-24,497.000,499.000,491.000,495.500
2026-07-27,492.250,494.250,485.250,488.500
2026-07-28,488.750,493.500,487.000,489.500
2026-07-29,489.500,491.000,486.250,486.250
2026-07-30,485.750,492.500,484.750,487.750
2026-07-31,487.750,489.000,483.750,484.750
2026-08-03,484.750,493.250,481.750,492.250
2026-08-04,493.000,493.750,488.250,489.250
2026-08-05,489.750,490.500,485.750,489.250
2026-08-06,488.750,491.000,486.500,489.250
2026-08-07,489.000,493.250,488.250,488.000
2026-08-10,489.250,491.750,488.000,489.750
2026-08-11,489.750,491.500,485.500,487.500
2026-08-12,487.750,498.250,487.750,497.500
2026-08-13,497.750,497.750,491.750,491.750
2026-08-14,491.750,498.500,491.000,497.500
2026-08-17,496.250,503.000,496.250,500.750
2026-08-18,500.750,503.750,500.250,501.750
2026-08-19,501.250,507.750,500.750,507.500
2026-08-20,506.250,509.500,506.250,506.250
2026-08-21,506.250,510.750,504.250,510.250
2026-08-24,510.250,517.250,509.750,512.500
2026-08-25,512.750,522.250,510.250,522.000
2026-08-26,521.500,534.000,521.000,532.500
2026-08-27,530.000,532.750,522.500,524.500
2026-08-28,524.500,531.000,523.750,526.250
2026-08-31,525.250,531.250,522.750,529.000
2026-09-01,529.000,538.000,527.000,535.750
2026-09-02,535.750,540.750,529.750,538.000
2026-09-03,538.000,539.250,528.250,537.250
2026-09-04,537.250,541.500,535.750,535.750
2026-09-08,535.750,541.000,532.250,533.500
2026-09-09,533.500,536.000,528.750,530.250
2026-09-10,529.000,536.500,528.500,535.000
2026-09-11,534.500,540.000,525.500,533.250
2026-09-14,533.250,536.500,529.250,534.750
2026-09-15,535.000,536.250,530.750,535.750
2026-09-16,535.750,537.500,529.750,533.750
2026-09-17,533.750,535.000,528.500,529.500
2026-09-18,529.500,530.750,524.750,525.500
2026-09-21,525.500,537.250,523.500,536.500
2026-09-22,536.250,537.000,530.750,531.250
2026-09-23,531.250,531.250,526.750,527.750
2026-09-24,527.000,529.750,525.500,526.250
