time,open,high,low,close
2016-09-26,951.000,960.250,943.750,946.750
2016-09-27,946.750,953.500,934.000,953.000
2016-09-28,951.500,955.750,944.500,945.500
2016-09-29,947.000,957.250,946.000,950.750
2016-09-30,949.000,958.500,943.000,953.500
2016-10-03,952.000,975.000,946.500,974.500
2016-10-04,970.750,972.000,960.250,962.750
2016-10-05,964.000,967.500,950.500,955.750
2016-10-06,956.500,959.750,947.250,959.500
2016-10-07,958.500,973.250,955.250,956.750
2016-10-10,956.000,964.250,950.000,953.750
2016-10-11,953.750,960.750,951.500,956.000
2016-10-12,953.250,971.250,943.250,946.000
2016-10-13,946.250,959.500,937.250,955.000
2016-10-14,954.750,974.250,952.000,962.750
2016-10-17,969.250,986.750,968.750,986.750
2016-10-18,985.500,994.750,980.250,980.750
2016-10-19,980.750,991.750,979.750,990.750
2016-10-20,989.500,998.750,982.500,985.250
2016-10-21,985.250,993.250,983.250,993.250
2016-10-24,991.750,1009.000,989.250,1001.250
2016-10-25,1000.750,1008.000,992.250,1001.250
2016-10-26,1001.250,1022.000,1000.250,1020.500
2016-10-27,1018.750,1031.000,1013.500,1024.000
2016-10-28,1023.750,1028.000,1010.000,1012.000
2016-10-31,1012.750,1018.000,1006.000,1013.000
2016-11-01,1010.750,1016.000,991.750,992.000
2016-11-02,991.750,995.750,983.000,986.750
2016-11-03,986.000,994.000,985.500,989.750
2016-11-04,989.750,994.750,984.000,991.250
2016-11-07,991.250,1001.750,990.000,999.000
2016-11-08,999.000,1020.750,997.000,1010.500
2016-11-09,1010.500,1017.500,984.250,992.500
2016-11-10,992.500,1019.000,989.000,1002.000
2016-11-11,1002.000,1018.000,977.000,987.750
2016-11-14,987.750,989.750,975.250,985.000
2016-11-15,985.000,992.750,978.750,991.750
2016-11-16,991.750,997.750,982.750,985.250
2016-11-17,985.250,993.750,981.000,990.500
2016-11-18,990.500,996.500,982.250,995.000
2016-11-21,995.000,1021.500,995.000,1021.250
2016-11-22,1021.250,1033.250,1015.250,1031.500
2016-11-23,1031.500,1035.750,1017.250,1035.000
2016-11-24,1035.000,1035.000,1035.000,1035.000
2016-11-25,1035.000,1046.750,1029.500,1044.750
2016-11-28,1044.750,1065.000,1042.500,1055.750
2016-11-29,1055.750,1058.750,1039.250,1043.500
2016-11-30,1043.500,1052.750,1031.250,1032.250
2016-12-01,1032.250,1040.000,1022.250,1032.250
2016-12-02,1032.250,1037.750,1026.500,1028.500
2016-12-05,1028.500,1049.750,1027.750,1043.250
2016-12-06,1043.250,1061.750,1039.000,1047.500
2016-12-07,1047.500,1053.000,1039.750,1049.750
2016-12-08,1049.000,1049.000,1023.500,1025.500
2016-12-09,1025.500,1039.500,1021.500,1039.000
2016-12-12,1039.000,1047.500,1026.500,1031.500
2016-12-13,1031.500,1038.750,1025.250,1027.500
2016-12-14,1027.500,1029.250,1020.750,1024.750
2016-12-15,1024.750,1038.500,1018.500,1030.250
2016-12-16,1040.500,1048.000,1033.000,1046.750
2016-12-19,1046.750,1049.000,1030.500,1033.250
2016-12-20,1033.250,1034.750,1014.250,1016.250
2016-12-21,1016.250,1022.500,1015.250,1018.750
2016-12-22,1017.500,1019.000,1003.000,1004.500
2016-12-23,1004.000,1006.750,997.000,999.000
2016-12-26,999.000,999.000,999.000,999.000
2016-12-27,999.000,1024.750,998.000,1023.750
2016-12-28,1023.750,1028.250,1011.250,1016.500
2016-12-29,1016.250,1024.250,1011.500,1012.000
2016-12-30,1012.000,1018.500,1002.500,1005.000
2017-01-02,1005.000,1005.000,1005.000,1005.000
2017-01-03,1005.000,1011.750,994.500,996.250
2017-01-04,996.250,1015.750,992.750,1014.250
2017-01-05,1014.250,1016.000,1007.500,1012.250
2017-01-06,1012.250,1014.750,993.500,995.250
2017-01-09,995.250,1006.000,993.500,1004.750
2017-01-10,1004.750,1015.000,997.250,1013.000
2017-01-11,1013.000,1016.500,1001.000,1010.000
2017-01-12,1010.000,1041.250,1006.000,1039.500
2017-01-13,1039.500,1052.750,1032.500,1044.250
2017-01-16,1044.250,1044.250,1044.250,1044.250
2017-01-17,1044.250,1075.500,1044.250,1067.500
2017-01-18,1067.500,1080.000,1062.500,1074.250
2017-01-19,1074.250,1077.250,1066.750,1070.000
2017-01-20,1070.000,1071.250,1060.000,1067.750
2017-01-23,1067.750,1069.750,1055.250,1060.000
2017-01-24,1060.000,1068.000,1051.250,1058.750
2017-01-25,1058.750,1060.000,1050.000,1056.250
2017-01-26,1056.250,1058.500,1045.500,1048.500
2017-01-27,1048.500,1052.000,1043.250,1049.250
2017-01-30,1049.250,1049.250,1019.250,1022.500
2017-01-31,1022.500,1026.500,1020.500,1024.250
2017-02-01,1024.250,1037.500,1017.000,1037.250
2017-02-02,1037.250,1041.750,1031.250,1035.500
2017-02-03,1035.500,1044.250,1026.250,1026.500
2017-02-06,1026.500,1042.500,1026.250,1037.500
2017-02-07,1037.500,1043.250,1032.000,1041.500
2017-02-08,1041.500,1059.750,1040.000,1058.500
2017-02-09,1058.500,1061.500,1045.000,1049.750
2017-02-10,1050.000,1063.500,1047.500,1058.000
2017-02-13,1058.000,1061.750,1050.500,1055.500
2017-02-14,1055.500,1056.000,1042.500,1045.500
2017-02-15,1045.500,1061.500,1040.250,1061.250
2017-02-16,1071.750,1073.250,1053.500,1054.750
2017-02-17,1054.750,1057.250,1042.000,1046.000
2017-02-20,1046.000,1046.000,1046.000,1046.000
2017-02-21,1046.000,1054.750,1036.750,1037.500
2017-02-22,1037.500,1042.500,1033.000,1033.250
2017-02-23,1033.250,1037.500,1021.000,1025.000
2017-02-24,1025.000,1027.250,1020.000,1025.000
2017-02-27,1025.000,1029.250,1017.000,1024.500
2017-02-28,1024.500,1056.250,1023.250,1037.250
2017-03-01,1037.250,1052.250,1035.000,1052.000
2017-03-02,1052.000,1052.000,1032.000,1037.250
2017-03-03,1037.000,1041.000,1028.750,1037.000
2017-03-06,1037.000,1048.500,1035.750,1038.000
2017-03-07,1038.000,1041.750,1022.250,1025.750
2017-03-08,1025.750,1027.750,1018.500,1021.250
2017-03-09,1021.250,1022.750,1006.250,1011.000
2017-03-10,1011.000,1012.750,1003.000,1007.250
2017-03-13,1006.250,1010.250,1003.500,1006.250
2017-03-14,1006.750,1008.000,992.000,999.000
2017-03-15,998.250,1007.750,995.250,997.250
2017-03-16,999.750,1006.500,995.750,1001.500
2017-03-17,1001.750,1004.500,994.250,1000.250
2017-03-20,1003.250,1008.750,998.250,998.250
2017-03-21,1000.000,1008.000,995.000,1000.750
2017-03-22,1000.750,1003.250,994.000,998.500
2017-03-23,999.250,1002.000,990.250,990.250
2017-03-24,990.500,991.000,972.250,975.500
2017-03-27,976.750,978.500,968.250,971.000
2017-03-28,971.500,976.500,970.000,970.500
2017-03-29,971.000,976.000,967.250,969.500
2017-03-30,969.500,970.000,961.000,962.000
2017-03-31,962.000,966.500,944.250,944.750
2017-04-03,946.500,949.250,937.250,939.500
2017-04-04,939.500,942.750,936.500,938.750
2017-04-05,937.750,948.500,937.250,944.000
2017-04-06,944.000,946.500,938.500,938.500
2017-04-07,939.000,945.500,937.500,941.750
2017-04-10,944.000,949.000,939.250,941.750
2017-04-11,941.750,945.000,929.750,942.250
2017-04-12,942.750,951.500,941.250,948.500
2017-04-13,946.750,959.500,946.750,957.250
2017-04-14,957.250,957.250,957.250,957.250
2017-04-17,968.250,972.500,962.000,962.500
2017-04-18,962.750,965.500,950.000,957.000
2017-04-19,957.250,964.500,952.750,961.000
2017-04-20,960.250,966.250,956.000,956.250
2017-04-21,955.500,962.500,954.500,960.750
2017-04-24,962.250,972.500,962.000,970.250
2017-04-25,969.500,971.250,964.500,965.750
2017-04-26,965.500,968.500,955.250,956.000
2017-04-27,956.250,961.250,954.250,956.500
2017-04-28,957.000,958.500,952.500,955.500
2017-05-01,959.500,974.750,958.500,969.750
2017-05-02,969.250,978.500,965.250,969.250
2017-05-03,969.250,975.000,966.500,973.000
2017-05-04,976.500,980.000,969.500,975.250
2017-05-05,973.750,983.000,967.750,973.750
2017-05-08,971.000,974.750,963.250,964.000
2017-05-09,965.000,977.250,963.500,973.500
2017-05-10,974.000,989.000,966.750,969.750
2017-05-11,971.500,975.750,963.000,965.500
2017-05-12,965.250,967.750,960.500,963.500
2017-05-15,962.750,973.000,962.000,965.750
2017-05-16,965.250,977.250,964.000,975.750
2017-05-17,975.250,980.500,973.500,975.750
2017-05-18,972.250,972.500,942.750,944.500
2017-05-19,945.250,956.250,944.500,953.250
2017-05-22,954.000,961.000,954.000,957.750
2017-05-23,956.500,959.250,947.000,949.500
2017-05-24,949.000,952.000,943.000,947.750
2017-05-25,947.500,952.250,938.250,938.500
2017-05-26,939.750,941.000,925.250,926.000
2017-05-29,926.000,926.000,926.000,926.000
2017-05-30,927.500,928.500,910.500,912.000
2017-05-31,915.000,920.500,909.500,916.000
2017-06-01,916.500,920.750,911.500,913.500
2017-06-02,913.000,924.000,910.750,923.500
2017-06-05,925.500,926.500,917.750,921.000
2017-06-06,920.750,934.250,920.000,924.500
2017-06-07,924.500,934.500,924.500,930.250
2017-06-08,931.250,944.750,930.750,937.500
2017-06-09,937.250,944.000,932.750,941.750
2017-06-12,941.750,943.250,930.250,932.000
2017-06-13,933.750,941.500,931.750,933.250
2017-06-14,932.500,939.000,931.000,931.750
2017-06-15,931.000,938.500,925.500,936.250
2017-06-16,939.250,946.000,936.000,944.500
2017-06-19,940.750,951.750,938.250,941.750
2017-06-20,941.500,944.750,929.750,933.250
2017-06-21,933.000,936.000,921.250,924.000
2017-06-22,924.000,924.500,907.000,910.250
2017-06-23,906.500,909.000,900.250,905.500
2017-06-26,904.250,912.250,903.750,906.250
2017-06-27,909.000,918.000,909.000,911.000
2017-06-28,911.500,917.500,911.250,913.250
2017-06-29,914.500,927.750,914.250,915.250
2017-06-30,915.000,945.500,912.250,940.250
2017-07-03,957.000,980.750,956.000,969.750
2017-07-04,969.750,969.750,969.750,969.750
2017-07-05,969.750,986.500,969.250,982.750
2017-07-06,984.000,987.500,973.500,985.000
2017-07-07,985.000,1003.500,983.000,997.750
2017-07-10,1013.000,1029.500,1011.250,1025.500
2017-07-11,1027.000,1032.500,1008.000,1028.000
2017-07-12,1026.500,1031.000,1010.500,1022.250
2017-07-13,1013.250,1015.500,974.500,976.000
2017-07-14,974.750,992.000,972.250,990.000
2017-07-17,989.000,995.000,981.750,985.500
2017-07-18,998.000,1004.250,985.750,989.750
2017-07-19,991.000,1004.750,984.500,999.250
2017-07-20,999.250,1017.250,995.000,1015.000
2017-07-21,1011.000,1013.250,1001.750,1008.500
2017-07-24,999.000,1000.500,985.750,996.750
2017-07-25,1012.500,1022.750,981.000,981.000
2017-07-26,980.500,991.000,973.250,990.000
2017-07-27,991.250,1000.750,987.500,993.000
2017-07-28,993.250,1007.500,989.750,999.750
2017-07-31,990.750,996.500,982.500,993.250
2017-08-01,988.500,992.750,962.250,963.000
2017-08-02,964.500,973.750,963.250,969.000
2017-08-03,969.000,969.500,949.000,955.000
2017-08-04,953.750,959.500,949.750,952.250
2017-08-07,957.750,966.500,955.000,962.000
2017-08-08,965.750,973.750,963.750,965.750
2017-08-09,967.250,971.250,960.250,965.750
2017-08-10,966.500,981.000,932.000,937.500
2017-08-11,935.250,939.500,930.250,939.500
2017-08-14,931.250,934.000,925.000,932.750
2017-08-15,932.500,934.250,920.250,922.750
2017-08-16,921.000,925.250,917.250,923.000
2017-08-17,924.000,931.750,922.000,931.000
2017-08-18,930.000,939.000,928.000,937.500
2017-08-21,935.750,936.000,930.250,932.500
2017-08-22,931.750,938.500,927.750,933.750
2017-08-23,941.750,943.250,929.000,935.000
2017-08-24,934.250,942.750,932.250,941.250
2017-08-25,940.000,941.750,937.250,939.750
2017-08-28,936.250,944.000,932.500,935.500
2017-08-29,934.500,937.250,929.500,929.500
2017-08-30,929.500,933.750,921.750,922.250
2017-08-31,922.250,939.750,922.250,936.250
2017-09-01,945.250,952.000,943.000,950.250
2017-09-04,950.250,950.250,950.250,950.250
2017-09-05,954.750,973.500,952.250,968.750
2017-09-06,967.500,976.750,964.750,971.250
2017-09-07,970.500,977.500,965.750,969.000
2017-09-08,967.750,976.750,961.500,961.500
2017-09-11,964.000,968.500,956.750,961.250
2017-09-12,961.000,965.500,937.500,946.750
2017-09-13,949.500,963.250,946.750,961.750
2017-09-14,960.750,978.250,960.250,976.500
2017-09-15,975.500,977.750,967.250,968.500
2017-09-18,967.000,976.500,966.250,968.000
2017-09-19,968.500,971.750,958.500,966.750
2017-09-20,966.750,974.000,964.750,970.500
2017-09-21,969.750,973.000,963.000,970.750
2017-09-22,969.750,987.000,969.000,985.250
2017-09-25,983.250,985.750,971.000,971.250
2017-09-26,971.250,974.250,962.500,963.500
2017-09-27,963.500,968.500,958.000,965.250
2017-09-28,965.000,966.000,957.500,960.750
2017-09-29,959.500,976.000,955.250,967.750
2017-10-02,967.250,968.000,956.250,956.750
2017-10-03,956.250,961.250,952.500,956.000
2017-10-04,955.250,961.750,952.750,958.250
2017-10-05,958.250,971.000,957.750,968.750
2017-10-06,968.000,973.750,963.500,973.000
2017-10-09,974.750,977.000,965.250,967.250
2017-10-10,966.500,975.750,964.250,966.750
2017-10-11,965.500,967.500,963.500,966.000
2017-10-12,965.000,997.750,959.000,993.000
2017-10-13,991.000,1003.250,990.250,999.500
2017-10-16,998.250,999.000,990.250,991.250
2017-10-17,989.250,990.500,982.500,985.500
2017-10-18,984.500,988.500,981.750,983.500
2017-10-19,983.250,989.000,983.000,986.250
2017-10-20,985.000,994.250,978.000,978.250
2017-10-23,977.250,982.750,975.000,980.000
2017-10-24,979.750,983.000,972.750,976.750
2017-10-25,975.500,983.250,975.250,975.250
2017-10-26,975.750,978.750,970.250,971.250
2017-10-27,970.500,976.500,969.750,975.750
2017-10-30,975.000,981.500,971.250,972.250
2017-10-31,972.500,977.500,971.000,974.500
2017-11-01,984.500,995.000,983.750,990.750
2017-11-02,990.250,1000.500,990.000,998.750
2017-11-03,998.750,999.000,985.750,986.250
2017-11-06,986.250,995.750,985.000,994.000
2017-11-07,994.250,998.750,991.250,996.250
2017-11-08,996.250,999.500,994.750,998.250
2017-11-09,998.250,1008.250,983.500,985.000
2017-11-10,985.000,991.000,983.750,987.000
2017-11-13,987.000,990.250,973.750,975.250
2017-11-14,975.250,977.500,967.000,968.750
2017-11-15,968.750,978.000,968.000,976.250
2017-11-16,976.250,978.250,970.250,972.750
2017-11-17,972.750,992.000,971.500,992.000
2017-11-20,990.000,992.000,983.000,990.250
2017-11-21,990.250,991.250,986.250,988.500
2017-11-22,988.500,999.500,987.500,997.000
2017-11-23,997.000,997.000,997.000,997.000
2017-11-24,997.000,999.750,991.000,992.500
2017-11-27,992.500,1001.500,990.500,996.500
2017-11-28,996.500,996.500,987.500,993.750
2017-11-29,993.750,996.500,989.250,993.000
2017-11-30,993.000,993.000,985.000,986.000
2017-12-01,986.000,995.750,985.500,994.000
2017-12-04,994.000,1008.500,994.000,998.500
2017-12-05,998.500,1015.000,997.500,1008.500
2017-12-06,1008.000,1014.250,995.000,1003.250
2017-12-07,1003.250,1006.500,988.250,992.000
2017-12-08,992.000,996.500,986.000,990.750
2017-12-11,990.750,990.750,981.500,982.500
2017-12-12,982.500,986.250,975.000,976.250
2017-12-13,976.250,981.500,976.000,979.250
2017-12-14,979.250,981.000,966.500,967.250
2017-12-15,967.250,972.250,964.000,968.500
2017-12-18,968.500,970.500,957.250,962.750
2017-12-19,962.750,964.000,955.000,955.250
2017-12-20,955.250,960.000,952.750,953.000
2017-12-21,953.000,956.750,947.500,947.750
2017-12-22,947.750,952.000,946.500,950.250
2017-12-25,950.250,950.250,950.250,950.250
2017-12-26,950.250,963.000,950.250,958.000
2017-12-27,958.000,964.750,953.500,954.500
2017-12-28,954.500,955.750,943.250,945.500
2017-12-29,945.500,953.250,944.250,952.750
2018-01-01,952.750,952.750,952.750,952.750
2018-01-02,962.500,970.000,958.750,965.500
2018-01-03,965.500,970.000,963.500,969.000
2018-01-04,969.000,969.000,959.250,967.250
2018-01-05,967.250,977.000,967.250,969.750
2018-01-08,969.750,971.500,960.500,967.000
2018-01-09,967.000,968.500,961.000,963.250
2018-01-10,963.250,963.500,951.750,954.500
2018-01-11,954.500,957.500,949.000,949.000
2018-01-12,949.000,962.750,944.500,962.500
2018-01-15,962.500,962.500,962.500,962.500
2018-01-16,962.500,970.000,962.500,966.750
2018-01-17,966.750,969.250,961.250,969.250
2018-01-18,968.750,974.750,966.500,972.500
2018-01-19,972.500,982.750,972.000,975.000
2018-01-22,975.000,987.250,975.000,983.250
2018-01-23,983.250,988.750,979.500,985.750
2018-01-24,985.750,994.750,980.250,990.250
2018-01-25,990.250,1002.000,987.000,991.250
2018-01-26,991.250,995.500,983.750,986.000
2018-01-29,986.000,998.750,986.000,991.250
2018-01-30,991.250,1004.750,988.250,999.500
2018-01-31,999.500,1002.000,989.000,996.750
2018-02-01,996.750,996.750,977.500,984.750
2018-02-02,984.750,986.250,977.000,978.500
2018-02-05,978.500,978.500,969.500,970.250
2018-02-06,970.250,987.500,967.750,987.000
2018-02-07,987.000,993.750,982.000,984.000
2018-02-08,984.000,996.000,977.750,987.500
2018-02-09,987.500,989.750,979.750,983.750
2018-02-12,983.750,1004.250,983.750,1001.250
2018-02-13,1001.250,1013.500,998.750,1010.750
2018-02-14,1010.750,1019.500,1006.000,1017.000
2018-02-15,1017.000,1024.750,1015.500,1024.000
2018-02-16,1024.000,1028.250,1012.000,1021.250
2018-02-19,1021.250,1021.250,1021.250,1021.250
2018-02-20,1021.250,1039.000,1021.250,1025.750
2018-02-21,1025.750,1038.250,1019.250,1034.000
2018-02-22,1034.000,1037.000,1027.250,1031.500
2018-02-23,1031.500,1039.500,1028.000,1037.000
2018-02-26,1037.000,1047.750,1034.000,1034.250
2018-02-27,1034.250,1044.250,1031.750,1037.500
2018-02-28,1037.500,1048.000,1035.000,1045.250
2018-03-01,1055.000,1068.750,1050.750,1067.500
2018-03-02,1067.750,1082.500,1063.750,1070.000
2018-03-05,1070.000,1079.250,1066.500,1076.750
2018-03-06,1076.750,1077.750,1070.250,1074.750
2018-03-07,1074.750,1077.250,1063.000,1063.500
2018-03-08,1063.500,1069.250,1056.500,1062.000
2018-03-09,1062.000,1065.000,1036.500,1036.750
2018-03-12,1036.000,1045.000,1032.000,1041.750
2018-03-13,1042.000,1052.000,1041.250,1048.500
2018-03-14,1048.500,1054.000,1031.000,1031.000
2018-03-15,1030.750,1046.250,1027.000,1041.000
2018-03-16,1042.000,1050.000,1040.750,1047.750
2018-03-19,1044.500,1045.500,1021.750,1023.000
2018-03-20,1022.750,1029.750,1022.250,1027.750
2018-03-21,1029.500,1037.250,1024.750,1029.750
2018-03-22,1031.750,1035.500,1022.250,1029.000
2018-03-23,1026.500,1034.250,1009.250,1027.750
2018-03-26,1026.500,1040.250,1025.000,1026.750
2018-03-27,1027.250,1031.250,1017.250,1019.500
2018-03-28,1018.500,1023.250,1015.000,1017.750
2018-03-29,1019.750,1050.750,1012.500,1044.500
2018-03-30,1042.000,1050.750,1012.500,1044.500
2018-04-02,1045.750,1060.500,1035.250,1037.000
2018-04-03,1035.750,1048.750,1035.750,1038.000
2018-04-04,1038.750,1041.750,983.500,1016.750
2018-04-05,1016.000,1034.000,1011.750,1030.500
2018-04-06,1005.000,1037.250,1004.750,1034.750
2018-04-09,1037.750,1056.750,1037.500,1047.500
2018-04-10,1046.000,1064.000,1045.000,1049.750
2018-04-11,1050.750,1058.750,1047.250,1047.750
2018-04-12,1047.500,1061.750,1047.250,1061.000
2018-04-13,1060.250,1067.250,1051.500,1052.500
2018-04-16,1055.000,1058.750,1041.500,1042.750
2018-04-17,1042.750,1049.250,1040.000,1046.000
2018-04-18,1046.000,1052.500,1039.000,1041.250
2018-04-19,1041.500,1044.750,1032.750,1037.000
2018-04-20,1037.250,1038.500,1027.750,1029.500
2018-04-23,1026.750,1033.250,1017.250,1020.000
2018-04-24,1020.750,1026.250,1016.250,1021.250
2018-04-25,1022.750,1033.250,1020.500,1026.250
2018-04-26,1028.250,1034.500,1024.000,1027.250
2018-04-27,1028.000,1046.750,1019.000,1045.500
2018-04-30,1046.750,1046.750,1036.750,1038.500
2018-05-01,1049.000,1055.500,1041.000,1051.250
2018-05-02,1053.750,1054.750,1039.250,1042.500
2018-05-03,1043.250,1055.500,1034.000,1053.250
2018-05-04,1052.000,1052.500,1036.250,1036.500
2018-05-07,1034.500,1040.000,1010.750,1013.500
2018-05-08,1013.750,1023.500,1011.250,1020.250
2018-05-09,1022.000,1024.250,1011.250,1016.250
2018-05-10,1018.500,1033.750,1014.250,1019.500
2018-05-11,1021.500,1022.500,1002.000,1002.000
2018-05-14,1002.500,1026.000,1002.000,1017.750
2018-05-15,1017.250,1025.250,1005.250,1016.250
2018-05-16,1017.500,1018.500,998.750,999.250
2018-05-17,1001.000,1007.500,992.500,992.500
2018-05-18,997.500,1007.750,992.750,997.750
2018-05-21,1017.000,1027.000,1011.500,1022.500
2018-05-22,1022.000,1036.000,1020.250,1030.000
2018-05-23,1029.750,1039.750,1027.750,1038.750
2018-05-24,1039.500,1050.750,1035.500,1036.750
2018-05-25,1035.500,1044.000,1035.500,1042.000
2018-05-28,1042.000,1042.000,1042.000,1042.000
2018-05-29,1045.750,1049.500,1028.000,1033.250
2018-05-30,1030.250,1031.750,1014.750,1021.000
2018-05-31,1024.500,1030.750,1013.500,1019.500
2018-06-01,1020.250,1026.500,1015.000,1024.250
2018-06-04,1013.250,1014.500,1001.250,1003.000
2018-06-05,1002.250,1006.750,997.250,1001.500
2018-06-06,1004.750,1008.250,993.750,994.750
2018-06-07,995.500,998.250,973.000,973.750
2018-06-08,974.250,976.250,962.500,969.250
2018-06-11,967.500,972.250,953.250,953.500
2018-06-12,956.500,963.250,952.000,954.000
2018-06-13,955.500,958.500,934.250,936.250
2018-06-14,934.750,937.750,924.000,926.250
2018-06-15,926.250,929.750,903.000,904.250
2018-06-18,905.500,914.000,897.250,905.750
2018-06-19,904.750,905.750,841.500,889.250
2018-06-20,892.750,896.000,877.000,889.750
2018-06-21,890.250,891.250,878.250,879.500
2018-06-22,880.250,897.500,880.000,896.500
2018-06-25,896.500,899.000,871.750,874.000
2018-06-26,874.500,881.000,862.500,867.000
2018-06-27,867.000,878.000,866.000,866.750
2018-06-28,866.250,869.500,859.500,862.000
2018-06-29,868.750,881.750,862.500,862.750
2018-07-02,864.750,868.000,850.500,853.250
2018-07-03,856.000,857.500,846.750,848.250
2018-07-04,848.250,848.250,848.250,848.250
2018-07-05,848.250,850.750,837.750,838.250
2018-07-06,838.750,880.750,837.000,877.500
2018-07-09,876.500,879.750,850.500,856.000
2018-07-10,855.500,865.000,846.750,856.000
2018-07-11,847.500,850.500,831.750,833.250
2018-07-12,836.000,841.250,822.250,834.250
2018-07-13,834.500,838.000,811.750,819.000
2018-07-16,818.250,838.000,810.500,830.750
2018-07-17,834.750,843.500,830.000,840.000
2018-07-18,839.500,847.500,834.750,842.000
2018-07-19,843.000,846.750,836.750,846.500
2018-07-20,846.500,853.250,841.250,850.250
2018-07-23,854.000,854.750,847.250,848.000
2018-07-24,845.500,862.750,842.500,858.750
2018-07-25,859.250,863.000,852.000,861.250
2018-07-26,870.250,881.000,858.250,859.000
2018-07-27,858.750,874.000,858.750,870.250
2018-07-30,879.250,881.250,871.250,876.000
2018-07-31,875.750,906.000,873.250,902.750
2018-08-01,903.000,904.250,889.250,891.000
2018-08-02,887.750,893.000,875.750,888.000
2018-08-03,888.250,893.000,873.250,892.500
2018-08-06,889.250,892.500,877.000,882.500
2018-08-07,887.000,897.500,885.750,894.250
2018-08-08,892.750,903.000,888.000,899.500
2018-08-09,899.250,903.500,891.250,893.000
2018-08-10,893.000,893.000,849.500,850.000
2018-08-13,846.250,859.250,839.750,858.000
2018-08-14,855.000,869.250,853.250,868.750
2018-08-15,867.750,872.500,856.500,858.250
2018-08-16,859.500,888.250,854.500,885.250
2018-08-17,885.250,887.500,871.000,886.500
2018-08-20,891.500,896.000,880.500,882.500
2018-08-21,876.500,883.250,873.500,873.500
2018-08-22,873.500,873.750,857.250,858.500
2018-08-23,856.750,861.750,842.000,842.250
2018-08-24,841.750,848.500,840.750,841.250
2018-08-27,838.250,840.000,824.750,835.500
2018-08-28,834.000,836.500,820.250,820.750
2018-08-29,821.000,830.750,820.000,824.750
2018-08-30,823.250,831.500,817.000,818.500
2018-08-31,829.500,846.750,828.750,845.500
2018-09-03,845.500,845.500,845.500,845.500
2018-09-04,845.500,851.500,836.750,843.750
2018-09-05,844.750,849.250,837.250,839.000
2018-09-06,838.750,842.750,834.750,838.000
2018-09-07,838.750,847.000,835.250,845.000
2018-09-10,841.750,851.250,840.500,846.500
2018-09-11,845.750,849.500,830.750,831.250
2018-09-12,831.250,845.000,821.250,840.250
2018-09-13,838.500,846.250,832.000,835.750
2018-09-14,834.000,838.000,829.500,830.500
2018-09-17,827.500,829.750,821.500,825.000
2018-09-18,821.000,825.250,812.250,814.250
2018-09-19,814.000,831.750,813.250,830.500
2018-09-20,829.750,855.000,825.250,846.500
2018-09-21,846.500,849.750,841.250,849.750
2018-09-24,844.750,845.250,838.250,840.500
2018-09-25,841.500,858.000,837.250,846.750
2018-09-26,846.500,854.000,846.000,849.500
2018-09-27,847.250,859.000,846.500,854.500
2018-09-28,854.500,859.250,842.000,844.250
2018-10-01,845.500,864.000,843.000,855.250
2018-10-02,856.500,867.250,853.000,867.000
2018-10-03,866.500,870.250,860.500,861.750
2018-10-04,860.500,868.500,858.500,860.250
2018-10-05,859.750,870.250,851.500,869.250
2018-10-08,873.000,874.750,862.500,870.000
2018-10-09,869.500,872.500,859.250,861.750
2018-10-10,862.250,864.750,847.250,853.250
2018-10-11,851.500,864.000,847.000,858.750
2018-10-12,859.500,868.000,858.500,867.500
2018-10-15,867.000,892.000,863.500,891.500
2018-10-16,891.000,891.000,879.250,883.750
2018-10-17,883.000,889.750,882.000,884.000
2018-10-18,882.500,883.750,862.750,863.750
2018-10-19,865.500,866.250,856.250,856.250
2018-10-22,855.500,863.000,855.500,858.500
2018-10-23,857.000,862.750,851.000,857.000
2018-10-24,856.000,856.750,850.000,851.250
2018-10-25,850.500,851.000,840.000,843.500
2018-10-26,841.250,849.250,841.000,844.750
2018-10-29,845.500,852.500,837.250,840.500
2018-10-30,839.250,842.000,832.250,833.000
2018-10-31,832.750,842.250,831.750,839.000
2018-11-01,850.000,888.500,845.750,880.250
2018-11-02,880.750,900.750,878.750,886.750
2018-11-05,886.750,893.000,881.750,885.500
2018-11-06,885.500,889.000,878.250,884.500
2018-11-07,884.500,888.500,876.750,879.500
2018-11-08,879.250,884.000,864.000,879.000
2018-11-09,877.750,888.750,874.000,886.000
2018-11-12,886.000,887.250,879.500,881.500
2018-11-13,882.250,890.750,877.250,878.250
2018-11-14,878.250,887.250,878.250,883.000
2018-11-15,883.000,897.500,883.000,889.000
2018-11-16,889.000,894.750,881.750,892.500
2018-11-19,892.500,892.500,871.250,874.000
2018-11-20,874.000,885.750,870.500,881.250
2018-11-21,881.250,889.000,876.000,884.500
2018-11-22,884.500,884.500,884.500,884.500
2018-11-23,884.500,884.500,880.000,880.750
2018-11-26,880.750,883.000,857.000,862.500
2018-11-27,862.500,880.000,858.250,877.000
2018-11-28,877.000,895.000,874.000,890.750
2018-11-29,890.750,894.500,882.500,888.751
2018-11-30,888.750,896.500,886.000,893.248
2018-12-03,893.250,923.750,893.250,904.751
2018-12-04,904.750,913.000,899.500,910.501
2018-12-05,910.500,916.750,908.500,913.251
2018-12-06,913.250,913.250,897.000,909.751
2018-12-07,909.750,918.000,907.500,916.000
2018-12-10,916.000,916.500,908.500,909.001
2018-12-11,909.000,917.250,906.000,914.751
2018-12-12,914.750,928.000,914.750,919.001
2018-12-13,919.000,920.000,905.250,907.251
2018-12-14,907.250,910.000,900.000,900.000
2018-12-17,900.000,909.250,900.000,905.001
2018-12-18,905.000,912.250,902.750,906.751
2018-12-19,907.000,909.750,899.250,900.501
2018-12-20,900.000,905.500,892.750,895.501
2018-12-21,895.500,895.500,883.250,883.248
2018-12-24,883.250,886.500,879.500,884.251
2018-12-25,884.251,884.250,884.250,884.251
2018-12-26,884.250,888.750,869.500,870.501
2018-12-27,870.500,876.000,867.000,870.001
2018-12-28,870.000,886.250,870.000,882.753
2018-12-31,882.750,889.000,879.250,882.001
2019-01-01,894.001,894.000,894.000,894.001
2019-01-02,894.000,910.500,893.000,906.751
2019-01-03,906.750,913.500,904.250,910.501
2019-01-04,910.500,922.500,910.000,922.254
2019-01-07,922.250,927.750,920.750,923.501
2019-01-08,923.500,925.750,914.500,918.501
2019-01-09,918.500,926.500,917.500,924.501
2019-01-10,924.500,924.500,905.750,907.251
2019-01-11,907.250,912.250,906.750,910.505
2019-01-14,910.000,911.000,901.500,904.501
2019-01-15,904.500,908.000,892.500,894.751
2019-01-16,894.750,900.000,891.250,895.251
2019-01-17,895.250,912.000,894.250,907.501
2019-01-18,907.500,920.250,905.750,915.000
2019-01-21,915.001,915.000,915.000,915.001
2019-01-22,915.000,919.500,899.500,909.751
2019-01-23,909.750,918.250,909.750,915.751
2019-01-24,915.000,919.500,909.250,916.251
2019-01-25,916.250,926.250,913.000,923.502
2019-01-28,923.500,925.000,915.750,923.251
2019-01-29,923.250,923.250,916.750,919.501
2019-01-30,919.500,924.000,917.250,920.001
2019-01-31,920.000,926.750,913.250,915.751
2019-02-01,915.750,931.250,915.750,917.502
2019-02-04,917.500,923.750,915.500,919.001
2019-02-05,919.000,921.000,913.500,920.251
2019-02-06,920.000,922.500,917.500,921.251
2019-02-07,921.250,921.500,910.500,913.001
2019-02-08,912.750,918.000,908.000,916.501
2019-02-11,916.500,918.750,903.500,905.751
2019-02-12,905.750,919.750,905.500,917.501
2019-02-13,917.500,920.000,913.750,917.501
2019-02-14,917.500,918.250,903.000,905.751
2019-02-15,905.750,909.750,901.250,907.749
2019-02-18,907.751,907.750,907.750,907.751
2019-02-19,907.750,911.250,894.750,901.501
2019-02-20,901.500,905.000,893.250,902.751
2019-02-21,902.750,916.750,900.000,910.751
2019-02-22,910.750,914.750,907.500,910.252
2019-02-25,910.250,921.000,910.250,910.751
2019-02-26,910.750,910.750,899.000,904.001
2019-02-27,904.000,910.000,900.750,903.001
2019-02-28,903.000,905.250,897.000,897.251
2019-03-01,910.000,918.000,900.500,910.499
2019-03-04,910.500,924.750,910.500,916.251
2019-03-05,916.250,918.500,909.000,913.751
2019-03-06,913.750,916.250,901.000,902.001
2019-03-07,902.000,907.500,898.250,901.501
2019-03-08,901.500,904.500,892.250,895.000
2019-03-11,897.750,899.000,889.500,890.001
2019-03-12,890.750,899.750,887.750,896.751
2019-03-13,896.250,903.250,892.250,901.501
2019-03-14,901.500,906.250,895.500,899.001
2019-03-15,899.250,911.000,898.250,909.246
2019-03-18,909.750,911.500,901.750,905.501
2019-03-19,905.500,909.500,900.250,903.501
2019-03-20,902.750,906.500,899.250,905.251
2019-03-21,905.500,912.000,903.500,910.501
2019-03-22,910.000,912.000,903.000,904.248
2019-03-25,904.000,908.250,901.500,906.501
2019-03-26,905.750,907.500,899.500,900.751
2019-03-27,900.000,900.750,886.000,888.001
2019-03-28,888.000,891.750,886.500,889.251
2019-03-29,889.000,892.750,883.000,884.000
2019-04-01,883.750,899.000,883.750,896.501
2019-04-02,895.750,901.250,892.500,899.751
2019-04-03,899.500,903.000,894.750,899.001
2019-04-04,898.750,907.250,897.500,905.751
2019-04-05,904.250,904.750,896.250,898.751
2019-04-08,899.000,903.500,898.000,899.001
2019-04-09,898.500,902.250,894.750,898.751
2019-04-10,899.000,903.750,897.250,902.251
2019-04-11,901.250,904.000,893.500,895.751
2019-04-12,894.750,898.500,893.750,895.246
2019-04-15,895.000,902.000,894.750,898.501
2019-04-16,898.500,899.000,886.250,887.751
2019-04-17,887.750,890.500,878.500,878.501
2019-04-18,879.250,882.000,876.500,880.751
2019-04-19,880.751,880.750,880.750,880.751
2019-04-22,881.000,883.250,876.250,877.501
2019-04-23,877.000,878.750,860.750,862.001
2019-04-24,863.250,865.250,854.500,855.251
2019-04-25,855.000,862.750,853.500,858.001
2019-04-26,858.500,859.750,852.500,853.500
2019-04-29,855.250,859.500,847.250,848.251
2019-04-30,848.000,851.000,838.500,841.501
2019-05-01,853.500,857.750,844.250,851.751
2019-05-02,853.250,853.750,842.000,842.501
2019-05-03,844.000,848.000,840.500,841.000
2019-05-06,827.750,834.000,816.750,831.001
2019-05-07,829.250,836.250,827.000,831.001
2019-05-08,830.500,835.000,824.750,825.251
2019-05-09,826.250,826.500,806.500,811.001
2019-05-10,813.000,818.750,806.250,808.003
2019-05-13,805.250,807.000,791.000,803.501
2019-05-14,806.750,838.000,805.500,829.501
2019-05-15,832.250,848.250,827.000,835.251
2019-05-16,834.500,845.000,834.000,840.751
2019-05-17,840.250,841.750,820.500,820.747
2019-05-20,828.500,838.750,824.750,831.251
2019-05-21,842.000,846.500,819.000,821.251
2019-05-22,819.000,835.000,819.000,829.501
2019-05-23,828.250,834.000,817.000,820.751
2019-05-24,821.250,831.500,820.000,829.253
2019-05-27,829.250,829.250,829.250,829.251
2019-05-28,839.250,858.250,837.500,856.001
2019-05-29,866.750,892.750,863.500,870.001
2019-05-30,871.500,889.500,863.500,887.251
2019-05-31,888.250,890.750,876.500,878.500
2019-06-03,875.750,886.250,873.500,879.750
2019-06-04,891.250,893.250,883.750,890.250
2019-06-05,882.000,882.750,872.500,879.250
2019-06-06,869.250,872.250,857.750,868.500
2019-06-07,869.000,871.500,856.000,856.000
2019-06-10,853.500,865.000,848.250,864.750
2019-06-11,855.750,859.250,850.250,852.000
2019-06-12,857.500,883.000,853.250,881.250
2019-06-13,878.000,886.250,877.750,882.750
2019-06-14,887.500,894.250,885.250,891.750
2019-06-17,901.000,913.750,900.750,910.500
2019-06-18,918.750,921.500,902.750,912.001
2019-06-19,912.500,913.500,901.500,902.501
2019-06-20,900.500,917.500,896.500,914.251
2019-06-21,915.250,917.250,902.500,903.504
2019-06-24,900.500,911.250,899.500,909.001
2019-06-25,916.000,917.750,900.500,902.751
2019-06-26,902.000,902.000,893.250,893.751
2019-06-27,893.750,898.250,883.500,887.751
2019-06-28,888.000,906.000,887.250,900.500
2019-07-01,914.750,915.750,888.250,888.505
2019-07-02,909.250,913.250,905.000,905.000
2019-07-03,905.750,909.250,896.000,907.750
2019-07-05,908.000,908.250,893.000,893.500
2019-07-08,897.750,902.500,891.750,896.250
2019-07-09,892.000,904.750,890.250,903.500
2019-07-10,906.750,913.500,899.250,911.500
2019-07-11,911.500,917.750,905.500,916.500
2019-07-12,918.000,932.250,913.250,931.500
2019-07-15,924.250,936.500,918.500,919.750
2019-07-16,910.250,918.250,902.500,905.250
2019-07-17,912.500,912.500,899.500,900.000
2019-07-18,895.500,903.500,893.000,900.250
2019-07-19,908.250,924.000,897.250,919.000
2019-07-22,916.500,922.000,905.000,905.250
2019-07-23,903.500,910.250,898.750,903.000
2019-07-24,909.250,912.750,901.500,906.750
2019-07-25,910.750,913.500,898.000,899.250
2019-07-26,901.000,907.000,898.500,899.000
2019-07-29,905.000,909.000,899.250,903.750
2019-07-30,899.250,905.250,889.500,894.500
2019-07-31,892.000,900.000,880.000,880.000
2019-08-01,881.000,882.000,860.000,866.000
2019-08-02,868.750,872.250,862.750,870.000
2019-08-05,859.000,874.500,854.500,867.500
2019-08-06,871.000,872.750,864.750,866.000
2019-08-07,866.250,869.500,862.000,867.000
2019-08-08,872.000,884.750,865.000,884.000
2019-08-09,888.500,894.500,881.750,893.000
2019-08-12,883.750,893.000,876.000,878.500
2019-08-13,882.500,896.750,875.500,890.000
2019-08-14,882.750,893.500,877.250,878.250
2019-08-15,880.000,885.000,870.250,870.750
2019-08-16,875.500,880.750,870.750,879.000
2019-08-19,871.000,877.750,864.500,866.250
2019-08-20,873.500,874.750,865.750,868.500
2019-08-21,872.750,876.500,866.750,872.500
2019-08-22,876.500,882.000,867.750,868.250
2019-08-23,863.000,872.000,855.000,855.000
2019-08-26,866.250,870.500,855.000,865.250
2019-08-27,859.000,866.000,856.000,858.750
2019-08-28,860.250,867.750,852.500,865.000
2019-08-29,869.000,873.000,865.250,868.250
2019-08-30,872.250,877.750,867.000,868.000
2019-09-03,864.000,869.250,859.250,866.750
2019-09-04,872.000,879.500,864.250,874.250
2019-09-05,877.000,878.750,858.250,861.500
2019-09-06,865.000,866.500,856.000,857.250
2019-09-09,855.750,861.000,851.000,857.500
2019-09-10,863.250,874.750,857.250,872.000
2019-09-11,870.250,873.500,864.000,867.250
2019-09-12,875.000,896.000,869.000,894.750
2019-09-13,897.500,903.500,893.000,898.000
2019-09-16,895.000,904.750,894.250,898.750
2019-09-17,893.000,900.000,888.250,894.750
2019-09-18,891.000,897.000,886.750,889.500
2019-09-19,887.750,895.000,886.250,893.500
2019-09-20,889.000,893.500,880.750,882.250
2019-09-23,896.500,899.250,882.750,891.000
2019-09-24,896.500,899.000,890.500,893.250
2019-09-25,889.750,897.750,885.250,888.500
2019-09-26,893.500,895.500,886.750,888.000
2019-09-27,886.500,889.250,881.500,882.750
2019-09-30,890.000,906.750,883.750,904.250
2019-10-01,908.000,920.000,903.250,918.000
2019-10-02,917.250,918.750,911.750,912.750
2019-10-03,909.000,918.500,908.000,911.750
2019-10-04,913.750,921.250,909.500,915.500
2019-10-07,917.000,919.500,911.500,915.500
2019-10-08,910.750,923.750,910.500,919.000
2019-10-09,929.750,931.500,918.250,922.250
2019-10-10,926.000,934.000,918.750,922.250
2019-10-11,931.250,939.250,923.500,934.250
2019-10-14,932.500,945.500,930.500,939.500
2019-10-15,935.000,944.250,933.250,933.250
2019-10-16,934.500,938.750,927.500,928.500
2019-10-17,934.500,940.750,927.250,930.750
2019-10-18,932.000,938.500,930.500,933.750
2019-10-21,937.500,940.000,930.250,933.250
2019-10-22,943.000,945.250,931.000,934.000
2019-10-23,932.000,939.000,927.750,934.250
2019-10-24,935.000,939.000,932.750,933.750
2019-10-25,945.000,951.250,933.250,936.000
2019-10-28,937.500,940.250,934.250,936.250
2019-10-29,933.500,940.250,931.000,932.500
2019-10-30,934.750,937.000,930.250,930.750
2019-10-31,931.250,935.500,925.000,932.000
2019-11-01,935.000,938.750,930.250,936.250
2019-11-04,938.000,942.250,932.500,938.000
2019-11-05,937.000,941.000,932.000,934.250
2019-11-06,934.500,935.750,927.000,927.500
2019-11-07,932.000,938.500,926.500,936.250
2019-11-08,935.000,938.750,926.500,930.000
2019-11-11,925.000,929.000,916.000,917.000
2019-11-12,916.000,920.000,915.000,916.750
2019-11-13,916.250,921.500,913.500,915.250
2019-11-14,913.000,917.500,911.000,916.500
2019-11-15,918.000,923.500,915.250,918.000
2019-11-18,917.000,921.750,910.000,910.250
2019-11-19,913.250,917.000,910.000,911.250
2019-11-20,913.750,915.750,904.250,904.500
2019-11-21,908.250,909.250,900.250,900.250
2019-11-22,901.000,903.500,895.500,895.750
2019-11-25,897.750,902.500,892.000,892.250
2019-11-26,890.750,895.000,882.750,884.500
2019-11-27,885.500,887.500,881.250,882.000
2019-11-29,883.250,884.750,875.750,876.750
2019-12-02,881.500,883.000,867.500,872.250
2019-12-03,872.000,875.750,868.250,872.250
2019-12-04,877.000,880.000,871.500,877.750
2019-12-05,882.000,888.750,877.250,884.500
2019-12-06,892.000,894.000,884.500,888.750
2019-12-09,896.500,903.500,889.750,897.000
2019-12-10,900.750,902.250,896.250,900.250
2019-12-11,901.000,902.000,892.000,892.250
2019-12-12,890.250,901.750,888.250,897.750
2019-12-13,907.000,917.000,901.500,906.750
2019-12-16,916.500,922.750,912.500,920.750
2019-12-17,922.250,931.000,920.250,927.500
2019-12-18,924.000,930.000,923.000,927.250
2019-12-19,923.750,929.250,921.250,925.000
2019-12-20,925.000,930.000,924.000,927.750
2019-12-23,939.750,946.750,937.500,940.750
2019-12-24,941.000,945.750,937.250,944.750
2019-12-26,946.250,949.000,945.000,946.000
2019-12-27,947.500,950.500,938.500,942.000
2019-12-30,950.000,953.000,939.500,952.250
2019-12-31,952.000,956.250,947.250,955.250
2020-01-02,956.000,961.000,953.750,955.250
2020-01-03,950.000,957.000,937.500,941.000
2020-01-06,941.250,948.000,938.250,944.250
2020-01-07,943.250,947.500,937.750,943.750
2020-01-08,943.500,950.500,938.000,946.750
2020-01-09,950.000,954.500,939.250,942.500
2020-01-10,943.250,947.000,935.500,945.500
2020-01-13,940.250,949.500,938.000,941.000
2020-01-14,944.750,948.500,938.500,941.750
2020-01-15,940.000,943.250,928.250,929.250
2020-01-16,925.750,930.250,922.000,924.250
2020-01-17,923.250,933.500,920.000,928.750
2020-01-21,922.500,931.500,915.250,915.500
2020-01-22,919.000,922.000,913.250,914.000
2020-01-23,908.750,914.750,904.000,908.500
2020-01-24,907.000,909.250,900.750,901.500
2020-01-27,890.750,900.000,888.250,897.000
2020-01-28,894.750,898.000,888.500,895.250
2020-01-29,895.250,903.000,890.750,892.750
2020-01-30,886.000,893.750,875.500,876.000
2020-01-31,875.000,882.750,872.250,872.500
2020-02-03,872.250,878.750,868.750,875.500
2020-02-04,882.750,887.000,873.750,879.500
2020-02-05,886.000,888.000,878.000,879.750
2020-02-06,883.250,886.250,876.750,882.750
2020-02-07,881.250,884.750,876.250,882.500
2020-02-10,880.750,889.750,879.500,884.750
2020-02-11,883.750,889.000,878.000,885.000
2020-02-12,885.000,893.000,881.500,891.750
2020-02-13,892.000,899.750,888.500,895.750
2020-02-14,896.000,899.250,890.000,892.750
2020-02-18,891.250,898.500,889.250,891.500
2020-02-19,886.500,898.250,885.000,897.250
2020-02-20,896.500,898.000,891.250,892.500
2020-02-21,895.250,902.000,887.500,887.750
2020-02-24,886.500,896.750,879.250,883.250
2020-02-25,886.500,889.000,881.250,888.250
2020-02-26,889.250,899.000,885.000,891.000
2020-02-27,884.500,897.000,878.250,895.000
2020-02-28,888.250,895.500,879.750,892.750
2020-03-02,898.500,904.500,890.500,901.000
2020-03-03,902.500,908.000,899.500,904.000
2020-03-04,906.750,911.000,903.500,907.250
2020-03-05,902.000,912.500,894.750,896.750
2020-03-06,892.250,899.750,888.500,889.750
2020-03-09,874.000,883.500,867.000,871.000
2020-03-10,880.250,885.000,874.500,876.750
2020-03-11,877.500,883.750,872.000,873.250
2020-03-12,853.750,872.750,852.250,857.500
2020-03-13,870.500,872.000,845.250,847.000
2020-03-16,842.250,854.750,821.000,825.000
2020-03-17,825.500,832.500,822.000,825.000
2020-03-18,827.750,838.500,822.250,825.750
2020-03-19,840.000,855.750,825.000,843.750
2020-03-20,856.500,864.750,845.500,863.000
2020-03-23,876.000,885.250,858.250,883.000
2020-03-24,873.500,887.750,872.500,885.750
2020-03-25,888.000,897.000,880.500,882.500
2020-03-26,879.750,884.500,871.250,879.000
2020-03-27,882.750,888.750,875.250,883.500
2020-03-30,887.000,892.500,876.750,882.500
2020-03-31,877.250,887.500,875.750,885.500
2020-04-01,873.500,887.250,860.750,863.000
2020-04-02,858.750,870.000,857.000,859.250
2020-04-03,862.000,864.500,850.500,853.500
2020-04-06,849.500,859.000,848.500,855.250
2020-04-07,860.250,862.250,854.250,855.750
2020-04-08,857.750,860.500,851.750,854.250
2020-04-09,856.000,867.000,853.750,863.250
2020-04-13,862.250,870.000,850.500,854.000
2020-04-14,854.750,856.500,851.500,851.500
2020-04-15,854.500,862.500,848.750,850.750
2020-04-16,851.000,857.000,845.000,845.750
2020-04-17,849.000,851.750,841.500,841.500
2020-04-20,837.000,845.750,834.250,834.500
2020-04-21,825.500,843.250,818.500,841.000
2020-04-22,846.250,848.750,836.250,843.000
2020-04-23,852.250,856.750,841.750,847.250
2020-04-24,845.000,850.750,834.000,837.500
2020-04-27,838.500,846.250,835.250,836.250
2020-04-28,837.000,842.500,829.500,830.750
2020-04-29,831.750,840.750,830.000,837.250
2020-04-30,838.750,856.000,838.250,855.000
2020-05-01,854.500,855.750,847.000,848.250
2020-05-04,848.250,848.250,832.250,835.500
2020-05-05,837.500,841.000,833.750,838.500
2020-05-06,839.500,841.750,831.500,832.500
2020-05-07,832.000,848.500,832.000,843.500
2020-05-08,844.000,856.500,843.500,850.000
2020-05-11,854.000,861.250,848.500,854.000
2020-05-12,854.000,858.000,849.500,852.500
2020-05-13,850.250,854.000,836.500,838.750
2020-05-14,839.500,844.500,835.000,837.250
2020-05-15,838.000,843.000,836.500,837.250
2020-05-18,845.750,847.750,838.750,844.250
2020-05-19,846.000,848.500,839.250,842.750
2020-05-20,842.000,845.000,842.000,843.500
2020-05-21,846.750,848.500,833.750,835.250
2020-05-22,835.250,839.500,828.500,833.250
2020-05-26,832.500,849.000,832.250,847.000
2020-05-27,848.000,851.250,843.500,849.000
2020-05-28,848.500,852.250,838.750,846.250
2020-05-29,846.000,846.000,837.000,840.250
2020-06-01,843.500,849.000,834.000,840.750
2020-06-02,840.000,856.000,838.500,851.750
2020-06-03,851.750,858.000,851.250,857.750
2020-06-04,857.000,873.250,855.250,868.250
2020-06-05,868.000,873.500,865.250,868.000
2020-06-08,869.250,871.500,861.750,864.000
2020-06-09,864.000,866.500,856.500,863.500
2020-06-10,863.250,869.250,863.000,866.250
2020-06-11,865.000,869.500,861.000,866.000
2020-06-12,866.500,873.000,863.500,871.750
2020-06-15,870.500,871.750,864.250,869.750
2020-06-16,870.750,873.000,864.750,867.000
2020-06-17,866.500,875.750,860.000,871.250
2020-06-18,871.000,876.500,870.000,873.250
2020-06-19,873.000,880.500,871.500,875.750
2020-06-22,875.250,879.750,872.500,876.250
2020-06-23,879.250,880.250,865.000,874.000
2020-06-24,874.250,876.750,868.500,869.750
2020-06-25,870.000,870.500,860.000,867.000
2020-06-26,867.750,870.250,859.500,861.500
2020-06-29,860.000,865.000,856.750,861.250
2020-06-30,861.000,887.000,859.500,881.750
2020-07-01,882.000,902.000,881.000,899.250
2020-07-02,898.250,903.000,895.500,897.000
2020-07-06,903.000,912.500,902.500,906.000
2020-07-07,906.750,909.250,900.250,901.500
2020-07-08,902.000,902.250,895.000,896.750
2020-07-09,898.750,909.500,896.500,901.500
2020-07-10,901.500,904.750,887.500,889.500
2020-07-13,885.000,886.750,871.500,874.250
2020-07-14,876.250,882.750,873.750,878.250
2020-07-15,878.750,884.000,876.500,883.000
2020-07-16,883.500,893.500,883.000,890.500
2020-07-17,891.000,896.250,890.750,895.750
2020-07-20,896.750,902.000,893.750,900.000
2020-07-21,893.250,899.250,890.500,893.250
2020-07-22,891.000,898.000,888.250,895.500
2020-07-23,897.250,901.000,893.500,900.500
2020-07-24,900.500,903.750,894.750,899.000
2020-07-27,900.000,903.750,895.000,899.250
2020-07-28,888.250,896.500,883.000,887.500
2020-07-29,884.750,889.250,883.500,886.000
2020-07-30,885.000,890.000,880.750,888.750
2020-07-31,888.750,894.750,888.750,892.000
2020-08-03,898.000,899.750,891.250,895.000
2020-08-04,890.750,895.250,879.250,881.500
2020-08-05,882.750,884.750,876.250,878.250
2020-08-06,880.250,884.000,875.500,878.000
2020-08-07,878.000,879.500,866.750,869.000
2020-08-10,867.500,875.750,865.250,873.500
2020-08-11,872.250,877.000,870.250,873.750
2020-08-12,873.250,883.500,867.000,883.250
2020-08-13,883.000,902.500,883.000,898.750
2020-08-14,898.000,899.500,894.000,897.750
2020-08-17,901.250,917.500,901.250,914.500
2020-08-18,914.750,917.000,910.000,913.500
2020-08-19,912.500,919.500,910.000,913.250
2020-08-20,913.000,915.750,902.500,905.250
2020-08-21,906.750,910.750,903.250,903.500
2020-08-24,905.000,912.250,901.000,906.500
2020-08-25,911.500,920.750,911.000,920.000
2020-08-26,923.250,925.750,919.500,924.250
2020-08-27,935.000,948.750,923.750,940.750
2020-08-28,942.000,952.000,940.250,951.750
2020-08-31,955.500,966.750,952.250,952.500
2020-09-01,951.500,959.500,942.750,953.000
2020-09-02,949.000,963.000,946.000,962.500
2020-09-03,962.000,968.250,957.750,966.250
2020-09-04,968.250,969.500,960.500,968.750
2020-09-08,970.000,977.000,961.750,973.750
2020-09-09,972.000,981.750,968.500,979.000
2020-09-10,978.750,982.000,974.250,977.500
2020-09-11,977.000,998.000,975.000,997.000
2020-09-14,996.000,1008.750,996.000,998.500
2020-09-15,1001.000,1005.750,990.250,991.750
2020-09-16,991.000,1013.750,985.000,1011.250
2020-09-17,1007.000,1032.250,1005.000,1027.750
2020-09-18,1037.750,1046.750,1027.250,1042.750
2020-09-21,1041.000,1045.250,1020.500,1020.750
2020-09-22,1020.250,1037.000,1013.250,1019.500
2020-09-23,1020.500,1025.500,1011.000,1012.250
2020-09-24,1004.500,1014.750,997.250,998.750
2020-09-25,999.000,1008.000,995.250,1001.250
2020-09-28,1002.000,1007.500,991.500,995.000
2020-09-29,994.000,997.750,985.750,991.750
2020-09-30,990.000,1034.750,987.500,1021.500
2020-10-01,1023.250,1035.000,1021.750,1024.000
2020-10-02,1014.250,1028.000,1013.000,1019.750
2020-10-05,1019.750,1025.500,1016.000,1021.500
2020-10-06,1021.500,1053.750,1021.250,1043.000
2020-10-07,1041.250,1059.500,1037.250,1049.250
2020-10-08,1066.000,1069.000,1048.500,1050.750
2020-10-09,1056.750,1079.750,1047.000,1065.250
2020-10-12,1059.500,1073.500,1031.500,1034.000
2020-10-13,1036.000,1046.000,1032.500,1044.250
2020-10-14,1050.500,1059.750,1039.750,1057.000
2020-10-15,1044.000,1064.250,1037.250,1061.500
2020-10-16,1068.500,1070.750,1048.750,1050.500
2020-10-19,1053.000,1058.250,1047.750,1054.250
2020-10-20,1061.250,1065.750,1051.250,1065.000
2020-10-21,1072.750,1077.000,1064.250,1071.750
2020-10-22,1072.750,1085.250,1063.500,1071.000
2020-10-23,1071.250,1088.500,1065.750,1087.000
2020-10-26,1078.000,1087.750,1075.250,1082.750
2020-10-27,1081.000,1088.500,1076.250,1076.500
2020-10-28,1075.750,1075.750,1054.250,1056.500
2020-10-29,1051.500,1058.750,1048.500,1051.000
2020-10-30,1060.000,1062.750,1046.750,1056.250
2020-11-02,1046.250,1056.750,1045.000,1051.750
2020-11-03,1065.000,1070.750,1051.750,1062.500
2020-11-04,1063.250,1088.000,1055.750,1085.250
2020-11-05,1104.000,1112.750,1083.500,1103.250
2020-11-06,1105.000,1110.000,1098.250,1102.750
2020-11-09,1110.000,1118.000,1099.750,1110.000
2020-11-10,1117.750,1153.250,1108.000,1146.500
2020-11-11,1147.000,1162.250,1145.000,1152.750
2020-11-12,1152.500,1154.000,1139.750,1146.000
2020-11-13,1149.750,1157.000,1138.000,1148.250
2020-11-16,1150.250,1155.250,1144.000,1154.250
2020-11-17,1157.000,1178.250,1156.250,1169.750
2020-11-18,1170.250,1189.750,1167.750,1173.750
2020-11-19,1174.000,1181.250,1161.750,1178.000
2020-11-20,1179.000,1196.750,1176.750,1181.500
2020-11-23,1195.500,1200.000,1186.000,1192.000
2020-11-24,1190.750,1194.000,1174.000,1193.750
2020-11-25,1197.500,1198.500,1183.250,1184.250
2020-11-27,1186.000,1194.000,1179.250,1193.250
2020-11-30,1198.000,1199.000,1168.000,1168.750
2020-12-01,1169.250,1176.000,1161.250,1163.250
2020-12-02,1148.250,1164.000,1142.500,1152.750
2020-12-03,1154.250,1170.750,1152.000,1166.500
2020-12-04,1168.000,1172.500,1157.750,1161.500
2020-12-07,1152.500,1168.750,1149.000,1156.500
2020-12-08,1149.000,1160.250,1142.750,1146.000
2020-12-09,1146.000,1160.750,1145.500,1159.000
2020-12-10,1169.500,1178.000,1150.250,1154.500
2020-12-11,1156.000,1162.750,1151.000,1161.500
2020-12-14,1164.750,1173.000,1161.250,1169.750
2020-12-15,1164.000,1185.750,1162.000,1185.750
2020-12-16,1192.000,1195.000,1181.750,1182.000
2020-12-17,1183.250,1203.000,1179.750,1201.500
2020-12-18,1202.750,1224.750,1201.500,1217.250
2020-12-21,1228.500,1248.750,1217.500,1247.000
2020-12-22,1248.500,1256.250,1241.000,1251.250
2020-12-23,1251.000,1267.750,1242.500,1261.000
2020-12-24,1261.000,1275.000,1260.250,1264.750
2020-12-28,1275.250,1280.500,1247.000,1253.750
2020-12-29,1255.750,1299.500,1246.250,1299.250
2020-12-30,1296.000,1306.000,1280.000,1297.000
2020-12-31,1299.250,1320.750,1295.000,1310.000
2021-01-04,1341.000,1349.500,1301.000,1312.750
2021-01-05,1337.000,1373.250,1313.250,1350.000
2021-01-06,1366.500,1378.250,1354.500,1363.750
2021-01-07,1364.250,1369.000,1342.000,1357.000
2021-01-08,1359.750,1386.000,1348.500,1376.750
2021-01-11,1379.750,1388.750,1354.000,1371.250
2021-01-12,1366.250,1428.250,1358.500,1423.000
2021-01-13,1424.000,1436.500,1403.250,1406.000
2021-01-14,1409.250,1435.750,1403.000,1429.750
2021-01-15,1432.250,1434.500,1413.500,1414.250
2021-01-19,1398.000,1421.250,1383.250,1383.500
2021-01-20,1354.750,1384.500,1352.000,1368.250
2021-01-21,1369.000,1387.000,1365.500,1367.750
2021-01-22,1354.250,1367.000,1305.250,1309.750
2021-01-25,1311.000,1352.250,1298.000,1346.000
2021-01-26,1348.250,1376.500,1333.500,1371.250
2021-01-27,1390.000,1394.750,1364.500,1373.750
2021-01-28,1383.750,1391.250,1345.500,1351.500
2021-01-29,1364.000,1376.750,1335.500,1367.250
2021-02-01,1375.000,1383.000,1349.250,1366.000
2021-02-02,1346.250,1372.000,1341.500,1353.750
2021-02-03,1360.000,1372.500,1342.500,1370.750
2021-02-04,1374.000,1381.500,1364.500,1371.500
2021-02-05,1375.250,1382.750,1365.500,1367.250
2021-02-08,1373.500,1392.500,1364.750,1388.750
2021-02-09,1391.000,1409.500,1377.500,1404.250
2021-02-10,1404.500,1404.750,1352.250,1353.250
2021-02-11,1352.750,1379.750,1337.250,1366.000
2021-02-12,1370.000,1377.250,1362.000,1371.000
2021-02-16,1383.000,1394.000,1374.000,1384.750
2021-02-17,1386.250,1390.000,1376.250,1382.500
2021-02-18,1383.250,1391.250,1370.000,1374.250
2021-02-19,1380.750,1388.750,1366.500,1378.250
2021-02-22,1380.500,1391.000,1374.500,1386.000
2021-02-23,1408.250,1428.250,1383.750,1408.000
2021-02-24,1421.500,1428.000,1409.500,1425.500
2021-02-25,1418.000,1445.750,1393.500,1407.750
2021-02-26,1390.000,1408.000,1378.250,1407.750
2021-03-01,1418.750,1422.500,1389.500,1392.250
2021-03-02,1388.500,1416.500,1380.750,1413.000
2021-03-03,1415.000,1417.750,1395.250,1407.000
2021-03-04,1409.000,1438.000,1403.500,1409.750
2021-03-05,1401.500,1416.750,1386.250,1416.500
2021-03-08,1441.500,1460.000,1431.500,1435.000
2021-03-09,1434.750,1442.000,1423.000,1440.250
2021-03-10,1442.000,1445.750,1408.250,1408.250
2021-03-11,1410.500,1422.500,1400.750,1413.000
2021-03-12,1405.000,1417.750,1392.250,1412.750
2021-03-15,1409.250,1423.750,1402.000,1418.500
2021-03-16,1420.000,1425.000,1412.750,1421.750
2021-03-17,1424.000,1425.250,1408.000,1415.750
2021-03-18,1409.750,1419.000,1390.500,1391.500
2021-03-19,1398.250,1418.250,1390.000,1416.500
2021-03-22,1418.750,1423.750,1405.250,1418.250
2021-03-23,1419.000,1435.000,1414.250,1421.500
2021-03-24,1421.750,1433.500,1418.250,1431.250
2021-03-25,1430.750,1431.750,1410.500,1415.500
2021-03-26,1414.000,1419.000,1399.000,1401.250
2021-03-29,1400.500,1402.750,1383.000,1390.250
2021-03-30,1393.000,1394.750,1364.250,1367.250
2021-03-31,1368.750,1436.750,1364.750,1436.750
2021-04-01,1444.000,1456.250,1398.500,1401.500
2021-04-05,1410.000,1421.000,1405.250,1412.000
2021-04-06,1412.750,1431.000,1412.500,1420.000
2021-04-07,1420.500,1427.500,1403.750,1407.750
2021-04-08,1408.750,1422.500,1404.500,1414.250
2021-04-09,1416.000,1419.000,1400.750,1402.500
2021-04-12,1403.250,1407.250,1379.500,1383.000
2021-04-13,1385.250,1398.750,1378.000,1389.250
2021-04-14,1398.000,1416.250,1389.250,1409.500
2021-04-15,1401.750,1414.250,1400.000,1409.500
2021-04-16,1410.500,1430.000,1410.500,1422.000
2021-04-19,1430.000,1441.750,1423.500,1434.750
2021-04-20,1459.250,1471.500,1435.750,1458.250
2021-04-21,1453.750,1481.750,1453.000,1480.000
2021-04-22,1493.750,1524.000,1480.000,1514.250
2021-04-23,1508.500,1525.500,1498.750,1516.500
2021-04-26,1531.000,1544.750,1515.000,1541.500
2021-04-27,1541.500,1574.750,1518.000,1518.250
2021-04-28,1515.500,1544.500,1490.500,1507.500
2021-04-29,1508.000,1526.250,1500.000,1500.250
2021-04-30,1501.250,1537.000,1491.250,1535.500
2021-05-03,1549.250,1563.500,1515.750,1526.000
2021-05-04,1524.000,1553.000,1519.000,1539.500
2021-05-05,1552.000,1554.000,1532.250,1542.000
2021-05-06,1547.000,1571.000,1543.000,1569.000
2021-05-07,1566.250,1599.500,1562.250,1589.000
2021-05-10,1593.000,1593.750,1575.250,1587.000
2021-05-11,1597.750,1625.500,1573.250,1616.000
2021-05-12,1617.750,1667.500,1615.250,1642.750
2021-05-13,1639.750,1645.250,1575.000,1583.500
2021-05-14,1583.500,1612.750,1577.000,1591.250
2021-05-17,1584.750,1603.250,1575.500,1587.250
2021-05-18,1588.250,1604.750,1569.000,1574.000
2021-05-19,1576.000,1576.250,1522.000,1542.500
2021-05-20,1547.000,1553.750,1523.000,1531.500
2021-05-21,1534.000,1540.750,1512.250,1524.000
2021-05-24,1520.750,1525.750,1506.250,1521.750
2021-05-25,1532.000,1538.250,1499.000,1512.750
2021-05-26,1512.500,1525.500,1489.250,1503.500
2021-05-27,1508.000,1539.250,1492.000,1536.500
2021-05-28,1538.000,1555.750,1522.750,1528.250
2021-06-01,1542.000,1578.500,1537.250,1547.750
2021-06-02,1546.000,1567.750,1541.750,1565.000
2021-06-03,1565.500,1589.000,1543.500,1548.500
2021-06-04,1569.000,1587.000,1545.250,1582.500
2021-06-07,1599.750,1623.500,1558.500,1562.000
2021-06-08,1567.250,1597.500,1561.500,1583.000
2021-06-09,1584.250,1586.750,1550.000,1561.250
2021-06-10,1562.500,1576.500,1537.250,1543.000
2021-06-11,1544.500,1551.250,1496.500,1507.500
2021-06-14,1468.000,1504.250,1455.000,1471.250
2021-06-15,1483.500,1488.250,1460.000,1463.500
2021-06-16,1378.000,1381.250,1338.500,1338.250
2021-06-17,1309.250,1341.000,1240.500,1247.250
2021-06-18,1303.250,1321.250,1252.750,1314.500
2021-06-21,1288.250,1324.250,1280.000,1320.500
2021-06-22,1313.750,1329.000,1297.000,1303.000
2021-06-23,1300.250,1311.750,1293.750,1298.500
2021-06-24,1298.750,1299.750,1261.750,1291.250
2021-06-25,1298.000,1304.500,1259.750,1269.750
2021-06-28,1269.750,1319.000,1267.000,1311.000
2021-06-29,1318.000,1327.000,1298.000,1310.250
2021-06-30,1306.000,1408.000,1291.500,1393.250
2021-07-01,1418.000,1423.000,1376.000,1394.750
2021-07-02,1406.250,1414.750,1382.500,1398.750
2021-07-06,1373.250,1373.250,1300.500,1306.000
2021-07-07,1324.250,1346.000,1309.250,1330.750
2021-07-08,1314.000,1339.500,1311.500,1321.250
2021-07-09,1318.500,1333.000,1309.250,1326.500
2021-07-12,1329.750,1354.250,1327.000,1349.250
2021-07-13,1359.000,1365.500,1347.250,1351.250
2021-07-14,1363.250,1385.750,1343.250,1383.750
2021-07-15,1385.500,1389.500,1374.250,1378.750
2021-07-16,1395.500,1408.500,1377.000,1387.500
2021-07-19,1397.000,1418.000,1370.500,1374.500
2021-07-20,1391.500,1406.250,1373.750,1389.500
2021-07-21,1391.000,1397.000,1375.000,1389.250
2021-07-22,1363.000,1390.750,1342.250,1362.500
2021-07-23,1358.000,1368.000,1345.250,1348.250
2021-07-26,1339.000,1360.750,1332.000,1357.750
2021-07-27,1374.000,1387.500,1355.500,1361.000
2021-07-28,1367.000,1371.000,1350.500,1361.000
2021-07-29,1371.750,1379.500,1357.000,1377.750
2021-07-30,1362.750,1380.750,1343.000,1348.250
2021-08-02,1342.750,1359.000,1336.500,1352.750
2021-08-03,1328.500,1348.000,1308.750,1319.750
2021-08-04,1323.000,1329.750,1314.000,1326.750
2021-08-05,1323.250,1339.500,1315.000,1328.250
2021-08-06,1334.500,1342.500,1323.250,1338.500
2021-08-09,1338.250,1347.250,1326.500,1331.000
2021-08-10,1337.000,1343.500,1325.250,1338.250
2021-08-11,1351.750,1355.500,1333.750,1339.500
2021-08-12,1337.000,1369.500,1323.000,1341.000
2021-08-13,1355.500,1366.000,1330.000,1365.000
2021-08-16,1366.250,1378.000,1360.750,1367.750
2021-08-17,1373.500,1379.750,1356.750,1362.750
2021-08-18,1360.000,1365.000,1347.250,1351.750
2021-08-19,1335.000,1351.750,1314.250,1320.750
2021-08-20,1319.500,1333.500,1277.250,1292.000
2021-08-23,1288.500,1309.000,1286.500,1294.000
2021-08-24,1306.500,1337.750,1292.000,1331.750
2021-08-25,1331.000,1339.500,1322.000,1331.500
2021-08-26,1328.500,1331.500,1318.000,1325.750
2021-08-27,1316.750,1325.000,1307.500,1319.750
2021-08-30,1324.000,1336.250,1297.000,1302.500
2021-08-31,1298.250,1312.000,1283.250,1293.250
2021-09-01,1285.000,1295.750,1270.000,1277.500
2021-09-02,1280.000,1287.750,1271.000,1282.000
2021-09-03,1290.000,1296.750,1276.750,1290.000
2021-09-07,1298.000,1305.750,1276.500,1276.500
2021-09-08,1285.250,1288.000,1272.000,1280.250
2021-09-09,1271.250,1281.750,1265.000,1272.000
2021-09-10,1273.500,1300.000,1262.750,1287.250
2021-09-13,1283.500,1294.250,1277.000,1285.000
2021-09-14,1294.250,1297.500,1281.000,1282.000
2021-09-15,1287.000,1296.000,1276.000,1295.500
2021-09-16,1297.750,1308.000,1291.250,1295.500
2021-09-17,1286.500,1298.500,1278.250,1284.000
2021-09-20,1268.500,1286.000,1262.000,1263.000
2021-09-21,1266.000,1275.500,1257.500,1274.000
2021-09-22,1277.000,1285.000,1270.250,1282.500
2021-09-23,1286.000,1290.250,1275.750,1284.250
2021-09-24,1281.000,1290.000,1278.250,1284.000
2021-09-27,1287.000,1297.000,1282.000,1287.500
2021-09-28,1283.000,1287.000,1275.000,1275.750
2021-09-29,1279.750,1288.500,1272.750,1283.000
2021-09-30,1285.000,1295.000,1249.000,1257.000
2021-10-01,1253.000,1262.250,1242.000,1247.500
2021-10-04,1238.750,1247.750,1235.000,1235.250
2021-10-05,1236.250,1256.250,1231.000,1251.250
2021-10-06,1253.500,1255.500,1239.250,1242.500
2021-10-07,1244.500,1249.500,1233.500,1246.750
2021-10-08,1256.750,1262.500,1242.000,1242.000
2021-10-11,1243.750,1251.250,1227.000,1227.750
2021-10-12,1222.750,1230.500,1194.750,1198.500
2021-10-13,1204.000,1211.250,1184.500,1196.750
2021-10-14,1200.000,1207.750,1193.500,1205.500
2021-10-15,1215.250,1221.000,1202.000,1218.500
2021-10-18,1210.750,1225.250,1210.000,1220.500
2021-10-19,1224.500,1239.250,1216.250,1228.750
2021-10-20,1237.250,1249.500,1224.750,1246.000
2021-10-21,1236.000,1249.500,1222.000,1223.000
2021-10-22,1224.000,1230.500,1217.000,1219.750
2021-10-25,1240.250,1248.250,1226.500,1245.250
2021-10-26,1244.750,1255.750,1239.500,1246.500
2021-10-27,1239.250,1266.250,1236.000,1249.250
2021-10-28,1247.000,1260.000,1241.250,1245.750
2021-10-29,1248.500,1255.500,1241.500,1249.750
2021-11-01,1245.000,1259.500,1236.750,1248.500
2021-11-02,1254.000,1261.000,1243.250,1254.250
2021-11-03,1254.000,1257.750,1239.500,1243.750
2021-11-04,1242.500,1247.500,1216.000,1223.750
2021-11-05,1215.000,1227.000,1203.500,1204.000
2021-11-08,1198.750,1208.250,1187.000,1187.500
2021-11-09,1190.000,1240.750,1181.250,1212.250
2021-11-10,1216.000,1222.500,1208.500,1218.000
2021-11-11,1217.500,1228.250,1212.000,1221.750
2021-11-12,1224.250,1249.750,1220.500,1243.250
2021-11-15,1244.000,1259.750,1238.000,1258.000
2021-11-16,1255.250,1261.500,1248.500,1252.250
2021-11-17,1262.000,1289.250,1250.750,1277.000
2021-11-18,1282.500,1287.250,1262.750,1265.500
2021-11-19,1264.750,1277.250,1257.000,1264.500
2021-11-22,1267.750,1279.500,1260.000,1274.750
2021-11-23,1269.500,1279.250,1263.000,1273.750
2021-11-24,1275.750,1281.000,1263.250,1265.500
2021-11-26,1252.000,1254.000,1240.250,1253.500
2021-11-29,1262.000,1268.500,1240.750,1242.000
2021-11-30,1228.000,1244.750,1214.250,1220.500
2021-12-01,1227.250,1237.000,1216.250,1228.000
2021-12-02,1232.000,1249.000,1221.000,1244.500
2021-12-03,1260.000,1270.000,1244.250,1269.250
2021-12-06,1263.000,1274.750,1254.500,1262.000
2021-12-07,1258.250,1268.500,1243.000,1252.000
2021-12-08,1241.000,1264.000,1238.250,1260.250
2021-12-09,1254.500,1267.000,1247.000,1265.250
2021-12-10,1269.000,1276.500,1259.250,1267.750
2021-12-13,1261.500,1271.000,1243.250,1244.750
2021-12-14,1249.500,1267.000,1237.500,1260.250
2021-12-15,1262.750,1266.500,1251.000,1260.500
2021-12-16,1274.000,1280.750,1258.750,1276.750
2021-12-17,1277.000,1297.500,1274.750,1284.250
2021-12-20,1293.500,1298.000,1280.500,1294.250
2021-12-21,1295.000,1317.500,1289.000,1311.000
2021-12-22,1327.000,1339.000,1309.500,1334.500
2021-12-23,1333.000,1342.500,1328.000,1342.000
2021-12-27,1357.250,1372.750,1342.500,1370.750
2021-12-28,1363.750,1384.500,1363.250,1367.000
2021-12-29,1359.750,1372.500,1355.000,1368.250
2021-12-30,1351.750,1370.000,1334.500,1338.000
2021-12-31,1340.750,1348.500,1336.500,1339.500
2022-01-03,1359.000,1368.500,1342.000,1356.000
2022-01-04,1361.000,1392.250,1355.500,1390.250
2022-01-05,1386.500,1399.000,1381.500,1392.750
2022-01-06,1382.000,1393.750,1370.000,1387.250
2022-01-07,1378.000,1415.000,1376.000,1407.500
2022-01-10,1405.000,1409.750,1379.000,1383.000
2022-01-11,1381.000,1395.000,1372.500,1385.250
2022-01-12,1382.500,1401.000,1366.500,1398.750
2022-01-13,1382.500,1399.000,1370.750,1376.750
2022-01-14,1379.000,1380.000,1363.750,1369.750
2022-01-18,1352.000,1368.750,1349.750,1361.500
2022-01-19,1377.000,1392.500,1363.500,1391.500
2022-01-20,1395.000,1429.500,1387.500,1424.250
2022-01-21,1418.500,1426.000,1405.250,1415.000
2022-01-24,1402.000,1423.750,1382.500,1402.750
2022-01-25,1404.500,1413.750,1393.250,1406.250
2022-01-26,1413.000,1443.750,1393.750,1437.750
2022-01-27,1441.500,1456.500,1428.500,1446.000
2022-01-28,1464.250,1479.000,1441.500,1470.750
2022-01-31,1486.750,1496.750,1473.500,1490.750
2022-02-01,1502.750,1539.000,1485.000,1529.750
2022-02-02,1559.250,1564.000,1526.000,1545.750
2022-02-03,1529.000,1560.000,1529.000,1540.750
2022-02-04,1545.500,1560.250,1532.000,1556.500
2022-02-07,1579.000,1589.500,1565.250,1584.500
2022-02-08,1568.500,1586.500,1559.000,1568.500
2022-02-09,1576.000,1599.500,1566.500,1593.750
2022-02-10,1624.500,1633.000,1565.500,1573.000
2022-02-11,1584.250,1594.750,1563.500,1585.750
2022-02-14,1587.000,1599.500,1551.500,1570.750
2022-02-15,1569.250,1577.000,1542.250,1550.000
2022-02-16,1552.250,1589.750,1547.000,1586.750
2022-02-17,1585.250,1606.000,1576.500,1590.500
2022-02-18,1594.000,1611.000,1590.000,1602.750
2022-02-22,1610.250,1641.000,1603.500,1640.750
2022-02-23,1649.000,1675.000,1636.000,1670.000
2022-02-24,1671.000,1759.250,1648.250,1651.750
2022-02-25,1621.750,1670.000,1579.000,1583.250
2022-02-28,1625.000,1655.000,1613.000,1638.750
2022-03-01,1641.500,1697.500,1641.500,1687.750
2022-03-02,1694.000,1697.000,1650.250,1665.750
2022-03-03,1676.000,1699.000,1665.500,1671.000
2022-03-04,1673.750,1688.500,1634.500,1656.750
2022-03-07,1665.250,1696.750,1654.500,1661.500
2022-03-08,1660.000,1706.500,1649.750,1689.500
2022-03-09,1693.000,1734.000,1669.500,1673.250
2022-03-10,1675.500,1702.000,1661.500,1685.500
2022-03-11,1689.250,1695.750,1665.250,1679.750
2022-03-14,1692.000,1697.750,1667.000,1673.250
2022-03-15,1674.000,1674.000,1638.000,1656.750
2022-03-16,1661.000,1681.250,1645.250,1650.000
2022-03-17,1649.250,1677.500,1647.250,1668.500
2022-03-18,1669.750,1689.000,1651.500,1666.250
2022-03-21,1673.000,1710.000,1666.750,1692.250
2022-03-22,1692.750,1720.750,1686.000,1697.000
2022-03-23,1695.500,1736.500,1691.000,1720.000
2022-03-24,1722.250,1730.000,1697.500,1701.000
2022-03-25,1702.000,1714.250,1684.750,1709.750
2022-03-28,1703.000,1710.000,1661.000,1661.000
2022-03-29,1662.500,1673.000,1622.000,1643.500
2022-03-30,1644.000,1683.750,1638.750,1665.000
2022-03-31,1666.750,1680.000,1613.500,1617.250
2022-04-01,1620.750,1628.500,1580.750,1580.750
2022-04-04,1584.000,1606.000,1576.750,1601.750
2022-04-05,1605.000,1635.250,1604.250,1629.750
2022-04-06,1630.000,1643.000,1615.000,1618.000
2022-04-07,1620.000,1652.750,1614.750,1647.750
2022-04-08,1647.750,1689.750,1645.500,1689.000
2022-04-11,1691.000,1697.500,1651.500,1657.750
2022-04-12,1658.750,1682.750,1657.000,1672.000
2022-04-13,1672.250,1681.250,1652.000,1677.750
2022-04-14,1665.000,1679.500,1656.000,1664.000
2022-04-18,1672.500,1700.000,1669.000,1693.500
2022-04-19,1691.750,1705.750,1682.000,1691.750
2022-04-20,1693.500,1721.750,1688.250,1716.250
2022-04-21,1717.000,1726.250,1704.750,1720.500
2022-04-22,1719.000,1734.000,1676.000,1686.750
2022-04-25,1687.000,1695.500,1656.500,1673.250
2022-04-26,1676.750,1696.750,1661.750,1670.750
2022-04-27,1673.250,1698.000,1665.500,1694.000
2022-04-28,1694.250,1700.000,1681.250,1684.250
2022-04-29,1686.000,1704.750,1679.250,1685.000
2022-05-02,1684.500,1688.750,1635.000,1646.000
2022-05-03,1649.500,1662.750,1629.000,1630.750
2022-05-04,1633.500,1644.500,1622.000,1640.500
2022-05-05,1643.000,1667.000,1640.000,1646.250
2022-05-06,1649.500,1650.000,1618.000,1624.250
2022-05-09,1623.750,1626.000,1578.000,1587.000
2022-05-10,1589.000,1605.000,1580.500,1593.250
2022-05-11,1593.500,1615.000,1587.500,1605.750
2022-05-12,1607.500,1627.250,1590.250,1613.750
2022-05-13,1614.750,1651.500,1614.000,1646.250
2022-05-16,1657.500,1668.000,1650.250,1656.000
2022-05-17,1655.000,1684.250,1645.250,1678.500
2022-05-18,1678.000,1686.750,1657.000,1663.750
2022-05-19,1663.750,1697.000,1660.750,1690.750
2022-05-20,1691.000,1710.750,1683.250,1705.500
2022-05-23,1706.000,1720.000,1685.000,1687.250
2022-05-24,1687.750,1696.750,1673.500,1692.250
2022-05-25,1694.250,1697.750,1665.500,1679.250
2022-05-26,1675.250,1737.000,1667.250,1725.750
2022-05-27,1725.750,1744.250,1718.750,1732.250
2022-05-31,1737.750,1749.250,1673.750,1686.250
2022-06-01,1687.250,1706.500,1675.250,1689.750
2022-06-02,1690.250,1740.750,1681.250,1729.750
2022-06-03,1728.750,1730.500,1694.000,1699.250
2022-06-06,1709.000,1717.750,1690.000,1700.750
2022-06-07,1699.250,1732.750,1692.250,1730.000
2022-06-08,1729.250,1758.000,1726.500,1741.000
2022-06-09,1741.000,1784.000,1728.500,1770.000
2022-06-10,1770.500,1775.500,1742.750,1747.250
2022-06-13,1751.500,1757.000,1702.000,1707.500
2022-06-14,1707.500,1728.250,1697.000,1698.000
2022-06-15,1698.000,1705.000,1682.250,1693.000
2022-06-16,1696.750,1715.500,1690.500,1710.500
2022-06-17,1712.500,1724.500,1700.500,1701.500
2022-06-21,1695.000,1702.000,1675.750,1682.250
2022-06-22,1514.000,1515.250,1470.000,1479.500
2022-06-23,1477.750,1478.500,1409.250,1415.250
2022-06-24,1411.500,1433.000,1399.250,1424.500
2022-06-27,1406.000,1441.250,1400.500,1433.250
2022-06-28,1439.250,1468.750,1436.000,1460.750
2022-06-29,1461.000,1480.500,1449.750,1478.750
2022-06-30,1478.250,1507.750,1451.500,1460.500
2022-07-01,1462.250,1470.750,1391.250,1395.250
2022-07-05,1373.750,1374.500,1304.000,1320.000
2022-07-06,1326.500,1340.000,1302.500,1324.500
2022-07-07,1326.500,1372.750,1325.250,1364.250
2022-07-08,1369.000,1398.750,1357.750,1398.500
2022-07-11,1420.750,1438.500,1400.750,1402.500
2022-07-12,1405.000,1418.000,1339.250,1340.500
2022-07-13,1341.000,1362.250,1315.750,1346.500
2022-07-14,1351.500,1365.500,1317.750,1341.500
2022-07-15,1348.750,1358.500,1330.500,1345.750
2022-07-18,1355.750,1393.000,1340.750,1379.750
2022-07-19,1382.250,1383.500,1339.000,1358.750
2022-07-20,1354.000,1356.250,1327.750,1335.000
2022-07-21,1334.000,1341.750,1294.750,1302.500
2022-07-22,1303.500,1333.000,1288.500,1313.250
2022-07-25,1335.000,1349.250,1314.500,1344.000
2022-07-26,1359.750,1387.500,1358.250,1380.250
2022-07-27,1383.000,1416.500,1371.750,1411.000
2022-07-28,1413.250,1446.750,1412.500,1439.000
2022-07-29,1440.500,1489.000,1435.500,1473.750
2022-08-01,1477.500,1481.000,1395.500,1408.000
2022-08-02,1396.750,1408.000,1377.250,1382.000
2022-08-03,1375.750,1406.250,1356.000,1371.500
2022-08-04,1368.750,1424.000,1359.500,1418.500
2022-08-05,1416.000,1428.750,1392.750,1406.500
2022-08-08,1398.500,1421.000,1391.250,1402.000
2022-08-09,1410.000,1438.500,1408.750,1428.250
2022-08-10,1428.500,1454.750,1422.000,1425.750
2022-08-11,1425.500,1453.750,1418.250,1450.250
2022-08-12,1448.000,1464.750,1415.250,1451.500
2022-08-15,1441.750,1443.750,1386.000,1410.750
2022-08-16,1409.000,1413.750,1376.000,1381.750
2022-08-17,1382.500,1400.000,1379.000,1389.750
2022-08-18,1390.000,1413.000,1376.500,1405.000
2022-08-19,1405.750,1410.000,1386.250,1406.250
2022-08-22,1398.000,1438.500,1393.000,1433.500
2022-08-23,1435.500,1474.750,1431.250,1460.750
2022-08-24,1461.500,1484.500,1447.500,1457.000
2022-08-25,1456.750,1467.000,1428.500,1429.500
2022-08-26,1430.000,1464.750,1426.500,1463.500
2022-08-29,1458.000,1460.750,1432.000,1439.250
2022-08-30,1437.750,1440.000,1408.250,1433.750
2022-08-31,1432.000,1442.500,1416.000,1422.750
2022-09-01,1420.000,1433.000,1390.000,1394.500
2022-09-02,1395.000,1422.000,1391.750,1419.750
2022-09-06,1415.000,1423.000,1392.250,1400.750
2022-09-07,1398.500,1432.250,1380.750,1381.000
2022-09-08,1384.000,1397.250,1373.000,1388.500
2022-09-09,1388.250,1415.750,1387.250,1413.250
2022-09-12,1409.000,1490.250,1402.250,1485.500
2022-09-13,1486.500,1508.750,1475.750,1477.250
2022-09-14,1475.000,1489.500,1453.500,1457.750
2022-09-15,1452.750,1468.500,1444.000,1451.000
2022-09-16,1446.000,1455.000,1433.750,1446.000
2022-09-19,1441.750,1465.750,1438.250,1461.000
2022-09-20,1454.750,1485.500,1450.750,1476.250
2022-09-21,1476.500,1488.750,1459.500,1461.000
2022-09-22,1465.750,1476.000,1448.750,1455.000
2022-09-23,1438.000,1456.000,1420.500,1425.250
2022-09-26,1424.500,1433.750,1408.250,1412.000
2022-09-27,1411.250,1437.250,1407.000,1408.500
2022-09-28,1409.000,1412.500,1390.750,1410.500
2022-09-29,1408.750,1423.750,1403.250,1410.000
2022-09-30,1410.500,1425.750,1363.250,1364.250
2022-10-03,1364.000,1376.500,1361.250,1375.500
2022-10-04,1373.750,1395.000,1371.750,1383.250
2022-10-05,1382.750,1385.250,1362.500,1371.500
2022-10-06,1369.500,1376.750,1350.000,1360.000
2022-10-07,1358.000,1373.500,1350.750,1365.500
2022-10-10,1367.000,1398.750,1366.500,1373.500
2022-10-11,1373.250,1385.250,1365.250,1374.500
2022-10-12,1373.000,1414.000,1367.500,1395.250
2022-10-13,1394.500,1405.000,1378.750,1394.000
2022-10-14,1394.000,1410.000,1382.750,1383.250
2022-10-17,1381.500,1395.000,1376.250,1383.750
2022-10-18,1383.000,1390.000,1364.250,1371.500
2022-10-19,1371.750,1378.500,1357.000,1372.500
2022-10-20,1371.000,1396.500,1370.250,1391.000
2022-10-21,1390.250,1398.500,1375.500,1393.000
2022-10-24,1402.750,1402.750,1377.750,1381.500
2022-10-25,1381.250,1396.500,1375.500,1393.000
2022-10-26,1391.750,1409.000,1388.750,1393.000
2022-10-27,1392.750,1405.000,1389.000,1395.000
2022-10-28,1393.000,1402.000,1380.500,1399.500
2022-10-31,1399.500,1424.000,1397.750,1418.250
2022-11-01,1417.000,1449.000,1414.250,1446.000
2022-11-02,1446.000,1457.750,1431.000,1454.500
2022-11-03,1453.000,1453.500,1428.000,1436.750
2022-11-04,1436.250,1465.500,1431.500,1462.500
2022-11-07,1455.000,1469.000,1447.000,1449.250
2022-11-08,1450.250,1454.000,1440.500,1446.500
2022-11-09,1445.000,1457.750,1433.500,1451.000
2022-11-10,1452.000,1459.250,1420.500,1422.000
2022-11-11,1424.500,1458.750,1424.250,1451.750
2022-11-14,1449.250,1455.250,1434.250,1441.750
2022-11-15,1440.000,1464.750,1432.500,1457.000
2022-11-16,1454.750,1455.000,1423.250,1430.250
2022-11-17,1430.000,1431.750,1406.750,1417.750
2022-11-18,1419.000,1430.750,1412.250,1427.500
2022-11-21,1427.250,1438.000,1417.250,1436.250
2022-11-22,1436.000,1443.500,1428.250,1432.250
2022-11-23,1431.500,1441.000,1422.250,1436.500
2022-11-25,1436.750,1448.000,1431.000,1433.500
2022-11-28,1428.250,1461.750,1424.000,1456.250
2022-11-29,1454.750,1468.500,1449.000,1458.500
2022-11-30,1457.250,1478.500,1457.250,1469.250
2022-12-01,1466.000,1469.750,1425.250,1431.250
2022-12-02,1432.000,1443.000,1425.500,1440.250
2022-12-05,1440.500,1451.000,1435.250,1439.500
2022-12-06,1437.500,1472.500,1437.000,1456.000
2022-12-07,1456.000,1478.000,1455.750,1473.250
2022-12-08,1471.000,1492.250,1468.000,1486.500
2022-12-09,1484.250,1492.750,1477.750,1481.750
2022-12-12,1483.500,1483.500,1457.750,1460.500
2022-12-13,1461.250,1487.750,1460.750,1480.250
2022-12-14,1479.500,1487.000,1468.000,1482.750
2022-12-15,1481.000,1486.000,1468.000,1472.000
2022-12-16,1473.500,1486.000,1465.500,1479.000
2022-12-19,1470.000,1476.000,1460.000,1461.750
2022-12-20,1461.750,1486.750,1460.250,1477.750
2022-12-21,1479.000,1490.750,1477.000,1484.250
2022-12-22,1483.750,1487.750,1468.000,1472.250
2022-12-23,1473.250,1489.000,1470.500,1485.250
2022-12-27,1495.750,1522.750,1485.000,1487.750
2022-12-28,1490.250,1517.500,1489.500,1516.500
2022-12-29,1513.000,1524.250,1509.000,1515.750
2022-12-30,1515.500,1537.500,1514.250,1523.750
2023-01-03,1524.250,1529.000,1490.000,1494.000
2023-01-04,1496.500,1506.500,1480.750,1484.500
2023-01-05,1485.750,1490.000,1465.000,1473.750
2023-01-06,1474.250,1498.250,1471.500,1491.750
2023-01-09,1500.000,1501.750,1486.750,1489.500
2023-01-10,1487.750,1500.750,1474.000,1485.750
2023-01-11,1485.000,1500.000,1482.000,1493.750
2023-01-12,1494.000,1527.000,1493.250,1519.250
2023-01-13,1518.000,1533.000,1513.250,1528.500
2023-01-17,1518.750,1541.000,1512.500,1539.500
2023-01-18,1537.000,1548.500,1511.250,1524.750
2023-01-19,1523.500,1528.500,1509.000,1515.500
2023-01-20,1514.250,1521.750,1504.000,1508.500
2023-01-23,1500.000,1503.000,1479.750,1491.250
2023-01-24,1491.500,1506.500,1487.000,1489.000
2023-01-25,1488.250,1504.750,1478.250,1503.750
2023-01-26,1506.500,1526.250,1500.000,1523.500
2023-01-27,1521.750,1527.000,1506.500,1511.750
2023-01-30,1516.250,1538.000,1516.250,1533.000
2023-01-31,1533.500,1543.750,1524.500,1537.500
2023-02-01,1537.500,1542.750,1510.750,1520.250
2023-02-02,1522.750,1537.750,1522.500,1534.000
2023-02-03,1533.500,1539.750,1524.750,1532.250
2023-02-06,1532.000,1535.500,1516.750,1520.750
2023-02-07,1521.000,1530.500,1511.000,1515.250
2023-02-08,1516.000,1527.750,1505.750,1519.500
2023-02-09,1518.500,1533.750,1512.000,1518.250
2023-02-10,1518.000,1543.250,1515.500,1542.750
2023-02-13,1542.000,1555.500,1537.000,1542.500
2023-02-14,1542.000,1544.750,1532.750,1536.500
2023-02-15,1536.500,1537.000,1516.500,1524.000
2023-02-16,1525.250,1532.250,1520.500,1526.250
2023-02-17,1521.000,1527.000,1518.750,1521.250
2023-02-21,1531.250,1544.500,1530.000,1543.250
2023-02-22,1542.000,1549.750,1533.000,1536.000
2023-02-23,1535.000,1540.000,1526.250,1527.250
2023-02-24,1528.000,1536.250,1517.000,1519.000
2023-02-27,1519.750,1524.750,1508.250,1512.750
2023-02-28,1512.500,1513.250,1477.750,1479.500
2023-03-01,1481.500,1498.250,1480.250,1494.000
2023-03-02,1494.500,1514.750,1489.500,1508.250
2023-03-03,1509.250,1525.000,1507.250,1518.750
2023-03-06,1520.000,1538.500,1510.750,1528.250
2023-03-07,1528.000,1531.000,1513.250,1516.250
2023-03-08,1515.000,1533.750,1511.000,1517.750
2023-03-09,1517.500,1528.750,1505.500,1513.000
2023-03-10,1512.250,1515.500,1498.000,1506.500
2023-03-13,1514.750,1516.500,1491.000,1491.500
2023-03-14,1490.000,1496.750,1484.000,1494.250
2023-03-15,1494.000,1500.000,1480.000,1487.750
2023-03-16,1489.250,1498.000,1478.000,1490.500
2023-03-17,1492.500,1498.000,1470.000,1475.500
2023-03-20,1473.000,1487.750,1462.000,1484.250
2023-03-21,1483.750,1497.000,1465.000,1466.750
2023-03-22,1467.750,1472.000,1443.250,1448.000
2023-03-23,1450.000,1454.250,1415.250,1417.500
2023-03-24,1419.500,1432.000,1405.000,1429.500
2023-03-27,1428.750,1445.500,1423.250,1441.000
2023-03-28,1441.500,1469.750,1439.750,1466.500
2023-03-29,1466.000,1479.750,1462.500,1475.250
2023-03-30,1476.500,1483.500,1471.000,1474.500
2023-03-31,1473.250,1513.750,1468.000,1504.750
2023-04-03,1510.000,1527.750,1509.750,1520.500
2023-04-04,1520.000,1523.750,1505.500,1518.750
2023-04-05,1517.500,1527.000,1506.500,1509.250
2023-04-06,1510.000,1510.250,1483.250,1493.500
2023-04-10,1493.250,1499.750,1482.500,1488.750
2023-04-11,1487.750,1507.500,1486.250,1497.500
2023-04-12,1497.500,1510.500,1491.000,1505.000
2023-04-13,1504.250,1522.250,1500.500,1502.750
2023-04-14,1502.000,1503.750,1490.000,1499.000
2023-04-17,1468.000,1487.250,1463.750,1484.500
2023-04-18,1485.000,1501.000,1481.500,1489.250
2023-04-19,1488.750,1493.250,1477.500,1478.500
2023-04-20,1476.500,1477.000,1460.750,1468.000
2023-04-21,1467.750,1469.500,1444.250,1449.250
2023-04-24,1450.250,1462.250,1434.000,1435.000
2023-04-25,1434.500,1439.750,1411.250,1418.250
2023-04-26,1417.750,1428.250,1412.000,1415.750
2023-04-27,1414.750,1417.250,1401.750,1405.500
2023-04-28,1406.500,1423.500,1396.500,1419.250
2023-05-01,1419.250,1429.250,1413.000,1427.000
2023-05-02,1427.000,1440.000,1408.000,1409.000
2023-05-03,1411.000,1418.750,1392.250,1417.000
2023-05-04,1415.250,1423.500,1405.000,1417.000
2023-05-05,1417.000,1438.750,1416.000,1436.750
2023-05-08,1436.500,1446.750,1430.000,1434.500
2023-05-09,1432.250,1432.500,1410.500,1414.000
2023-05-10,1414.500,1418.250,1402.500,1403.750
2023-05-11,1403.000,1413.500,1385.250,1406.500
2023-05-12,1405.250,1416.750,1388.500,1389.000
2023-05-15,1388.750,1411.500,1386.250,1400.250
2023-05-16,1400.000,1401.750,1358.750,1364.000
2023-05-17,1365.000,1365.750,1332.750,1332.750
2023-05-18,1336.500,1348.000,1323.250,1332.500
2023-05-19,1333.250,1345.000,1304.750,1305.000
2023-05-22,1308.250,1344.250,1304.750,1340.000
2023-05-23,1341.000,1341.250,1315.500,1322.000
2023-05-24,1322.500,1337.750,1316.000,1324.000
2023-05-25,1324.250,1333.500,1305.000,1326.000
2023-05-26,1323.750,1343.500,1322.000,1336.000
2023-05-30,1337.250,1337.250,1294.250,1295.250
2023-05-31,1298.000,1302.750,1270.750,1299.500
2023-06-01,1299.750,1335.250,1299.250,1327.000
2023-06-02,1329.000,1355.250,1322.000,1351.750
2023-06-05,1353.250,1361.500,1343.500,1348.750
2023-06-06,1352.000,1364.000,1340.250,1352.750
2023-06-07,1353.250,1370.750,1350.000,1359.250
2023-06-08,1358.000,1371.750,1352.000,1362.250
2023-06-09,1360.500,1388.000,1356.250,1387.500
2023-06-12,1390.000,1392.750,1368.500,1373.500
2023-06-13,1373.250,1415.500,1371.750,1399.000
2023-06-14,1398.750,1399.000,1380.000,1390.000
2023-06-15,1240.750,1295.000,1240.750,1292.250
2023-06-16,1290.500,1347.250,1289.500,1340.500
2023-06-20,1352.250,1364.750,1324.250,1343.750
2023-06-21,1358.000,1378.000,1341.250,1376.500
2023-06-22,1370.500,1373.500,1322.750,1339.500
2023-06-23,1335.250,1336.500,1290.750,1303.500
2023-06-26,1309.000,1333.000,1297.500,1322.750
2023-06-27,1324.000,1324.750,1281.500,1293.500
2023-06-28,1293.500,1295.500,1256.750,1265.000
2023-06-29,1262.000,1275.750,1260.000,1264.000
2023-06-30,1267.750,1351.750,1266.000,1342.250
2023-07-03,1343.750,1391.750,1343.250,1353.250
2023-07-05,1364.000,1378.750,1338.000,1350.250
2023-07-06,1352.250,1362.750,1331.000,1342.250
2023-07-07,1340.000,1343.250,1315.500,1319.000
2023-07-10,1328.000,1353.500,1317.750,1343.000
2023-07-11,1346.500,1367.250,1344.000,1360.000
2023-07-12,1359.500,1378.000,1325.000,1326.500
2023-07-13,1327.000,1370.750,1325.500,1368.250
2023-07-14,1367.750,1384.250,1355.000,1372.500
2023-07-17,1385.000,1388.750,1369.000,1375.500
2023-07-18,1371.500,1405.000,1368.250,1394.500
2023-07-19,1395.000,1428.750,1390.000,1406.750
2023-07-20,1405.000,1418.250,1398.500,1403.500
2023-07-21,1401.250,1408.750,1385.250,1401.000
2023-07-24,1410.000,1435.000,1401.500,1423.500
2023-07-25,1422.250,1428.750,1402.750,1418.500
2023-07-26,1416.250,1428.000,1407.250,1420.250
2023-07-27,1419.250,1432.000,1395.500,1396.000
2023-07-28,1397.750,1401.500,1379.000,1382.500
2023-07-31,1375.500,1375.500,1322.750,1331.000
2023-08-01,1335.000,1344.500,1326.250,1343.750
2023-08-02,1344.000,1354.000,1315.000,1320.500
2023-08-03,1321.500,1337.250,1318.500,1324.750
2023-08-04,1326.000,1345.500,1322.500,1330.750
2023-08-07,1324.500,1327.000,1291.000,1303.750
2023-08-08,1302.000,1311.000,1282.250,1305.000
2023-08-09,1306.750,1323.000,1306.250,1309.500
2023-08-10,1308.500,1328.000,1305.000,1319.250
2023-08-11,1319.250,1338.000,1297.500,1306.000
2023-08-14,1313.000,1328.500,1308.000,1324.500
2023-08-15,1317.500,1334.500,1303.000,1304.500
2023-08-16,1305.250,1331.500,1303.000,1324.500
2023-08-17,1324.250,1341.000,1320.500,1330.500
2023-08-18,1331.250,1355.500,1331.250,1353.500
2023-08-21,1376.000,1381.000,1355.500,1360.500
2023-08-22,1361.750,1373.500,1339.000,1344.000
2023-08-23,1346.000,1364.250,1332.500,1361.250
2023-08-24,1360.000,1373.000,1356.500,1372.000
2023-08-25,1370.000,1390.500,1368.000,1385.750
2023-08-28,1398.250,1409.500,1394.750,1405.750
2023-08-29,1393.000,1405.000,1392.000,1392.500
2023-08-30,1390.750,1401.000,1380.500,1386.000
2023-08-31,1386.750,1392.000,1367.250,1367.500
2023-09-01,1369.000,1385.000,1366.000,1368.500
2023-09-05,1369.000,1376.500,1358.000,1366.750
2023-09-06,1377.000,1384.750,1370.000,1374.750
2023-09-07,1376.250,1378.000,1357.000,1360.250
2023-09-08,1360.000,1365.000,1352.500,1363.750
2023-09-11,1363.000,1373.250,1362.500,1370.000
2023-09-12,1369.000,1372.250,1340.750,1344.250
2023-09-13,1344.750,1351.250,1333.750,1350.750
2023-09-14,1349.750,1364.500,1346.250,1361.250
2023-09-15,1360.500,1367.750,1338.250,1338.000
2023-09-18,1340.000,1344.500,1315.500,1315.500
2023-09-19,1315.000,1319.750,1308.000,1315.000
2023-09-20,1315.250,1322.750,1310.250,1319.750
2023-09-21,1319.750,1322.000,1293.000,1293.750
2023-09-22,1294.000,1303.000,1292.500,1295.250
2023-09-25,1295.250,1300.000,1284.500,1299.250
2023-09-26,1299.250,1307.750,1289.000,1303.500
2023-09-27,1302.750,1317.000,1297.500,1303.000
2023-09-28,1303.000,1307.000,1287.000,1301.750
2023-09-29,1300.500,1305.500,1272.500,1275.000
2023-10-02,1272.500,1279.500,1265.750,1276.500
2023-10-03,1276.500,1278.750,1256.750,1274.250
2023-10-04,1272.000,1285.000,1268.750,1272.250
2023-10-05,1271.750,1283.750,1262.000,1279.500
2023-10-06,1279.500,1287.250,1263.500,1263.750
2023-10-09,1267.000,1277.500,1258.250,1263.750
2023-10-10,1263.000,1273.250,1254.250,1272.500
2023-10-11,1271.500,1274.250,1251.000,1252.750
2023-10-12,1252.500,1299.750,1250.500,1287.500
2023-10-13,1286.750,1298.500,1273.500,1281.750
2023-10-16,1280.000,1289.000,1279.500,1286.750
2023-10-17,1286.000,1303.500,1285.500,1297.750
2023-10-18,1297.000,1313.000,1293.250,1312.500
2023-10-19,1311.000,1317.750,1300.250,1316.750
2023-10-20,1315.000,1318.500,1301.000,1302.250
2023-10-23,1302.000,1304.000,1286.000,1286.750
2023-10-24,1305.500,1317.000,1299.250,1312.750
2023-10-25,1312.750,1320.750,1297.500,1308.000
2023-10-26,1307.500,1318.500,1298.000,1299.250
2023-10-27,1300.000,1325.250,1298.500,1317.500
2023-10-30,1319.500,1331.250,1305.500,1308.000
2023-10-31,1307.250,1321.500,1300.000,1311.500
2023-11-01,1311.000,1319.250,1304.750,1316.750
2023-11-02,1315.250,1330.000,1315.000,1328.750
2023-11-03,1327.000,1355.000,1326.250,1353.500
2023-11-06,1352.000,1369.750,1352.000,1362.500
2023-11-07,1362.250,1380.000,1356.750,1362.750
2023-11-08,1362.000,1384.500,1361.000,1366.250
2023-11-09,1366.500,1373.000,1336.000,1345.500
2023-11-10,1345.750,1349.750,1337.000,1348.500
2023-11-13,1353.750,1386.000,1350.250,1385.000
2023-11-14,1382.750,1391.500,1368.500,1391.000
2023-11-15,1389.000,1398.500,1379.500,1385.500
2023-11-16,1385.000,1387.750,1353.750,1359.750
2023-11-17,1360.000,1361.500,1336.750,1343.500
2023-11-20,1339.250,1368.000,1327.000,1366.250
2023-11-21,1365.500,1389.250,1364.000,1375.500
2023-11-22,1377.000,1378.500,1354.250,1358.500
2023-11-24,1354.500,1355.000,1329.500,1330.000
2023-11-27,1329.500,1339.000,1323.500,1329.250
2023-11-28,1330.250,1350.000,1329.500,1346.750
2023-11-29,1346.500,1352.000,1337.000,1347.000
2023-11-30,1347.000,1351.500,1339.250,1342.750
2023-12-01,1342.000,1343.500,1323.500,1323.750
2023-12-04,1322.500,1329.250,1303.500,1307.250
2023-12-05,1307.250,1315.250,1294.000,1308.500
2023-12-06,1309.250,1313.500,1293.750,1296.250
2023-12-07,1296.000,1318.250,1292.000,1310.500
2023-12-08,1312.500,1330.750,1299.000,1306.000
2023-12-11,1309.500,1338.500,1307.000,1337.500
2023-12-12,1337.250,1344.000,1320.500,1323.500
2023-12-13,1323.000,1323.500,1302.500,1308.750
2023-12-14,1311.000,1319.250,1304.000,1316.500
2023-12-15,1317.000,1320.500,1304.000,1316.500
2023-12-18,1332.750,1340.750,1322.750,1340.500
2023-12-19,1339.000,1340.500,1320.250,1322.250
2023-12-20,1322.250,1328.250,1311.250,1316.500
2023-12-21,1316.500,1316.750,1299.250,1300.000
2023-12-22,1301.000,1310.500,1298.250,1305.750
2023-12-26,1307.000,1319.750,1302.500,1317.750
2023-12-27,1317.250,1322.750,1309.000,1320.250
2023-12-28,1319.500,1327.500,1309.000,1311.500
2023-12-29,1311.250,1316.750,1296.750,1297.500
2024-01-02,1290.500,1290.750,1267.250,1273.500
2024-01-03,1273.500,1280.000,1265.750,1277.000
2024-01-04,1277.000,1280.750,1265.000,1267.000
2024-01-05,1267.250,1271.500,1255.000,1256.750
2024-01-08,1258.000,1261.000,1236.000,1245.500
2024-01-09,1245.250,1251.500,1234.000,1247.750
2024-01-10,1249.000,1250.000,1235.250,1235.500
2024-01-11,1236.250,1249.750,1234.250,1236.500
2024-01-12,1237.000,1246.750,1203.000,1226.250
2024-01-16,1227.000,1237.750,1220.750,1227.500
2024-01-17,1227.250,1231.000,1205.000,1205.500
2024-01-18,1206.000,1216.000,1201.000,1212.750
2024-01-19,1213.000,1227.000,1210.750,1213.500
2024-01-22,1216.750,1225.750,1209.500,1223.750
2024-01-23,1224.250,1240.500,1221.500,1239.250
2024-01-24,1239.000,1246.000,1235.250,1239.250
2024-01-25,1240.000,1247.500,1215.500,1222.500
2024-01-26,1223.500,1230.750,1208.500,1208.500
2024-01-29,1210.750,1212.500,1191.500,1193.500
2024-01-30,1193.750,1221.250,1187.750,1220.250
2024-01-31,1218.750,1223.000,1206.750,1222.000
2024-02-01,1221.250,1221.750,1199.500,1203.250
2024-02-02,1203.250,1208.250,1186.750,1188.000
2024-02-05,1190.000,1198.500,1179.500,1197.500
2024-02-06,1196.000,1205.500,1193.750,1199.750
2024-02-07,1199.000,1202.000,1179.250,1189.750
2024-02-08,1187.000,1204.750,1180.500,1195.000
2024-02-09,1195.000,1198.000,1181.500,1184.500
2024-02-12,1183.750,1196.750,1182.500,1192.500
2024-02-13,1191.750,1197.500,1183.000,1186.750
2024-02-14,1186.250,1190.000,1168.250,1168.250
2024-02-15,1168.000,1174.750,1160.250,1162.750
2024-02-16,1163.750,1173.750,1162.250,1173.500
2024-02-20,1177.750,1188.500,1174.000,1178.500
2024-02-21,1183.500,1184.000,1162.250,1164.250
2024-02-22,1165.000,1172.000,1151.750,1152.500
2024-02-23,1153.000,1158.500,1138.250,1143.250
2024-02-26,1145.000,1151.000,1133.500,1143.500
2024-02-27,1145.000,1161.500,1138.500,1143.000
2024-02-28,1141.500,1151.500,1134.000,1146.250
2024-02-29,1144.750,1148.750,1128.500,1139.000
2024-03-01,1139.000,1152.250,1137.250,1149.750
2024-03-04,1152.250,1165.750,1151.000,1154.500
2024-03-05,1155.000,1158.750,1146.750,1149.000
2024-03-06,1149.250,1153.500,1140.250,1149.250
2024-03-07,1149.000,1167.000,1147.000,1165.750
2024-03-08,1165.000,1185.000,1153.750,1184.500
2024-03-11,1185.250,1189.250,1175.000,1179.500
2024-03-12,1179.000,1196.500,1175.750,1194.000
2024-03-13,1192.250,1199.250,1182.750,1195.750
2024-03-14,1196.000,1217.500,1191.500,1195.250
2024-03-15,1194.500,1200.000,1183.500,1198.500
2024-03-18,1198.500,1206.000,1186.750,1188.250
2024-03-19,1188.000,1192.250,1181.000,1185.500
2024-03-20,1185.500,1211.750,1183.500,1210.250
2024-03-21,1209.000,1226.750,1204.000,1211.000
2024-03-22,1211.000,1211.250,1189.250,1191.750
2024-03-25,1194.000,1210.000,1188.500,1207.500
2024-03-26,1207.500,1208.000,1197.750,1197.750
2024-03-27,1196.750,1198.000,1189.500,1192.250
2024-03-28,1191.750,1199.500,1177.000,1192.000
2024-04-01,1196.250,1201.750,1181.500,1185.500
2024-04-02,1185.500,1199.750,1171.000,1175.500
2024-04-03,1175.500,1186.750,1168.500,1182.500
2024-04-04,1182.250,1186.750,1170.250,1180.250
2024-04-05,1178.000,1190.750,1173.000,1187.250
2024-04-08,1187.750,1193.250,1180.500,1181.500
2024-04-09,1181.500,1184.250,1172.000,1175.000
2024-04-10,1174.750,1180.750,1163.000,1163.750
2024-04-11,1163.750,1166.250,1151.000,1159.250
2024-04-12,1158.500,1179.750,1154.000,1172.000
2024-04-15,1173.250,1176.000,1155.500,1158.250
2024-04-16,1157.250,1163.000,1143.250,1145.000
2024-04-17,1145.000,1169.500,1156.750,1163.500
2024-04-18,1163.500,1164.500,1147.750,1147.750
2024-04-19,1148.250,1168.000,1145.750,1165.250
2024-04-22,1165.250,1182.250,1159.750,1176.500
2024-04-23,1176.500,1184.250,1173.000,1181.000
2024-04-24,1181.000,1191.750,1179.250,1181.250
2024-04-25,1181.250,1183.500,1166.750,1179.000
2024-04-26,1179.000,1181.000,1172.500,1176.750
2024-04-29,1177.250,1190.250,1175.000,1183.250
2024-04-30,1183.250,1184.000,1158.750,1162.500
2024-05-01,1162.500,1171.500,1156.250,1169.500
2024-05-02,1169.500,1201.750,1170.250,1199.750
2024-05-03,1199.750,1216.500,1197.750,1216.250
2024-05-06,1215.000,1251.250,1207.000,1245.750
2024-05-07,1245.750,1256.500,1240.250,1245.000
2024-05-08,1245.000,1248.000,1225.500,1228.500
2024-05-09,1228.500,1236.750,1206.250,1209.750
2024-05-10,1210.250,1222.500,1204.500,1218.750
2024-05-13,1218.750,1228.250,1211.500,1218.750
2024-05-14,1219.250,1222.500,1203.500,1214.250
2024-05-15,1215.000,1232.250,1209.500,1214.000
2024-05-16,1214.000,1219.750,1210.000,1216.250
2024-05-17,1216.500,1231.250,1215.250,1227.000
2024-05-20,1226.750,1250.750,1224.000,1246.750
2024-05-21,1246.750,1249.250,1230.000,1235.750
2024-05-22,1235.750,1249.750,1233.250,1247.250
2024-05-23,1247.250,1258.250,1236.000,1239.000
2024-05-24,1239.000,1251.000,1236.000,1249.250
2024-05-28,1248.000,1254.750,1226.250,1230.000
2024-05-29,1229.000,1231.250,1212.500,1213.000
2024-05-30,1213.000,1220.000,1207.250,1210.250
2024-05-31,1210.250,1223.750,1202.750,1204.750
2024-06-03,1204.250,1205.500,1182.500,1184.750
2024-06-04,1184.750,1189.500,1176.000,1179.250
2024-06-05,1180.250,1191.750,1175.250,1176.250
2024-06-06,1176.500,1204.500,1176.000,1199.750
2024-06-07,1199.750,1202.500,1174.250,1177.250
2024-06-10,1177.000,1190.750,1175.500,1187.750
2024-06-11,1188.250,1193.000,1177.000,1177.000
2024-06-12,1177.250,1186.500,1171.000,1177.250
2024-06-13,1177.000,1191.250,1171.000,1188.750
2024-06-14,1188.750,1189.000,1178.000,1178.250
2024-06-17,1178.000,1179.000,1157.500,1158.000
2024-06-18,1158.000,1175.750,1156.500,1172.500
2024-06-20,1172.500,1136.000,1115.000,1116.250
2024-06-21,1116.500,1125.750,1113.250,1120.750
2024-06-24,1120.000,1132.750,1111.500,1129.750
2024-06-25,1130.000,1131.500,1107.000,1111.000
2024-06-26,1111.000,1119.500,1103.000,1106.250
2024-06-27,1106.250,1111.000,1101.000,1104.750
2024-06-28,1104.750,1125.000,1100.000,1105.750
2024-07-01,1105.750,1113.000,1097.000,1111.000
2024-07-02,1111.000,1124.000,1108.750,1113.000
2024-07-03,1113.000,1126.250,1110.750,1122.000
2024-07-05,1122.000,1133.750,1114.000,1131.000
2024-07-08,1130.500,1125.250,1094.250,1099.250
2024-07-09,1099.250,1101.000,1077.500,1077.750
2024-07-10,1077.750,1085.500,1066.000,1066.250
2024-07-11,1066.250,1076.000,1061.500,1068.250
2024-07-12,1068.250,1073.500,1059.500,1064.500
2024-07-15,1063.750,1064.000,1038.500,1038.500
2024-07-16,1038.500,1052.000,1037.250,1044.250
2024-07-17,1044.250,1050.500,1038.000,1042.000
2024-07-18,1042.000,1046.250,1031.750,1043.750
2024-07-19,1043.750,1049.000,1035.250,1035.500
2024-07-22,1035.500,1069.750,1040.500,1068.750
2024-07-23,1068.750,1086.750,1063.750,1075.750
2024-07-24,1075.750,1080.250,1062.750,1062.750
2024-07-25,1062.750,1082.500,1057.750,1078.500
2024-07-26,1078.500,1080.500,1045.000,1046.250
2024-07-29,1045.000,1044.500,1018.000,1040.000
2024-07-30,1040.000,1042.000,1018.250,1020.000
2024-07-31,1020.250,1031.000,1015.000,1023.250
2024-08-01,1023.250,1026.250,1013.000,1015.500
2024-08-02,1016.000,1032.000,1014.750,1028.750
2024-08-05,1027.750,1042.000,1015.500,1041.500
2024-08-06,1041.500,1041.750,1021.000,1026.750
2024-08-07,1026.750,1028.750,1014.000,1019.750
2024-08-08,1018.000,1025.750,1007.000,1007.750
2024-08-09,1007.750,1015.750,1001.250,1001.500
2024-08-12,1001.250,1002.500,975.500,987.750
2024-08-13,987.750,988.500,960.500,960.750
2024-08-14,960.750,974.000,955.250,968.750
2024-08-15,968.500,978.250,967.500,967.750
2024-08-16,968.000,970.250,955.000,955.250
2024-08-19,955.250,977.000,957.250,976.250
2024-08-20,975.000,985.000,970.000,976.500
2024-08-21,976.000,984.750,974.000,982.000
2024-08-22,982.000,982.000,960.250,961.000
2024-08-23,962.000,974.750,961.750,972.750
2024-08-26,972.500,982.250,960.500,980.750
2024-08-27,980.750,991.500,977.250,987.250
2024-08-28,987.250,988.000,972.750,976.500
2024-08-29,975.500,992.750,975.000,991.750
2024-08-30,991.000,1007.750,989.500,998.750
2024-09-03,998.750,1024.500,995.250,1012.500
2024-09-04,1012.000,1023.000,1000.750,1020.750
2024-09-05,1020.750,1024.750,1010.000,1024.250
2024-09-06,1024.250,1031.250,1003.500,1004.250
2024-09-09,1005.000,1020.250,1001.750,1018.500
2024-09-10,1018.500,1018.750,995.750,997.000
2024-09-11,996.500,1008.000,995.500,1000.750
2024-09-12,1001.000,1017.250,997.250,1011.750
2024-09-13,1011.500,1021.000,1002.250,1006.500
2024-09-16,1006.000,1012.000,999.000,1004.000
2024-09-17,1004.000,1011.000,1002.000,1007.250
2024-09-18,1007.250,1022.000,1006.250,1014.750
2024-09-19,1015.000,1018.250,1006.750,1013.000
2024-09-20,1013.000,1019.000,1001.250,1013.500
2024-09-23,1013.000,1041.750,1012.000,1039.000
2024-09-24,1039.000,1058.250,1032.750,1042.750
2024-09-25,1042.750,1054.500,1031.250,1053.250
2024-09-26,1053.250,1064.750,1039.750,1039.750
2024-09-27,1039.750,1069.500,1034.250,1065.750
2024-09-30,1065.000,1069.750,1052.000,1056.250
2024-10-01,1055.750,1065.500,1045.000,1056.000
2024-10-02,1056.000,1063.750,1042.500,1054.750
2024-10-03,1053.750,1056.250,1041.750,1046.250
2024-10-04,1046.250,1055.250,1036.250,1037.500
2024-10-07,1036.500,1039.000,1026.500,1034.250
2024-10-08,1032.500,1039.500,1011.500,1016.000
2024-10-09,1016.000,1027.250,1011.500,1021.250
2024-10-10,1021.250,1025.500,1011.750,1014.250
2024-10-11,1014.500,1023.750,1004.000,1005.000
2024-10-14,1004.000,1008.500,995.500,996.000
2024-10-15,996.000,996.000,981.000,992.500
2024-10-16,991.000,1001.500,978.250,978.250
2024-10-17,978.750,991.250,968.250,990.000
2024-10-18,990.000,995.500,969.250,970.000
2024-10-21,970.000,993.250,981.750,989.000
2024-10-22,989.000,1003.750,986.750,1001.000
2024-10-23,1001.000,1007.500,994.250,1005.000
2024-10-24,1005.000,1018.000,1002.500,1005.000
2024-10-25,1005.000,1006.000,994.000,997.750
2024-10-28,997.250,995.250,985.500,986.750
2024-10-29,986.750,991.500,978.500,979.750
2024-10-30,979.750,992.750,977.250,992.500
2024-10-31,991.250,999.250,988.250,996.250
2024-11-01,995.500,1008.750,988.750,995.000
2024-11-04,994.250,1008.000,994.000,997.250
2024-11-05,997.000,1006.250,996.250,1003.250
2024-11-06,1003.250,1007.750,982.000,1004.750
2024-11-07,1004.750,1027.750,1000.500,1026.500
2024-11-08,1026.500,1044.000,1017.500,1030.750
2024-11-11,1030.000,1042.250,1019.500,1022.000
2024-11-12,1022.000,1027.500,1003.750,1012.250
2024-11-13,1011.500,1012.750,1001.750,1006.250
2024-11-14,1006.500,1013.750,986.250,988.250
2024-11-15,988.250,1005.250,987.250,998.250
2024-11-18,998.000,1011.500,989.500,1010.000
2024-11-19,1010.000,1012.750,995.250,998.500
2024-11-20,998.500,1001.500,985.250,990.750
2024-11-21,990.750,998.750,976.250,980.750
2024-11-22,980.750,985.250,975.250,984.500
2024-11-25,986.000,993.250,983.000,986.000
2024-11-26,986.000,991.250,976.750,983.000
2024-11-27,983.000,994.250,983.250,989.000
2024-11-29,989.000,998.000,982.750,990.750
2024-12-02,989.500,990.500,977.500,985.250
2024-12-03,985.000,999.000,983.500,991.500
2024-12-04,991.500,992.000,980.500,983.750
2024-12-05,983.500,994.750,982.250,993.750
2024-12-06,993.750,997.500,987.750,994.500
2024-12-09,993.500,1003.500,985.750,989.500
2024-12-10,995.500,1005.250,994.250,1000.500
2024-12-11,999.000,1006.500,994.000,1002.500
2024-12-12,1002.000,1005.250,996.250,1002.500
2024-12-13,1002.000,1002.500,993.000,995.250
2024-12-16,993.250,999.500,985.000,986.500
2024-12-17,986.500,990.000,972.000,978.250
2024-12-18,978.750,979.500,952.000,953.000
2024-12-19,952.000,968.500,947.000,965.750
2024-12-20,966.000,982.250,963.250,979.500
2024-12-23,979.500,984.000,972.750,975.000
2024-12-24,975.000,981.750,971.750,979.750
2024-12-26,979.750,998.000,981.000,996.750
2024-12-27,996.750,998.250,988.500,990.000
2024-12-30,990.000,1004.500,986.750,992.250
2024-12-31,991.000,1012.000,990.750,1010.000
2025-01-02,1010.000,1015.750,1003.500,1012.000
2025-01-03,1011.000,1015.500,988.000,991.750
2025-01-06,991.750,1009.750,993.250,996.250
2025-01-07,997.000,998.250,985.500,997.250
2025-01-08,996.750,1001.000,991.750,993.750
2025-01-09,994.000,1000.000,985.750,996.500
2025-01-10,996.500,1033.500,996.500,1026.500
2025-01-13,1026.500,1053.500,1024.250,1052.000
2025-01-14,1051.250,1064.000,1043.250,1046.250
2025-01-15,1046.000,1054.000,1039.750,1042.250
2025-01-16,1042.250,1042.750,1018.500,1019.750
2025-01-17,1019.750,1039.000,1019.000,1035.250
2025-01-21,1034.000,1068.000,1039.000,1067.500
2025-01-22,1067.500,1073.500,1051.750,1056.250
2025-01-23,1055.000,1076.250,1047.750,1064.000
2025-01-24,1064.000,1063.000,1046.750,1054.500
2025-01-27,1054.000,1051.000,1040.000,1045.250
2025-01-28,1045.250,1050.750,1041.000,1045.750
2025-01-29,1045.000,1061.750,1044.500,1059.500
2025-01-30,1060.000,1060.500,1042.000,1044.000
2025-01-31,1044.000,1052.000,1034.000,1044.500
2025-02-03,1042.250,1060.250,1031.750,1056.500
2025-02-04,1057.500,1077.250,1048.250,1075.000
2025-02-05,1073.500,1079.750,1053.000,1058.250
2025-02-06,1057.250,1066.500,1049.750,1061.250
2025-02-07,1061.250,1063.750,1047.500,1048.250
2025-02-10,1048.250,1052.250,1043.000,1049.000
2025-02-11,1064.500,1072.750,1058.250,1060.250
2025-02-12,1060.250,1063.750,1042.000,1045.750
2025-02-13,1046.000,1050.000,1041.250,1046.750
2025-02-14,1047.000,1062.500,1046.500,1053.000
2025-02-18,1053.000,1058.250,1042.500,1054.750
2025-02-19,1054.750,1064.000,1045.750,1048.750
2025-02-20,1049.000,1063.500,1048.250,1061.500
2025-02-21,1060.750,1066.750,1054.500,1057.000
2025-02-24,1057.000,1061.000,1045.750,1047.750
2025-02-25,1047.750,1053.250,1037.250,1049.000
2025-02-26,1049.000,1050.000,1037.750,1041.250
2025-02-27,1041.250,1051.250,1035.000,1038.250
2025-02-28,1038.250,1045.750,1025.000,1025.000
2025-03-03,1025.000,1031.250,1008.000,1010.500
2025-03-04,1010.500,1013.000,991.000,1001.750
2025-03-05,1001.750,1015.000,995.750,1012.250
2025-03-06,1012.250,1036.500,1013.750,1027.750
2025-03-07,1027.750,1031.500,1021.000,1025.000
2025-03-10,1025.000,1032.500,1012.250,1013.250
2025-03-11,1013.250,1021.250,1009.750,1009.750
2025-03-12,1009.750,1014.000,994.000,1001.500
2025-03-13,1001.500,1018.000,999.500,1009.000
2025-03-14,1009.000,1018.000,1005.500,1016.750
2025-03-17,1016.750,1021.750,1010.250,1015.000
2025-03-18,1015.000,1021.750,1011.250,1012.250
2025-03-19,1012.250,1016.000,1006.500,1008.250
2025-03-20,1008.250,1014.500,1004.000,1013.500
2025-03-21,1013.500,1016.750,1004.250,1009.750
2025-03-24,1009.750,1011.500,1003.250,1006.500
2025-03-25,1006.500,1007.750,998.250,1002.250
2025-03-26,1002.250,1008.750,997.500,1000.750
2025-03-27,1000.750,1017.750,999.750,1015.500
2025-03-28,1015.500,1023.500,1009.000,1022.250
2025-03-31,1022.250,1031.500,1013.250,1014.000
2025-04-01,1014.000,1034.750,1010.500,1032.250
2025-04-02,1032.250,1033.000,1024.500,1029.000
2025-04-03,1029.000,1020.250,1005.250,1012.000
2025-04-04,1012.000,1012.750,970.250,976.750
2025-04-07,976.750,993.500,969.500,984.000
2025-04-08,984.000,1002.250,982.500,992.250
2025-04-09,992.250,1015.500,987.500,1012.500
2025-04-10,1012.500,1038.000,1020.750,1035.500
2025-04-11,1035.500,1054.000,1029.000,1053.250
2025-04-14,1053.250,1059.000,1046.500,1049.750
2025-04-15,1049.750,1049.750,1039.750,1045.750
2025-04-16,1045.750,1057.250,1037.500,1049.000
2025-04-17,1049.000,1056.500,1043.000,1046.750
2025-04-21,1047.000,1054.750,1040.750,1041.250
2025-04-22,1041.250,1051.500,1041.000,1046.000
2025-04-23,1046.000,1057.500,1045.250,1051.000
2025-04-24,1051.000,1063.500,1048.000,1063.000
2025-04-25,1063.000,1067.500,1056.500,1058.750
2025-04-28,1058.750,1064.000,1051.500,1061.250
2025-04-29,1061.250,1063.250,1045.750,1052.500
2025-04-30,1052.500,1054.500,1038.500,1043.750
2025-05-01,1043.750,1054.500,1036.750,1050.250
2025-05-02,1050.250,1062.000,1050.000,1058.000
2025-05-05,1058.000,1057.000,1044.250,1046.000
2025-05-06,1046.000,1046.750,1036.500,1040.500
2025-05-07,1040.500,1056.000,1038.250,1039.000
2025-05-08,1039.000,1048.000,1036.500,1044.500
2025-05-09,1044.500,1058.250,1040.500,1052.250
2025-05-12,1052.250,1074.750,1052.500,1070.000
2025-05-13,1070.000,1076.250,1053.250,1075.000
2025-05-14,1075.000,1082.000,1071.500,1076.000
2025-05-15,1076.000,1073.250,1046.000,1053.250
2025-05-16,1053.250,1059.750,1047.250,1050.750
2025-05-19,1050.750,1056.000,1045.750,1051.000
2025-05-20,1051.000,1056.750,1046.250,1053.750
2025-05-21,1053.750,1067.500,1052.750,1061.500
2025-05-22,1061.500,1070.750,1051.000,1067.750
2025-05-23,1067.750,1073.250,1055.500,1060.250
2025-05-27,1060.250,1067.750,1059.000,1061.750
2025-05-28,1061.750,1064.250,1047.500,1048.250
2025-05-29,1048.250,1055.750,1040.000,1050.750
2025-05-30,1050.750,1050.500,1040.250,1042.250
2025-06-02,1042.250,1042.750,1032.500,1034.250
2025-06-03,1034.250,1044.000,1032.750,1040.750
2025-06-04,1040.750,1053.000,1037.750,1044.500
2025-06-05,1044.500,1056.750,1040.000,1050.500
2025-06-06,1050.500,1060.500,1047.000,1057.500
2025-06-09,1057.500,1061.750,1053.500,1055.250
2025-06-10,1055.250,1063.750,1055.750,1057.750
2025-06-11,1057.750,1062.750,1049.250,1049.500
2025-06-12,1049.500,1038.000,1022.000,1026.750
2025-06-13,1026.750,1055.500,1025.000,1053.750
2025-06-16,1053.750,1065.000,1052.250,1060.500
2025-06-17,1060.500,1068.750,1056.000,1067.500
2025-06-18,1067.500,1071.750,1063.750,1066.250
2025-06-20,1066.250,1074.250,1059.500,1060.500
2025-06-23,1060.500,1067.750,1044.000,1046.250
2025-06-24,1046.250,1049.750,1036.500,1036.750
2025-06-25,1036.750,1041.750,1017.000,1018.250
2025-06-26,1018.250,1023.000,1014.250,1016.250
2025-06-27,1016.250,1032.000,1013.250,1025.250
2025-06-30,1025.250,1038.250,1018.500,1027.000
2025-07-01,1027.000,1029.250,1014.000,1027.500
2025-07-02,1027.500,1048.500,1024.750,1047.500
2025-07-03,1047.500,1058.500,1044.250,1047.750
2025-07-07,1047.750,1039.500,1017.500,1020.750
2025-07-08,1020.750,1024.000,1014.000,1017.500
2025-07-09,1017.500,1021.000,1007.000,1007.250
2025-07-10,1007.250,1015.000,1002.250,1013.750
2025-07-11,1013.750,1017.000,1003.500,1007.250
2025-07-14,1007.250,1014.500,998.250,1007.000
2025-07-15,1007.000,1010.000,1000.000,1002.250
2025-07-16,1002.250,1021.750,1002.500,1019.500
2025-07-17,1019.500,1029.000,1016.000,1027.000
2025-07-18,1027.000,1043.250,1026.000,1035.000
2025-07-21,1035.000,1034.250,1020.500,1026.500
2025-07-22,1026.500,1030.000,1020.250,1026.000
2025-07-23,1026.000,1035.500,1021.750,1022.500
2025-07-24,1022.500,1028.750,1019.250,1024.750
2025-07-25,1024.750,1028.250,1016.750,1021.250
2025-07-28,1021.250,1018.250,1010.500,1011.500
2025-07-29,1011.500,1013.750,1004.500,1008.250
2025-07-30,1008.250,1012.250,995.250,995.750
2025-07-31,995.750,1000.750,987.500,990.250
2025-08-01,990.250,994.500,986.000,988.000
2025-08-04,988.000,996.750,986.000,994.500
2025-08-05,994.500,1002.250,989.500,990.250
2025-08-06,990.250,995.250,981.250,985.000
2025-08-07,985.000,994.750,983.000,994.500
2025-08-08,994.500,998.000,986.000,986.500
2025-08-11,986.500,1015.000,984.500,1010.250
2025-08-12,1010.250,1035.000,994.000,1032.000
2025-08-13,1032.000,1047.250,1028.000,1042.000
2025-08-14,1042.000,1049.250,1027.750,1031.000
2025-08-15,1031.000,1043.750,1026.750,1042.500
2025-08-18,1042.500,1047.750,1034.500,1040.250
2025-08-19,1040.250,1046.000,1030.500,1033.000
2025-08-20,1033.000,1040.500,1031.250,1035.250
2025-08-21,1035.250,1056.750,1032.250,1055.000
2025-08-22,1055.000,1062.750,1052.000,1058.000
2025-08-25,1058.000,1061.750,1046.000,1047.750
2025-08-26,1047.750,1055.750,1041.750,1048.750
2025-08-27,1048.750,1054.000,1044.250,1048.000
2025-08-28,1048.000,1049.250,1039.750,1048.000
2025-08-29,1048.000,1055.000,1042.000,1053.000
2025-09-02,1053.000,1053.000,1036.250,1039.750
2025-09-03,1039.750,1047.750,1030.750,1031.500
2025-09-04,1031.500,1034.250,1021.500,1033.250
2025-09-05,1033.250,1037.250,1025.750,1026.500
2025-09-08,1026.750,1035.000,1023.500,1034.000
2025-09-09,1034.000,1036.000,1029.250,1030.500
2025-09-10,1030.500,1032.000,1024.000,1024.500
2025-09-11,1024.500,1035.750,1022.750,1033.750
2025-09-12,1033.750,1049.000,1028.000,1045.250
2025-09-15,1045.250,1051.250,1039.750,1043.000
2025-09-16,1043.000,1052.500,1041.750,1048.750
2025-09-17,1048.750,1052.750,1042.000,1043.750
2025-09-18,1043.750,1044.500,1035.250,1038.750
2025-09-19,1038.750,1047.750,1024.000,1026.000
2025-09-22,1026.000,1025.000,1006.250,1011.000
2025-09-23,1011.000,1015.500,1005.000,1012.250
2025-09-24,1012.250,1020.250,1005.750,1008.250
2025-09-25,1008.250,1017.000,1006.500,1011.750
2025-09-26,1011.750,1015.750,1008.750,1014.000
2025-09-29,1014.000,1013.750,1006.000,1009.250
2025-09-30,1009.250,1009.250,1000.500,1000.500
2025-10-01,1000.500,1020.000,993.750,1014.750
2025-10-02,1014.750,1025.500,1008.250,1022.000
2025-10-03,1022.000,1028.750,1016.500,1017.000
2025-10-06,1017.000,1023.250,1014.000,1017.500
2025-10-07,1017.500,1025.500,1016.000,1021.250
2025-10-08,1021.250,1030.000,1020.000,1029.500
2025-10-09,1029.500,1030.000,1020.750,1021.500
2025-10-10,1021.500,1024.750,1002.500,1007.000
2025-10-13,1007.000,1013.000,1003.000,1008.000
2025-10-14,1008.000,1009.750,1001.000,1006.250
2025-10-15,1006.250,1011.750,1002.000,1006.750
2025-10-16,1006.750,1019.750,1006.000,1011.500
2025-10-17,1011.500,1038.500,1028.000,1037.750
2025-10-20,1037.750,1051.500,1037.000,1050.500
2025-10-21,1050.500,1056.500,1046.000,1048.000
2025-10-22,1048.000,1054.250,1044.500,1049.750
2025-10-23,1049.750,1062.250,1049.750,1061.250
2025-10-24,1061.250,1063.000,1058.750,1060.250
2025-10-27,1060.250,1090.000,1070.250,1083.250
2025-10-28,1083.250,1108.000,1083.000,1093.250
2025-10-29,1093.250,1098.000,1085.250,1093.250
2025-10-30,1093.250,1114.500,1070.500,1106.500
2025-10-31,1106.500,1115.750,1101.000,1115.000
2025-11-03,1115.000,1135.750,1114.000,1134.250
2025-11-04,1134.250,1135.000,1112.500,1120.250
2025-11-05,1120.250,1137.000,1116.250,1134.500
2025-11-06,1134.500,1133.250,1103.500,1108.000
2025-11-07,1108.000,1118.250,1108.000,1117.000
2025-11-10,1117.000,1132.000,1118.500,1127.250
2025-11-11,1127.250,1130.250,1119.250,1126.500
2025-11-12,1126.500,1134.500,1122.000,1134.000
2025-11-13,1134.000,1150.500,1129.750,1146.000
2025-11-14,1146.000,1152.250,1122.500,1122.500
2025-11-17,1122.500,1160.250,1114.250,1157.500
2025-11-18,1157.500,1169.500,1147.750,1150.500
2025-11-19,1150.500,1152.500,1135.000,1135.000
2025-11-20,1135.000,1142.750,1121.500,1123.250
2025-11-21,1123.250,1127.500,1113.250,1126.250
2025-11-24,1126.250,1131.000,1116.250,1121.000
2025-11-25,1121.000,1128.750,1117.250,1123.750
2025-11-26,1123.750,1135.250,1122.750,1132.250
2025-11-28,1132.000,1138.750,1129.750,1137.250
2025-12-01,1137.250,1142.250,1127.000,1127.250
2025-12-02,1127.250,1135.750,1123.250,1123.750
2025-12-03,1123.750,1130.750,1115.500,1116.000
2025-12-04,1116.000,1124.500,1114.000,1119.500
2025-12-05,1119.500,1121.000,1104.500,1105.250
2025-12-08,1105.250,1107.500,1092.250,1093.500
2025-12-09,1093.500,1094.750,1084.500,1087.500
2025-12-10,1087.500,1102.750,1093.500,1101.250
2025-12-11,1101.250,1105.250,1095.000,1103.000
2025-12-12,1103.000,1104.250,1086.000,1086.000
2025-12-15,1086.000,1088.250,1076.750,1082.250
2025-12-16,1082.250,1086.000,1069.250,1072.250
2025-12-17,1072.250,1076.750,1064.250,1069.000
2025-12-18,1069.000,1071.750,1060.750,1061.000
2025-12-19,1061.000,1064.500,1057.250,1059.250
2025-12-22,1059.250,1066.750,1059.000,1063.750
2025-12-23,1063.750,1069.750,1062.500,1062.500
2025-12-24,1062.500,1077.750,1063.000,1075.750
2025-12-26,1080.500,1082.500,1070.750,1071.250
2025-12-29,1071.250,1077.500,1063.000,1063.500
2025-12-30,1063.500,1067.750,1060.750,1060.750
2025-12-31,1060.750,1064.000,1047.000,1047.250
2026-01-02,1047.250,1047.000,1038.000,1046.000
2026-01-05,1046.000,1063.250,1045.500,1062.000
2026-01-06,1062.000,1068.750,1055.500,1056.500
2026-01-07,1056.500,1070.500,1056.500,1066.000
2026-01-08,1066.000,1067.750,1060.750,1061.250
2026-01-09,1061.250,1069.000,1061.500,1062.750
2026-01-12,1062.750,1071.250,1043.250,1050.500
2026-01-13,1050.500,1052.250,1037.750,1038.750
2026-01-14,1038.750,1049.250,1039.000,1042.250
2026-01-15,1042.250,1058.250,1041.500,1052.250
2026-01-16,1052.250,1059.000,1047.750,1056.250
2026-01-20,1056.250,1061.750,1052.000,1052.750
2026-01-21,1052.750,1069.250,1053.000,1064.750
2026-01-22,1064.750,1072.500,1060.500,1063.750
2026-01-23,1063.750,1071.500,1061.250,1067.500
2026-01-26,1067.500,1076.250,1059.750,1060.000
2026-01-27,1060.000,1069.500,1058.500,1067.250
2026-01-28,1067.250,1084.750,1067.000,1074.750
2026-01-29,1074.750,1085.500,1069.000,1072.000
2026-01-30,1072.000,1074.000,1061.000,1064.250
2026-02-02,1064.250,1064.000,1051.750,1059.750
2026-02-03,1059.750,1071.000,1060.000,1066.750
2026-02-04,1066.750,1115.250,1059.500,1092.000
2026-02-05,1092.000,1113.250,1086.750,1110.500
2026-02-06,1110.500,1137.750,1102.000,1114.750
2026-02-09,1114.750,1116.250,1106.000,1109.750
2026-02-10,1109.750,1124.000,1106.250,1123.250
2026-02-11,1123.250,1143.250,1128.250,1139.000
2026-02-12,1139.000,1156.250,1143.250,1151.250
2026-02-13,1151.250,1155.250,1137.750,1149.500
2026-02-17,1149.500,1153.750,1141.000,1149.500
2026-02-18,1149.500,1159.000,1143.250,1147.500
2026-02-19,1148.000,1157.000,1144.750,1156.250
2026-02-20,1156.250,1163.000,1136.500,1153.500
2026-02-23,1153.500,1165.000,1143.000,1150.250
2026-02-24,1150.250,1157.750,1143.500,1154.250
2026-02-25,1154.250,1166.000,1148.250,1164.750
2026-02-26,1164.500,1172.750,1145.750,1162.750
2026-02-27,1162.750,1175.000,1160.500,1169.750
2026-03-02,1169.750,1185.000,1157.500,1161.750
2026-03-03,1162.500,1183.000,1160.500,1171.250
2026-03-04,1171.000,1175.750,1165.000,1166.250
2026-03-05,1168.250,1181.000,1166.500,1179.000
2026-03-06,1179.000,1202.750,1177.000,1201.500
2026-03-09,1201.500,1233.750,1193.000,1196.000
2026-03-10,1196.000,1207.500,1177.750,1203.250
2026-03-11,1203.250,1227.750,1203.500,1214.250
2026-03-12,1220.000,1238.750,1216.000,1225.750
2026-03-13,1229.000,1229.750,1209.250,1223.750
2026-03-16,1223.750,1214.000,1155.250,1155.000
2026-03-17,1155.000,1170.500,1145.250,1156.500
2026-03-18,1156.500,1165.250,1148.000,1163.500
2026-03-19,1165.000,1173.500,1157.000,1168.500
2026-03-20,1166.000,1176.000,1159.500,1160.500
2026-03-23,1160.500,1171.500,1152.500,1164.250
2026-03-24,1164.250,1166.750,1153.750,1154.000
2026-03-25,1153.500,1176.750,1151.500,1173.500
2026-03-26,1173.500,1179.750,1167.000,1171.000
2026-03-27,1172.000,1178.750,1155.750,1159.000
2026-03-30,1159.000,1170.000,1158.250,1158.750
2026-03-31,1158.750,1177.750,1156.000,1172.250
2026-04-01,1171.500,1174.750,1153.000,1166.750
2026-04-02,1167.250,1174.250,1162.000,1162.500
2026-04-06,1162.500,1169.750,1158.750,1164.750
2026-04-07,1164.750,1170.500,1155.250,1157.500
2026-04-08,1157.500,1163.000,1140.500,1161.250
2026-04-09,1178.000,1186.000,1176.000,1179.500
2026-04-10,1182.250,1194.500,1180.500,1189.500
2026-04-13,1189.500,1199.000,1175.000,1175.500
2026-04-14,1175.500,1183.000,1170.250,1170.500
2026-04-15,1171.000,1186.250,1171.000,1181.500
2026-04-16,1181.250,1186.500,1178.750,1178.750
2026-04-17,1179.000,1183.500,1168.000,1181.250
2026-04-20,1181.250,1187.250,1177.000,1180.750
2026-04-21,1180.750,1194.750,1180.750,1190.250
2026-04-22,1190.250,1201.250,1178.000,1179.000
2026-04-23,1180.250,1183.750,1172.500,1174.750
2026-04-24,1175.000,1179.250,1171.250,1176.750
2026-04-27,1176.750,1194.500,1176.750,1190.750
2026-04-28,1190.750,1192.750,1182.250,1190.250
2026-04-29,1190.250,1198.250,1187.000,1197.750
2026-04-30,1197.750,1206.250,1189.500,1195.000
2026-05-01,1195.500,1205.000,1193.750,1201.500
2026-05-04,1203.000,1226.250,1202.250,1222.250
2026-05-05,1222.000,1226.000,1210.000,1210.250
2026-05-06,1211.500,1214.750,1189.750,1194.000
2026-05-07,1195.000,1196.750,1182.500,1190.750
2026-05-08,1190.750,1210.250,1189.500,1205.750
2026-05-11,1205.750,1222.500,1207.000,1210.750
2026-05-12,1210.750,1232.750,1211.250,1225.000
2026-05-13,1225.000,1235.000,1222.000,1226.750
2026-05-14,1226.750,1227.750,1181.500,1193.500
2026-05-15,1193.750,1202.000,1172.250,1177.000
2026-05-18,1177.000,1218.500,1191.000,1212.000
2026-05-19,1213.000,1220.750,1208.000,1210.000
2026-05-20,1210.000,1212.000,1196.000,1199.000
2026-05-21,1199.000,1204.000,1191.000,1193.500
2026-05-22,1193.750,1201.500,1190.500,1197.000
2026-05-26,1197.000,1193.500,1184.500,1185.500
2026-05-27,1185.500,1191.250,1179.750,1185.500
2026-05-28,1186.000,1196.000,1185.000,1195.500
2026-05-29,1198.000,1200.750,1182.750,1186.500
2026-06-01,1186.750,1194.500,1177.750,1181.250
2026-06-02,1181.250,1182.750,1163.000,1164.250
2026-06-03,1167.500,1172.750,1152.500,1153.250
2026-06-04,1153.250,1155.250,1120.500,1128.750
2026-06-05,1130.250,1132.250,1117.500,1122.250
2026-06-08,1122.250,1125.250,1111.250,1116.500
2026-06-09,1135.500,1137.500,1129.750,1131.250
2026-06-10,1130.750,1143.500,1130.750,1139.000
2026-06-11,1139.000,1142.500,1126.500,1134.250
2026-06-12,1134.000,1137.250,1127.750,1132.500
2026-06-15,1132.500,1136.500,1121.750,1134.250
2026-06-16,1134.250,1156.500,1124.000,1145.500
2026-06-17,1146.000,1158.250,1144.500,1150.500
2026-06-18,1150.500,1152.750,1138.000,1141.750
2026-06-22,1141.750,1149.750,1140.500,1141.250
2026-06-23,1141.250,1149.500,1139.500,1141.250
2026-06-24,1141.250,1146.000,1133.250,1134.000
2026-06-25,1134.000,1160.250,1130.000,1157.500
2026-06-26,1157.500,1158.750,1148.000,1154.750
2026-06-29,1155.000,1155.250,1137.000,1137.500
2026-06-30,1137.500,1156.500,1124.750,1143.250
2026-07-01,1143.250,1161.250,1139.250,1149.250
2026-07-02,1148.000,1158.000,1146.250,1146.500
2026-07-06,1146.750,1197.000,1153.000,1190.750
2026-07-07,1190.750,1198.750,1186.750,1196.500
2026-07-08,1196.500,1204.000,1188.000,1188.250
2026-07-09,1188.250,1194.250,1178.000,1179.750
2026-07-10,1182.500,1199.000,1172.750,1189.500
2026-07-13,1189.500,1207.250,1191.250,1193.500
2026-07-14,1191.500,1194.000,1185.500,1190.500
2026-07-15,1191.000,1203.250,1184.750,1201.250
2026-07-16,1201.250,1206.750,1193.750,1193.750
2026-07-17,1194.750,1204.000,1186.500,1202.500
2026-07-20,1202.500,1232.000,1207.500,1225.000
2026-07-21,1225.000,1230.250,1217.250,1222.000
2026-07-22,1222.500,1240.750,1217.750,1238.250
2026-07-23,1237.000,1249.500,1235.500,1240.750
2026-07-24,1242.000,1256.500,1238.000,1252.500
2026-07-27,1252.500,1250.000,1211.000,1211.250
2026-07-28,1215.500,1225.000,1206.250,1219.500
2026-07-29,1222.500,1225.000,1190.000,1191.250
2026-07-30,1191.250,1198.500,1184.250,1188.000
2026-07-31,1188.000,1196.000,1180.500,1188.000
2026-08-03,1188.000,1209.000,1189.500,1206.500
2026-08-04,1208.500,1209.750,1185.250,1192.500
2026-08-05,1192.250,1196.000,1182.750,1191.750
2026-08-06,1190.000,1194.000,1185.750,1192.000
2026-08-07,1192.500,1199.750,1190.500,1190.750
2026-08-10,1191.750,1200.000,1190.000,1195.500
2026-08-11,1196.500,1197.750,1180.750,1183.000
2026-08-12,1183.750,1214.000,1183.000,1198.750
2026-08-13,1198.750,1203.500,1194.500,1198.250
2026-08-14,1198.750,1208.000,1198.000,1205.750
2026-08-17,1205.750,1188.000,1167.500,1183.750
2026-08-18,1215.750,1231.750,1213.000,1215.000
2026-08-19,1215.000,1239.500,1214.000,1236.000
2026-08-20,1236.000,1244.500,1234.500,1235.750
2026-08-21,1235.500,1240.500,1224.500,1240.000
2026-08-24,1240.000,1239.500,1218.250,1225.250
2026-08-25,1223.000,1239.000,1216.250,1238.750
2026-08-26,1238.750,1270.000,1232.000,1261.500
2026-08-27,1261.500,1272.000,1250.750,1263.500
2026-08-28,1263.500,1290.000,1269.250,1287.500
2026-08-31,1287.500,1294.500,1277.250,1287.500
2026-09-01,1287.500,1320.500,1290.000,1318.500
2026-09-02,1318.500,1324.000,1300.000,1308.750
2026-09-03,1308.750,1319.000,1290.250,1314.500
2026-09-04,1314.500,1320.750,1305.750,1310.000
2026-09-08,1310.000,1321.250,1304.000,1316.750
2026-09-09,1316.750,1320.750,1305.500,1308.750
2026-09-10,1309.500,1333.500,1305.000,1331.750
2026-09-11,1331.750,1335.250,1293.000,1298.750
2026-09-14,1298.750,1309.750,1292.000,1304.500
2026-09-15,1304.500,1319.500,1294.250,1319.000
2026-09-16,1318.000,1332.250,1313.500,1321.500
2026-09-17,1319.500,1331.750,1312.000,1319.250
2026-09-18,1319.250,1322.000,1300.000,1302.750
2026-09-21,1304.000,1328.500,1303.500,1326.750
2026-09-22,1327.000,1331.500,1318.500,1325.000
2026-09-23,1325.000,1327.250,1311.000,1317.250
2026-09-24,1317.250,1327.750,1310.000,1316.000
