time,open,high,low,close
2016-09-26,301.800,304.200,296.800,297.800
2016-09-27,298.000,299.900,294.100,299.700
2016-09-28,299.300,304.300,298.100,299.400
2016-09-29,299.600,302.900,297.300,298.500
2016-09-30,298.200,301.300,295.400,300.100
2016-10-03,299.600,309.800,299.200,309.000
2016-10-04,307.800,310.900,305.800,306.300
2016-10-05,306.800,309.800,304.200,304.900
2016-10-06,305.300,305.500,298.100,303.600
2016-10-07,303.200,309.000,299.700,300.500
2016-10-10,300.100,302.200,297.700,297.700
2016-10-11,297.600,302.000,297.500,301.100
2016-10-12,300.200,306.500,296.200,296.600
2016-10-13,296.800,303.300,295.300,301.700
2016-10-14,301.600,306.000,300.300,300.700
2016-10-17,300.100,304.100,300.000,303.500
2016-10-18,303.400,308.900,302.300,303.100
2016-10-19,302.100,306.800,302.000,306.500
2016-10-20,306.300,311.900,303.900,304.900
2016-10-21,305.000,307.600,304.600,307.200
2016-10-24,307.200,310.500,305.600,307.200
2016-10-25,306.700,310.900,304.000,308.100
2016-10-26,308.000,319.900,307.600,319.200
2016-10-27,319.100,328.800,317.700,326.600
2016-10-28,327.100,328.600,316.000,318.000
2016-10-31,316.700,320.300,313.000,316.600
2016-11-01,316.400,317.000,309.100,309.500
2016-11-02,309.500,311.300,305.700,306.800
2016-11-03,306.700,309.600,305.400,306.800
2016-11-04,306.600,309.900,304.800,309.000
2016-11-07,309.000,313.400,309.000,312.100
2016-11-08,312.100,319.200,311.500,315.000
2016-11-09,315.000,319.300,307.900,311.900
2016-11-10,311.900,319.100,310.600,312.900
2016-11-11,312.900,316.600,305.400,308.600
2016-11-14,308.600,311.300,305.100,310.300
2016-11-15,310.300,311.500,307.300,310.700
2016-11-16,313.000,314.100,309.900,310.800
2016-11-17,310.800,314.700,309.400,314.000
2016-11-18,314.000,314.000,311.000,312.800
2016-11-21,312.800,322.900,312.800,322.800
2016-11-22,322.800,328.300,320.900,327.900
2016-11-23,327.900,328.500,316.000,318.600
2016-11-24,318.600,318.600,318.600,318.600
2016-11-25,318.600,323.400,317.200,323.100
2016-11-28,323.100,329.300,321.100,327.900
2016-11-29,327.900,328.500,323.000,324.800
2016-11-30,324.800,327.100,318.000,318.400
2016-12-01,318.400,320.700,311.000,313.500
2016-12-02,313.500,318.100,312.200,312.900
2016-12-05,312.900,323.900,312.900,319.200
2016-12-06,319.200,328.000,318.100,321.900
2016-12-07,321.900,323.100,317.000,320.900
2016-12-08,320.900,320.900,312.600,312.600
2016-12-09,312.600,320.600,312.000,319.800
2016-12-12,319.800,321.200,313.800,316.700
2016-12-13,316.700,318.800,314.200,314.700
2016-12-14,314.700,315.600,312.100,313.500
2016-12-15,313.500,317.000,311.500,314.300
2016-12-16,318.800,321.800,317.300,321.200
2016-12-19,321.200,321.200,316.200,316.800
2016-12-20,316.800,316.900,311.700,312.800
2016-12-21,312.800,315.300,312.100,313.300
2016-12-22,313.300,315.000,311.900,313.300
2016-12-23,313.300,314.000,311.000,311.600
2016-12-26,311.600,311.600,311.600,311.600
2016-12-27,311.600,321.900,311.600,321.300
2016-12-28,321.300,324.200,319.000,320.100
2016-12-29,320.100,323.900,318.100,318.500
2016-12-30,318.500,321.600,313.500,316.700
2017-01-02,316.700,316.700,316.700,316.700
2017-01-03,316.700,318.700,312.000,312.300
2017-01-04,312.300,319.300,311.800,318.800
2017-01-05,318.800,318.800,315.900,318.400
2017-01-06,318.400,318.900,310.700,311.500
2017-01-09,311.500,314.600,310.800,313.900
2017-01-10,313.900,318.000,311.500,317.400
2017-01-11,317.400,318.200,312.200,314.300
2017-01-12,314.300,328.600,313.600,327.700
2017-01-13,327.700,336.800,325.000,333.400
2017-01-16,333.400,333.400,333.400,333.400
2017-01-17,333.400,352.400,333.400,348.900
2017-01-18,348.900,353.700,344.300,350.500
2017-01-19,350.500,351.200,345.200,348.000
2017-01-20,348.000,351.000,344.600,349.000
2017-01-23,349.000,349.500,341.500,344.100
2017-01-24,344.100,346.000,339.200,342.900
2017-01-25,342.900,344.400,340.100,343.800
2017-01-26,343.800,344.300,340.600,342.100
2017-01-27,342.100,343.800,340.200,342.800
2017-01-30,342.800,342.800,332.500,334.200
2017-01-31,334.200,335.700,332.600,334.600
2017-02-01,334.600,336.200,331.000,335.900
2017-02-02,336.100,337.700,332.500,333.500
2017-02-03,333.500,336.000,331.200,331.500
2017-02-06,331.500,336.800,331.000,333.500
2017-02-07,333.500,336.400,330.500,335.200
2017-02-08,335.200,341.500,334.900,341.300
2017-02-09,341.300,341.600,335.900,338.400
2017-02-10,338.400,343.900,337.200,342.000
2017-02-13,342.000,345.500,340.500,343.500
2017-02-14,343.500,343.800,338.800,339.700
2017-02-15,339.700,347.200,336.900,346.500
2017-02-16,350.600,354.500,345.400,346.000
2017-02-17,346.000,346.800,342.600,344.900
2017-02-20,344.900,344.900,344.900,344.900
2017-02-21,344.400,347.500,341.300,341.800
2017-02-22,341.800,342.400,339.000,339.000
2017-02-23,339.000,341.300,334.600,336.000
2017-02-24,336.000,336.600,332.800,336.000
2017-02-27,336.000,338.400,334.400,336.600
2017-02-28,336.600,343.400,335.100,335.900
2017-03-01,335.900,339.500,335.900,339.500
2017-03-02,339.500,339.800,331.500,334.500
2017-03-03,334.500,335.100,330.500,332.600
2017-03-06,332.600,339.200,332.500,334.100
2017-03-07,334.000,336.000,329.300,331.800
2017-03-08,331.800,332.400,328.700,331.100
2017-03-09,331.100,331.400,325.900,328.200
2017-03-10,328.200,329.100,325.700,329.100
2017-03-13,328.700,331.400,327.900,331.200
2017-03-14,331.200,331.700,326.100,327.100
2017-03-15,327.100,329.200,326.500,327.200
2017-03-16,328.000,331.300,327.100,329.400
2017-03-17,329.300,329.900,326.500,328.400
2017-03-20,329.000,330.800,326.400,326.500
2017-03-21,326.600,328.300,323.600,325.800
2017-03-22,325.300,325.700,323.100,323.100
2017-03-23,323.300,324.400,320.500,320.500
2017-03-24,320.900,320.900,316.600,318.400
2017-03-27,318.500,319.200,315.200,315.400
2017-03-28,315.600,317.400,314.800,314.900
2017-03-29,315.200,317.400,314.700,316.100
2017-03-30,315.800,316.600,314.300,314.700
2017-03-31,314.800,316.300,307.200,308.100
2017-04-03,308.100,309.600,307.000,308.100
2017-04-04,307.400,310.500,307.200,308.400
2017-04-05,308.100,311.300,308.000,309.800
2017-04-06,309.700,311.100,308.200,308.300
2017-04-07,308.000,309.900,306.700,307.400
2017-04-10,307.900,311.500,307.900,308.800
2017-04-11,309.000,310.700,305.500,310.300
2017-04-12,310.200,313.800,309.600,313.100
2017-04-13,312.200,318.500,312.200,318.100
2017-04-14,318.100,318.100,318.100,318.100
2017-04-17,322.400,323.600,316.600,317.300
2017-04-18,317.300,318.300,314.300,316.200
2017-04-19,316.200,319.000,314.600,315.500
2017-04-20,315.000,317.200,311.500,311.900
2017-04-21,311.800,314.900,311.400,313.900
2017-04-24,313.600,321.000,313.500,320.000
2017-04-25,319.700,321.500,317.200,318.200
2017-04-26,317.900,319.200,313.000,313.400
2017-04-27,313.700,316.200,312.800,314.500
2017-04-28,314.400,316.700,313.500,315.200
2017-05-01,316.000,321.300,315.600,318.400
2017-05-02,318.600,321.300,313.000,315.100
2017-05-03,314.900,319.700,314.000,318.300
2017-05-04,318.700,319.200,315.700,318.700
2017-05-05,318.300,320.500,316.300,317.100
2017-05-08,316.100,316.400,312.700,313.300
2017-05-09,313.900,319.200,313.100,318.300
2017-05-10,318.500,325.700,315.800,317.600
2017-05-11,318.000,318.900,313.900,314.300
2017-05-12,314.800,315.000,313.200,313.500
2017-05-15,313.500,316.800,312.300,312.400
2017-05-16,312.600,317.500,311.600,316.900
2017-05-17,317.000,317.900,314.400,315.300
2017-05-18,314.300,314.500,307.100,307.300
2017-05-19,307.300,310.800,306.900,307.300
2017-05-22,307.300,309.200,307.200,307.900
2017-05-23,307.700,308.900,306.000,306.600
2017-05-24,306.500,307.800,305.400,306.200
2017-05-25,306.400,307.500,304.500,304.500
2017-05-26,304.800,305.100,301.300,301.300
2017-05-29,301.300,301.300,301.300,301.300
2017-05-30,302.000,302.800,297.300,297.500
2017-05-31,298.800,299.800,296.600,298.300
2017-06-01,298.100,299.600,297.100,298.000
2017-06-02,297.400,303.300,296.700,302.500
2017-06-05,303.100,304.400,300.200,300.200
2017-06-06,300.300,305.400,300.300,301.600
2017-06-07,301.600,306.800,301.500,304.700
2017-06-08,305.400,309.800,305.000,306.400
2017-06-09,305.800,309.200,303.500,305.800
2017-06-12,305.500,305.900,301.100,302.000
2017-06-13,302.900,306.400,301.300,301.500
2017-06-14,301.300,304.200,301.300,302.100
2017-06-15,301.800,302.600,298.600,301.100
2017-06-16,303.300,305.200,301.200,303.100
2017-06-19,301.400,306.000,300.700,303.400
2017-06-20,303.100,304.100,301.400,303.300
2017-06-21,303.000,304.100,299.200,299.900
2017-06-22,300.200,300.200,295.000,296.000
2017-06-23,294.600,295.700,292.000,293.700
2017-06-26,293.100,295.800,292.400,293.800
2017-06-27,294.300,296.200,293.500,294.100
2017-06-28,294.100,295.700,294.000,294.500
2017-06-29,295.200,298.400,294.000,294.300
2017-06-30,294.500,305.800,293.800,303.700
2017-07-03,309.400,317.800,309.300,314.600
2017-07-04,314.600,314.600,314.600,314.600
2017-07-05,314.600,320.600,314.600,319.300
2017-07-06,320.300,322.300,316.000,322.000
2017-07-07,322.600,331.100,321.700,329.100
2017-07-10,333.400,340.500,333.400,338.200
2017-07-11,339.300,341.400,333.000,338.100
2017-07-12,337.800,339.900,331.600,336.200
2017-07-13,333.700,334.600,317.200,317.600
2017-07-14,318.400,324.700,317.300,323.100
2017-07-17,323.700,324.800,319.900,321.800
2017-07-18,326.400,328.000,321.900,323.700
2017-07-19,324.100,327.600,321.800,326.100
2017-07-20,326.500,332.500,324.800,331.400
2017-07-21,330.000,331.100,326.700,329.100
2017-07-24,326.000,326.500,321.800,325.600
2017-07-25,330.600,334.100,318.000,318.400
2017-07-26,317.900,321.300,314.400,320.400
2017-07-27,320.000,323.900,318.800,322.200
2017-07-28,321.900,324.900,320.700,320.800
2017-07-31,318.000,319.400,314.900,318.200
2017-08-01,317.000,318.000,309.600,309.900
2017-08-02,310.700,313.200,309.200,310.500
2017-08-03,310.500,310.800,305.900,308.600
2017-08-04,308.000,309.000,305.000,305.400
2017-08-07,307.600,311.600,306.900,309.300
2017-08-08,310.600,313.500,309.200,309.200
2017-08-09,309.400,310.300,307.300,308.000
2017-08-10,308.300,312.400,295.500,297.400
2017-08-11,296.700,300.000,295.700,300.000
2017-08-14,297.000,299.200,295.600,298.700
2017-08-15,298.800,299.300,295.200,295.700
2017-08-16,295.600,296.300,294.100,294.700
2017-08-17,295.100,298.500,294.500,296.900
2017-08-18,296.200,297.600,294.600,296.900
2017-08-21,296.600,296.700,294.800,295.900
2017-08-22,295.700,298.000,294.600,295.000
2017-08-23,294.700,296.000,292.000,293.700
2017-08-24,293.100,298.500,292.700,297.600
2017-08-25,297.000,299.200,296.200,296.900
2017-08-28,296.100,298.400,294.700,295.500
2017-08-29,295.100,296.700,294.200,294.200
2017-08-30,294.500,295.300,291.800,292.000
2017-08-31,292.700,295.500,291.900,294.800
2017-09-01,296.400,299.100,295.000,295.500
2017-09-04,295.500,295.500,295.500,295.500
2017-09-05,296.800,305.200,296.200,305.100
2017-09-06,304.800,307.500,302.700,305.700
2017-09-07,305.500,306.700,303.800,304.400
2017-09-08,303.700,306.100,302.000,302.400
2017-09-11,303.300,303.900,300.000,300.900
2017-09-12,300.600,301.200,293.200,295.700
2017-09-13,296.500,302.600,295.500,302.600
2017-09-14,302.100,310.300,301.800,309.700
2017-09-15,309.500,310.100,306.400,308.200
2017-09-18,307.100,312.600,307.100,309.100
2017-09-19,308.800,310.000,303.700,305.500
2017-09-20,305.000,308.400,304.500,306.100
2017-09-21,306.100,309.300,305.200,309.200
2017-09-22,308.800,317.000,308.500,315.200
2017-09-25,315.100,315.300,309.700,310.200
2017-09-26,310.200,311.100,306.000,309.100
2017-09-27,308.600,309.400,306.500,308.900
2017-09-28,308.800,309.900,306.400,307.500
2017-09-29,311.500,317.300,309.700,315.500
2017-10-02,314.800,316.700,312.200,313.200
2017-10-03,313.100,315.100,311.400,312.100
2017-10-04,311.900,313.100,309.800,311.200
2017-10-05,311.100,318.500,310.900,317.600
2017-10-06,317.000,319.800,315.400,319.500
2017-10-09,319.600,320.600,315.300,315.700
2017-10-10,315.800,319.500,315.300,316.400
2017-10-11,316.000,316.400,314.600,315.300
2017-10-12,315.300,328.800,314.100,326.900
2017-10-13,326.200,329.800,325.100,328.200
2017-10-16,327.600,328.000,324.100,324.700
2017-10-17,324.000,324.000,321.200,321.800
2017-10-18,321.600,322.900,320.300,321.700
2017-10-19,321.100,323.500,321.000,321.600
2017-10-20,321.500,322.300,316.800,316.800
2017-10-23,316.500,317.900,315.000,315.900
2017-10-24,315.900,317.000,312.700,315.100
2017-10-25,314.600,317.800,314.300,315.400
2017-10-26,315.500,316.000,311.800,312.000
2017-10-27,312.000,313.500,311.500,312.400
2017-10-30,312.000,314.400,312.000,312.200
2017-10-31,312.500,314.200,311.200,312.100
2017-11-01,312.000,314.800,310.800,313.600
2017-11-02,313.600,317.800,313.300,317.200
2017-11-03,317.300,317.400,312.700,314.000
2017-11-06,314.300,316.800,313.700,316.600
2017-11-07,316.600,317.400,315.000,315.900
2017-11-08,315.900,316.500,314.200,315.100
2017-11-09,315.100,321.900,311.400,312.400
2017-11-10,312.400,315.300,311.600,314.700
2017-11-13,314.700,316.500,311.100,311.500
2017-11-14,311.500,312.500,309.600,310.600
2017-11-15,310.500,313.300,310.100,311.800
2017-11-16,311.800,312.900,310.000,310.700
2017-11-17,310.700,318.900,310.200,318.800
2017-11-20,318.800,320.300,315.300,319.700
2017-11-21,319.700,320.000,317.000,318.600
2017-11-22,318.600,325.300,317.800,324.800
2017-11-23,324.800,324.800,324.800,324.800
2017-11-24,324.800,327.000,323.100,323.400
2017-11-27,323.400,329.800,322.900,327.300
2017-11-28,327.300,327.300,322.300,324.400
2017-11-29,324.000,327.000,322.900,325.200
2017-11-30,325.200,325.400,320.500,324.700
2017-12-01,326.600,330.500,325.300,330.200
2017-12-04,330.200,341.000,330.200,336.900
2017-12-05,336.900,345.400,336.100,343.100
2017-12-06,343.100,348.200,335.800,342.700
2017-12-07,342.700,342.700,334.600,335.500
2017-12-08,335.500,337.900,330.300,332.600
2017-12-11,332.600,332.600,327.000,327.600
2017-12-12,327.600,328.400,323.900,324.200
2017-12-13,324.700,327.200,324.200,326.600
2017-12-14,326.800,326.900,321.200,321.200
2017-12-15,321.200,323.000,320.400,320.600
2017-12-18,320.600,322.400,316.500,318.400
2017-12-19,318.500,319.300,315.100,315.200
2017-12-20,315.300,317.400,314.500,315.700
2017-12-21,315.700,316.900,313.800,313.800
2017-12-22,313.800,315.300,312.700,312.900
2017-12-25,312.900,312.900,312.900,312.900
2017-12-26,312.900,317.200,312.900,314.700
2017-12-27,315.200,318.000,311.200,313.700
2017-12-28,313.700,314.500,311.600,311.600
2017-12-29,311.600,314.200,311.500,313.200
2018-01-01,313.200,313.200,313.200,313.200
2018-01-02,317.200,319.500,316.200,318.200
2018-01-03,318.200,319.100,317.000,319.000
2018-01-04,319.000,320.500,315.500,319.800
2018-01-05,319.800,323.300,319.600,321.200
2018-01-08,321.200,322.500,318.900,321.700
2018-01-09,321.500,321.900,317.200,318.000
2018-01-10,318.000,318.400,315.500,316.200
2018-01-11,316.200,318.300,312.500,312.700
2018-01-12,312.700,317.700,310.300,317.700
2018-01-15,317.700,317.700,317.700,317.700
2018-01-16,317.700,323.000,317.700,322.300
2018-01-17,322.300,324.600,320.300,324.600
2018-01-18,324.600,328.900,323.600,328.000
2018-01-19,328.000,334.400,328.000,330.800
2018-01-22,330.800,338.900,330.800,338.200
2018-01-23,338.200,340.000,334.300,339.400
2018-01-24,339.400,343.400,335.900,341.000
2018-01-25,341.000,348.500,336.800,339.700
2018-01-26,339.700,341.800,334.000,335.600
2018-01-29,335.600,341.600,335.600,337.000
2018-01-30,337.000,342.800,334.800,340.400
2018-01-31,340.400,342.000,335.000,337.700
2018-02-01,337.700,337.700,330.700,333.800
2018-02-02,333.800,334.300,330.700,331.300
2018-02-05,331.300,331.300,326.200,327.100
2018-02-06,327.100,333.700,326.500,332.900
2018-02-07,332.900,336.300,331.600,335.700
2018-02-08,335.700,346.000,334.300,341.800
2018-02-09,341.800,344.800,338.100,344.200
2018-02-12,344.200,358.200,344.200,358.100
2018-02-13,358.100,371.600,357.200,364.000
2018-02-14,364.000,372.100,359.800,369.800
2018-02-15,369.800,374.900,368.800,373.800
2018-02-16,373.800,379.300,368.300,374.100
2018-02-19,374.100,374.100,374.100,374.100
2018-02-20,374.100,385.500,374.100,375.400
2018-02-21,375.400,382.700,368.700,378.600
2018-02-22,378.600,378.600,375.100,376.500
2018-02-23,376.500,379.600,374.800,375.400
2018-02-26,375.400,382.800,375.400,377.900
2018-02-27,377.900,389.000,376.200,387.300
2018-02-28,387.300,397.900,387.300,392.800
2018-03-01,392.300,398.000,384.100,397.200
2018-03-02,397.200,404.000,390.600,391.100
2018-03-05,391.100,396.100,385.800,393.300
2018-03-06,393.300,394.400,387.000,387.900
2018-03-07,387.900,390.800,382.500,382.600
2018-03-08,382.600,386.200,380.200,383.000
2018-03-09,383.000,385.000,372.200,372.300
2018-03-12,372.400,375.600,370.200,370.300
2018-03-13,371.000,377.500,370.800,376.000
2018-03-14,376.000,380.300,370.600,370.600
2018-03-15,370.700,374.800,369.800,371.200
2018-03-16,371.900,374.900,371.100,372.500
2018-03-19,371.600,371.600,358.200,358.800
2018-03-20,358.400,363.000,358.000,360.900
2018-03-21,362.100,368.800,361.200,364.900
2018-03-22,365.900,368.900,365.000,368.500
2018-03-23,366.800,379.000,360.500,378.100
2018-03-26,377.800,385.800,374.200,374.500
2018-03-27,376.300,378.500,371.500,372.400
2018-03-28,372.000,376.100,369.500,370.200
2018-03-29,371.700,386.200,367.800,384.000
2018-03-30,384.000,384.000,384.000,384.000
2018-04-02,384.000,389.700,377.000,377.200
2018-04-03,377.400,384.000,377.300,379.200
2018-04-04,380.000,383.800,363.700,381.500
2018-04-05,382.000,384.900,379.000,383.500
2018-04-06,376.000,387.300,375.600,386.500
2018-04-09,386.800,393.300,385.000,389.500
2018-04-10,389.700,391.000,383.700,383.800
2018-04-11,384.700,387.600,379.900,380.000
2018-04-12,380.400,384.700,378.400,383.800
2018-04-13,383.300,387.600,380.200,382.300
2018-04-16,382.800,384.300,377.400,377.500
2018-04-17,378.600,381.700,377.400,381.100
2018-04-18,381.100,382.900,375.700,376.200
2018-04-19,376.600,377.900,372.800,372.900
2018-04-20,373.200,376.300,370.400,374.700
2018-04-23,374.100,376.700,370.900,371.900
2018-04-24,372.200,373.500,369.500,371.800
2018-04-25,372.800,380.100,371.700,376.500
2018-04-26,376.200,380.200,375.000,379.300
2018-04-27,380.200,394.700,378.000,391.600
2018-04-30,395.600,395.600,391.000,391.100
2018-05-01,393.800,406.100,391.500,404.100
2018-05-02,403.800,406.500,399.100,399.600
2018-05-03,399.200,401.400,395.500,399.300
2018-05-04,398.600,399.000,391.600,393.100
2018-05-07,392.200,392.600,382.300,382.400
2018-05-08,382.900,387.800,380.800,385.800
2018-05-09,385.900,386.700,383.100,385.500
2018-05-10,387.500,391.900,383.900,386.100
2018-05-11,385.900,387.000,378.000,379.100
2018-05-14,378.300,389.600,378.100,387.300
2018-05-15,386.700,390.900,378.600,381.500
2018-05-16,383.000,383.100,376.400,376.900
2018-05-17,377.200,380.400,374.300,374.500
2018-05-18,375.500,380.700,375.000,375.200
2018-05-21,381.300,383.300,375.600,378.500
2018-05-22,378.300,381.600,376.200,378.000
2018-05-23,377.700,383.100,376.300,380.000
2018-05-24,380.500,386.200,377.200,377.700
2018-05-25,377.600,381.600,377.000,380.700
2018-05-28,380.700,380.700,380.700,380.700
2018-05-29,381.500,387.600,377.600,380.200
2018-05-30,379.600,380.200,373.000,375.900
2018-05-31,376.700,379.600,374.200,375.000
2018-06-01,375.500,377.400,372.100,374.800
2018-06-04,372.000,374.500,368.600,368.800
2018-06-05,369.600,371.300,367.000,367.600
2018-06-06,367.900,368.600,364.800,365.000
2018-06-07,365.000,365.800,358.000,359.200
2018-06-08,358.900,361.200,355.800,358.200
2018-06-11,357.600,359.400,351.000,351.600
2018-06-12,351.700,356.600,351.500,353.400
2018-06-13,353.400,354.400,346.500,348.200
2018-06-14,347.700,348.600,343.100,343.600
2018-06-15,343.500,348.100,335.900,339.000
2018-06-18,337.800,340.700,334.500,334.900
2018-06-19,335.200,337.000,320.300,335.400
2018-06-20,334.500,337.900,327.900,334.000
2018-06-21,333.900,336.100,330.400,331.500
2018-06-22,331.600,339.900,331.500,339.900
2018-06-25,339.100,339.300,331.500,332.700
2018-06-26,332.300,336.300,330.800,333.100
2018-06-27,333.000,338.300,332.800,333.800
2018-06-28,333.600,335.800,330.700,331.200
2018-06-29,330.700,335.100,330.100,330.500
2018-07-02,330.700,334.000,327.500,327.900
2018-07-03,328.800,329.600,326.300,326.500
2018-07-04,326.500,326.500,326.500,326.500
2018-07-05,326.500,329.400,326.000,326.100
2018-07-06,326.400,339.700,326.000,337.100
2018-07-09,337.900,338.000,328.000,329.500
2018-07-10,330.100,335.600,326.500,333.000
2018-07-11,330.700,333.700,328.500,330.800
2018-07-12,332.000,333.000,325.800,331.300
2018-07-13,331.100,332.200,325.600,325.700
2018-07-16,326.600,333.600,325.100,328.900
2018-07-17,330.500,332.900,328.100,329.100
2018-07-18,329.300,332.000,327.500,328.100
2018-07-19,329.100,330.200,326.000,329.000
2018-07-20,328.700,331.500,326.100,326.900
2018-07-23,328.900,330.400,326.600,328.300
2018-07-24,327.200,330.000,326.100,329.100
2018-07-25,329.700,331.100,327.400,331.000
2018-07-26,333.700,337.900,331.200,332.000
2018-07-27,331.700,336.000,331.600,333.400
2018-07-30,335.800,336.300,331.400,334.300
2018-07-31,334.600,342.600,333.300,341.200
2018-08-01,338.600,339.800,333.100,333.900
2018-08-02,332.900,334.500,329.500,330.800
2018-08-03,331.000,332.000,328.000,331.200
2018-08-06,330.600,331.200,326.400,328.800
2018-08-07,329.600,333.000,329.000,330.900
2018-08-08,330.500,335.900,329.400,335.100
2018-08-09,335.300,336.100,332.100,332.700
2018-08-10,332.500,332.500,321.100,321.500
2018-08-13,321.000,328.300,320.100,328.100
2018-08-14,326.700,336.800,326.400,336.200
2018-08-15,336.100,337.100,329.400,329.600
2018-08-16,330.400,335.800,329.700,334.300
2018-08-17,334.800,336.000,329.400,331.300
2018-08-20,332.800,333.600,327.400,328.100
2018-08-21,327.400,328.500,324.700,324.700
2018-08-22,324.800,325.100,321.000,321.100
2018-08-23,321.000,322.200,313.500,314.200
2018-08-24,314.400,316.100,312.300,312.500
2018-08-27,312.000,312.000,304.500,306.200
2018-08-28,306.300,306.700,300.600,300.900
2018-08-29,301.000,304.200,300.000,301.900
2018-08-30,302.300,303.200,300.300,302.000
2018-08-31,302.000,305.900,300.800,305.600
2018-09-03,305.600,305.600,305.600,305.600
2018-09-04,306.600,311.500,304.500,309.300
2018-09-05,309.200,310.200,306.400,307.800
2018-09-06,307.600,313.200,307.000,311.500
2018-09-07,311.900,316.900,310.700,314.800
2018-09-10,313.500,317.200,312.000,316.800
2018-09-11,316.400,318.300,312.800,314.200
2018-09-12,314.200,317.700,309.100,315.300
2018-09-13,314.600,316.200,311.800,312.900
2018-09-14,311.900,312.700,305.300,305.800
2018-09-17,305.400,305.500,302.300,303.000
2018-09-18,302.600,302.900,298.800,301.200
2018-09-19,301.100,307.100,301.100,307.100
2018-09-20,306.900,312.700,303.800,310.900
2018-09-21,310.900,311.900,305.300,307.700
2018-09-24,306.500,306.500,303.400,304.800
2018-09-25,305.200,313.600,304.000,307.200
2018-09-26,306.900,309.100,306.500,307.600
2018-09-27,307.400,310.500,306.500,308.500
2018-09-28,308.300,310.400,304.000,304.900
2018-10-01,308.800,316.700,308.600,313.500
2018-10-02,314.100,315.600,310.900,315.100
2018-10-03,315.000,316.400,311.000,311.700
2018-10-04,311.200,315.200,310.600,312.600
2018-10-05,312.800,319.900,310.200,319.700
2018-10-08,321.500,321.800,317.900,318.600
2018-10-09,318.300,319.900,316.100,317.500
2018-10-10,317.800,319.000,314.000,316.200
2018-10-11,315.500,319.800,313.600,317.000
2018-10-12,316.900,319.000,314.800,316.400
2018-10-15,316.800,327.300,314.600,326.900
2018-10-16,327.000,327.000,320.600,322.000
2018-10-17,321.300,326.100,321.200,323.300
2018-10-18,323.100,323.400,316.000,316.200
2018-10-19,316.800,317.700,313.000,313.100
2018-10-22,313.400,315.500,311.800,312.400
2018-10-23,311.600,312.300,310.000,310.700
2018-10-24,310.600,310.900,305.300,306.700
2018-10-25,306.300,306.600,303.500,305.200
2018-10-26,304.700,308.900,304.600,307.400
2018-10-29,307.600,310.800,306.300,308.700
2018-10-30,308.500,311.000,305.000,305.200
2018-10-31,305.100,307.700,302.000,306.200
2018-11-01,306.400,315.800,303.500,312.500
2018-11-02,313.300,316.300,309.500,310.900
2018-11-05,310.900,313.900,307.700,310.900
2018-11-06,310.900,312.400,308.300,312.000
2018-11-07,312.000,313.700,307.400,308.100
2018-11-08,308.000,310.700,304.300,306.000
2018-11-09,306.300,307.500,305.100,305.900
2018-11-12,305.900,306.700,304.400,305.000
2018-11-13,305.600,308.200,303.700,303.800
2018-11-14,303.800,306.300,303.800,305.800
2018-11-15,305.800,309.100,303.800,306.300
2018-11-16,306.300,312.900,305.700,310.500
2018-11-19,310.500,311.500,303.900,305.100
2018-11-20,305.100,309.700,304.800,307.500
2018-11-21,307.500,308.500,305.400,307.500
2018-11-22,307.500,307.500,307.500,307.500
2018-11-23,307.500,308.500,305.400,306.200
2018-11-26,306.200,306.400,300.700,303.000
2018-11-27,303.000,305.700,301.500,305.600
2018-11-28,305.600,309.800,304.500,308.000
2018-11-29,308.000,308.800,304.700,307.301
2018-11-30,310.000,312.100,308.300,310.704
2018-12-03,310.700,319.100,310.700,314.301
2018-12-04,314.300,316.300,312.500,314.201
2018-12-05,314.200,315.700,313.100,313.901
2018-12-06,313.900,314.700,309.200,312.601
2018-12-07,312.600,314.100,310.300,311.803
2018-12-10,311.800,312.300,309.600,309.601
2018-12-11,309.600,312.900,309.000,311.101
2018-12-12,311.100,315.600,311.000,312.501
2018-12-13,312.500,314.000,307.600,308.301
2018-12-14,308.500,310.300,307.200,307.401
2018-12-17,307.400,309.700,307.400,309.101
2018-12-18,309.100,312.700,308.800,310.501
2018-12-19,310.500,310.600,307.500,308.001
2018-12-20,308.000,309.500,307.000,308.001
2018-12-21,308.000,308.800,305.500,305.705
2018-12-24,306.000,308.100,305.000,307.501
2018-12-25,307.501,307.500,307.500,307.501
2018-12-26,307.500,309.800,302.600,303.601
2018-12-27,303.600,305.500,302.900,304.401
2018-12-28,304.500,310.900,304.000,308.203
2018-12-31,308.200,310.300,305.800,305.901
2019-01-01,310.001,310.000,310.000,310.001
2019-01-02,310.000,316.100,309.600,314.701
2019-01-03,314.700,317.900,313.400,316.301
2019-01-04,316.300,320.300,315.600,319.702
2019-01-07,319.700,323.300,319.200,321.801
2019-01-08,321.800,323.400,320.300,321.401
2019-01-09,321.400,324.600,320.900,323.701
2019-01-10,323.700,323.800,316.500,316.601
2019-01-11,316.600,318.000,314.200,314.302
2019-01-14,314.300,314.800,310.600,312.101
2019-01-15,312.100,313.000,309.200,309.701
2019-01-16,309.700,311.500,309.100,310.201
2019-01-17,310.500,315.400,309.800,312.301
2019-01-18,312.300,316.500,312.000,314.698
2019-01-21,314.701,314.700,314.700,314.701
2019-01-22,314.700,315.700,310.100,313.301
2019-01-23,313.300,314.900,312.100,313.401
2019-01-24,313.400,314.500,311.800,312.101
2019-01-25,312.100,314.100,310.800,313.604
2019-01-28,313.600,314.300,310.600,312.401
2019-01-29,312.400,312.500,311.100,311.801
2019-01-30,311.800,313.000,310.900,311.201
2019-01-31,311.200,313.900,309.300,310.201
2019-02-01,310.200,317.400,310.000,312.000
2019-02-04,312.000,313.000,310.500,310.601
2019-02-05,310.600,310.600,308.500,309.301
2019-02-06,309.300,310.100,308.600,308.901
2019-02-07,308.900,309.000,305.100,305.501
2019-02-08,305.500,308.200,305.200,306.597
2019-02-11,306.600,308.100,304.300,305.101
2019-02-12,305.100,310.000,304.900,309.401
2019-02-13,309.400,310.400,308.200,310.301
2019-02-14,310.300,310.700,305.300,306.001
2019-02-15,306.000,307.500,305.400,306.199
2019-02-18,306.201,306.200,306.200,306.201
2019-02-19,306.200,306.900,302.600,305.901
2019-02-20,305.900,306.300,302.700,305.301
2019-02-21,305.300,308.800,304.600,306.001
2019-02-22,306.000,307.400,304.900,305.202
2019-02-25,305.200,308.400,305.000,305.301
2019-02-26,305.300,305.500,302.100,303.301
2019-02-27,303.300,306.700,302.700,304.801
2019-02-28,304.800,305.300,302.000,302.301
2019-03-01,306.100,307.900,302.800,307.095
2019-03-04,307.100,313.000,307.100,310.201
2019-03-05,310.200,311.000,308.600,309.901
2019-03-06,309.900,311.600,305.700,305.901
2019-03-07,305.900,308.300,305.500,306.101
2019-03-08,306.100,307.200,303.300,303.301
2019-03-11,304.200,304.700,301.000,301.201
2019-03-12,301.200,304.500,300.300,302.701
2019-03-13,302.800,305.700,301.400,305.201
2019-03-14,305.200,307.300,303.900,306.401
2019-03-15,306.200,311.000,306.000,310.805
2019-03-18,311.300,311.900,308.700,309.701
2019-03-19,309.600,312.300,308.700,310.301
2019-03-20,310.100,311.900,308.600,311.201
2019-03-21,311.400,315.800,310.400,315.501
2019-03-22,315.100,316.400,314.200,315.497
2019-03-25,315.000,316.500,314.100,315.101
2019-03-26,314.800,315.700,310.500,310.701
2019-03-27,310.800,310.800,303.600,304.201
2019-03-28,304.500,307.000,304.100,306.501
2019-03-29,306.500,308.100,305.100,305.599
2019-04-01,306.200,310.400,305.700,309.801
2019-04-02,310.000,311.100,308.300,310.501
2019-04-03,310.200,311.900,309.400,311.001
2019-04-04,310.900,312.300,310.500,311.601
2019-04-05,311.400,311.600,307.100,307.897
2019-04-08,308.100,311.000,307.900,309.101
2019-04-09,308.800,310.300,308.300,309.301
2019-04-10,309.100,311.000,308.500,310.201
2019-04-11,309.600,310.900,306.900,307.101
2019-04-12,307.000,308.700,306.800,308.101
2019-04-15,307.800,311.800,307.700,311.001
2019-04-16,310.800,311.400,306.000,306.201
2019-04-17,306.400,307.200,303.500,303.501
2019-04-18,303.700,304.800,303.000,303.101
2019-04-19,303.101,303.100,303.100,303.101
2019-04-22,303.400,304.300,302.200,302.701
2019-04-23,302.400,303.100,300.200,301.101
2019-04-24,300.900,302.200,300.000,300.101
2019-04-25,300.100,306.200,299.800,305.801
2019-04-26,305.800,306.000,299.100,299.901
2019-04-29,301.400,302.500,297.000,297.801
2019-04-30,297.800,297.800,295.200,295.901
2019-05-01,300.000,300.900,297.500,300.201
2019-05-02,300.200,300.500,296.600,296.801
2019-05-03,297.400,299.400,296.900,297.604
2019-05-06,295.500,297.800,293.100,297.001
2019-05-07,296.300,297.100,293.100,293.801
2019-05-08,293.700,295.200,292.300,292.301
2019-05-09,292.500,292.800,288.000,289.001
2019-05-10,289.800,290.700,286.500,286.700
2019-05-13,286.900,287.900,283.100,287.601
2019-05-14,288.400,300.900,288.300,296.801
2019-05-15,298.000,304.900,297.400,299.501
2019-05-16,299.900,303.800,299.600,302.301
2019-05-17,302.100,302.700,293.700,293.897
2019-05-20,296.500,299.000,295.100,297.001
2019-05-21,299.300,302.200,293.100,294.601
2019-05-22,294.600,300.800,294.000,298.301
2019-05-23,298.400,300.000,295.500,297.001
2019-05-24,297.200,301.400,296.800,300.504
2019-05-27,300.500,300.500,300.500,300.501
2019-05-28,303.700,314.000,302.700,312.501
2019-05-29,316.700,326.300,315.800,318.101
2019-05-30,319.100,328.100,316.100,326.701
2019-05-31,327.300,327.400,320.500,321.200
2019-06-03,321.300,325.700,320.900,322.600
2019-06-04,324.500,325.600,322.700,325.400
2019-06-05,320.600,322.000,317.000,321.300
2019-06-06,317.700,318.800,313.500,316.300
2019-06-07,316.000,316.800,311.100,311.400
2019-06-10,311.400,316.100,308.800,315.900
2019-06-11,312.400,314.500,311.500,313.000
2019-06-12,313.600,323.200,312.000,322.500
2019-06-13,319.900,323.000,319.700,322.400
2019-06-14,321.600,324.600,321.500,323.300
2019-06-17,324.000,327.200,322.900,325.000
2019-06-18,326.500,327.300,320.700,321.101
2019-06-19,321.800,322.000,315.800,316.801
2019-06-20,315.700,323.700,314.100,322.501
2019-06-21,322.600,323.400,315.100,316.005
2019-06-24,316.200,319.100,315.700,317.601
2019-06-25,320.400,321.300,314.700,315.201
2019-06-26,315.800,315.800,312.700,313.801
2019-06-27,313.900,314.600,311.000,312.001
2019-06-28,310.800,313.600,308.100,312.500
2019-07-01,318.200,318.500,306.200,306.195
2019-07-02,314.500,316.400,313.900,313.900
2019-07-03,315.600,316.200,312.200,314.900
2019-07-05,315.000,315.200,311.100,312.200
2019-07-08,313.400,315.400,311.100,311.800
2019-07-09,310.900,316.100,310.500,315.600
2019-07-10,316.000,317.900,313.800,317.000
2019-07-11,316.800,319.400,315.100,318.600
2019-07-12,319.000,321.700,317.500,321.100
2019-07-15,320.000,323.800,317.200,318.100
2019-07-16,315.400,318.000,313.100,314.900
2019-07-17,310.400,310.600,307.200,307.200
2019-07-18,312.200,314.400,311.600,312.900
2019-07-19,315.600,319.900,312.300,317.200
2019-07-22,317.300,319.000,313.900,314.100
2019-07-23,313.100,315.900,312.100,312.400
2019-07-24,314.200,314.800,311.800,312.200
2019-07-25,312.400,313.300,308.900,309.200
2019-07-26,310.400,311.900,308.900,309.000
2019-07-29,310.900,312.800,309.000,310.900
2019-07-30,304.300,306.300,302.100,302.200
2019-07-31,307.000,308.700,304.300,304.700
2019-08-01,304.500,305.400,297.800,300.100
2019-08-02,301.000,302.500,298.800,299.400
2019-08-05,296.800,302.400,295.700,301.500
2019-08-06,301.000,303.700,299.400,302.500
2019-08-07,302.200,303.200,299.500,300.200
2019-08-08,300.900,303.600,299.600,302.400
2019-08-09,302.900,305.000,301.000,304.100
2019-08-12,301.200,303.900,298.200,298.400
2019-08-13,300.100,305.400,297.700,304.700
2019-08-14,302.300,306.300,299.200,300.100
2019-08-15,300.200,301.800,296.600,296.700
2019-08-16,298.100,301.000,297.000,299.800
2019-08-19,297.700,300.500,296.600,297.400
2019-08-20,299.600,300.200,297.900,299.300
2019-08-21,300.500,301.500,298.600,300.000
2019-08-22,301.400,303.400,298.800,299.200
2019-08-23,298.000,300.800,295.000,295.000
2019-08-26,297.500,299.500,295.000,297.500
2019-08-27,295.700,298.000,294.600,296.600
2019-08-28,296.600,300.400,294.400,299.200
2019-08-29,301.000,301.600,297.600,297.800
2019-08-30,298.000,299.000,295.000,295.100
2019-09-03,295.600,296.900,293.700,294.200
2019-09-04,295.400,300.100,294.300,297.700
2019-09-05,299.200,300.200,293.800,294.300
2019-09-06,296.300,296.700,292.700,292.700
2019-09-09,292.700,295.000,292.000,293.800
2019-09-10,295.600,298.800,294.200,297.800
2019-09-11,297.400,298.800,293.800,294.800
2019-09-12,296.800,301.500,294.900,300.600
2019-09-13,302.500,304.700,300.600,301.400
2019-09-16,299.500,303.300,297.500,298.500
2019-09-17,296.600,299.100,294.900,297.900
2019-09-18,297.400,299.200,295.100,295.700
2019-09-19,296.000,297.500,295.100,296.200
2019-09-20,295.700,297.400,294.400,294.500
2019-09-23,298.900,299.600,294.300,298.300
2019-09-24,300.600,302.100,298.000,299.100
2019-09-25,298.300,300.800,297.000,297.200
2019-09-26,299.800,300.000,295.300,295.400
2019-09-27,295.100,296.100,294.300,295.100
2019-09-30,297.700,302.500,295.000,300.600
2019-10-01,302.000,309.200,300.300,308.500
2019-10-02,307.800,308.900,304.800,305.300
2019-10-03,304.500,307.100,301.800,303.100
2019-10-04,303.500,305.000,302.000,303.300
2019-10-07,303.000,304.500,301.100,302.400
2019-10-08,302.000,308.000,301.800,306.500
2019-10-09,310.800,311.700,306.300,309.100
2019-10-10,310.000,311.500,307.500,307.600
2019-10-11,310.900,312.900,308.000,310.200
2019-10-14,310.500,313.900,309.000,310.400
2019-10-15,309.200,311.900,307.600,307.700
2019-10-16,308.700,309.100,304.300,304.600
2019-10-17,306.900,308.700,303.500,306.700
2019-10-18,306.900,309.800,306.100,308.800
2019-10-21,310.300,311.300,306.600,307.700
2019-10-22,310.900,311.800,306.300,307.000
2019-10-23,306.300,309.400,305.900,308.800
2019-10-24,308.400,309.500,305.400,305.800
2019-10-25,306.000,307.300,303.000,304.200
2019-10-28,303.600,305.200,303.100,304.100
2019-10-29,303.500,305.800,302.200,302.800
2019-10-30,303.000,304.100,302.000,302.400
2019-10-31,302.600,305.200,301.500,304.600
2019-11-01,306.200,306.600,303.700,303.900
2019-11-04,303.500,304.300,302.000,302.100
2019-11-05,302.800,303.400,301.600,302.600
2019-11-06,302.100,303.000,298.500,298.800
2019-11-07,301.200,306.200,299.200,305.600
2019-11-08,304.600,306.400,301.800,304.900
2019-11-11,301.800,304.100,300.300,300.400
2019-11-12,301.300,303.200,300.500,301.900
2019-11-13,302.500,306.400,301.700,304.000
2019-11-14,303.300,305.000,301.600,303.000
2019-11-15,304.900,307.500,303.100,306.500
2019-11-18,306.000,307.900,300.600,301.400
2019-11-19,302.100,303.400,301.500,301.800
2019-11-20,302.200,302.900,299.400,299.500
2019-11-21,304.000,304.900,301.900,303.000
2019-11-22,302.500,303.600,300.500,300.600
2019-11-25,302.000,302.700,300.300,300.500
2019-11-26,300.400,301.200,296.700,297.100
2019-11-27,298.400,299.000,296.000,296.100
2019-11-29,296.200,296.500,292.800,293.000
2019-12-02,294.200,295.600,292.600,294.000
2019-12-03,294.400,295.400,293.400,295.000
2019-12-04,296.100,298.000,294.900,296.800
2019-12-05,298.000,303.300,295.600,301.600
2019-12-06,302.700,303.900,298.500,299.000
2019-12-09,300.900,301.600,298.100,298.400
2019-12-10,299.300,300.200,297.300,298.400
2019-12-11,297.600,298.300,294.300,294.600
2019-12-12,294.200,297.700,293.100,294.300
2019-12-13,296.900,299.100,294.500,296.500
2019-12-16,299.700,301.500,297.300,300.800
2019-12-17,303.700,307.500,303.000,306.000
2019-12-18,304.200,307.900,304.000,306.800
2019-12-19,305.500,307.400,302.000,302.900
2019-12-20,302.700,304.000,302.000,302.100
2019-12-23,303.600,306.400,302.100,305.200
2019-12-24,305.000,307.600,304.000,306.200
2019-12-26,305.900,306.300,302.800,303.800
2019-12-27,303.500,304.800,300.100,300.600
2019-12-30,302.700,303.300,300.200,302.100
2019-12-31,304.100,307.100,301.700,304.800
2020-01-02,304.300,307.500,303.000,305.500
2020-01-03,303.300,306.300,300.300,301.400
2020-01-06,301.900,304.500,300.600,302.600
2020-01-07,301.900,304.000,300.400,301.600
2020-01-08,302.200,303.200,300.400,301.700
2020-01-09,302.300,303.000,299.200,300.400
2020-01-10,301.400,303.800,300.300,303.500
2020-01-13,302.100,304.200,301.200,303.600
2020-01-14,305.900,306.800,300.800,301.800
2020-01-15,302.400,303.900,300.000,300.200
2020-01-16,300.000,301.100,299.000,300.500
2020-01-17,300.600,302.000,299.600,300.600
2020-01-21,300.600,301.300,298.800,298.900
2020-01-22,299.000,299.800,297.400,297.900
2020-01-23,297.300,299.100,296.000,298.600
2020-01-24,300.300,300.500,297.600,298.100
2020-01-27,296.500,299.100,295.200,297.700
2020-01-28,298.800,299.400,296.400,297.300
2020-01-29,296.000,298.900,295.100,295.900
2020-01-30,295.100,296.300,291.000,291.600
2020-01-31,291.800,293.500,290.400,291.000
2020-02-03,290.400,291.400,287.100,289.600
2020-02-04,289.900,292.400,287.500,288.200
2020-02-05,288.100,289.400,287.200,287.300
2020-02-06,287.600,289.800,286.400,288.700
2020-02-07,289.800,291.500,288.000,289.500
2020-02-10,289.700,294.500,289.200,291.700
2020-02-11,292.200,293.100,289.200,290.700
2020-02-12,290.500,292.500,289.800,291.200
2020-02-13,297.800,299.400,296.500,297.300
2020-02-14,296.300,297.300,294.500,296.500
2020-02-18,295.900,298.400,295.400,297.300
2020-02-19,296.900,298.800,296.500,298.200
2020-02-20,297.000,299.100,296.200,298.300
2020-02-21,298.400,301.200,294.600,294.600
2020-02-24,292.400,294.800,290.700,292.100
2020-02-25,293.500,293.800,291.400,292.900
2020-02-26,293.200,300.400,292.500,297.900
2020-02-27,296.100,304.300,294.000,304.000
2020-02-28,303.400,307.400,300.800,304.800
2020-03-02,306.800,310.000,304.800,308.800
2020-03-03,307.600,310.600,307.000,310.300
2020-03-04,309.900,310.900,308.200,308.400
2020-03-05,306.500,309.500,303.400,303.800
2020-03-06,304.800,305.900,303.700,304.700
2020-03-09,301.200,303.300,296.200,300.600
2020-03-10,302.700,306.600,300.800,302.500
2020-03-11,303.000,305.400,300.900,301.700
2020-03-12,297.900,303.800,297.700,302.600
2020-03-13,305.400,307.100,299.000,299.200
2020-03-16,297.400,300.600,296.000,296.400
2020-03-17,297.000,299.500,295.600,298.900
2020-03-18,302.600,305.000,298.300,304.100
2020-03-19,311.700,320.500,304.000,313.500
2020-03-20,317.500,326.600,313.600,322.200
2020-03-23,332.000,335.200,324.000,332.900
2020-03-24,327.700,336.300,326.600,330.800
2020-03-25,329.300,333.400,320.100,320.600
2020-03-26,325.700,327.700,317.200,322.900
2020-03-27,326.300,328.100,320.700,323.400
2020-03-30,326.800,328.900,322.200,326.100
2020-03-31,324.700,326.900,320.300,321.300
2020-04-01,318.000,322.600,314.400,314.500
2020-04-02,314.200,317.100,308.500,309.000
2020-04-03,309.500,310.500,299.200,303.500
2020-04-06,300.100,303.500,296.800,297.000
2020-04-07,297.200,297.500,293.700,294.300
2020-04-08,297.000,297.300,292.200,292.800
2020-04-09,297.600,299.500,295.800,297.900
2020-04-13,296.400,299.400,293.900,294.000
2020-04-14,294.700,294.800,293.700,293.800
2020-04-15,296.400,298.800,293.300,296.200
2020-04-16,297.300,298.800,295.300,296.000
2020-04-17,298.000,298.300,292.400,292.500
2020-04-20,291.800,294.200,290.300,290.600
2020-04-21,288.700,295.100,286.500,294.000
2020-04-22,296.000,296.400,291.300,293.100
2020-04-23,294.800,295.400,290.300,293.200
2020-04-24,292.500,294.700,290.800,291.700
2020-04-27,292.600,294.400,291.000,291.300
2020-04-28,291.400,292.600,287.500,287.600
2020-04-29,288.100,290.200,285.600,287.900
2020-04-30,288.800,295.700,287.700,295.300
2020-05-01,295.100,295.800,292.200,292.300
2020-05-04,293.400,293.400,287.900,288.200
2020-05-05,287.700,289.700,286.500,289.000
2020-05-06,289.300,292.500,287.800,287.900
2020-05-07,287.800,290.400,287.800,288.000
2020-05-08,288.000,291.800,288.000,290.800
2020-05-11,291.400,294.300,290.000,290.100
2020-05-12,290.100,293.700,290.000,292.500
2020-05-13,292.100,292.800,289.600,290.400
2020-05-14,290.100,290.900,288.000,288.200
2020-05-15,288.300,289.600,287.100,287.300
2020-05-18,287.500,288.000,284.500,284.700
2020-05-19,285.000,286.000,283.500,284.400
2020-05-20,284.900,285.500,284.500,285.300
2020-05-21,285.500,285.900,282.000,282.600
2020-05-22,282.500,286.900,282.000,284.300
2020-05-26,283.300,286.300,283.200,284.000
2020-05-27,284.200,285.000,281.800,282.400
2020-05-28,282.200,285.000,281.500,284.300
2020-05-29,283.800,284.500,281.800,283.100
2020-06-01,283.200,286.500,282.300,283.400
2020-06-02,283.100,285.200,282.900,283.900
2020-06-03,284.000,286.800,283.800,285.600
2020-06-04,285.900,292.400,285.700,290.200
2020-06-05,289.800,291.500,287.300,289.100
2020-06-08,289.100,290.900,287.900,288.500
2020-06-09,287.600,289.500,286.100,287.000
2020-06-10,286.800,290.300,286.700,288.800
2020-06-11,288.300,291.300,287.300,289.600
2020-06-12,289.600,292.800,288.500,289.100
2020-06-15,289.000,290.000,287.000,288.300
2020-06-16,288.800,289.400,287.300,287.900
2020-06-17,287.800,290.000,285.600,287.600
2020-06-18,287.800,290.800,287.300,288.700
2020-06-19,288.900,290.400,286.600,286.800
2020-06-22,294.600,294.600,292.900,293.300
2020-06-23,294.100,294.400,291.900,292.300
2020-06-24,292.600,294.400,292.300,293.000
2020-06-25,293.300,293.600,290.500,292.800
2020-06-26,285.500,285.900,281.800,281.800
2020-06-29,285.300,286.000,283.300,283.700
2020-06-30,288.900,296.700,288.200,296.100
2020-07-01,296.900,306.400,296.400,304.900
2020-07-02,304.400,305.900,303.100,304.000
2020-07-06,306.200,308.900,304.500,305.900
2020-07-07,307.000,307.700,302.600,302.900
2020-07-08,303.100,304.600,300.600,301.600
2020-07-09,302.000,307.100,301.600,305.300
2020-07-10,306.000,306.700,299.500,299.900
2020-07-13,299.000,299.000,291.100,291.500
2020-07-14,291.700,294.600,291.400,292.500
2020-07-15,293.000,294.400,290.700,293.200
2020-07-16,293.200,296.100,293.000,294.700
2020-07-17,294.800,295.500,293.100,294.100
2020-07-20,294.100,297.200,292.200,297.100
2020-07-21,294.500,296.600,292.300,293.600
2020-07-22,293.600,295.300,293.000,294.400
2020-07-23,295.100,298.600,294.300,298.200
2020-07-24,297.300,300.400,296.800,298.700
2020-07-27,300.800,303.500,297.000,301.400
2020-07-28,298.200,301.300,296.400,297.500
2020-07-29,290.200,292.500,289.700,290.100
2020-07-30,295.500,299.100,293.900,298.000
2020-07-31,298.000,300.600,296.900,297.000
2020-08-03,296.000,298.000,294.400,295.400
2020-08-04,293.500,295.100,289.400,291.000
2020-08-05,292.200,293.000,289.800,290.000
2020-08-06,289.500,290.800,287.700,288.300
2020-08-07,288.500,289.000,286.600,287.100
2020-08-10,286.800,290.900,286.200,289.600
2020-08-11,289.900,292.200,288.600,289.700
2020-08-12,289.500,291.100,287.000,289.900
2020-08-13,290.100,300.400,290.000,298.800
2020-08-14,298.600,299.900,296.800,297.900
2020-08-17,298.800,305.800,298.700,305.300
2020-08-18,305.100,305.400,301.500,302.500
2020-08-19,302.600,304.700,300.900,302.400
2020-08-20,302.500,303.200,300.200,300.600
2020-08-21,301.300,302.500,297.000,297.100
2020-08-24,297.500,300.200,296.000,297.500
2020-08-25,300.000,302.000,298.300,299.800
2020-08-26,301.000,301.100,298.100,299.500
2020-08-27,303.000,304.700,298.500,302.900
2020-08-28,303.000,310.700,302.000,309.800
2020-08-31,310.600,314.900,310.600,312.400
2020-09-01,311.700,313.700,308.800,310.700
2020-09-02,309.100,311.600,307.600,310.700
2020-09-03,310.600,313.400,309.000,312.600
2020-09-04,315.000,318.200,312.300,317.600
2020-09-08,317.400,318.300,313.400,314.500
2020-09-09,314.100,319.900,313.500,318.300
2020-09-10,319.000,319.400,316.800,317.500
2020-09-11,317.400,325.100,317.200,324.500
2020-09-14,325.600,328.000,321.300,321.400
2020-09-15,323.300,323.900,318.700,319.200
2020-09-16,319.200,326.500,317.900,326.000
2020-09-17,324.500,335.900,323.400,335.200
2020-09-18,338.000,343.700,335.300,341.900
2020-09-21,342.100,342.900,337.100,337.700
2020-09-22,337.600,344.700,335.200,341.000
2020-09-23,341.700,348.600,339.400,343.700
2020-09-24,341.900,345.100,335.400,336.000
2020-09-25,336.000,340.200,333.400,338.600
2020-09-28,339.300,340.700,331.100,333.600
2020-09-29,333.800,334.600,329.700,331.700
2020-09-30,331.300,349.600,330.300,342.700
2020-10-01,342.800,349.400,341.900,348.000
2020-10-02,346.000,354.100,342.900,351.600
2020-10-05,351.900,353.100,344.000,345.600
2020-10-06,346.200,359.700,345.900,355.200
2020-10-07,355.000,362.500,354.600,361.500
2020-10-08,370.600,372.100,355.700,359.900
2020-10-09,360.800,369.500,359.400,363.400
2020-10-12,361.700,366.500,352.300,354.500
2020-10-13,353.200,357.700,352.300,355.500
2020-10-14,358.900,364.600,354.500,364.300
2020-10-15,363.100,372.500,361.100,371.500
2020-10-16,373.500,374.900,366.200,368.200
2020-10-19,373.400,375.500,368.700,373.500
2020-10-20,376.000,378.000,368.500,372.600
2020-10-21,379.100,379.800,372.300,379.100
2020-10-22,379.600,390.800,376.800,381.500
2020-10-23,383.100,387.400,378.700,386.800
2020-10-26,383.900,389.900,381.400,389.100
2020-10-27,390.900,392.700,383.500,383.400
2020-10-28,383.300,383.600,371.300,377.400
2020-10-29,374.500,379.000,372.800,377.000
2020-10-30,379.000,380.500,374.600,378.900
2020-11-02,378.400,384.100,373.800,375.100
2020-11-03,378.700,379.800,374.500,376.900
2020-11-04,377.500,386.600,375.500,386.000
2020-11-05,390.800,393.400,384.300,387.400
2020-11-06,389.000,390.000,381.800,383.200
2020-11-09,386.800,389.600,383.100,384.400
2020-11-10,385.700,401.100,384.000,395.100
2020-11-11,395.600,400.600,391.000,392.700
2020-11-12,393.500,394.100,385.300,388.400
2020-11-13,388.300,391.200,386.300,388.500
2020-11-16,389.200,390.800,386.500,389.400
2020-11-17,390.700,399.300,390.700,395.900
2020-11-18,395.900,399.500,394.300,394.800
2020-11-19,393.800,394.000,389.400,392.500
2020-11-20,392.500,397.600,390.400,392.700
2020-11-23,397.900,399.100,392.200,393.500
2020-11-24,393.000,397.900,390.800,397.700
2020-11-25,398.000,401.300,393.800,396.600
2020-11-27,397.100,397.400,393.100,396.500
2020-11-30,398.000,399.900,389.800,390.300
2020-12-01,391.000,394.300,389.200,390.400
2020-12-02,383.700,391.200,380.900,385.400
2020-12-03,385.600,391.000,384.700,389.000
2020-12-04,389.200,390.300,384.700,384.700
2020-12-07,381.500,387.000,380.000,382.100
2020-12-08,378.500,383.100,376.000,377.300
2020-12-09,377.300,382.300,376.700,379.500
2020-12-10,382.100,385.600,376.700,377.400
2020-12-11,376.300,381.100,375.800,380.100
2020-12-14,382.700,383.200,377.000,380.700
2020-12-15,380.500,388.700,378.400,388.500
2020-12-16,394.500,395.800,388.800,392.900
2020-12-17,393.800,398.600,391.600,397.800
2020-12-18,397.400,408.000,397.400,403.500
2020-12-21,409.000,412.700,404.000,412.200
2020-12-22,412.700,416.300,408.400,414.300
2020-12-23,414.000,421.400,412.100,419.000
2020-12-24,419.500,422.800,413.400,413.900
2020-12-28,419.800,421.600,409.600,411.600
2020-12-29,412.300,426.400,408.000,425.900
2020-12-30,424.000,429.400,417.200,426.400
2020-12-31,427.800,432.500,425.700,428.800
2021-01-04,436.000,440.800,420.700,423.400
2021-01-05,429.400,436.900,423.600,432.800
2021-01-06,439.000,444.100,434.300,439.800
2021-01-07,440.100,441.500,430.500,433.400
2021-01-08,432.900,442.800,430.000,439.900
2021-01-11,443.200,447.300,437.300,445.900
2021-01-12,449.600,468.700,443.900,466.200
2021-01-13,466.500,471.400,456.200,457.200
2021-01-14,462.300,466.200,457.100,464.900
2021-01-15,465.100,467.300,460.000,462.100
2021-01-19,456.500,464.000,450.200,450.400
2021-01-20,439.600,450.800,438.600,442.200
2021-01-21,442.400,446.700,437.200,437.300
2021-01-22,435.800,437.600,420.000,420.900
2021-01-25,421.500,434.500,417.600,429.900
2021-01-26,430.200,439.700,425.600,436.500
2021-01-27,440.900,443.200,434.100,436.300
2021-01-28,437.600,440.700,424.500,426.700
2021-01-29,427.000,432.800,420.700,430.500
2021-02-01,432.400,435.500,425.300,430.600
2021-02-02,425.600,431.500,422.900,427.600
2021-02-03,431.000,436.500,425.800,434.800
2021-02-04,437.400,437.400,431.300,432.900
2021-02-05,434.200,436.300,430.200,430.700
2021-02-08,431.600,438.800,428.500,436.400
2021-02-09,437.700,443.700,432.300,439.100
2021-02-10,440.000,440.000,421.400,422.300
2021-02-11,422.200,431.200,418.800,427.900
2021-02-12,427.500,430.100,423.400,426.300
2021-02-16,428.300,431.900,424.000,428.800
2021-02-17,428.900,432.200,426.500,431.500
2021-02-18,429.700,432.700,424.400,425.200
2021-02-19,426.500,429.500,423.000,423.400
2021-02-22,423.500,426.900,420.000,422.400
2021-02-23,427.200,433.000,421.900,426.000
2021-02-24,431.200,434.000,424.700,427.400
2021-02-25,425.000,431.500,418.700,422.100
2021-02-26,417.900,425.100,415.300,422.200
2021-03-01,426.600,427.200,417.800,418.100
2021-03-02,416.500,423.100,414.100,422.000
2021-03-03,422.000,423.800,415.700,418.000
2021-03-04,418.600,422.800,415.400,416.100
2021-03-05,416.000,419.800,414.500,419.100
2021-03-08,421.000,424.400,415.900,416.600
2021-03-09,416.500,418.100,412.200,416.700
2021-03-10,417.000,418.200,406.000,406.400
2021-03-11,406.800,408.800,401.500,404.200
2021-03-12,401.800,406.200,395.800,400.600
2021-03-15,398.700,408.100,397.000,407.500
2021-03-16,407.600,410.600,404.500,405.700
2021-03-17,406.100,406.600,399.500,404.500
2021-03-18,402.300,405.600,398.000,398.400
2021-03-19,400.000,408.400,398.200,407.900
2021-03-22,408.800,408.800,395.400,396.800
2021-03-23,399.100,402.700,396.000,398.000
2021-03-24,398.600,402.900,397.600,401.000
2021-03-25,401.000,405.300,399.000,404.400
2021-03-26,404.800,407.100,400.200,403.900
2021-03-29,404.800,404.800,397.000,397.800
2021-03-30,398.100,400.700,397.200,398.200
2021-03-31,398.200,423.200,397.700,423.200
2021-04-01,427.800,433.200,407.200,409.300
2021-04-05,411.500,417.900,405.700,405.900
2021-04-06,405.900,411.800,405.300,406.000
2021-04-07,407.900,412.100,407.900,411.400
2021-04-08,411.400,412.600,408.500,410.300
2021-04-09,407.500,409.800,400.400,401.100
2021-04-12,402.400,403.400,398.200,402.000
2021-04-13,402.600,403.100,394.600,394.900
2021-04-14,400.700,406.600,399.400,402.400
2021-04-15,403.000,409.300,401.700,405.900
2021-04-16,404.600,412.600,403.800,405.800
2021-04-19,408.100,412.600,405.600,411.100
2021-04-20,416.000,419.600,410.800,414.600
2021-04-21,411.900,417.300,411.100,416.500
2021-04-22,419.000,427.900,416.200,424.200
2021-04-23,423.000,428.600,419.700,425.500
2021-04-26,431.700,439.100,424.300,432.600
2021-04-27,432.700,435.900,424.100,426.100
2021-04-28,425.700,429.700,420.800,421.100
2021-04-29,421.700,425.600,417.100,422.300
2021-04-30,422.700,427.100,417.200,426.300
2021-05-03,428.000,430.800,414.400,414.600
2021-05-04,415.600,423.600,414.500,421.700
2021-05-05,426.000,427.300,420.900,423.900
2021-05-06,425.300,430.100,424.300,428.700
2021-05-07,427.300,443.400,425.500,441.900
2021-05-10,437.900,444.800,436.000,442.500
2021-05-11,442.300,452.200,438.200,447.000
2021-05-12,447.500,457.200,445.400,450.200
2021-05-13,448.900,450.300,420.200,420.400
2021-05-14,421.400,431.400,416.700,419.400
2021-05-17,423.600,426.200,414.300,415.000
2021-05-18,415.900,417.500,410.300,411.300
2021-05-19,411.100,412.000,402.500,403.400
2021-05-20,404.400,410.500,400.000,401.300
2021-05-21,402.000,404.100,397.700,398.100
2021-05-24,398.100,402.100,396.000,399.900
2021-05-25,399.000,403.200,385.300,386.700
2021-05-26,384.100,389.300,378.300,384.000
2021-05-27,384.700,391.700,380.700,389.800
2021-05-28,390.300,396.900,385.800,394.900
2021-06-01,396.000,406.900,396.000,398.100
2021-06-02,397.000,401.900,391.600,393.100
2021-06-03,393.900,397.200,388.600,390.700
2021-06-04,394.200,396.600,390.700,395.400
2021-06-07,399.900,403.400,385.900,387.300
2021-06-08,389.400,395.500,386.900,390.700
2021-06-09,390.500,391.300,383.900,385.900
2021-06-10,386.400,388.900,380.900,381.800
2021-06-11,382.100,384.600,377.600,383.300
2021-06-14,375.000,383.900,371.500,373.800
2021-06-15,376.000,378.000,371.500,371.800
2021-06-16,372.700,382.500,370.400,378.900
2021-06-17,378.100,380.000,360.200,361.900
2021-06-18,368.800,375.700,359.600,374.300
2021-06-21,373.400,380.200,371.700,375.100
2021-06-22,371.500,377.500,365.000,367.100
2021-06-23,367.000,367.700,359.200,359.300
2021-06-24,359.700,361.000,347.000,351.800
2021-06-25,350.500,360.300,347.000,356.600
2021-06-28,356.700,360.900,350.500,360.000
2021-06-29,355.000,361.900,351.600,353.100
2021-06-30,355.200,383.800,349.700,379.700
2021-07-01,387.800,392.100,377.800,387.800
2021-07-02,390.400,392.700,383.500,387.100
2021-07-06,380.800,380.800,360.900,362.500
2021-07-07,367.100,371.600,361.800,365.800
2021-07-08,363.500,368.200,360.600,363.000
2021-07-09,360.900,363.100,355.500,358.300
2021-07-12,358.900,364.000,356.000,362.300
2021-07-13,358.700,365.000,355.200,360.500
2021-07-14,362.000,373.300,357.300,371.600
2021-07-15,367.800,372.500,362.500,363.900
2021-07-16,368.500,371.900,364.600,365.700
2021-07-19,370.500,375.000,363.400,365.500
2021-07-20,369.400,371.900,363.100,370.300
2021-07-21,374.300,375.700,368.900,373.800
2021-07-22,368.500,374.600,363.000,366.100
2021-07-23,362.000,368.000,355.700,355.800
2021-07-26,352.100,357.100,348.700,355.000
2021-07-27,360.200,363.600,355.900,360.600
2021-07-28,362.000,362.600,355.100,357.700
2021-07-29,360.500,361.300,357.400,359.400
2021-07-30,357.300,361.500,353.100,353.200
2021-08-02,355.000,361.200,351.600,359.200
2021-08-03,354.800,358.700,348.900,350.200
2021-08-04,349.900,356.000,348.600,354.500
2021-08-05,354.600,359.200,351.800,356.300
2021-08-06,358.300,359.800,355.700,357.300
2021-08-09,357.600,363.000,355.900,360.200
2021-08-10,364.000,364.700,357.500,359.500
2021-08-11,358.100,361.000,356.000,356.500
2021-08-12,357.700,366.600,353.900,357.600
2021-08-13,360.600,362.600,354.500,360.400
2021-08-16,360.200,363.800,357.900,362.600
2021-08-17,364.500,367.200,361.600,362.800
2021-08-18,361.900,364.100,358.900,360.000
2021-08-19,356.700,360.000,351.800,353.400
2021-08-20,354.000,355.400,350.200,354.900
2021-08-23,354.200,356.400,347.600,348.200
2021-08-24,349.700,357.700,347.900,354.800
2021-08-25,354.900,356.000,352.400,352.500
2021-08-26,353.100,357.000,351.200,355.600
2021-08-27,354.600,355.900,351.100,351.700
2021-08-30,354.100,355.700,346.400,347.800
2021-08-31,348.600,349.900,345.100,345.900
2021-09-01,345.600,346.500,341.100,343.600
2021-09-02,342.200,344.800,339.400,339.900
2021-09-03,340.300,342.400,338.400,340.000
2021-09-07,341.000,343.400,336.200,338.400
2021-09-08,338.000,339.700,335.600,338.100
2021-09-09,337.600,338.800,335.400,338.000
2021-09-10,339.800,345.300,337.200,342.100
2021-09-13,341.500,345.600,339.100,344.800
2021-09-14,346.400,347.300,341.500,341.500
2021-09-15,342.000,343.600,339.200,339.400
2021-09-16,342.400,344.900,339.400,343.700
2021-09-17,342.600,344.700,341.200,342.200
2021-09-20,339.600,342.600,338.600,340.100
2021-09-21,341.300,343.500,339.000,341.800
2021-09-22,340.800,344.000,340.100,341.700
2021-09-23,341.100,342.700,338.700,340.200
2021-09-24,339.800,341.100,337.800,338.900
2021-09-27,342.200,343.900,338.000,340.000
2021-09-28,339.200,340.800,337.800,339.100
2021-09-29,340.400,342.300,339.000,341.100
2021-09-30,339.800,341.300,328.300,328.800
2021-10-01,330.500,331.800,326.500,326.700
2021-10-04,325.700,327.200,323.400,323.600
2021-10-05,322.100,324.200,320.200,321.500
2021-10-06,322.500,324.600,320.100,322.500
2021-10-07,323.700,324.900,319.000,319.100
2021-10-08,320.400,322.800,318.000,318.900
2021-10-11,319.000,320.200,316.100,316.900
2021-10-12,316.000,318.200,311.700,313.400
2021-10-13,312.300,314.600,309.300,311.900
2021-10-14,315.000,315.400,310.900,314.400
2021-10-15,317.400,319.900,313.600,316.500
2021-10-18,315.200,319.400,313.900,318.000
2021-10-19,321.300,326.500,317.000,322.700
2021-10-20,324.200,329.400,321.700,328.500
2021-10-21,324.600,329.200,321.700,323.800
2021-10-22,325.500,327.800,323.000,326.400
2021-10-25,330.900,331.700,325.100,327.200
2021-10-26,325.800,329.400,323.000,326.500
2021-10-27,325.600,334.600,324.500,330.600
2021-10-28,329.300,334.400,328.500,331.200
2021-10-29,332.000,334.200,329.100,332.500
2021-11-01,330.600,334.000,328.600,328.900
2021-11-02,331.300,337.500,328.800,336.700
2021-11-03,337.500,341.300,335.900,340.400
2021-11-04,340.500,341.000,333.300,335.400
2021-11-05,334.000,338.300,331.500,332.400
2021-11-08,330.200,334.200,330.000,331.500
2021-11-09,333.400,346.600,331.300,341.900
2021-11-10,344.000,344.000,340.400,342.700
2021-11-11,343.700,345.800,341.700,344.200
2021-11-12,347.000,366.000,344.400,361.300
2021-11-15,366.000,376.500,358.900,371.900
2021-11-16,373.000,375.200,366.700,368.200
2021-11-17,370.800,382.000,367.500,374.700
2021-11-18,376.500,379.600,370.200,371.100
2021-11-19,362.800,367.200,361.500,365.200
2021-11-22,364.800,370.600,363.300,363.300
2021-11-23,362.400,364.600,355.600,356.200
2021-11-24,354.100,357.700,349.500,351.300
2021-11-26,348.500,350.000,345.500,348.400
2021-11-29,353.100,355.300,342.200,342.300
2021-11-30,339.400,343.700,338.100,342.500
2021-12-01,343.600,352.900,340.700,349.500
2021-12-02,352.700,353.500,348.100,348.500
2021-12-03,351.400,360.500,348.400,358.800
2021-12-06,354.500,359.600,350.900,352.200
2021-12-07,351.000,353.600,347.400,349.900
2021-12-08,349.400,358.500,347.200,357.200
2021-12-09,356.400,360.800,353.100,359.400
2021-12-10,363.000,370.100,358.400,366.400
2021-12-13,365.000,367.400,361.500,362.300
2021-12-14,367.500,381.700,361.200,377.600
2021-12-15,381.100,384.000,371.600,371.700
2021-12-16,370.900,372.200,367.100,369.300
2021-12-17,372.000,377.300,368.400,375.900
2021-12-20,378.900,384.100,376.000,383.000
2021-12-21,381.600,392.400,380.800,389.800
2021-12-22,395.500,399.800,388.700,398.200
2021-12-23,397.500,402.200,396.100,401.900
2021-12-27,404.200,409.200,400.000,408.700
2021-12-28,407.400,415.100,406.300,409.100
2021-12-29,405.000,412.500,402.100,407.200
2021-12-30,404.000,409.300,402.200,403.700
2021-12-31,404.100,407.700,398.200,399.900
2022-01-03,405.800,415.000,401.200,411.900
2022-01-04,409.100,415.900,407.300,414.900
2022-01-05,412.200,416.500,410.500,413.500
2022-01-06,407.400,413.500,405.400,411.100
2022-01-07,407.400,431.800,406.700,423.300
2022-01-10,427.500,428.500,415.100,415.600
2022-01-11,413.200,420.400,411.200,412.700
2022-01-12,410.000,418.400,408.500,415.800
2022-01-13,410.600,415.900,403.800,408.200
2022-01-14,411.500,412.500,403.800,406.100
2022-01-18,394.300,403.600,389.400,390.500
2022-01-19,395.000,400.100,391.100,398.200
2022-01-20,396.300,405.300,393.800,400.700
2022-01-21,396.800,400.700,391.300,393.600
2022-01-24,393.000,396.400,387.400,394.200
2022-01-25,392.600,395.700,388.900,391.700
2022-01-26,391.600,403.000,389.500,399.700
2022-01-27,400.000,409.700,396.300,404.700
2022-01-28,408.700,413.500,402.800,411.200
2022-01-31,415.800,420.300,412.200,418.600
2022-02-01,425.400,437.100,417.100,435.900
2022-02-02,444.000,447.600,431.000,434.600
2022-02-03,434.000,444.000,431.600,436.400
2022-02-04,436.200,445.100,434.300,443.800
2022-02-07,452.600,454.500,445.900,453.200
2022-02-08,452.600,455.700,450.300,454.100
2022-02-09,455.000,464.100,454.000,462.400
2022-02-10,474.200,477.900,452.600,453.500
2022-02-11,458.100,462.800,450.700,455.500
2022-02-14,456.700,460.200,445.200,449.000
2022-02-15,446.900,448.800,436.200,436.700
2022-02-16,437.000,450.700,435.800,446.900
2022-02-17,446.900,453.300,444.200,447.400
2022-02-18,445.400,452.300,444.700,445.000
2022-02-22,446.000,452.300,443.000,451.900
2022-02-23,454.400,469.400,450.500,465.800
2022-02-24,465.500,487.000,453.400,455.500
2022-02-25,449.800,460.700,441.700,442.300
2022-02-28,447.000,454.800,444.300,448.100
2022-03-01,448.000,458.600,448.000,454.200
2022-03-02,454.800,457.900,443.100,449.000
2022-03-03,454.800,461.200,448.400,452.800
2022-03-04,452.900,469.900,450.700,461.000
2022-03-07,460.000,471.000,456.200,459.400
2022-03-08,458.600,476.500,455.000,471.500
2022-03-09,473.200,485.000,471.800,474.700
2022-03-10,478.000,490.000,473.300,483.500
2022-03-11,484.000,485.700,468.400,478.100
2022-03-14,484.700,491.600,480.300,485.000
2022-03-15,485.100,488.500,475.600,483.100
2022-03-16,483.300,489.800,476.100,478.700
2022-03-17,478.500,482.000,471.500,473.900
2022-03-18,474.200,479.000,472.000,475.500
2022-03-21,477.100,485.400,475.800,480.500
2022-03-22,481.000,486.800,474.800,476.800
2022-03-23,477.000,489.800,476.100,485.300
2022-03-24,485.100,489.000,482.400,486.700
2022-03-25,487.000,494.700,484.500,485.800
2022-03-28,486.000,487.200,477.200,477.400
2022-03-29,477.800,478.700,460.200,466.400
2022-03-30,467.800,478.900,463.700,473.700
2022-03-31,474.100,478.000,465.100,467.600
2022-04-01,468.300,470.900,448.100,448.400
2022-04-04,451.000,458.700,448.500,455.100
2022-04-05,455.100,467.300,455.000,466.200
2022-04-06,466.200,470.000,459.900,461.500
2022-04-07,459.900,465.300,458.800,460.700
2022-04-08,460.900,469.500,460.500,468.200
2022-04-11,468.500,471.300,457.900,459.400
2022-04-12,456.800,462.700,454.800,458.200
2022-04-13,458.200,459.700,450.000,454.700
2022-04-14,454.900,459.900,452.700,455.100
2022-04-18,455.200,462.800,452.800,459.800
2022-04-19,460.000,465.600,457.600,459.600
2022-04-20,459.600,467.400,459.200,466.300
2022-04-21,466.500,467.800,460.500,463.600
2022-04-22,463.500,465.100,451.500,452.200
2022-04-25,452.000,453.000,445.200,445.200
2022-04-26,446.500,450.900,436.000,437.400
2022-04-27,438.200,447.900,429.000,441.200
2022-04-28,441.200,442.000,429.300,430.200
2022-04-29,430.500,440.000,430.100,432.900
2022-05-02,432.000,434.000,424.100,431.500
2022-05-03,432.000,435.300,423.200,424.400
2022-05-04,425.400,427.200,417.500,417.700
2022-05-05,418.400,426.400,418.400,419.800
2022-05-06,420.000,421.000,412.700,413.800
2022-05-09,413.600,415.100,402.100,403.700
2022-05-10,403.500,407.900,398.600,402.700
2022-05-11,402.000,407.200,397.300,397.500
2022-05-12,399.600,406.100,395.000,396.700
2022-05-13,396.200,412.600,396.200,410.000
2022-05-16,413.900,416.800,411.100,412.700
2022-05-17,413.500,418.900,407.200,411.600
2022-05-18,412.000,417.800,408.300,414.000
2022-05-19,414.600,430.400,414.000,426.000
2022-05-20,425.500,431.300,423.000,429.400
2022-05-23,430.000,433.200,420.400,423.100
2022-05-24,422.500,429.100,420.300,426.400
2022-05-25,426.900,428.600,418.600,424.000
2022-05-26,423.900,432.100,421.000,428.500
2022-05-27,428.400,434.900,425.600,432.200
2022-05-31,433.300,436.500,410.700,415.900
2022-06-01,415.900,419.800,410.500,412.700
2022-06-02,413.500,418.300,411.300,415.800
2022-06-03,414.900,418.000,407.300,407.600
2022-06-06,409.000,412.400,406.600,407.600
2022-06-07,408.000,418.600,404.000,417.500
2022-06-08,417.700,424.200,413.300,415.100
2022-06-09,415.600,430.000,413.500,427.600
2022-06-10,427.500,431.700,424.800,429.300
2022-06-13,429.200,430.700,414.600,415.400
2022-06-14,415.100,420.200,410.200,410.300
2022-06-15,410.900,419.600,408.000,417.700
2022-06-16,418.000,431.900,418.000,428.800
2022-06-17,429.600,439.800,427.200,437.600
2022-06-21,406.700,408.000,398.000,403.200
2022-06-22,403.300,404.300,397.500,399.400
2022-06-23,399.700,400.100,383.100,387.000
2022-06-24,387.100,393.400,384.500,391.200
2022-06-27,432.000,444.700,429.500,443.700
2022-06-28,394.300,404.500,391.600,400.400
2022-06-29,400.400,407.800,400.200,406.900
2022-06-30,406.500,418.000,401.000,406.300
2022-07-01,407.100,408.100,388.000,389.500
2022-07-05,388.300,388.400,375.300,378.400
2022-07-06,379.700,385.400,376.500,379.700
2022-07-07,379.700,393.900,379.700,391.100
2022-07-08,391.800,405.000,388.600,403.700
2022-07-11,407.300,412.900,400.000,400.000
2022-07-12,400.900,404.500,389.000,389.200
2022-07-13,389.400,405.000,387.200,401.700
2022-07-14,402.500,408.600,394.600,402.400
2022-07-15,403.800,405.300,388.400,391.600
2022-07-18,394.700,400.000,389.200,395.200
2022-07-19,395.900,395.900,387.000,392.400
2022-07-20,391.500,392.200,385.000,391.500
2022-07-21,391.400,392.600,384.000,385.200
2022-07-22,385.200,387.800,380.800,381.600
2022-07-25,386.500,400.600,381.900,398.900
2022-07-26,400.100,419.200,400.100,416.700
2022-07-27,417.100,430.600,414.000,425.900
2022-07-28,425.800,428.800,416.300,418.700
2022-07-29,418.700,431.700,416.100,419.300
2022-08-01,420.500,421.400,396.600,401.000
2022-08-02,399.600,406.400,395.700,402.400
2022-08-03,402.200,407.600,395.500,398.200
2022-08-04,398.100,422.600,397.000,420.500
2022-08-05,419.500,421.900,403.400,405.400
2022-08-08,402.500,405.600,397.800,400.300
2022-08-09,402.400,414.600,401.800,409.200
2022-08-10,410.000,424.000,406.200,408.500
2022-08-11,408.800,416.800,406.500,413.900
2022-08-12,412.800,421.800,407.600,417.600
2022-08-15,413.600,416.200,399.700,404.700
2022-08-16,404.800,406.400,395.600,396.800
2022-08-17,397.000,402.900,396.000,401.100
2022-08-18,400.800,411.300,399.000,408.700
2022-08-19,408.000,408.900,399.400,402.400
2022-08-22,401.600,416.600,399.400,415.200
2022-08-23,415.400,429.100,415.400,426.400
2022-08-24,426.900,436.600,424.000,427.300
2022-08-25,427.400,430.300,413.600,413.700
2022-08-26,414.000,431.000,413.700,429.900
2022-08-29,429.400,432.700,422.800,427.100
2022-08-30,427.100,427.400,417.300,424.100
2022-08-31,424.000,424.700,414.500,415.200
2022-09-01,415.400,422.600,412.200,415.200
2022-09-02,415.700,421.200,414.200,417.700
2022-09-06,412.700,413.000,404.300,407.300
2022-09-07,406.800,424.000,404.400,410.800
2022-09-08,413.000,415.000,405.300,406.800
2022-09-09,406.800,412.800,405.500,410.700
2022-09-12,410.000,440.700,409.300,433.600
2022-09-13,433.900,437.200,423.400,424.000
2022-09-14,423.600,428.700,420.200,424.100
2022-09-15,425.500,432.400,423.200,427.400
2022-09-16,424.400,429.000,417.500,420.900
2022-09-19,423.000,430.800,420.200,428.400
2022-09-20,426.200,442.700,424.900,437.500
2022-09-21,436.000,442.300,430.900,438.300
2022-09-22,440.600,443.800,427.900,429.200
2022-09-23,423.400,429.000,420.200,423.000
2022-09-26,423.300,425.900,417.000,417.500
2022-09-27,417.500,421.500,412.900,414.000
2022-09-28,414.200,416.600,410.500,413.100
2022-09-29,413.100,416.700,406.800,407.100
2022-09-30,407.300,414.000,402.400,402.700
2022-10-03,403.000,406.800,399.300,404.900
2022-10-04,405.400,412.300,401.000,401.700
2022-10-05,402.200,404.700,396.500,399.100
2022-10-06,399.300,400.600,392.000,393.600
2022-10-07,393.900,401.700,391.900,400.500
2022-10-10,401.000,408.700,400.500,405.300
2022-10-11,406.000,410.300,404.100,405.500
2022-10-12,405.500,418.800,403.400,414.000
2022-10-13,414.200,417.600,409.000,411.400
2022-10-14,411.400,417.700,410.200,411.700
2022-10-17,411.300,413.100,408.500,410.600
2022-10-18,410.700,410.900,398.800,402.000
2022-10-19,402.600,404.000,399.000,401.900
2022-10-20,401.900,414.000,401.900,412.700
2022-10-21,412.500,418.500,408.400,417.800
2022-10-24,417.900,418.400,406.500,407.800
2022-10-25,408.700,418.300,407.000,414.400
2022-10-26,415.000,419.900,406.400,409.100
2022-10-27,409.000,416.000,408.700,415.300
2022-10-28,415.200,426.000,412.700,424.700
2022-10-31,424.700,440.500,421.100,427.100
2022-11-01,427.100,431.000,423.300,424.600
2022-11-02,424.800,427.600,420.000,424.300
2022-11-03,424.600,424.800,414.000,414.300
2022-11-04,415.000,422.800,414.900,420.600
2022-11-07,419.600,423.300,414.600,418.900
2022-11-08,419.100,422.900,417.200,419.500
2022-11-09,419.300,422.500,415.100,417.700
2022-11-10,419.300,420.400,403.400,404.500
2022-11-11,404.300,410.600,404.200,407.400
2022-11-14,407.900,412.100,403.900,406.200
2022-11-15,406.100,411.300,402.200,409.200
2022-11-16,409.900,410.100,403.900,407.800
2022-11-17,404.500,405.200,400.000,402.400
2022-11-18,403.000,407.700,402.500,405.800
2022-11-21,405.700,410.800,404.100,408.100
2022-11-22,408.800,409.200,404.300,405.700
2022-11-23,405.000,409.000,404.600,407.400
2022-11-25,407.000,412.100,405.400,406.100
2022-11-28,406.000,413.900,403.300,411.000
2022-11-29,410.700,411.400,406.300,407.900
2022-11-30,409.500,419.500,407.400,417.700
2022-12-01,417.800,426.500,415.200,421.200
2022-12-02,419.800,425.000,419.400,424.700
2022-12-05,424.100,433.900,423.000,432.200
2022-12-06,432.100,453.200,432.100,449.100
2022-12-07,448.600,463.200,447.600,458.500
2022-12-08,459.000,468.600,455.900,466.300
2022-12-09,461.400,469.300,460.000,467.800
2022-12-12,471.600,471.900,448.600,450.800
2022-12-13,450.600,459.700,450.000,453.000
2022-12-14,450.300,457.900,447.700,456.300
2022-12-15,455.000,460.900,450.100,451.700
2022-12-16,453.500,466.400,452.200,459.800
2022-12-19,457.900,458.100,443.400,445.800
2022-12-20,446.300,454.300,446.100,448.700
2022-12-21,449.000,453.900,447.500,452.400
2022-12-22,452.400,452.800,444.500,447.500
2022-12-23,448.300,454.900,446.900,450.700
2022-12-27,453.400,460.300,444.900,447.900
2022-12-28,447.900,463.700,448.500,462.700
2022-12-29,461.300,463.000,455.800,458.400
2022-12-30,458.500,476.100,457.900,471.100
2023-01-03,471.000,472.200,461.000,464.700
2023-01-04,465.400,472.600,459.600,463.300
2023-01-05,463.500,468.000,457.200,466.000
2023-01-06,465.000,479.000,465.000,476.800
2023-01-09,477.100,479.000,468.700,471.500
2023-01-10,470.900,475.700,466.100,468.600
2023-01-11,468.700,478.300,468.200,474.700
2023-01-12,474.600,484.400,474.100,482.000
2023-01-13,481.500,485.300,475.200,475.300
2023-01-17,473.700,481.600,468.400,480.700
2023-01-18,480.400,487.000,472.300,477.800
2023-01-19,478.400,480.300,470.800,471.100
2023-01-20,471.300,473.500,462.900,463.900
2023-01-23,462.000,463.500,452.800,462.700
2023-01-24,462.500,472.400,458.600,459.200
2023-01-25,459.800,467.400,454.800,467.200
2023-01-26,467.400,478.200,465.300,477.500
2023-01-27,477.100,481.700,471.300,473.600
2023-01-30,475.800,490.300,475.300,488.500
2023-01-31,489.100,489.200,480.500,484.100
2023-02-01,483.300,487.800,479.000,484.500
2023-02-02,484.900,493.600,484.900,491.300
2023-02-03,491.600,500.400,487.300,496.600
2023-02-06,498.000,500.000,487.400,488.600
2023-02-07,489.000,490.200,479.200,481.700
2023-02-08,481.500,487.900,477.800,481.700
2023-02-09,481.600,497.500,479.700,494.800
2023-02-10,495.000,501.000,490.500,498.700
2023-02-13,500.800,508.200,500.300,503.700
2023-02-14,503.000,506.100,499.400,501.400
2023-02-15,501.000,501.800,490.500,490.900
2023-02-16,492.200,492.600,487.800,491.600
2023-02-17,475.300,481.400,473.600,474.300
2023-02-21,479.400,485.300,477.800,480.700
2023-02-22,481.200,482.900,476.100,477.800
2023-02-23,477.500,479.600,475.300,478.200
2023-02-24,478.500,483.900,473.800,480.700
2023-02-27,480.000,483.500,478.100,481.600
2023-02-28,481.000,482.200,466.200,466.400
2023-03-01,467.500,472.200,465.800,470.300
2023-03-02,471.000,476.300,469.700,472.500
2023-03-03,472.800,482.800,471.000,481.900
2023-03-06,482.700,494.700,480.100,493.800
2023-03-07,493.300,498.000,487.100,487.800
2023-03-08,488.700,495.300,485.000,486.400
2023-03-09,486.700,492.500,482.700,487.500
2023-03-10,487.000,487.400,480.400,486.000
2023-03-13,487.500,490.000,478.900,479.000
2023-03-14,479.300,482.700,472.200,481.400
2023-03-15,481.400,485.300,474.500,478.000
2023-03-16,479.200,481.500,472.400,473.800
2023-03-17,474.800,475.900,463.800,465.600
2023-03-20,465.000,468.000,457.500,461.700
2023-03-21,462.000,468.400,459.700,461.600
2023-03-22,460.700,462.300,451.000,451.400
2023-03-23,453.100,455.300,437.400,438.300
2023-03-24,439.800,446.600,435.000,445.000
2023-03-27,445.300,447.500,439.600,445.100
2023-03-28,445.000,458.700,444.800,457.300
2023-03-29,457.300,461.900,455.400,457.700
2023-03-30,458.000,465.000,456.700,459.300
2023-03-31,458.500,469.000,453.100,464.600
2023-04-03,463.900,467.500,459.400,463.500
2023-04-04,464.000,464.000,454.300,457.900
2023-04-05,457.400,458.100,450.100,450.700
2023-04-06,450.600,455.400,445.400,453.700
2023-04-10,454.300,457.900,449.100,451.300
2023-04-11,451.600,459.700,451.300,458.000
2023-04-12,455.000,460.000,452.200,457.900
2023-04-13,457.600,467.000,456.800,459.800
2023-04-14,460.500,462.800,456.200,456.400
2023-04-17,456.700,463.400,454.500,462.500
2023-04-18,462.700,468.200,456.100,458.000
2023-04-19,458.000,459.400,451.100,451.400
2023-04-20,452.000,452.500,445.500,448.600
2023-04-21,448.800,449.400,442.000,443.100
2023-04-24,444.100,446.900,437.100,437.300
2023-04-25,436.900,439.100,432.900,435.300
2023-04-26,435.000,437.800,426.600,428.000
2023-04-27,428.000,428.200,422.000,427.200
2023-04-28,428.100,434.200,422.400,432.300
2023-05-01,432.500,433.900,429.500,433.300
2023-05-02,433.700,437.600,427.200,427.400
2023-05-03,428.000,428.700,420.900,424.200
2023-05-04,424.000,426.300,418.000,424.600
2023-05-05,424.600,428.000,423.800,425.700
2023-05-08,424.500,430.100,423.300,426.900
2023-05-09,426.900,426.900,418.800,419.200
2023-05-10,419.500,423.700,416.100,419.700
2023-05-11,419.500,432.600,416.300,431.300
2023-05-12,431.400,436.500,428.600,434.400
2023-05-15,433.400,442.300,430.500,430.700
2023-05-16,430.700,430.900,424.500,427.200
2023-05-17,426.900,429.900,423.900,423.900
2023-05-18,424.800,425.300,413.700,413.700
2023-05-19,414.000,417.500,408.600,409.200
2023-05-22,409.100,416.900,407.500,412.600
2023-05-23,412.200,413.300,405.900,406.300
2023-05-24,406.400,410.600,400.700,402.000
2023-05-25,402.200,405.500,395.600,397.800
2023-05-26,398.400,407.000,397.000,402.600
2023-05-30,402.200,402.900,391.700,392.700
2023-05-31,393.500,394.500,386.300,393.000
2023-06-01,393.300,404.400,392.800,400.300
2023-06-02,401.100,404.200,396.700,397.600
2023-06-05,398.500,402.300,397.200,401.100
2023-06-06,401.500,405.900,395.800,396.000
2023-06-07,396.700,405.800,396.100,405.100
2023-06-08,404.700,408.400,401.000,403.800
2023-06-09,403.600,407.100,396.800,397.000
2023-06-12,398.200,403.900,395.600,397.200
2023-06-13,397.400,404.000,396.000,398.200
2023-06-14,398.000,398.800,388.700,389.600
2023-06-15,375.200,383.900,375.200,383.400
2023-06-16,393.700,417.000,392.400,416.000
2023-06-20,408.000,409.700,397.800,401.900
2023-06-21,408.900,432.600,406.600,432.600
2023-06-22,431.600,432.000,413.900,416.300
2023-06-23,415.100,415.100,395.500,396.600
2023-06-26,398.700,404.400,394.300,399.000
2023-06-27,399.600,399.600,384.500,385.300
2023-06-28,386.000,386.000,375.300,378.000
2023-06-29,377.500,382.000,374.600,380.000
2023-06-30,380.200,402.900,380.000,396.500
2023-07-03,397.300,415.200,395.400,396.600
2023-07-05,400.000,402.500,387.800,392.600
2023-07-06,393.000,398.200,389.500,391.500
2023-07-07,391.900,392.300,384.700,386.100
2023-07-10,385.400,393.100,385.400,388.000
2023-07-11,389.300,399.900,385.400,398.600
2023-07-12,398.600,405.900,389.600,390.100
2023-07-13,389.800,400.800,388.900,400.000
2023-07-14,401.000,404.300,395.300,401.000
2023-07-17,405.000,410.100,401.400,408.100
2023-07-18,408.000,420.700,406.500,415.800
2023-07-19,416.000,424.400,411.000,415.100
2023-07-20,414.700,420.500,409.200,410.100
2023-07-21,410.000,411.200,403.000,408.200
2023-07-24,412.500,415.200,407.200,412.100
2023-07-25,411.500,416.600,408.700,416.400
2023-07-26,416.100,421.700,413.300,417.800
2023-07-27,419.400,424.700,414.600,414.800
2023-07-28,414.900,415.100,404.000,407.000
2023-07-31,399.700,402.600,392.400,395.400
2023-08-01,395.900,402.800,393.400,398.800
2023-08-02,398.300,403.000,389.700,392.100
2023-08-03,393.700,403.200,392.400,396.800
2023-08-04,399.000,407.700,396.100,397.200
2023-08-07,396.600,397.500,387.200,392.300
2023-08-08,391.600,395.100,387.600,393.700
2023-08-09,394.000,398.300,390.200,391.300
2023-08-10,390.800,397.500,390.400,394.100
2023-08-11,395.300,401.600,388.000,388.200
2023-08-14,389.300,394.400,388.700,391.600
2023-08-15,390.500,393.400,379.800,380.200
2023-08-16,380.500,384.500,380.100,383.000
2023-08-17,383.700,385.500,379.000,380.900
2023-08-18,380.700,389.400,380.700,389.000
2023-08-21,395.500,399.300,389.700,395.800
2023-08-22,396.500,403.300,390.500,394.800
2023-08-23,395.400,401.700,392.100,401.300
2023-08-24,402.000,413.800,401.000,412.200
2023-08-25,412.300,416.400,410.200,413.700
2023-08-28,416.900,421.000,414.300,418.800
2023-08-29,417.100,418.700,411.400,412.100
2023-08-30,412.200,414.900,405.500,409.900
2023-08-31,410.300,411.600,402.800,404.000
2023-09-01,404.100,409.700,399.000,399.000
2023-09-05,401.000,403.900,395.600,398.100
2023-09-06,399.000,405.100,397.600,398.700
2023-09-07,399.300,400.000,394.500,395.600
2023-09-08,395.300,402.100,393.200,401.400
2023-09-11,402.000,407.900,401.000,404.700
2023-09-12,405.100,405.600,395.700,397.300
2023-09-13,398.100,398.100,391.200,395.000
2023-09-14,395.000,402.100,394.700,398.900
2023-09-15,399.200,401.600,391.900,392.000
2023-09-18,392.100,393.200,387.700,387.800
2023-09-19,388.000,390.300,385.800,388.900
2023-09-20,389.200,397.100,389.000,394.800
2023-09-21,395.200,395.600,387.900,388.500
2023-09-22,388.400,391.300,385.100,385.600
2023-09-25,385.800,391.300,384.600,389.200
2023-09-26,389.800,394.200,386.600,393.900
2023-09-27,393.700,396.600,388.300,389.100
2023-09-28,389.100,393.500,387.500,391.600
2023-09-29,391.800,392.000,380.800,381.700
2023-10-02,381.200,382.100,373.400,374.700
2023-10-03,374.700,374.800,367.100,373.100
2023-10-04,372.100,378.200,368.700,371.800
2023-10-05,371.900,378.000,366.500,376.700
2023-10-06,376.700,379.800,371.500,371.600
2023-10-09,371.500,377.100,370.600,374.100
2023-10-10,374.500,378.300,371.800,377.500
2023-10-11,377.500,379.300,374.200,377.900
2023-10-12,378.000,394.400,378.000,392.200
2023-10-13,393.800,399.000,388.000,390.600
2023-10-16,390.000,392.900,386.900,390.300
2023-10-17,390.500,401.100,390.100,399.900
2023-10-18,399.800,415.100,399.000,414.300
2023-10-19,413.700,424.300,412.000,423.200
2023-10-20,423.000,425.700,416.900,424.400
2023-10-23,424.600,429.000,417.000,420.200
2023-10-24,421.000,434.800,413.400,434.000
2023-10-25,433.600,439.400,424.800,427.600
2023-10-26,427.400,433.200,422.100,428.900
2023-10-27,429.500,448.400,428.100,441.700
2023-10-30,441.400,442.100,424.400,426.800
2023-10-31,426.600,435.300,423.000,431.500
2023-11-01,431.000,432.600,424.000,430.900
2023-11-02,430.400,434.500,422.500,427.100
2023-11-03,427.300,445.000,424.400,444.100
2023-11-06,442.800,446.000,433.000,438.300
2023-11-07,438.500,456.300,436.500,449.300
2023-11-08,448.700,464.200,448.000,450.800
2023-11-09,450.800,453.100,443.000,451.400
2023-11-10,436.200,436.800,430.900,433.500
2023-11-13,436.000,459.900,434.700,454.800
2023-11-14,453.800,457.000,440.500,456.400
2023-11-15,455.600,460.600,448.000,452.600
2023-11-16,451.900,454.000,438.200,449.100
2023-11-17,447.600,449.500,435.600,437.300
2023-11-20,436.000,444.700,425.100,444.600
2023-11-21,443.000,450.500,437.700,442.100
2023-11-22,442.100,447.200,436.200,437.600
2023-11-24,437.600,441.400,433.400,434.200
2023-11-27,434.100,440.200,430.900,436.600
2023-11-28,436.600,441.200,430.100,431.000
2023-11-29,429.800,433.100,425.600,427.400
2023-11-30,427.500,429.000,420.600,423.800
2023-12-01,423.800,423.800,412.100,412.200
2023-12-04,412.500,417.900,406.300,408.800
2023-12-05,409.000,418.800,406.500,418.200
2023-12-06,418.400,421.900,406.500,408.600
2023-12-07,408.800,411.800,402.400,407.000
2023-12-08,407.600,414.300,403.200,405.800
2023-12-11,406.000,413.900,404.400,413.300
2023-12-12,413.300,417.700,408.700,410.100
2023-12-13,410.500,411.700,397.900,403.000
2023-12-14,404.200,405.900,399.000,403.800
2023-12-15,396.200,398.500,393.400,396.900
2023-12-18,396.500,401.800,392.600,401.300
2023-12-19,401.400,401.400,391.600,392.800
2023-12-20,392.500,393.900,386.100,388.700
2023-12-21,388.700,389.000,384.700,386.100
2023-12-22,386.400,392.400,384.900,390.400
2023-12-26,391.600,396.100,386.700,395.400
2023-12-27,395.900,395.900,392.100,394.000
2023-12-28,394.000,397.500,389.100,390.200
2023-12-29,390.700,392.100,384.300,385.900
2024-01-02,385.300,385.600,376.600,379.400
2024-01-03,379.500,381.500,375.300,380.100
2024-01-04,380.100,381.100,375.300,375.400
2024-01-05,376.200,376.200,369.100,369.400
2024-01-08,369.400,370.500,366.200,368.400
2024-01-09,368.900,370.000,363.300,367.500
2024-01-10,367.600,368.300,363.500,364.100
2024-01-11,365.000,368.900,361.600,361.800
2024-01-12,362.200,364.800,353.400,362.800
2024-01-16,363.200,371.700,363.200,371.100
2024-01-17,371.500,373.600,357.100,358.400
2024-01-18,358.700,362.400,355.500,361.300
2024-01-19,361.900,365.700,356.000,356.200
2024-01-22,356.500,358.000,351.400,356.000
2024-01-23,356.200,361.700,355.200,360.900
2024-01-24,361.000,366.100,360.400,363.100
2024-01-25,363.300,366.800,357.000,357.200
2024-01-26,357.900,360.100,348.600,348.900
2024-01-29,349.900,359.000,346.200,354.100
2024-01-30,354.300,364.000,352.500,363.900
2024-01-31,363.000,369.700,359.000,368.400
2024-02-01,368.300,370.400,358.800,361.700
2024-02-02,361.700,365.500,356.100,356.900
2024-02-05,356.800,361.500,353.200,361.100
2024-02-06,361.000,362.600,355.900,359.200
2024-02-07,358.800,359.800,350.000,351.000
2024-02-08,351.000,354.600,343.500,347.300
2024-02-09,347.100,349.400,341.000,346.800
2024-02-12,347.100,355.900,346.500,348.400
2024-02-13,348.900,350.300,343.500,345.100
2024-02-14,339.200,341.300,336.100,336.200
2024-02-15,336.200,338.700,332.700,333.200
2024-02-16,333.400,339.600,333.200,339.000
2024-02-20,339.000,345.200,338.900,341.900
2024-02-21,342.200,342.200,335.900,336.500
2024-02-22,336.600,338.100,331.000,331.700
2024-02-23,331.400,333.000,325.600,328.500
2024-02-26,328.800,331.000,325.500,328.400
2024-02-27,328.800,333.900,323.300,326.000
2024-02-28,325.100,330.400,324.400,327.600
2024-02-29,327.800,331.400,323.200,328.900
2024-03-01,328.800,334.400,328.000,332.600
2024-03-04,332.900,337.500,332.400,333.800
2024-03-05,333.500,334.300,329.000,329.800
2024-03-06,330.000,331.100,325.400,330.200
2024-03-07,330.300,335.000,329.800,334.300
2024-03-08,333.200,342.400,330.900,341.900
2024-03-11,342.100,343.000,336.400,337.900
2024-03-12,337.400,340.700,335.200,339.300
2024-03-13,339.400,339.400,332.500,336.400
2024-03-14,336.400,344.500,334.800,337.500
2024-03-15,337.800,339.600,332.900,334.200
2024-03-18,334.900,338.100,331.300,331.700
2024-03-19,331.800,334.700,329.300,334.100
2024-03-20,334.100,343.000,333.500,342.400
2024-03-21,342.500,347.600,338.800,344.800
2024-03-22,344.500,345.500,337.300,338.600
2024-03-25,338.900,342.800,336.600,340.900
2024-03-26,341.500,341.700,338.500,339.300
2024-03-27,339.200,341.900,338.200,338.500
2024-03-28,338.800,339.300,332.800,337.400
2024-04-01,338.300,338.700,331.300,332.900
2024-04-02,333.300,334.500,327.000,328.700
2024-04-03,328.500,331.400,325.100,329.800
2024-04-04,330.000,333.900,327.800,332.600
2024-04-05,331.500,335.600,329.600,333.100
2024-04-08,333.100,338.300,332.300,335.500
2024-04-09,335.600,338.500,332.300,335.500
2024-04-10,335.600,336.900,330.600,330.700
2024-04-11,330.900,336.300,330.200,335.700
2024-04-12,335.200,345.100,334.800,343.600
2024-04-15,343.900,344.600,336.600,338.600
2024-04-16,338.600,341.800,336.500,336.700
2024-04-17,337.000,341.400,336.400,339.500
2024-04-18,339.500,339.800,336.400,337.600
2024-04-19,337.600,344.900,336.700,343.000
2024-04-22,343.000,346.700,338.300,344.400
2024-04-23,344.700,349.000,343.600,345.900
2024-04-24,345.900,351.900,345.700,349.300
2024-04-25,349.300,349.800,344.100,347.200
2024-04-26,347.200,347.600,344.000,344.200
2024-04-29,344.200,356.000,341.500,354.500
2024-04-30,354.300,361.400,347.100,352.000
2024-05-01,352.000,350.000,344.700,349.300
2024-05-02,349.000,366.400,349.000,366.000
2024-05-03,366.000,374.800,364.800,373.100
2024-05-06,373.100,388.000,367.700,386.900
2024-05-07,386.500,390.000,382.100,382.500
2024-05-08,382.500,387.600,377.600,379.200
2024-05-09,378.500,382.000,372.500,373.100
2024-05-10,373.200,377.600,365.600,372.500
2024-05-13,372.500,373.000,366.300,366.700
2024-05-14,366.700,375.000,365.100,373.300
2024-05-15,373.200,381.700,370.800,371.900
2024-05-16,371.900,372.600,366.700,367.900
2024-05-17,368.500,372.400,366.000,368.800
2024-05-20,368.800,375.600,365.600,373.700
2024-05-21,373.700,375.300,367.800,372.000
2024-05-22,372.000,379.100,369.500,378.900
2024-05-23,378.200,382.000,374.600,376.800
2024-05-24,377.000,387.900,376.100,387.800
2024-05-28,386.500,391.300,374.200,377.300
2024-05-29,377.500,378.900,368.200,368.600
2024-05-30,369.100,374.100,362.300,364.300
2024-05-31,364.300,370.100,362.300,364.800
2024-06-03,364.700,364.700,358.400,360.000
2024-06-04,360.000,360.300,354.700,355.200
2024-06-05,355.500,365.500,355.000,359.200
2024-06-06,359.300,365.100,358.900,362.400
2024-06-07,362.400,364.000,354.700,360.500
2024-06-10,360.500,369.200,360.100,368.200
2024-06-11,368.200,371.400,358.200,358.500
2024-06-12,358.600,365.000,358.000,360.100
2024-06-13,360.200,369.400,359.000,367.900
2024-06-14,367.900,372.600,365.300,367.500
2024-06-17,367.500,367.400,359.600,360.600
2024-06-18,360.800,366.600,360.800,363.500
2024-06-20,345.200,345.800,338.800,339.700
2024-06-21,340.600,343.700,339.400,341.600
2024-06-24,341.600,348.000,337.300,346.900
2024-06-25,347.100,347.700,338.700,342.400
2024-06-26,342.400,345.600,337.600,338.200
2024-06-27,338.200,341.100,336.600,338.900
2024-06-28,338.900,342.500,335.300,336.000
2024-07-01,336.000,335.900,329.600,332.500
2024-07-02,332.500,334.900,327.900,328.600
2024-07-03,328.700,332.100,327.500,328.800
2024-07-05,328.800,334.700,328.500,332.300
2024-07-08,332.300,332.200,320.600,321.300
2024-07-09,321.300,322.700,317.800,317.800
2024-07-10,317.800,320.600,316.100,316.800
2024-07-11,316.800,318.600,313.000,314.800
2024-07-12,314.800,316.400,312.500,313.900
2024-07-15,313.900,315.000,307.300,307.600
2024-07-16,307.600,311.300,306.700,311.000
2024-07-17,311.000,312.400,307.900,312.200
2024-07-18,312.200,313.800,307.600,311.500
2024-07-19,311.600,313.200,307.000,307.200
2024-07-22,307.200,319.700,307.600,319.300
2024-07-23,319.500,322.600,316.400,319.100
2024-07-24,319.100,326.300,316.000,319.800
2024-07-25,319.800,329.900,318.400,328.800
2024-07-26,329.200,329.700,322.100,323.800
2024-07-29,323.800,323.700,316.300,323.300
2024-07-30,323.000,324.300,316.900,317.200
2024-07-31,318.000,321.500,314.400,315.600
2024-08-01,315.600,318.700,313.800,315.900
2024-08-02,315.900,325.000,315.300,324.700
2024-08-05,324.700,332.800,319.500,331.900
2024-08-06,331.900,335.000,325.500,326.800
2024-08-07,326.100,327.000,317.800,319.200
2024-08-08,318.400,322.300,315.000,316.400
2024-08-09,316.600,320.700,310.200,310.400
2024-08-12,310.400,312.800,302.700,304.900
2024-08-13,304.900,305.900,298.600,298.900
2024-08-14,299.500,305.000,298.500,304.500
2024-08-15,304.000,310.200,303.800,307.100
2024-08-16,307.700,308.700,301.500,301.800
2024-08-19,301.800,311.500,301.500,310.600
2024-08-20,310.000,313.600,307.600,308.700
2024-08-21,308.500,311.400,306.700,309.400
2024-08-22,309.500,309.700,302.600,304.300
2024-08-23,304.400,306.000,302.100,304.700
2024-08-26,302.700,308.500,300.200,308.100
2024-08-27,308.100,312.600,306.900,312.200
2024-08-28,312.200,312.500,307.200,308.200
2024-08-29,308.300,313.900,307.200,310.400
2024-08-30,310.000,316.100,309.600,312.500
2024-09-03,312.500,324.000,310.600,321.100
2024-09-04,321.100,329.700,317.600,328.500
2024-09-05,328.500,329.100,320.700,326.700
2024-09-06,325.800,332.600,323.800,324.000
2024-09-09,323.600,329.300,321.700,325.300
2024-09-10,325.300,326.000,317.200,317.800
2024-09-11,317.900,322.200,316.700,320.100
2024-09-12,320.000,325.000,317.800,323.600
2024-09-13,323.600,327.200,319.800,323.000
2024-09-16,322.900,326.700,320.600,323.700
2024-09-17,323.700,324.600,320.200,322.000
2024-09-18,322.000,327.000,319.200,321.400
2024-09-19,321.400,323.800,319.600,321.400
2024-09-20,321.400,324.500,315.700,320.100
2024-09-23,319.400,329.500,319.300,328.400
2024-09-24,328.400,334.500,324.500,325.800
2024-09-25,325.800,328.800,322.100,327.900
2024-09-26,328.000,332.200,325.500,326.500
2024-09-27,326.500,345.800,325.100,344.000
2024-09-30,344.000,346.900,339.400,341.200
2024-10-01,341.200,351.600,339.000,346.800
2024-10-02,347.000,349.900,332.000,339.900
2024-10-03,340.000,341.300,331.700,332.800
2024-10-04,332.800,335.800,329.000,330.100
2024-10-07,330.100,329.500,323.000,323.900
2024-10-08,324.000,326.400,319.600,323.400
2024-10-09,323.400,327.000,320.000,321.400
2024-10-10,321.200,322.500,314.400,316.400
2024-10-11,316.600,319.100,313.700,314.800
2024-10-14,314.200,318.600,312.600,315.600
2024-10-15,315.600,316.400,308.800,312.100
2024-10-16,312.100,316.000,311.700,312.800
2024-10-17,313.700,318.800,311.800,317.900
2024-10-18,318.500,323.300,315.200,315.900
2024-10-21,315.900,319.600,315.400,318.200
2024-10-22,318.400,320.200,315.300,317.800
2024-10-23,318.000,320.100,314.100,314.400
2024-10-24,314.500,317.400,310.100,310.900
2024-10-25,311.400,311.400,305.000,306.000
2024-10-28,305.800,307.400,302.700,305.000
2024-10-29,305.400,306.600,301.000,301.800
2024-10-30,301.700,304.000,300.500,302.300
2024-10-31,301.500,302.700,298.900,299.500
2024-11-01,299.600,301.000,293.800,295.500
2024-11-04,295.000,302.500,294.900,299.500
2024-11-05,299.500,300.500,297.000,299.500
2024-11-06,299.000,299.100,293.100,298.800
2024-11-07,298.400,303.000,295.000,299.300
2024-11-08,298.600,302.600,295.000,296.700
2024-11-11,297.400,302.200,294.500,294.900
2024-11-12,294.900,296.900,291.300,293.300
2024-11-13,293.000,293.900,289.800,291.200
2024-11-14,294.000,294.000,287.900,289.200
2024-11-15,289.200,291.400,287.000,290.800
2024-11-18,290.800,293.300,289.200,292.300
2024-11-19,292.100,294.700,289.500,290.400
2024-11-20,290.400,292.700,288.900,291.700
2024-11-21,291.700,292.700,288.700,289.700
2024-11-22,289.700,292.300,288.900,292.200
2024-11-25,292.200,299.500,291.600,295.700
2024-11-26,295.700,295.700,290.600,291.100
2024-11-27,291.400,298.600,291.100,295.500
2024-11-29,295.500,295.000,290.600,293.100
2024-12-02,293.000,293.700,287.100,287.900
2024-12-03,287.900,292.700,287.900,290.200
2024-12-04,290.100,293.000,288.900,291.700
2024-12-05,292.000,293.000,290.200,290.700
2024-12-06,291.000,291.000,285.600,287.400
2024-12-09,287.300,293.200,287.400,289.400
2024-12-10,295.600,299.800,294.900,298.000
2024-12-11,298.100,299.600,297.100,298.200
2024-12-12,298.100,299.100,294.600,296.400
2024-12-13,296.700,296.900,292.300,292.800
2024-12-16,292.900,297.500,292.900,293.300
2024-12-17,293.400,295.000,290.600,293.400
2024-12-18,294.000,294.000,285.900,286.300
2024-12-19,286.100,291.900,285.100,291.100
2024-12-20,290.800,303.000,290.100,301.900
2024-12-23,303.000,306.600,297.600,297.900
2024-12-24,298.200,302.300,297.100,300.800
2024-12-26,300.800,315.400,303.400,314.500
2024-12-27,315.200,315.600,310.100,310.700
2024-12-30,310.700,317.700,310.000,311.700
2024-12-31,312.000,318.300,312.000,317.200
2025-01-02,317.200,321.600,314.900,319.300
2025-01-03,319.000,320.400,306.200,308.000
2025-01-06,308.000,314.400,306.300,306.700
2025-01-07,307.100,307.300,300.100,303.300
2025-01-08,303.500,303.700,298.300,300.900
2025-01-09,301.000,302.000,298.100,298.900
2025-01-10,298.900,305.000,295.100,298.300
2025-01-13,298.300,308.000,297.500,307.600
2025-01-14,308.000,309.500,304.400,306.100
2025-01-15,305.500,309.300,301.400,302.300
2025-01-16,302.300,302.000,293.500,294.900
2025-01-17,294.900,299.300,294.100,297.300
2025-01-21,297.500,311.400,299.000,311.200
2025-01-22,311.000,318.500,307.500,315.700
2025-01-23,315.700,319.000,313.000,314.800
2025-01-24,314.800,311.100,303.500,303.900
2025-01-27,304.000,303.500,298.900,301.100
2025-01-28,301.000,303.900,298.600,302.100
2025-01-29,302.000,310.800,301.600,309.400
2025-01-30,310.100,310.300,303.700,304.600
2025-01-31,304.600,306.500,299.000,301.700
2025-02-03,301.100,304.200,295.300,303.300
2025-02-04,304.000,314.900,304.000,313.700
2025-02-05,313.800,314.700,306.900,308.900
2025-02-06,308.900,310.500,303.300,306.400
2025-02-07,306.000,307.000,300.500,301.100
2025-02-10,301.100,302.800,299.200,300.200
2025-02-11,300.500,302.900,296.400,296.700
2025-02-12,304.900,306.000,301.400,302.200
2025-02-13,302.300,304.400,299.900,300.700
2025-02-14,300.800,308.400,300.200,303.300
2025-02-18,303.300,306.200,301.500,301.900
2025-02-19,301.900,306.200,300.300,303.000
2025-02-20,303.100,305.800,301.600,304.000
2025-02-21,304.100,305.800,302.100,303.500
2025-02-24,303.500,305.500,300.700,300.900
2025-02-25,300.900,303.600,298.100,302.800
2025-02-26,302.800,305.100,300.700,302.000
2025-02-27,302.000,305.000,299.600,300.200
2025-02-28,300.200,301.600,296.700,300.000
2025-03-03,300.000,302.000,296.900,297.400
2025-03-04,297.400,297.600,291.300,294.000
2025-03-05,294.000,300.400,294.200,300.200
2025-03-06,300.200,307.600,300.500,304.700
2025-03-07,304.700,306.400,301.900,304.400
2025-03-10,304.400,307.500,302.000,302.000
2025-03-11,302.000,304.300,301.200,301.600
2025-03-12,301.600,303.500,298.600,300.200
2025-03-13,300.200,309.800,300.000,306.800
2025-03-14,306.800,306.700,302.600,305.900
2025-03-17,305.900,307.700,303.400,303.800
2025-03-18,303.800,304.700,299.500,299.600
2025-03-19,299.600,301.900,296.800,298.200
2025-03-20,298.200,300.500,296.200,297.300
2025-03-21,297.300,301.000,296.800,299.900
2025-03-24,299.900,300.900,296.800,297.300
2025-03-25,297.300,298.100,294.300,295.300
2025-03-26,295.300,296.700,293.400,293.500
2025-03-27,293.500,295.300,292.100,294.100
2025-03-28,294.100,294.700,289.700,293.000
2025-03-31,293.000,296.900,292.100,292.700
2025-04-01,292.700,294.300,290.900,291.600
2025-04-02,291.600,292.700,287.100,287.300
2025-04-03,287.300,291.400,283.500,287.800
2025-04-04,287.800,290.300,282.100,283.600
2025-04-07,283.600,288.800,283.100,288.500
2025-04-08,288.500,293.800,288.000,290.100
2025-04-09,290.100,297.000,289.500,293.900
2025-04-10,293.900,304.500,299.500,303.800
2025-04-11,303.800,308.100,301.000,305.200
2025-04-14,305.200,305.900,302.000,303.200
2025-04-15,303.200,303.400,298.700,301.300
2025-04-16,301.300,304.500,299.700,304.000
2025-04-17,304.000,306.500,302.100,303.200
2025-04-21,304.000,305.300,300.000,300.400
2025-04-22,300.400,302.400,298.800,299.500
2025-04-23,299.500,302.000,298.400,298.600
2025-04-24,298.600,299.400,296.000,296.900
2025-04-25,296.900,298.900,294.300,298.400
2025-04-28,298.400,298.900,294.200,295.900
2025-04-29,295.900,299.200,294.500,298.000
2025-04-30,298.000,300.000,295.700,297.300
2025-05-01,297.300,297.600,293.800,294.400
2025-05-02,294.400,299.200,294.100,296.900
2025-05-05,296.900,299.000,295.100,295.500
2025-05-06,295.500,296.900,292.600,292.800
2025-05-07,292.800,296.500,293.400,295.100
2025-05-08,295.100,297.400,293.800,294.400
2025-05-09,294.400,297.000,293.400,294.000
2025-05-12,294.000,299.100,293.200,298.200
2025-05-13,298.200,299.500,292.400,293.400
2025-05-14,293.400,295.000,291.200,292.000
2025-05-15,292.000,299.500,292.400,296.200
2025-05-16,296.200,297.800,291.300,291.700
2025-05-19,291.700,292.900,290.300,291.100
2025-05-20,291.100,294.500,290.100,292.400
2025-05-21,292.400,294.400,291.500,293.700
2025-05-22,293.700,299.600,293.700,298.500
2025-05-23,298.500,298.600,294.900,295.900
2025-05-27,295.900,298.000,293.500,296.000
2025-05-28,296.000,297.200,293.300,293.800
2025-05-29,293.800,297.000,292.500,295.800
2025-05-30,295.800,298.900,295.600,296.100
2025-06-02,296.100,296.300,293.200,294.400
2025-06-03,294.400,296.000,293.300,294.300
2025-06-04,294.300,298.800,294.200,296.800
2025-06-05,296.800,298.900,294.600,296.700
2025-06-06,296.700,297.800,294.300,295.700
2025-06-09,295.700,297.400,294.200,295.100
2025-06-10,295.100,296.400,294.000,295.600
2025-06-11,295.600,298.000,293.900,293.900
2025-06-12,293.900,308.000,304.400,306.100
2025-06-13,306.100,306.800,302.300,302.700
2025-06-16,302.700,303.700,296.000,296.100
2025-06-17,296.100,299.200,295.900,298.800
2025-06-18,298.800,301.000,297.900,298.000
2025-06-20,298.000,300.000,296.400,298.300
2025-06-23,298.300,301.500,295.600,296.700
2025-06-24,296.700,299.600,294.900,295.000
2025-06-25,295.000,295.800,290.300,290.400
2025-06-26,290.400,291.500,287.000,287.000
2025-06-27,287.000,289.300,286.000,288.200
2025-06-30,288.200,291.700,287.200,289.500
2025-07-01,289.500,290.000,285.600,287.400
2025-07-02,287.400,290.900,285.300,290.700
2025-07-03,290.700,295.600,290.500,292.300
2025-07-07,292.300,290.400,285.200,286.300
2025-07-08,286.300,287.000,284.000,284.300
2025-07-09,284.300,286.000,282.700,282.900
2025-07-10,282.900,286.600,281.200,285.300
2025-07-11,285.300,286.600,281.800,284.000
2025-07-14,284.000,285.400,280.900,281.400
2025-07-15,281.400,282.400,278.500,279.900
2025-07-16,279.900,285.100,280.000,282.900
2025-07-17,282.900,284.600,281.200,283.700
2025-07-18,283.700,289.200,283.100,288.800
2025-07-21,288.800,289.700,283.900,284.900
2025-07-22,284.900,288.400,283.400,286.800
2025-07-23,286.800,290.500,285.300,285.500
2025-07-24,285.500,288.500,282.300,283.100
2025-07-25,283.100,284.300,281.200,281.600
2025-07-28,281.600,281.800,279.100,279.300
2025-07-29,279.300,280.100,276.000,276.300
2025-07-30,276.300,277.800,273.400,274.300
2025-07-31,274.500,277.200,272.600,276.200
2025-08-01,276.200,281.000,275.000,280.400
2025-08-04,280.400,285.600,279.100,285.000
2025-08-05,285.000,289.300,283.500,284.800
2025-08-06,284.800,286.300,279.400,281.100
2025-08-07,281.100,286.000,280.400,285.200
2025-08-08,285.200,287.400,284.200,285.000
2025-08-11,285.000,291.700,284.100,289.900
2025-08-12,289.900,297.500,285.600,291.800
2025-08-13,291.800,297.500,290.600,297.100
2025-08-14,297.100,300.100,294.700,295.600
2025-08-15,295.600,297.700,293.600,294.300
2025-08-18,294.300,296.900,291.300,291.600
2025-08-19,291.600,296.900,291.300,295.600
2025-08-20,295.600,299.300,294.300,296.900
2025-08-21,296.900,298.400,291.900,293.800
2025-08-22,293.800,298.200,290.200,291.000
2025-08-25,291.000,294.100,290.000,290.500
2025-08-26,290.500,295.000,288.900,293.100
2025-08-27,293.100,293.700,287.700,288.600
2025-08-28,288.600,289.800,286.400,287.600
2025-08-29,287.600,289.200,286.200,288.600
2025-09-02,288.600,289.100,282.200,283.300
2025-09-03,283.300,284.800,282.200,282.700
2025-09-04,282.700,284.100,281.400,284.000
2025-09-05,284.000,286.500,283.400,283.700
2025-09-08,283.700,286.300,282.400,285.100
2025-09-09,285.100,289.800,284.900,288.400
2025-09-10,288.400,289.600,285.400,285.600
2025-09-11,285.600,289.700,284.300,287.600
2025-09-12,287.600,289.400,284.500,288.200
2025-09-15,288.200,288.600,284.800,285.800
2025-09-16,285.800,286.800,284.400,286.100
2025-09-17,286.100,288.600,285.300,285.500
2025-09-18,285.500,286.000,283.300,285.200
2025-09-19,285.200,287.800,283.600,284.000
2025-09-22,284.000,284.500,278.600,280.000
2025-09-23,280.000,280.100,276.400,277.000
2025-09-24,277.000,279.300,275.900,275.900
2025-09-25,275.900,277.600,273.000,273.200
2025-09-26,273.200,275.100,272.800,274.900
2025-09-29,274.900,277.800,274.600,275.000
2025-09-30,275.000,275.800,272.600,273.100
2025-10-01,273.100,274.800,270.100,273.800
2025-10-02,273.600,279.900,272.200,278.900
2025-10-03,278.900,282.000,278.100,278.100
2025-10-06,278.100,279.100,276.500,277.000
2025-10-07,277.000,279.500,276.000,276.700
2025-10-08,276.700,279.100,275.000,278.100
2025-10-09,278.100,278.900,276.200,276.600
2025-10-10,276.600,277.900,274.300,275.500
2025-10-13,275.500,275.700,273.300,274.400
2025-10-14,274.400,275.900,273.200,274.700
2025-10-15,274.700,277.100,273.000,275.900
2025-10-16,275.900,277.500,274.500,277.300
2025-10-17,277.300,281.700,277.000,281.000
2025-10-20,281.000,285.800,280.300,284.700
2025-10-21,285.000,287.200,283.600,286.400
2025-10-22,286.400,290.400,285.400,289.900
2025-10-23,289.900,292.400,288.300,291.900
2025-10-24,291.900,294.600,291.700,293.800
2025-10-27,293.800,299.200,294.800,297.700
2025-10-28,297.700,307.800,297.500,306.400
2025-10-29,306.400,311.700,304.100,308.600
2025-10-30,308.600,317.500,304.500,314.900
2025-10-31,314.900,323.300,313.000,321.400
2025-11-03,321.400,325.200,315.800,320.500
2025-11-04,320.500,321.300,315.300,317.000
2025-11-05,317.000,325.100,316.100,324.900
2025-11-06,324.900,324.300,310.500,312.800
2025-11-07,312.800,317.400,311.500,316.800
2025-11-10,316.800,320.200,316.300,319.100
2025-11-11,319.100,320.400,315.900,316.700
2025-11-12,316.700,324.300,317.700,324.100
2025-11-13,324.100,332.000,322.600,331.100
2025-11-14,331.100,332.300,323.700,323.700
2025-11-17,323.700,333.400,321.900,332.900
2025-11-18,332.900,333.500,326.400,328.100
2025-11-19,328.100,328.800,320.700,320.700
2025-11-20,320.700,324.000,316.700,317.500
2025-11-21,317.500,319.900,316.600,319.800
2025-11-24,319.800,320.700,316.900,317.900
2025-11-25,317.900,323.900,318.300,320.400
2025-11-26,320.400,327.300,324.400,325.900
2025-11-28,325.900,326.000,323.400,324.000
2025-12-01,323.900,324.800,319.000,319.100
2025-12-02,319.400,321.300,316.500,316.500
2025-12-03,316.500,319.100,315.400,316.000
2025-12-04,316.000,320.800,316.000,316.200
2025-12-05,316.200,316.700,311.900,312.100
2025-12-08,312.100,313.300,309.200,311.500
2025-12-09,311.500,312.100,306.600,306.800
2025-12-10,307.300,307.300,304.100,306.000
2025-12-11,306.000,308.800,305.900,306.900
2025-12-12,306.900,307.400,304.800,305.200
2025-12-15,305.200,307.900,304.400,306.900
2025-12-16,306.900,310.300,305.500,306.200
2025-12-17,306.200,307.800,301.800,301.800
2025-12-18,301.800,304.400,301.500,302.000
2025-12-19,302.000,303.900,300.700,301.100
2025-12-22,301.100,304.000,300.700,301.500
2025-12-23,301.900,306.500,301.500,304.000
2025-12-24,304.000,308.500,304.000,307.900
2025-12-26,310.000,310.800,307.000,307.400
2025-12-29,307.400,308.700,303.200,303.300
2025-12-30,303.300,304.800,301.800,302.200
2025-12-31,302.200,302.900,299.000,299.500
2026-01-02,299.500,300.000,295.200,295.800
2026-01-05,295.800,300.600,295.800,299.700
2026-01-06,299.700,301.300,298.300,299.000
2026-01-07,299.000,306.000,298.800,305.300
2026-01-08,305.300,306.900,303.100,303.300
2026-01-09,303.300,305.400,302.500,303.800
2026-01-12,303.800,303.900,297.200,298.400
2026-01-13,298.400,298.200,291.100,291.900
2026-01-14,291.900,294.000,291.300,291.900
2026-01-15,291.900,294.500,289.000,289.100
2026-01-16,289.100,290.500,288.400,289.900
2026-01-20,289.900,293.500,289.100,291.400
2026-01-21,291.400,295.500,291.100,291.400
2026-01-22,291.400,297.600,291.400,296.200
2026-01-23,296.200,300.200,295.500,300.000
2026-01-26,300.000,302.300,293.700,294.000
2026-01-27,294.000,295.000,292.700,293.800
2026-01-28,293.800,299.800,293.500,297.600
2026-01-29,297.600,300.700,295.300,295.800
2026-01-30,295.800,296.400,292.200,293.500
2026-02-02,293.500,294.900,292.000,294.300
2026-02-03,294.300,294.700,291.600,291.900
2026-02-04,291.900,303.600,288.300,296.200
2026-02-05,296.200,305.500,295.500,302.800
2026-02-06,302.800,309.400,299.600,303.400
2026-02-09,303.400,302.300,296.900,297.500
2026-02-10,297.500,307.600,301.700,305.800
2026-02-11,305.800,309.100,303.300,307.500
2026-02-12,307.500,314.400,308.000,312.300
2026-02-13,312.300,314.800,309.000,313.400
2026-02-17,313.400,312.700,309.300,310.400
2026-02-18,310.400,313.200,307.500,308.000
2026-02-19,308.000,309.800,306.700,308.700
2026-02-20,309.500,316.400,308.800,314.000
2026-02-23,314.000,316.300,308.300,312.100
2026-02-24,312.400,315.700,310.000,314.300
2026-02-25,314.400,322.400,314.400,321.700
2026-02-26,322.000,325.500,318.000,321.000
2026-02-27,321.000,322.500,318.700,320.000
2026-03-02,320.000,320.600,311.900,312.500
2026-03-03,312.500,316.900,311.500,315.100
2026-03-04,315.100,316.400,309.300,309.300
2026-03-05,310.000,310.600,307.500,309.100
2026-03-06,309.100,317.800,309.000,317.300
2026-03-09,317.300,321.300,312.600,314.100
2026-03-10,314.100,318.500,312.500,315.100
2026-03-11,314.100,317.000,311.600,316.200
2026-03-12,316.200,321.700,316.000,319.600
2026-03-13,319.100,323.100,315.100,322.000
2026-03-16,322.000,319.800,311.200,312.500
2026-03-17,312.500,315.000,307.600,312.100
2026-03-18,312.400,322.300,311.000,321.600
2026-03-19,321.700,335.500,321.600,332.900
2026-03-20,332.900,335.100,324.100,327.900
2026-03-23,327.900,332.400,324.900,326.700
2026-03-24,326.700,327.500,321.400,322.300
2026-03-25,322.300,324.400,318.100,320.400
2026-03-26,319.000,323.200,316.400,321.700
2026-03-27,321.700,323.500,314.700,314.900
2026-03-30,315.300,316.600,312.300,314.500
2026-03-31,315.100,318.000,313.500,316.200
2026-04-01,317.000,319.000,312.500,317.900
2026-04-02,318.200,318.800,313.900,315.200
2026-04-06,315.200,319.100,314.400,316.400
2026-04-07,314.500,315.800,310.700,311.300
2026-04-08,311.300,314.200,311.200,313.500
2026-04-09,312.000,317.400,311.800,316.300
2026-04-10,316.600,330.700,316.300,328.000
2026-04-13,328.000,332.100,323.000,328.900
2026-04-14,330.600,335.600,326.600,326.600
2026-04-15,326.700,331.800,325.900,330.800
2026-04-16,331.000,331.500,326.700,327.800
2026-04-17,328.200,329.900,325.600,327.000
2026-04-20,327.000,327.700,320.400,321.000
2026-04-21,321.000,322.900,319.600,321.100
2026-04-22,321.100,323.900,315.700,315.900
2026-04-23,317.900,319.300,315.800,316.900
2026-04-24,316.900,319.500,316.300,319.100
2026-04-27,319.100,329.200,318.000,327.900
2026-04-28,327.900,330.300,325.100,328.800
2026-04-29,328.800,331.100,322.300,323.900
2026-04-30,324.100,324.100,318.100,319.000
2026-05-01,319.200,321.500,317.900,319.000
2026-05-04,319.000,323.600,318.800,320.600
2026-05-05,320.900,322.900,319.000,320.300
2026-05-06,320.300,323.400,317.000,317.000
2026-05-07,317.200,321.000,315.800,318.200
2026-05-08,318.200,321.300,317.000,319.400
2026-05-11,319.400,326.100,318.500,325.000
2026-05-12,325.000,330.000,323.800,328.600
2026-05-13,328.100,338.700,328.000,338.000
2026-05-14,338.000,338.300,330.200,332.900
2026-05-15,332.500,342.500,328.700,334.100
2026-05-18,334.100,340.600,334.200,334.600
2026-05-19,334.500,338.200,330.700,332.200
2026-05-20,332.200,334.200,328.800,330.400
2026-05-21,330.900,331.200,327.200,327.200
2026-05-22,327.700,333.300,326.200,332.000
2026-05-26,332.000,331.900,328.100,328.400
2026-05-27,328.800,332.500,327.600,331.000
2026-05-28,330.900,335.100,330.700,333.700
2026-05-29,334.500,335.100,329.200,329.500
2026-06-01,329.900,331.800,325.600,326.600
2026-06-02,326.500,328.000,323.900,326.400
2026-06-03,326.400,328.400,320.400,320.500
2026-06-04,320.500,321.500,310.800,313.500
2026-06-05,313.200,315.000,307.700,308.500
2026-06-08,308.500,318.200,314.500,318.200
2026-06-09,318.500,322.000,315.400,316.400
2026-06-10,316.400,314.400,314.400,315.100
2026-06-11,315.100,317.900,315.000,316.400
2026-06-12,316.400,317.800,316.700,316.700
2026-06-15,318.200,319.300,316.000,316.200
2026-06-16,316.200,318.300,315.400,317.600
2026-06-17,317.600,319.600,316.300,317.800
2026-06-18,317.800,318.000,315.800,317.000
2026-06-22,317.000,318.900,316.600,316.900
2026-06-23,316.900,319.000,316.100,316.700
2026-06-24,316.700,318.100,314.200,314.200
2026-06-25,315.200,318.100,315.200,316.600
2026-06-26,316.200,317.100,316.200,316.400
2026-06-29,316.400,316.000,314.500,315.500
2026-06-30,315.500,319.000,314.700,318.200
2026-07-01,318.700,320.800,317.400,317.500
2026-07-02,319.800,319.800,317.500,317.200
2026-07-06,317.200,324.000,320.300,319.900
2026-07-07,319.900,323.800,318.900,322.900
2026-07-08,320.000,320.500,315.900,316.200
2026-07-09,315.500,321.400,315.500,319.800
2026-07-10,319.200,326.300,319.200,323.500
2026-07-13,323.500,325.500,319.900,319.600
2026-07-14,318.700,322.000,317.300,320.900
2026-07-15,321.400,324.700,321.400,324.100
2026-07-16,325.200,328.000,325.000,326.200
2026-07-17,326.200,325.000,322.000,322.500
2026-07-20,322.500,328.000,323.800,326.300
2026-07-21,325.800,331.100,325.800,330.100
2026-07-22,330.800,335.200,330.800,333.100
2026-07-23,334.400,335.000,331.100,330.200
2026-07-24,332.400,335.500,331.300,333.200
2026-07-27,333.200,331.800,325.200,327.500
2026-07-28,327.500,332.800,326.700,331.600
2026-07-29,331.600,332.800,326.500,328.600
2026-07-30,328.600,329.900,326.400,328.200
2026-07-31,322.300,325.000,318.800,320.800
2026-08-03,320.800,322.500,317.900,321.400
2026-08-04,321.600,322.700,316.400,318.500
2026-08-05,318.000,318.200,314.600,316.100
2026-08-06,316.200,318.100,315.000,316.100
2026-08-07,315.700,318.000,313.200,313.400
2026-08-10,314.200,316.000,311.300,311.700
2026-08-11,312.300,312.600,310.500,310.800
2026-08-12,310.800,317.600,310.900,314.900
2026-08-13,314.900,318.500,313.600,313.900
2026-08-14,314.300,318.500,314.000,315.800
2026-08-17,315.800,320.400,314.900,318.800
2026-08-18,318.400,322.600,317.500,318.100
2026-08-19,319.000,326.100,318.600,325.700
2026-08-20,325.700,328.800,323.100,323.300
2026-08-21,323.500,326.300,320.100,326.100
2026-08-24,326.100,330.600,324.500,328.400
2026-08-25,328.400,332.400,326.700,329.300
2026-08-26,330.300,341.000,328.000,338.200
2026-08-27,338.200,343.300,335.800,340.400
2026-08-28,340.400,352.200,337.800,348.700
2026-08-31,341.800,347.000,340.300,344.500
2026-09-01,343.000,349.000,342.200,347.200
2026-09-02,348.400,348.500,343.500,345.600
2026-09-03,344.800,350.000,342.900,348.400
2026-09-04,347.300,350.000,347.300,347.000
2026-09-08,347.100,347.800,344.300,346.200
2026-09-09,346.200,346.500,342.700,343.900
2026-09-10,343.900,346.900,343.900,346.400
2026-09-11,346.400,346.700,344.200,344.700
2026-09-14,344.700,345.500,342.100,345.000
2026-09-15,345.000,351.800,342.600,351.500
2026-09-16,351.700,354.400,349.600,354.500
2026-09-17,353.500,360.100,353.500,357.000
2026-09-18,357.600,357.600,350.200,351.100
2026-09-21,351.100,355.000,351.500,353.600
2026-09-22,354.000,357.800,353.500,355.300
2026-09-23,355.300,356.800,354.000,355.200
2026-09-24,355.200,359.600,353.300,353.600
