date,oi,nc_l,nc_s,nc_sp,c_l,c_s,nc_net,c_net
1995-03-21,154866,18047,3412,42700,68055,81720,14635,-13665
1995-03-28,150070,13951,4309,40554,70468,74491,9642,-4023
1995-04-04,152974,7759,5039,42286,74165,73320,2720,845
1995-04-18,119107,8810,2731,26901,63196,65236,6079,-2040
1995-04-25,122628,11392,2513,28868,61971,68314,8879,-6343
1995-05-02,124914,11882,2595,30003,62876,71054,9287,-8178
1995-05-09,125663,9847,2785,29634,65198,69851,7062,-4653
1995-05-16,127373,10095,2696,30243,66247,71704,7399,-5457
1995-05-23,130836,11287,2410,32581,66543,74547,8877,-8004
1995-05-30,138777,14630,2846,35871,66249,77057,11784,-10808
1995-06-06,131353,9408,3795,34860,67378,72156,5613,-4778
1995-06-13,124409,9910,3827,33347,63399,68987,6083,-5588
1995-06-20,98040,9230,3115,18395,52536,59042,6115,-6506
1995-06-27,95426,9217,3170,18875,49093,55412,6047,-6319
1995-07-03,92735,8901,2709,18348,48892,54561,6192,-5669
1995-07-11,93833,6015,8791,17775,54548,49177,-2776,5371
1995-07-18,98823,4356,12051,18511,61543,49671,-7695,11872
1995-07-25,100928,3829,12325,19254,64176,49934,-8496,14242
1995-08-01,105870,4255,14083,20150,64589,49859,-9828,14730
1995-08-08,103163,2467,14697,20879,65146,47855,-12230,17291
1995-08-15,104100,2497,12845,21142,64447,50168,-10348,14279
1995-08-22,116695,4818,5456,29362,63900,60509,-638,3391
1995-08-29,111047,5847,4240,27972,61972,60986,1607,986
1995-09-05,118954,11047,4415,30826,61052,65427,6632,-4375
1995-09-12,121679,8798,4203,32783,63280,65749,4595,-2469
1995-09-19,130216,11841,2343,36571,62834,70858,9498,-8024
1995-09-26,132610,11461,2269,39644,62414,70135,9192,-7721
1995-10-03,130315,11338,2716,40337,60068,68884,8622,-8816
1995-10-10,125312,9719,2120,38885,61257,67981,7599,-6724
1995-10-17,121869,7570,2280,38068,61183,64282,5290,-3099
1995-10-24,114899,6981,2509,34620,59121,61338,4472,-2217
1995-10-31,113560,7087,2891,34008,58353,60594,4196,-2241
1995-11-07,114151,6521,2617,34905,56543,60504,3904,-3961
1995-11-14,78350,4608,3094,14716,45511,45366,1514,145
1995-11-21,77724,5218,2803,16484,43101,45503,2415,-2402
1995-11-28,77920,6628,2666,15880,42744,46149,3962,-3405
1995-12-05,77511,7546,2246,16152,41219,45483,5300,-4264
1995-12-12,77440,7003,2930,16503,41582,44503,4073,-2921
1995-12-19,80314,6038,5999,15580,45088,42538,39,2550
1995-12-26,80455,4927,7875,16230,47746,41239,-2948,6507
1996-01-02,81588,4567,8864,16441,48341,40602,-4297,7739
1996-01-09,81564,4303,5310,17932,45639,43135,-1007,2504
1996-01-16,80854,4497,6532,17565,44872,42385,-2035,2487
1996-01-23,82328,4870,5631,18484,43944,44040,-761,-96
1996-01-30,93533,13204,2292,22127,39071,53722,10912,-14651
1996-02-06,89707,13770,2107,20472,37697,52683,11663,-14986
1996-02-13,78992,13164,2031,12125,37092,52041,11133,-14949
1996-02-20,80990,13826,2148,13279,37105,53141,11678,-16036
1996-02-27,80060,12087,2266,13494,38398,51178,9821,-12780
1996-03-05,79262,9727,2858,13608,39137,49325,6869,-10188
1996-03-12,79831,9298,4199,13793,40136,48377,5099,-8241
1996-03-19,81462,8476,3943,14516,40605,49949,4533,-9344
1996-03-26,81620,8815,3195,15153,39260,50711,5620,-11451
1996-04-02,83046,8203,3268,15572,38075,49914,4935,-11839
1996-04-09,91895,17450,1716,16891,34800,59272,15734,-24472
1996-04-16,80767,13410,1100,11749,35465,55851,12310,-20386
1996-04-23,79200,13795,1601,11969,35562,54467,12194,-18905
1996-04-30,82802,14813,1844,13435,35557,55923,12969,-20366
1996-05-07,87421,18279,1783,14478,35267,59880,16496,-24613
1996-05-14,86624,15287,6398,13416,38323,52987,8889,-14664
1996-05-21,88749,13189,9510,14876,42191,51913,3679,-9722
1996-05-28,91304,11954,9347,16607,43084,52452,2607,-9368
1996-06-04,91800,8424,12461,16175,49208,49409,-4037,-201
1996-06-11,90195,8163,13571,15982,48320,46928,-5408,1392
1996-06-18,79292,6221,16034,10976,46074,38528,-9813,7546
1996-06-25,78508,4801,15700,12061,46907,37193,-10899,9714
1996-07-02,82976,3557,16497,14881,49541,37709,-12940,11832
1996-07-09,85294,3426,17039,15425,50200,38779,-13613,11421
1996-07-16,87626,3160,17362,15789,52324,40007,-14202,12317
1996-07-23,86040,3173,15352,15484,50858,41072,-12179,9786
1996-07-30,87507,3285,15585,15544,50730,41177,-12300,9553
1996-08-06,85882,3168,14237,15336,50501,42053,-11069,8448
1996-08-13,87224,2810,12468,16458,51301,42655,-9658,8646
1996-08-20,86676,2844,11478,16590,50697,44849,-8634,5848
1996-08-27,89216,5334,7542,18525,47361,48607,-2208,-1246
1996-09-03,92428,6954,4168,19639,47375,53839,2786,-6464
1996-09-10,91789,6601,4184,20585,47741,52705,2417,-4964
1996-09-17,85434,6496,2904,16903,45730,52100,3592,-6370
1996-09-24,83836,7649,3085,17343,43644,50563,4564,-6919
1996-10-01,85844,10820,4259,17368,42192,51871,6561,-9679
1996-10-08,87707,11328,3433,17968,43297,53230,7895,-9933
1996-10-15,84302,7387,4583,18134,43845,47677,2804,-3832
1996-10-22,84364,4384,11052,17006,49961,42521,-6668,7440
1996-10-29,84402,4024,11602,17476,49652,41727,-7578,7925
1996-11-05,84127,3134,12289,16844,50197,41101,-9155,9096
1996-11-12,75769,2920,16382,7629,50022,36575,-13462,13447
1996-11-19,70563,2961,12430,8508,43761,34925,-9469,8836
1996-11-26,69282,4530,9133,8884,41189,38104,-4603,3085
1996-12-03,71109,5301,6237,9756,41217,41840,-936,-623
1996-12-10,73252,7105,4843,11020,39904,44188,2262,-4284
1996-12-17,73790,7303,3696,11352,39817,46027,3607,-6210
1996-12-24,73629,7212,3516,11188,38878,44728,3696,-5850
1996-12-31,73491,5841,3902,11786,39819,45199,1939,-5380
1997-01-07,75205,4426,8068,11721,42815,42644,-3642,171
1997-01-14,77969,3640,12475,11633,44727,40235,-8835,4492
1997-01-21,83344,4262,17047,11741,48266,38695,-12785,9571
1997-01-28,81168,5987,10620,12929,43110,43239,-4633,-129
1997-02-04,82342,6488,9229,13708,42863,44929,-2741,-2066
1997-02-11,78418,6819,10256,10177,42495,43970,-3437,-1475
1997-02-18,87464,5639,20353,11410,49791,38700,-14714,11091
1997-02-25,81088,5277,16993,11225,45192,38615,-11716,6577
1997-03-04,81544,5682,15103,12072,44698,40416,-9421,4282
1997-03-11,99206,17658,4724,18290,38330,60834,12934,-22504
1997-03-18,92216,9241,6812,16331,42961,55191,2429,-12230
1997-03-25,100391,8412,18099,17365,50528,49149,-9687,1379
1997-04-01,104875,7930,22855,19516,53274,45815,-14925,7459
1997-04-08,104546,8072,23332,18948,53459,46111,-15260,7348
1997-04-15,98125,8520,24233,14828,51560,43179,-15713,8381
1997-04-22,94560,7643,24831,13795,51651,40935,-17188,10716
1997-04-29,94403,8485,24357,13752,51639,41381,-15872,10258
1997-05-06,96796,8084,26344,14616,54241,40591,-18260,13650
1997-05-13,96318,6728,22953,15337,53992,42997,-16225,10995
1997-05-20,95864,5841,21824,15812,53117,43223,-15983,9894
1997-05-27,96708,6062,21434,15911,52805,43727,-15372,9078
1997-06-03,96541,6398,17461,17185,49726,47978,-11063,1748
1997-06-10,98514,6364,20316,18370,50412,44621,-13952,5791
1997-06-17,88793,8665,14421,14694,42515,44727,-5756,-2212
1997-06-24,84550,11735,11719,13847,37461,45814,16,-8353
1997-07-01,89603,21530,6369,16377,30650,53514,15161,-22864
1997-07-08,92650,13565,14073,17075,44010,47025,-508,-3015
1997-07-15,100926,10648,21892,17144,53406,45470,-11244,7936
1997-07-22,97892,9096,17768,17720,51897,46553,-8672,5344
1997-07-29,99364,9946,17008,18386,51154,48191,-7062,2963
1997-08-05,100293,9309,18799,18143,53177,47524,-9490,5653
1997-08-12,104648,8146,19763,19193,56444,48823,-11617,7621
1997-08-19,105030,8500,22457,18481,59485,48386,-13957,11099
1997-08-26,113015,8645,30021,18197,66606,48011,-21376,18595
1997-09-02,114410,9601,30361,17820,66984,49335,-20760,17649
1997-09-09,116991,9210,31067,18694,67434,50865,-21857,16569
1997-09-16,111134,9533,26630,17183,62760,52769,-17097,9991
1997-09-23,109741,10655,23001,17170,60970,55016,-12346,5954
1997-09-30,116339,10002,27533,17969,66643,55051,-17531,11592
1997-10-07,116949,8699,30480,17305,69449,52648,-21781,16801
1997-10-14,119004,8355,30389,17621,69676,54054,-22034,15622
1997-10-21,118778,9001,28843,16561,68146,56617,-19842,11529
1997-10-28,124372,8706,27801,17732,70768,61624,-19095,9144
1997-11-04,123796,8691,25325,17343,70511,63757,-16634,6754
1997-11-11,104644,7326,31681,9348,67191,49251,-24355,17940
1997-11-18,102142,7048,31607,9789,63861,45474,-24559,18387
1997-11-25,96327,7255,32389,9480,61029,41055,-25134,19974
1997-12-02,102347,6182,35615,11637,64730,39760,-29433,24970
1997-12-09,106159,5467,35572,12872,68978,41848,-30105,27130
1997-12-16,113057,5092,35541,16665,72113,43238,-30449,28875
1997-12-23,111314,5433,33517,16399,69394,44746,-28084,24648
1997-12-30,112455,6092,33857,16861,69375,46243,-27765,23132
1998-01-06,111772,5663,29473,16409,65351,48903,-23810,16448
1998-01-13,114595,5359,30677,18664,69204,48700,-25318,20504
1998-01-20,117455,5672,30227,20009,68587,50007,-24555,18580
1998-01-27,126265,6507,31948,22082,74165,54608,-25441,19557
1998-02-03,122359,7798,27647,21797,67284,55723,-19849,11561
1998-02-10,106092,8179,24432,13296,58157,53480,-16253,4677
1998-02-17,105664,8111,23694,13537,58797,51357,-15583,7440
1998-02-24,112387,7032,31733,14030,68063,49891,-24701,18172
1998-03-03,108217,6710,23543,15351,60090,52213,-16833,7877
1998-03-10,108404,8505,21868,15409,59597,54789,-13363,4808
1998-03-17,112799,20256,5158,17820,46338,73625,15098,-27287
1998-03-24,108809,20516,5253,17238,44527,72323,15263,-27796
1998-03-31,113751,16642,5186,18007,50160,71266,11456,-21106
1998-04-07,132494,6044,17099,26159,73819,68624,-11055,5195
1998-04-14,119218,5499,19665,18821,71553,64493,-14166,7060
1998-04-21,120010,5171,21404,19679,71246,62970,-16233,8276
1998-04-28,117804,5498,20330,18564,69394,64380,-14832,5014
1998-05-05,119237,5628,19603,19641,70034,65140,-13975,4894
1998-05-12,119419,6453,15731,20067,68946,69651,-9278,-705
1998-05-19,123937,5798,15838,20246,72593,73530,-10040,-937
1998-05-26,125456,5751,10583,21516,69798,77323,-4832,-7525
1998-06-02,135368,14743,3238,26884,60204,86478,11505,-26274
1998-06-09,143443,20297,1193,31721,60743,91817,19104,-31074
1998-06-16,128733,21606,951,22983,57976,91926,20655,-33950
1998-06-23,123561,23054,903,22015,54163,89409,22151,-35246
1998-06-30,128407,26873,466,24666,51490,91586,26407,-40096
1998-07-07,129549,27608,1351,25471,52958,92117,26257,-39159
1998-07-14,122177,16547,1187,25101,57948,82944,15360,-24996
1998-07-21,120943,12678,2478,25897,59474,81943,10200,-22469
1998-07-28,120231,9874,4527,27345,62931,76308,5347,-13377
1998-08-04,125016,7499,8959,29212,69220,74072,-1460,-4852
1998-08-11,127926,7119,8927,30419,70450,76109,-1808,-5659
1998-08-18,127580,7716,5455,29384,68155,80560,2261,-12405
1998-08-25,135959,14244,3349,31346,65172,88401,10895,-23229
1998-09-01,141347,12610,3426,33231,68862,88935,9184,-20073
1998-09-08,141246,13683,1766,33621,70799,93061,11917,-22262
1998-09-15,135762,15131,1607,30199,68382,92157,13524,-23775
1998-09-22,142679,19602,1198,31951,66315,96123,18404,-29808
1998-09-29,134932,16982,1474,29134,66279,88618,15508,-22339
1998-10-06,136018,15499,1239,28267,68481,92398,14260,-23917
1998-10-13,133132,11417,6152,26930,74001,85721,5265,-11720
1998-10-20,142611,7741,15439,29508,82239,81336,-7698,903
1998-10-27,148922,5541,18142,30985,88833,83171,-12601,5662
1998-11-03,146693,4958,18772,30537,88158,81342,-13814,6816
1998-11-10,144250,7474,17657,29585,84739,83849,-10183,890
1998-11-17,110174,4674,21256,14532,68424,59178,-16582,9246
1998-11-24,103483,3857,21123,16052,65105,54414,-17266,10691
1998-12-01,103384,4226,21087,16757,64069,54288,-16861,9781
1998-12-08,102767,4332,21679,16035,64265,53809,-17347,10456
1998-12-15,103090,3535,21906,17217,63874,50292,-18371,13582
1998-12-22,103461,3724,21099,17460,63293,50502,-17375,12791
1998-12-29,103160,3242,20849,17631,64242,50900,-17607,13342
1999-01-05,105618,4118,22026,18061,64780,50382,-17908,14398
1999-01-12,106985,3597,22410,18403,65674,51480,-18813,14194
1999-01-19,105914,3521,23310,18278,67232,51118,-19789,16114
1999-01-26,108003,3585,25143,19115,69048,49966,-21558,19082
1999-02-02,103489,4424,20414,19134,63325,52260,-15990,11065
1999-02-09,93688,3925,21334,12545,61584,48329,-17409,13255
1999-02-16,94702,3797,23505,14231,62406,45427,-19708,16979
1999-02-23,93927,4392,23601,15590,61429,42426,-19209,19003
1999-03-02,92949,4769,21387,14899,58606,44336,-16618,14270
1999-03-09,85836,4421,10107,15928,49126,48264,-5686,862
1999-03-16,82809,4408,7009,16290,45523,48678,-2601,-3155
1999-03-23,82619,4385,6238,16300,45115,49894,-1853,-4779
1999-03-30,84260,3942,8057,17410,47452,48112,-4115,-660
1999-04-06,83426,3837,9818,16923,47183,46341,-5981,842
1999-04-13,83037,5304,7393,17229,44500,48387,-2089,-3887
1999-04-20,78776,3683,18091,10702,49220,38721,-14408,10499
1999-04-27,75975,3031,19765,11275,48955,36366,-16734,12589
1999-05-04,74429,6691,10353,11215,42839,44125,-3662,-1286
1999-05-11,73689,4366,11447,11710,44182,41644,-7081,2538
1999-05-18,81139,2752,20485,12972,50600,36821,-17733,13779
1999-05-25,83827,2643,23312,13366,53029,35811,-20669,17218
1999-06-01,84463,2676,23370,13096,53670,35760,-20694,17910
1999-06-08,84313,2462,23396,12807,54522,36683,-20934,17839
1999-06-15,78432,2659,26335,9280,52720,31760,-23676,20960
1999-06-22,80998,3807,29708,10039,54280,31122,-25901,23158
1999-06-29,81748,3344,30966,10899,55183,29194,-27622,25989
1999-07-06,90963,5258,31693,15563,53182,30025,-26435,23157
1999-07-13,90433,3330,31646,17270,56912,28342,-28316,28570
1999-07-20,90434,2607,31310,18045,56308,28689,-28703,27619
1999-07-27,91205,3432,31234,17658,55720,29625,-27802,26095
1999-08-03,93628,3639,25752,20603,51646,33844,-22113,17802
1999-08-10,95025,4412,23099,20961,48399,36251,-18687,12148
1999-08-17,94817,4754,15540,24094,44645,42734,-10786,1911
1999-08-24,92779,3447,13425,23611,46125,40701,-9978,5424
1999-08-31,96579,3486,19266,24545,50831,38363,-15780,12468
1999-09-07,97837,3553,20863,24097,50716,38965,-17310,11751
1999-09-14,94139,5019,12534,20618,46545,45759,-7515,786
1999-09-21,89501,5414,11136,20693,44667,45978,-5722,-1311
1999-09-28,88133,5742,10649,20741,41906,44792,-4907,-2886
1999-10-05,89520,5023,13842,20580,44841,41746,-8819,3095
1999-10-12,90532,6456,11895,20346,44157,47133,-5439,-2976
1999-10-19,90522,9090,7778,20486,40669,50521,1312,-9852
1999-10-26,84791,7507,7606,18898,39237,47212,-99,-7975
1999-11-02,83803,6168,10171,18022,39945,44996,-4003,-5051
1999-11-09,90203,4788,20420,18699,46937,39557,-15632,7380
1999-11-16,83304,3773,28396,12604,48578,30613,-24623,17965
1999-11-23,77474,3505,27429,12878,44732,26569,-23924,18163
1999-11-30,76962,3560,26841,13595,44005,25680,-23281,18325
1999-12-07,77463,4166,25900,12363,44851,28306,-21734,16545
1999-12-14,77884,4214,25069,12330,44519,30009,-20855,14510
1999-12-21,77618,5218,24213,12011,44565,30151,-18995,14414
1999-12-28,77938,4415,24273,12919,44413,30672,-19858,13741
2000-01-04,75923,5182,18934,12973,40454,34525,-13752,5929
2000-01-11,78172,9237,5848,14579,35814,49090,3389,-13276
2000-01-18,83499,14983,4899,16075,33828,53873,10084,-20045
2000-01-25,104017,27454,2877,22697,33023,69239,24577,-36216
2000-02-01,102653,27625,1634,22692,32028,68383,25991,-36355
2000-02-08,95910,24846,2513,21180,32396,62380,22333,-29984
2000-02-15,87112,27563,1022,15021,26486,60959,26541,-34473
2000-02-22,85715,27566,853,16099,24545,60475,26713,-35930
2000-02-29,83421,24394,1109,15567,26912,58528,23285,-31616
2000-03-07,91530,27918,1023,17706,27814,64219,26895,-36405
2000-03-14,98917,30499,1009,20483,29425,69024,29490,-39599
2000-03-21,96858,29004,1366,20506,30358,66613,27638,-36255
2000-03-28,89742,20298,1581,19031,33935,61106,18717,-27171
2000-04-04,85759,14242,1989,19587,36298,55215,12253,-18917
2000-04-11,83192,6956,9359,19712,42536,44813,-2403,-2277
2000-04-18,76165,4620,10525,14653,42856,41959,-5905,897
2000-04-25,72026,4300,11324,14193,41093,38227,-7024,2866
2000-05-02,73853,5279,10618,15079,40677,38880,-5339,1797
2000-05-09,77952,6343,8127,17196,40832,44257,-1784,-3425
2000-05-16,83890,10550,1911,20540,37694,53892,8639,-16198
2000-05-23,88875,14860,1562,21830,35317,57983,13298,-22666
2000-05-30,85120,13084,2047,21112,34837,53861,11037,-19024
2000-06-06,77556,9241,1998,19792,33963,47739,7243,-13776
2000-06-13,75046,7145,3228,19010,34814,45085,3917,-10271
2000-06-20,63308,5799,4543,12505,32202,37767,1256,-5565
2000-06-27,64749,4392,9057,12479,37740,34986,-4665,2754
2000-07-05,71888,2941,16625,12674,46388,33333,-13684,13055
2000-07-11,72893,3037,17126,12668,47528,33849,-14089,13679
2000-07-18,78727,3866,7336,14291,49159,47827,-3470,1332
2000-07-25,79093,4463,4772,14995,48481,50912,-309,-2431
2000-08-01,79736,3981,4503,15594,49597,52361,-522,-2764
2000-08-08,81996,4813,3176,16654,50237,54460,1637,-4223
2000-08-15,95022,7524,2039,20243,56062,65235,5485,-9173
2000-08-22,108313,15399,2094,23516,55924,75002,13305,-19078
2000-08-29,115558,20689,1850,25233,55873,80936,18839,-25063
2000-09-05,116305,20314,2034,25657,57369,81646,18280,-24277
2000-09-12,114858,19843,2549,24964,57763,79251,17294,-21488
2000-09-19,107854,16770,2542,21963,57701,75015,14228,-17314
2000-09-26,102875,15846,2272,20760,55486,71499,13574,-16013
2000-10-03,99618,13301,1728,20004,55661,70049,11573,-14388
2000-10-10,99148,14319,1813,19500,54844,71221,12506,-16377
2000-10-17,95062,12014,1506,18229,53997,68344,10508,-14347
2000-10-24,91976,8753,3700,16539,56314,64217,5053,-7903
2000-10-31,90361,8652,3018,16324,55388,64137,5634,-8749
2000-11-07,95894,11338,2449,17930,55188,69046,8889,-13858
2000-11-14,84802,13712,1228,12974,47778,64964,12484,-17186
2000-11-21,79728,15825,1187,12371,41416,61106,14638,-19690
2000-11-28,81824,18702,746,12940,39001,63040,17956,-24039
2000-12-05,81535,18016,1512,13429,39577,61683,16504,-22106
2000-12-12,84000,12662,2963,15169,46146,60122,9699,-13976
2000-12-19,83964,7520,6572,15831,50608,54953,948,-4345
2000-12-26,91623,6771,12352,17218,57499,55088,-5581,2411
2001-01-02,102699,4574,17892,19959,67623,55525,-13318,12098
2001-01-09,101598,4234,20263,19798,66780,52643,-16029,14137
2001-01-16,100880,4220,20234,19894,65492,52420,-16014,13072
2001-01-23,110494,4840,21897,23867,70889,55957,-17057,14932
2001-01-30,106211,4688,18379,22977,66488,57021,-13691,9467
2001-02-06,110009,3388,19192,24849,69896,57239,-15804,12657
2001-02-13,98999,2693,20301,15382,68502,52184,-17608,16318
2001-02-20,96558,2587,18306,16899,65549,51994,-15719,13555
2001-02-27,103940,2572,17912,22572,68042,54305,-15340,13737
2001-03-06,104299,2474,17886,23282,67163,54670,-15412,12493
2001-03-13,108094,2589,18341,25678,68397,55109,-15752,13288
2001-03-20,111901,2760,17166,28562,69397,56900,-14406,12497
2001-03-27,117545,3428,16997,30393,71516,60124,-13569,11392
2001-04-03,123509,3502,16064,32402,73132,63115,-12562,10017
2001-04-10,113814,3020,18676,29765,67409,57110,-15656,10299
2001-04-17,101207,2992,17161,23335,60637,49595,-14169,11042
2001-04-24,97202,2668,17340,23469,58277,46952,-14672,11325
2001-05-01,98352,2775,17459,23876,57140,46496,-14684,10644
2001-05-08,97947,2668,17922,23660,57039,46451,-15254,10588
2001-05-15,98472,4183,15191,24846,54786,48137,-11008,6649
2001-05-22,100455,3978,16884,26665,54889,45353,-12906,9536
2001-05-29,102897,5079,15807,27657,54206,46208,-10728,7998
2001-06-05,98806,4935,15769,27150,52122,44235,-10834,7887
2001-06-12,101117,4274,16626,27646,53277,44235,-12352,9042
2001-06-19,88981,4312,16828,19381,49035,39450,-12516,9585
2001-06-26,82846,4089,16452,17987,47412,37423,-12363,9989
2001-07-03,85155,3861,16974,19343,48820,37643,-13113,11177
2001-07-10,85512,4311,17020,19688,48995,38477,-12709,10518
2001-07-17,89376,4153,17389,21969,49025,39196,-13236,9829
2001-07-24,89059,4490,17923,21766,48456,39012,-13433,9444
2001-07-31,92658,5614,14932,22347,46708,45456,-9318,1252
2001-08-07,94055,5539,14558,23091,47267,45844,-9019,1423
2001-08-14,95377,4563,18930,24743,50401,41103,-14367,9298
2001-08-21,95089,4637,19953,24377,50673,40341,-15316,10332
2001-08-28,95690,4982,20468,25211,50389,39751,-15486,10638
2001-09-04,95549,4568,20365,25564,49084,39550,-15797,9534
2001-09-18,100581,4123,21001,27547,51423,38975,-16878,12448
2001-09-25,94309,3369,19689,25507,49955,36834,-16320,13121
2001-10-02,88452,3432,20213,26737,48323,33637,-16781,14686
2001-10-09,90425,3823,20295,25247,48067,33579,-16472,14488
2001-10-16,92350,3542,19088,25773,48333,35456,-15546,12877
2001-10-23,91530,3860,18892,25954,47919,35459,-15032,12460
2001-10-30,90786,3977,18132,26429,47213,35483,-14155,11730
2001-11-06,93981,5061,18125,27234,47103,38492,-13064,8611
2001-11-13,85915,5860,13546,20879,42786,43013,-7686,-227
2001-11-20,81860,7231,11224,20496,39371,42520,-3993,-3149
2001-11-27,82306,7008,10819,21528,39209,43232,-3811,-4023
2001-12-04,89588,8376,6609,23894,41765,52386,1767,-10621
2001-12-11,90285,8604,6445,24529,41202,52720,2159,-11518
2001-12-18,92551,8344,6741,25396,43353,53369,1603,-10016
2001-12-21,93670,8846,7133,24785,44011,53045,1713,-9034
2001-12-28,91451,8754,7669,23640,44047,52051,1085,-8004
2002-01-08,100683,10046,6517,27492,45788,58365,3529,-12577
2002-01-15,98675,9725,6905,26223,45895,56469,2820,-10574
2002-01-22,99298,10524,6712,26090,46472,58256,3812,-11784
2002-01-29,98842,9964,8996,25721,47570,56039,968,-8469
2002-02-05,100146,9878,7113,26114,49619,60200,2765,-10581
2002-02-12,91891,13121,5622,19136,44407,59865,7499,-15458
2002-02-19,88309,8648,11734,18793,47011,50305,-3086,-3294
2002-02-26,88559,6903,16119,19494,47738,44782,-9216,2956
2002-03-05,88898,6046,16806,20172,48818,44007,-10760,4811
2002-03-12,88784,7605,11854,20266,47864,49389,-4249,-1525
2002-03-19,92840,8381,8701,23102,48158,53600,-320,-5442
2002-03-26,97666,11874,7078,24629,47726,58424,4796,-10698
2002-04-02,97071,11458,6246,25210,46334,57905,5212,-11571
2002-04-09,93238,8737,8061,23327,47007,53846,676,-6839
2002-04-16,85448,8452,8248,18486,44428,51258,204,-6830
2002-04-23,90775,6557,19828,19726,49886,42648,-13271,7238
2002-04-30,95095,5513,21887,20475,53876,42771,-16374,11105
2002-05-07,101651,4995,23134,22463,58371,45443,-18139,12928
2002-05-14,102573,5573,22557,23409,57311,46545,-16984,10766
2002-05-21,103447,6048,20570,24705,56314,47904,-14522,8410
2002-05-28,103397,5764,13676,26913,54836,53158,-7912,1678
2002-06-04,105921,7456,9378,28815,53552,58389,-1922,-4837
2002-06-11,106458,9524,7228,30553,50777,59183,2296,-8406
2002-06-18,92906,11873,5221,23393,44626,57372,6652,-12746
2002-06-25,108369,23105,4317,26806,44102,71738,18788,-27636
2002-07-02,117884,27330,2515,30958,45894,78667,24815,-32773
2002-07-09,117599,27357,2098,30142,46196,79480,25259,-33284
2002-07-16,113464,22644,1827,28365,47170,76429,20817,-29259
2002-07-23,121230,23315,1472,32939,49948,80027,21843,-30079
2002-07-30,123380,22977,1866,34220,51235,80709,21111,-29474
2002-08-06,118726,19772,1750,33734,51511,77075,18022,-25564
2002-08-13,119642,19062,1658,34665,52724,77798,17404,-25074
2002-08-20,116000,16065,1695,33395,53811,75008,14370,-21197
2002-08-27,112442,14048,4065,32068,54875,70815,9983,-15940
2002-09-03,112374,14578,2860,31932,53861,72096,11718,-18235
2002-09-10,110835,15103,3873,29939,53751,71220,11230,-17469
2002-09-17,106806,11309,10476,27826,56623,61802,833,-5179
2002-09-24,107455,10693,11236,28067,57505,61766,-543,-4261
2002-10-01,109269,11060,10116,28209,57816,64821,944,-7005
2002-10-08,110181,6366,13605,27498,64200,60793,-7239,3407
2002-10-15,110425,6207,13230,27597,63967,61829,-7023,2138
2002-10-22,112152,6616,10920,28347,64350,65185,-4304,-835
2002-10-29,113084,10336,3925,28204,60189,73895,6411,-13706
2002-11-05,130419,24577,1989,31018,57877,89702,22588,-31825
2002-11-12,108856,28019,2057,18403,45794,81177,25962,-35383
2002-11-19,106612,28142,1993,19210,43530,79374,26149,-35844
2002-11-26,106567,27853,1698,19805,44020,78975,26155,-34955
2002-12-03,102660,24023,2132,18845,45296,74938,21891,-29642
2002-12-10,103938,22498,1728,20688,46047,75698,20770,-29651
2002-12-17,103452,21102,1492,21069,47226,75106,19610,-27880
2002-12-23,112464,27222,1390,23421,45566,81650,25832,-36084
2002-12-31,112050,27543,1245,23212,45678,81768,26298,-36090
2003-01-07,116913,30139,1332,26335,44803,83460,28807,-38657
2003-01-14,125800,32711,1229,30002,46912,88095,31482,-41183
2003-01-21,122511,29242,1805,29197,48709,84439,27437,-35730
2003-01-28,121592,25094,2427,29560,51763,82545,22667,-30782
2003-02-04,132569,33284,3298,31969,50216,89159,29986,-38943
2003-02-11,126625,35870,3020,26454,47468,89072,32850,-41604
2003-02-14,125898,37776,2683,25402,45834,89751,35093,-43917
2003-02-25,127667,40644,2475,26627,43609,90560,38169,-46951
2003-03-04,129345,41779,2559,27130,42847,91312,39220,-48465
2003-03-11,131503,41153,2527,29157,43227,90794,38626,-47567
2003-03-18,136200,43878,2935,31080,43329,92182,40943,-48853
2003-03-25,130260,40537,2989,29384,43407,88397,37548,-44990
2003-04-01,124614,29216,3586,29938,48032,79838,25630,-31806
2003-04-08,120801,28245,3997,29075,48032,77705,24248,-29673
2003-04-15,104366,30786,3866,18134,41266,75076,26920,-33810
2003-04-22,109195,35556,3544,18864,40350,77867,32012,-37517
2003-04-29,103091,23366,7679,20052,46826,65964,15687,-19138
2003-05-06,110073,12523,15891,26468,58248,55436,-3368,2812
2003-05-13,114340,7672,18596,29751,64731,54847,-10924,9884
2003-05-20,113322,8321,17082,29538,62667,54648,-8761,8019
2003-05-27,113632,8040,16929,29330,62567,53686,-8889,8881
2003-06-03,127899,8727,24535,30863,69809,53275,-15808,16534
2003-06-10,133639,6732,24996,34100,69351,51696,-18264,17655
2003-06-17,111585,5445,12794,24535,60885,54255,-7349,6630
2003-06-24,95369,6466,8916,22675,51789,50517,-2450,1272
2003-07-01,104214,10389,13482,25849,51376,56826,-3093,-5450
2003-07-08,107974,15147,3080,25723,48674,63865,12067,-15191
2003-07-15,108286,21545,2916,26229,44996,66862,18629,-21866
2003-07-22,99576,18738,2869,26177,44389,63213,15869,-18824
2003-07-29,98319,16281,2224,27004,45356,62302,14057,-16946
2003-08-05,98485,10186,7108,27608,50056,55541,3078,-5485
2003-08-12,98686,8177,10525,28022,52771,52236,-2348,535
2003-08-19,102340,8036,16207,28203,55552,49456,-8171,6096
2003-08-26,103369,8159,16949,28494,56390,50862,-8790,5528
2003-09-02,106624,9720,12044,29682,56353,58029,-2324,-1676
2003-09-09,106067,10252,6587,31135,55062,62995,3665,-7933
2003-09-16,138479,28064,3257,38300,59417,88604,24807,-29187
2003-09-23,157893,36531,3543,44068,65371,103522,32988,-38151
2003-09-30,176800,41286,2863,52823,69957,113815,38423,-43858
2003-10-07,181088,40908,3384,55666,71839,114661,37524,-42822
2003-10-14,207056,43831,3052,68474,81293,127943,40779,-46650
2003-10-21,226818,45169,2178,79074,88383,137377,42991,-48994
2003-10-28,290749,40150,2036,115250,119091,165229,38114,-46138
2003-11-04,272892,34752,1725,106486,114591,155217,33027,-40626
2003-11-11,209775,33652,1572,68506,91204,129615,32080,-38411
2003-11-18,191296,27434,2525,66823,84377,114946,24909,-30569
2003-11-25,178230,18955,3506,60996,84587,104519,15449,-19932
2003-12-02,187381,19295,2682,70617,85661,107570,16613,-21909
2003-12-09,176701,17636,4471,65592,82803,100478,13165,-17675
2003-12-16,177640,17796,5118,65806,83160,100248,12678,-17088
2003-12-22,176305,18659,5182,65448,81702,100473,13477,-18771
2003-12-30,189625,21139,3835,71082,85764,110327,17304,-24563
2004-01-06,197835,25076,2614,73079,86676,117663,22462,-30987
2004-01-13,190620,24539,2292,70690,82606,112590,22247,-29984
2004-01-20,195273,25599,2809,72025,83879,115213,22790,-31334
2004-01-27,191895,31094,2834,67186,80500,116210,28260,-35710
2004-02-03,177382,18063,7294,63262,84468,100078,10769,-15610
2004-02-10,126491,15126,9863,35410,65697,73431,5263,-7734
2004-02-17,127893,16449,16346,35514,66334,68370,103,-2036
2004-02-24,128095,17495,16484,36081,64557,68677,1011,-4120
2004-03-02,129511,17850,9403,37610,63918,76303,8447,-12385
2004-03-09,137484,16194,14037,41160,69828,73728,2157,-3900
2004-03-16,144158,15194,20151,44409,73715,72574,-4957,1141
2004-03-23,149349,16737,20312,45719,75601,75591,-3575,10
2004-03-30,151243,16882,21226,45876,76653,76686,-4344,-33
2004-04-06,157617,16133,25894,49247,79821,72864,-9761,6957
2004-04-12,159910,14246,27634,52576,80740,69981,-13388,10759
2004-04-20,123840,13643,29748,24920,75023,60541,-16105,14482
2004-04-27,122216,13542,29693,26002,72904,58576,-16151,14328
2004-05-04,133573,13465,31977,33569,75849,58873,-18512,16976
2004-05-11,135718,12783,24836,36291,76657,66331,-12053,10326
2004-05-18,134847,11781,24177,38256,75729,64580,-12396,11149
2004-05-25,135819,10691,24400,39326,76622,64535,-13709,12087
2004-06-01,137000,12091,28214,40076,75996,60406,-16123,15590
2004-06-08,141964,10140,30915,40834,81978,62131,-20775,19847
2004-06-15,107496,9850,30613,19096,68544,47733,-20763,20811
2004-06-22,106186,10872,31222,20727,66196,46254,-20350,19942
2004-06-29,104789,10713,31498,22795,63187,42694,-20785,20493
2004-07-06,111000,12136,31641,25593,64868,45893,-19505,18975
2004-07-13,117773,13054,32222,28616,67158,48785,-19168,18373
2004-07-20,116919,13503,33002,28156,65282,47574,-19499,17708
2004-07-27,124096,13149,31879,33115,69533,50383,-18730,19150
2004-08-03,123705,12509,32354,32474,70509,50456,-19845,20053
2004-08-10,124079,11724,33324,33431,70946,48543,-21600,22403
2004-08-17,125147,11559,31556,34312,70190,50090,-19997,20100
2004-08-24,123103,10865,23748,36765,66389,54472,-12883,11917
2004-08-31,126179,12198,20254,39996,64459,57827,-8056,6632
2004-09-07,126912,11749,14596,42078,64150,62351,-2847,1799
2004-09-14,122532,10198,13963,40394,63933,60918,-3765,3015
2004-09-21,127281,9801,17549,41368,68271,59593,-7748,8678
2004-09-28,125977,9329,17274,40893,68243,58795,-7945,9448
2004-10-05,126345,8135,20194,41165,68582,55939,-12059,12643
2004-10-12,131502,8835,23834,42532,71209,55100,-14999,16109
2004-10-19,129857,9240,28200,38793,73269,53386,-18960,19883
2004-10-26,133649,9857,27351,40678,73852,55228,-17494,18624
2004-11-02,137618,10622,31894,41402,76895,54908,-21272,21987
2004-11-09,143581,11817,34250,42450,79939,57326,-22433,22613
2004-11-16,114675,12804,35004,22674,68516,47905,-22200,20611
2004-11-23,109628,13641,33200,22788,63586,45095,-19559,18491
2004-11-30,109118,13609,30923,22930,62777,47655,-17314,15122
2004-12-07,114050,13766,37843,22485,67119,45930,-24077,21189
2004-12-14,113588,13360,38047,22616,66923,45595,-24687,21328
2004-12-21,113456,14799,34017,23435,63398,48392,-19218,15006
2004-12-28,113851,13495,35230,24093,63672,47283,-21735,16389
2005-01-04,112882,15975,29895,25171,58926,51580,-13920,7346
2005-01-11,128736,28200,16266,32305,52973,72967,11934,-19994
2005-01-18,131996,29130,14548,32633,54498,77710,14582,-23212
2005-01-25,137839,30943,8718,34081,51905,84096,22225,-32191
2005-02-01,130660,18798,18334,32997,59076,66470,464,-7394
2005-02-08,132163,18751,22581,32353,62955,64095,-3830,-1140
2005-02-15,119984,20501,20530,24079,56396,61854,-29,-5458
2005-02-22,129718,28284,11812,26057,56198,80811,16472,-24613
2005-03-01,153301,41046,7738,34242,57057,100039,33308,-42982
2005-03-08,164441,45647,7234,38524,57796,108131,38413,-50335
2005-03-15,181859,51062,6023,45968,61474,118619,45039,-57145
2005-03-22,174168,45562,5425,44527,63061,113629,40137,-50568
2005-03-29,179466,44998,4777,47118,63893,115577,40221,-51684
2005-04-05,176096,43707,4588,45456,64613,114782,39119,-50169
2005-04-12,180683,44692,4480,43989,70296,121525,40212,-51229
2005-04-19,162180,43474,3784,27025,71698,121748,39690,-50050
2005-04-26,162489,47015,3663,30727,63733,119817,43352,-56084
2005-05-03,162274,44990,4739,31563,66228,117066,40251,-50838
2005-05-10,152114,34539,6551,31770,69014,105557,27988,-36543
2005-05-17,144275,29044,8437,31192,68481,95245,20607,-26764
2005-05-24,140033,22133,12034,31435,71141,87167,10099,-16026
2005-05-31,144007,21249,15041,32194,75501,84471,6208,-8970
2005-06-07,148291,18668,16538,37856,76929,81628,2130,-4699
2005-06-14,126852,18231,24343,23230,69074,65897,-6112,3177
2005-06-21,128699,17666,27528,23189,70756,65806,-9862,4950
2005-06-28,125209,17444,17915,24640,67747,72370,-471,-4623
2005-07-05,135953,21454,12076,29287,69138,84678,9378,-15540
2005-07-12,133137,20081,10367,30493,68028,81905,9714,-13877
2005-07-19,133871,19961,18940,29385,69445,73758,1021,-4313
2005-07-26,136655,20189,23483,29779,71552,71124,-3294,428
2005-08-02,137813,19311,21907,30917,72144,72072,-2596,72
2005-08-09,138408,19599,23569,32314,73119,70281,-3970,2838
2005-08-16,145468,19866,33775,34045,77192,63409,-13909,13783
2005-08-23,144393,19694,37389,30941,77064,61965,-17695,15099
2005-08-30,144715,18964,36421,31933,77670,63418,-17457,14252
2005-09-06,152143,19534,34795,35610,79716,68213,-15261,11503
2005-09-13,149581,19426,24030,37424,77182,74939,-4604,2243
2005-09-20,148002,19002,23596,36349,77557,76183,-4594,1374
2005-09-27,158332,20566,20158,40843,78405,85140,408,-6735
2005-10-04,163256,22893,11402,45651,77063,95273,11491,-18210
2005-10-11,171410,25095,8324,49197,78355,103072,16771,-24717
2005-10-18,182213,32472,5183,53516,78876,113308,27289,-34432
2005-10-25,181020,29922,5560,51196,80059,112513,24362,-32454
2005-11-01,172469,23866,6530,50122,82044,104123,17336,-22079
2005-11-08,170065,22799,10721,47137,84810,99818,12078,-15008
2005-11-15,131710,17905,14661,25394,75270,80856,3244,-5586
2005-11-22,118096,14995,23057,23711,68174,62201,-8062,5973
2005-11-29,120798,14942,26306,23782,69501,60555,-11364,8946
2005-12-06,128349,14206,35103,24964,75876,56892,-20897,18984
2005-12-13,133238,16196,34056,26163,75235,61868,-17860,13367
2005-12-20,135220,16948,32217,26298,75983,65433,-15269,10550
2005-12-27,139919,18286,28408,29130,76225,72364,-10122,3861
2006-01-03,148508,21319,23306,32874,75855,81677,-1987,-5822
2006-01-10,154562,27239,16818,35267,73663,91087,10421,-17424
2006-01-17,161948,28788,12913,36750,76521,101081,15875,-24560
2006-01-24,174502,34866,8980,41563,76910,111734,25886,-34824
2006-01-31,177276,33628,8505,41022,78727,112190,25123,-33463
2006-02-07,183294,39099,6230,41795,81714,123230,32869,-41516
2006-02-14,170557,36450,7639,27254,85347,123298,28811,-37951
2006-02-21,161505,34738,7858,26551,82950,116254,26880,-33304
2006-02-28,161253,29298,10959,29423,84921,108763,18339,-23842
2006-03-07,163239,25359,21508,30964,88713,96830,3851,-8117
2006-03-14,167514,26139,26979,34335,88755,91983,-840,-3228
2006-03-21,174187,26157,33028,37593,91662,88751,-6871,2911
2006-03-28,180266,26520,43964,36414,97673,84492,-17444,13181
2006-04-04,182467,28176,46908,35249,98692,85204,-18732,13488
2006-04-11,188910,28106,46661,36005,102689,89948,-18555,12741
2006-04-18,172367,28022,48447,25797,97699,83125,-20425,14574
2006-04-25,180418,26112,57106,29231,105684,78143,-30994,27541
2006-05-02,191145,27737,58020,32478,111391,85092,-30283,26299
2006-05-09,196920,27583,58024,33712,113899,89612,-30441,24287
2006-05-16,225712,36243,59621,40794,123636,108317,-23378,15319
2006-05-23,229371,35414,61771,42179,128151,109274,-26357,18877
2006-05-30,232458,36733,59791,43269,127554,112401,-23058,15153
2006-06-06,234874,36903,47088,45726,127837,125883,-10185,1954
2006-06-13,234516,34112,43921,49037,126331,125315,-9809,1016
2006-06-20,210042,32770,41565,37056,119254,118237,-8795,1017
2006-06-27,205184,30969,51024,39334,116655,100969,-20055,15686
2006-07-03,209953,31421,54418,42477,116799,98224,-22997,18575
2006-07-11,214301,31753,57136,45265,117231,96300,-25383,20931
2006-07-18,216260,31971,54596,46194,116967,100419,-22625,16548
2006-07-25,220348,30356,48001,49670,119680,107856,-17645,11824
2006-08-01,226523,32136,43812,51643,120796,116485,-11676,4311
2006-08-08,228078,32063,35325,53562,120242,126092,-3262,-5850
2006-08-15,228129,32503,35583,54318,120881,123755,-3080,-2874
2006-08-22,227860,32942,36718,53773,120732,123280,-3776,-2548
2006-08-29,229349,32536,37870,53609,122806,123760,-5334,-954
2006-09-05,231154,31581,43940,54816,124556,117487,-12359,7069
2006-09-12,233176,31687,49737,55018,126377,111789,-18050,14588
2006-09-19,238765,30537,52374,57508,130453,111915,-21837,18538
2006-09-26,238708,31796,50682,58379,129070,113413,-18886,15657
2006-10-03,245261,31230,55657,60876,131491,110195,-24427,21296
2006-10-10,249166,31186,58533,67349,131878,107912,-27347,23966
2006-10-17,254411,31267,56063,70319,132270,112156,-24796,20114
2006-10-24,253572,31449,54119,70624,128665,112358,-22670,16307
2006-10-31,257078,33556,51539,71384,129812,118880,-17983,10932
2006-11-07,258611,34912,50201,70818,126731,119884,-15289,6847
2006-11-14,219665,34304,54454,48443,113708,100248,-20150,13460
2006-11-21,201950,34583,56934,42698,104905,88749,-22351,16156
2006-11-28,208383,37237,52556,45547,105553,97766,-15319,7787
2006-12-05,215913,42088,49433,48355,103011,106549,-7345,-3538
2006-12-12,223543,41951,45188,52050,105010,114019,-3237,-9009
2006-12-19,234259,45918,35790,55307,107212,130683,10128,-23471
2006-12-26,242661,47859,33377,58645,108933,139612,14482,-30679
2007-01-03,244076,46787,30544,61496,110233,139655,16243,-29422
2007-01-09,244204,45179,33145,60709,114576,138455,12034,-23879
2007-01-16,259321,46536,35925,68053,119426,141929,10611,-22503
2007-01-23,267095,47123,35593,70028,121978,146077,11530,-24099
2007-01-30,267724,43019,41663,70922,128153,140588,1356,-12435
2007-02-06,281572,46703,44501,73438,134310,149662,2202,-15352
2007-02-13,272727,42215,57878,57969,144800,140174,-15663,4626
2007-02-20,264930,42881,62326,59371,136657,129675,-19445,6982
2007-02-27,279225,45911,59039,63502,141075,143529,-13128,-2454
2007-03-06,285508,50419,52766,67129,140489,153056,-2347,-12567
2007-03-13,297695,54120,45182,74607,140548,164970,8938,-24422
2007-03-20,304794,56268,45423,79673,139451,166167,10845,-26716
2007-03-27,316315,58292,46653,81599,144740,173237,11639,-28497
2007-04-03,328435,59676,49801,82259,152738,177646,9875,-24908
2007-04-10,312561,60447,58363,76326,148136,161262,2084,-13126
2007-04-17,300481,56510,65477,66514,150144,151435,-8967,-1291
2007-04-24,297980,56175,66583,64697,151299,150282,-10408,1017
2007-05-01,306112,56430,66127,70672,154670,151818,-9697,2852
2007-05-08,310223,56262,69002,70280,159122,155075,-12740,4047
2007-05-15,320226,56067,69985,77356,162087,157043,-13918,5044
2007-05-22,323998,57810,57748,81825,158801,169842,62,-11041
2007-05-29,327102,55285,54312,87132,158405,171674,973,-13269
2007-06-05,328204,55995,49079,90069,154021,173309,6916,-19288
2007-06-12,322719,57657,44296,87684,153835,178767,13361,-24932
2007-06-19,291064,58665,33120,66939,138807,179413,25545,-40606
2007-06-26,303273,61648,26516,74474,141093,191155,35132,-50062
2007-07-03,323396,67040,22548,86697,143803,204784,44492,-60981
2007-07-10,348622,71792,17452,98400,150583,221928,54340,-71345
2007-07-17,372707,70889,12821,115490,159628,233023,58068,-73395
2007-07-24,368869,67378,13397,116754,157320,228558,53981,-71238
2007-07-31,369059,64777,11552,118219,158164,228994,53225,-70830
2007-08-07,369568,67406,10762,117122,160787,231798,56644,-71011
2007-08-14,365791,59520,10233,120254,161236,222433,49287,-61197
2007-08-21,356406,51510,15861,115343,164496,211504,35649,-47008
2007-08-28,356495,51205,19143,117014,164971,206706,32062,-41735
2007-09-04,365542,54906,16177,120866,166938,217888,38729,-50950
2007-09-11,370640,58396,16076,126110,162790,218248,42320,-55458
2007-09-18,393309,66841,11359,134180,164364,236265,55482,-71901
2007-09-25,414218,75481,9045,141758,166713,251464,66436,-84751
2007-10-02,411964,77661,8492,142419,164683,249415,69169,-84732
2007-10-09,408486,76562,8916,143551,160244,243777,67646,-83533
2007-10-16,411640,77871,9145,145246,158987,243916,68726,-84929
2007-10-23,424585,80777,8517,148644,162359,253140,72260,-90781
2007-10-30,421505,79074,9246,147508,164504,251483,69828,-86979
2007-11-06,422388,85367,10461,141094,163520,257580,74906,-94060
2007-11-13,336737,78450,12051,82901,143852,226288,66399,-82436
2007-11-20,317264,68332,18363,74270,143387,205622,49969,-62235
2007-11-27,308475,65739,21838,74451,144698,197790,43901,-53092
2007-12-04,327130,62085,27878,86089,154845,197767,34207,-42922
2007-12-11,335977,65219,30919,90132,153635,198679,34300,-45044
2007-12-18,346930,66064,29650,95975,154874,201166,36414,-46292
2007-12-24,351237,68859,21279,96619,155188,218789,47580,-63601
2007-12-31,369243,74195,14820,104195,159664,237754,59375,-78090
2008-01-08,410450,91797,10729,117492,166866,269418,81068,-102552
2008-01-15,465029,97937,10867,142343,178222,289208,87070,-110986
2008-01-22,460276,97328,10532,143222,181654,289450,86796,-107796
2008-01-29,438556,82449,9624,138439,182054,273869,72825,-91815
2008-02-05,451174,85444,11338,136256,193779,287648,74106,-93869
2008-02-12,379535,82583,11646,89765,171926,261671,70937,-89745
2008-02-19,381346,85332,10171,91099,165896,264753,75161,-98857
2008-02-26,453167,106396,6530,119068,192772,315871,99866,-123099
2008-03-04,546650,95547,9607,186426,221670,330319,85940,-108649
2008-03-11,572626,81173,9666,218733,231111,321277,71507,-90166
2008-03-18,565626,71546,6853,218569,231864,314209,64693,-82345
2008-03-25,541058,66094,4972,212042,232686,310521,61122,-77835
2008-04-01,537160,60682,12200,212982,232558,296950,48482,-64392
2008-04-08,528299,61359,12441,206717,230826,296952,48918,-66126
2008-04-15,472583,63626,11486,157537,220790,290935,52140,-70145
2008-04-22,469070,63227,9915,158347,220702,289475,53312,-68773
2008-04-29,461674,57785,12582,159024,219837,277768,45203,-57931
2008-05-06,462725,57238,12827,161313,218988,274926,44411,-55938
2008-05-13,461132,54959,15669,159411,222239,272360,39290,-50121
2008-05-20,469680,56704,17713,161176,225271,276520,38991,-51249
2008-05-27,478182,53001,26853,162136,239805,274573,26148,-34768
2008-06-03,486379,55127,27494,163793,246816,279042,27633,-32226
2008-06-10,470129,56116,30436,159498,231624,262377,25680,-30753
2008-06-17,385674,56092,16858,122113,183955,232388,39234,-48433
2008-06-24,378675,53270,14831,122319,179975,228816,38439,-48841
2008-07-01,377877,53876,16699,122086,180320,224981,37177,-44661
2008-07-08,381097,52338,24145,125869,180777,215141,28193,-34364
2008-07-15,383575,50883,28376,124937,184978,214906,22507,-29928
2008-07-22,378315,43845,32578,125174,186379,205026,11267,-18647
2008-07-29,379775,44733,31361,125969,186898,207266,13372,-20368
2008-08-05,380635,39298,36903,132165,188425,195123,2395,-6698
2008-08-12,377303,39173,37156,132091,187012,192284,2017,-5272
2008-08-19,366511,37035,36991,128718,181931,182565,44,-634
2008-08-26,370625,36898,36953,129820,183448,188415,-55,-4967
2008-09-02,371698,37492,34815,133026,180264,188249,2677,-7985
2008-09-09,376193,32752,39050,139496,184769,182331,-6298,2438
2008-09-16,373141,34008,36756,139980,180005,178519,-2748,1486
2008-09-23,365481,33360,35180,140209,175425,174609,-1820,816
2008-09-30,359892,30912,33177,143353,170682,169164,-2265,1518
2008-10-07,343138,29806,32350,138449,161425,159732,-2544,1693
2008-10-14,329306,27384,26564,135410,152873,155327,820,-2454
2008-10-21,314919,29000,25938,125089,147547,151326,3062,-3779
2008-10-28,310220,26869,25493,121094,149916,151892,1376,-1976
2008-11-04,304540,27418,23674,117125,146796,152001,3744,-5205
2008-11-11,212420,27428,23669,57076,113271,117893,3759,-4622
2008-11-18,201926,28194,21901,58580,102515,108366,6293,-5851
2008-11-25,195132,26101,22651,59308,96828,101098,3450,-4270
2008-12-02,198256,26476,18444,62952,96105,104392,8032,-8287
2008-12-09,201747,25558,17771,64535,95703,103279,7787,-7576
2008-12-16,201242,26269,16173,65185,94180,104379,10096,-10199
2008-12-22,194933,26202,15697,62617,92362,104936,10505,-12574
2008-12-30,196756,27240,15650,63681,91263,106214,11590,-14951
2009-01-06,205131,27893,12936,67253,92073,112278,14957,-20205
2009-01-13,203702,26994,13397,67737,95660,111236,13597,-15576
2009-01-20,202131,25089,13480,65767,97073,111482,11609,-14409
2009-01-27,205769,27270,10918,68753,93570,114280,16352,-20710
2009-02-03,196776,26944,12744,63651,90151,110640,14200,-20489
2009-02-10,162477,25663,15168,39762,81115,94246,10495,-13131
2009-02-17,158471,23867,23533,39874,80901,81005,334,-104
2009-02-24,157426,23075,26573,39545,81708,75814,-3498,5894
2009-03-03,161757,24480,30291,40657,83583,74579,-5811,9004
2009-03-10,168460,24686,30854,42214,86903,79191,-6168,7712
2009-03-17,175903,25265,30972,43643,92332,86603,-5707,5729
2009-03-24,186137,26603,28601,45241,97911,98415,-1998,-504
2009-03-31,190884,26521,22982,47050,100182,107644,3539,-7462
2009-04-07,192724,27393,17692,47527,101020,115864,9701,-14844
2009-04-14,172678,28089,14573,39682,87742,108044,13516,-20302
2009-04-21,166387,28345,13424,40032,81170,104363,14921,-23193
2009-04-28,168526,27516,10980,39835,85907,110733,16536,-24826
2009-05-05,184510,35003,6500,45258,87148,126134,28503,-38986
2009-05-12,199798,39723,5863,50604,91409,135310,33860,-43901
2009-05-19,199071,40287,5087,51635,91066,134644,35200,-43578
2009-05-26,197183,37907,4760,52086,91897,132019,33147,-40122
2009-06-02,201736,37909,4205,54291,91729,135587,33704,-43858
2009-06-09,197308,33521,5274,52917,94219,129141,28247,-34922
2009-06-16,161620,29855,6047,32990,84067,112110,23808,-28043
2009-06-23,151430,25367,8530,32361,82489,100942,16837,-18453
2009-06-30,155415,27699,10096,33656,82438,102429,17603,-19991
2009-07-07,163208,29109,5761,35800,85421,113623,23348,-28202
2009-07-14,178007,35932,4573,38147,88449,129256,31359,-40807
2009-07-21,186550,38301,4197,40701,91892,135530,34104,-43638
2009-07-28,177290,34828,5621,39138,90255,126099,29207,-35844
2009-08-04,182502,35406,4921,40880,92334,130603,30485,-38269
2009-08-11,186606,36472,4112,41508,92968,133950,32360,-40982
2009-08-18,181434,34836,4764,40224,92370,128306,30072,-35936
2009-08-25,176769,32192,8188,38921,92508,120189,24004,-27681
2009-09-01,174819,30006,11248,39478,93020,114098,18758,-21078
2009-09-08,178346,32236,8931,40225,92821,119524,23305,-26703
2009-09-15,187701,37665,5156,42030,92996,133186,32509,-40190
2009-09-22,205895,45960,3497,47015,97493,147721,42463,-50228
2009-09-29,206244,44466,2966,46191,99680,149145,41500,-49465
2009-10-06,206397,42182,3152,46479,101370,149516,39030,-48146
2009-10-13,225737,48462,3337,53677,104128,160430,45125,-56302
2009-10-20,249121,59684,5285,61314,109104,176164,54399,-67060
2009-10-27,259084,61823,6575,60801,115757,183360,55248,-67603
2009-11-03,267579,65183,6209,59456,120926,193160,58974,-72234
2009-11-09,269053,63440,6804,59433,121293,193585,56636,-72292
2009-11-17,217321,62100,8078,35818,98218,165701,54022,-67483
2009-11-24,231364,71062,7481,39613,99561,177118,63581,-77557
2009-12-01,232131,68859,8349,41680,101746,175585,60510,-73839
2009-12-08,236317,70278,8515,43313,102246,177924,61763,-75678
2009-12-15,246645,73731,9563,46137,105199,184175,64168,-78976
2009-12-22,247428,70993,9462,45342,110392,185042,61531,-74650
2009-12-29,251292,73726,9167,45612,111339,189063,64559,-77724
2010-01-05,251227,68163,9924,49629,113046,183594,58239,-70548
2010-01-12,247038,63498,10769,50326,112690,177647,52729,-64957
2010-01-19,239011,59448,8807,50918,108976,170022,50641,-61046
2010-01-26,235030,51379,10760,53216,111855,160687,40619,-48832
2010-02-02,237225,48692,15275,53196,116065,156482,33417,-40417
2010-02-09,216653,48782,14998,39252,111838,151105,33784,-39267
2010-02-16,227544,52698,11276,42767,113296,164833,41422,-51537
2010-02-23,239186,63087,7586,49105,106437,174251,55501,-67814
2010-03-02,263675,67271,7086,58807,116339,187766,60185,-71427
2010-03-09,273370,71372,7499,62871,117593,192820,63873,-75227
2010-03-16,275250,73367,7084,63940,117238,194273,66283,-77035
2010-03-23,284058,74380,6130,66032,122121,201428,68250,-79307
2010-03-30,276886,68125,6775,64553,124067,194954,61350,-70887
2010-04-06,296158,75033,6537,68584,129958,209391,68496,-79433
2010-04-13,282494,66234,6638,73158,122733,190672,59596,-67939
2010-04-20,260283,70071,6056,58849,111078,186703,64015,-75625
2010-04-27,272750,74316,4948,62591,114204,196026,69368,-81822
2010-05-04,263655,70003,5759,63378,109736,184353,64244,-74617
2010-05-11,253444,60165,5890,62732,110777,173529,54275,-62752
2010-05-18,262670,62119,6433,64781,116033,179783,55686,-63750
2010-05-25,270662,64866,6661,65868,121584,188009,58205,-66425
2010-06-01,264894,55469,10790,66608,125273,175047,44679,-49774
2010-06-08,255121,46873,16706,65100,126382,159708,30167,-33326
2010-06-15,225036,57823,12055,40091,109188,162037,45768,-52849
2010-06-22,219853,60139,10856,39778,103188,160107,49283,-56919
2010-06-29,219190,60441,10827,41146,103425,158884,49614,-55459
2010-07-06,213171,50801,14898,40440,107028,148788,35903,-41760
2010-07-13,213276,48540,16848,43666,106716,142987,31692,-36271
2010-07-20,218393,45166,17730,47988,111225,141848,27436,-30623
2010-07-27,229545,47583,15488,45725,119301,158075,32095,-38774
2010-08-03,250681,59610,13461,50729,120630,177298,46149,-56668
2010-08-10,267341,71398,12230,54767,121177,191675,59168,-70498
2010-08-17,296765,82167,12410,64550,128085,210726,69757,-82641
2010-08-24,302375,86497,11756,62979,131279,217627,74741,-86348
2010-08-31,318896,90095,11569,67083,139761,230630,78526,-90869
2010-09-07,344538,90326,7725,76344,153672,250537,82601,-96865
2010-09-14,357385,90396,5987,79826,162879,261329,84409,-98450
2010-09-21,381700,83242,6432,92221,182048,272519,76810,-90471
2010-09-28,398257,80455,6081,100753,193273,279800,74374,-86527
2010-10-05,391535,71988,6057,106271,191629,268496,65931,-76867
2010-10-12,410101,72782,5718,119759,195449,273729,67064,-78280
2010-10-19,408053,67570,5112,118182,200581,272555,62458,-71974
2010-10-26,442630,71597,6655,131277,216493,288712,64942,-72219
2010-11-02,449411,71370,7087,134591,220574,293060,64283,-72486
2010-11-09,459691,67173,6873,144322,225047,296383,60300,-71336
2010-11-16,331006,56659,6197,82096,171638,230622,50462,-58984
2010-11-23,327205,53599,5359,86386,166925,224013,48240,-57088
2010-11-30,333790,55536,4783,90821,166869,226846,50753,-59977
2010-12-07,350709,57261,5404,98741,174536,234708,51857,-60172
2010-12-14,365971,58556,6872,108353,179784,239519,51684,-59735
2010-12-21,366170,59244,7475,110335,176257,236142,51769,-59885
2010-12-28,361915,58221,7573,108650,174388,234788,50648,-60400
2011-01-04,367637,57764,6875,108894,179599,240137,50889,-60538
2011-01-11,363614,58031,7300,110325,172848,233533,50731,-60685
2011-01-18,357270,58050,7338,108288,168247,229356,50712,-61109
2011-01-25,383620,61315,7264,123557,174884,240159,54051,-65275
2011-02-01,397224,66720,7487,128227,176949,247762,59233,-70813
2011-02-08,405104,62898,8282,134538,183715,250387,54616,-66672
2011-02-15,326812,58149,7329,98201,146182,207595,50820,-61413
2011-02-22,316164,55905,8010,99719,136071,196499,47895,-60428
2011-03-01,318126,52363,8615,104214,140118,193618,43748,-53500
2011-03-08,316831,51204,9887,102208,141317,192388,41317,-51071
2011-03-15,319294,48556,8299,103786,144331,191451,40257,-47120
2011-03-22,319395,46110,6881,104313,145565,192925,39229,-47360
2011-03-29,326310,44557,8046,109486,150641,193358,36511,-42717
2011-04-05,345655,46399,9092,114263,162496,205993,37307,-43497
2011-04-12,330688,47035,9060,96705,163600,209940,37975,-46340
2011-04-19,306621,43499,9827,97312,144914,185356,33672,-40442
2011-04-26,292030,43075,10083,95158,133132,173090,32992,-39958
2011-05-03,290380,44537,9032,95706,129253,170649,35505,-41396
2011-05-10,296907,45728,8664,100420,130680,172943,37064,-42263
2011-05-17,297674,47279,8187,100526,130796,175159,39092,-44363
2011-05-24,302469,47398,8514,100045,135510,179820,38884,-44310
2011-05-31,304256,49475,6313,101271,133229,182201,43162,-48972
2011-06-07,307585,45377,6872,100472,139642,185533,38505,-45891
2011-06-14,230594,50490,7456,56942,104797,152995,43034,-48198
2011-06-21,225452,46112,7906,56208,107158,149748,38206,-42590
2011-06-28,216904,46639,9078,55837,100209,140730,37561,-40521
2011-07-05,217807,48364,9937,54688,101577,141558,38427,-39981
2011-07-12,227679,49964,10427,60083,103801,145908,39537,-42107
2011-07-19,230172,52446,10596,63308,99687,145178,41850,-45491
2011-07-26,236114,55383,10481,65244,100061,149024,44902,-48963
2011-08-02,243904,56540,11173,68692,103337,151939,45367,-48602
2011-08-09,248622,55123,11633,73326,105614,151200,43490,-45586
2011-08-16,246085,53657,10027,73168,103934,150855,43630,-46921
2011-08-23,249335,57960,9502,73027,103131,154874,48458,-51743
2011-08-30,250576,55855,9700,74781,104542,154295,46155,-49753
2011-09-06,250386,54073,9737,75655,104878,152314,44336,-47436
2011-09-13,262224,52207,6934,80867,111022,163502,45273,-52480
2011-09-20,255819,46925,7836,79280,113761,157293,39089,-43532
2011-09-27,253102,41666,13201,78303,120900,149089,28465,-28189
2011-10-04,258286,43076,14327,79253,124122,150342,28749,-26220
2011-10-11,257149,43088,13799,79436,122466,149299,29289,-26833
2011-10-18,256300,41857,15675,80687,122679,145050,26182,-22371
2011-10-25,262630,41843,20010,83177,125328,141849,21833,-16521
2011-11-01,262904,42351,16237,80440,127139,149923,26114,-22784
2011-11-08,259549,42759,19038,66842,131240,150029,23721,-18789
2011-11-15,180303,42478,16674,32624,92501,115069,25804,-22568
2011-11-22,182300,40439,23884,37974,94114,104777,16555,-10663
2011-11-29,185257,41869,22976,39556,93764,102560,18893,-8796
2011-12-06,187650,46368,23504,40504,90229,105472,22864,-15243
2011-12-13,204371,45351,27890,44782,104585,112353,17461,-7768
2011-12-20,205607,45334,29750,46050,102742,112424,15584,-9682
2011-12-27,206507,44927,30556,46980,101747,112308,14371,-10561
2012-01-03,208092,49693,23061,48622,94976,122574,26632,-27598
2012-01-10,205729,47333,17466,51158,91899,122176,29867,-30277
2012-01-17,218314,48303,18767,53768,100305,132376,29536,-32071
2012-01-24,229412,49819,15423,58852,104955,141309,34396,-36354
2012-01-31,236798,47495,18206,56807,117288,147313,29289,-30025
2012-02-07,251116,46082,19524,60467,125102,155805,26558,-30703
2012-02-14,229807,46899,29474,43623,123057,140398,17425,-17341
2012-02-21,213857,46398,30164,40830,111283,127840,16234,-16557
2012-02-28,217935,47003,38674,42641,111269,120839,8329,-9570
2012-03-06,230653,49339,38247,48500,115391,127724,11092,-12333
2012-03-13,242706,50950,44334,52933,119558,128521,6616,-8963
2012-03-20,251257,51047,44984,56933,123113,131660,6063,-8547
2012-03-27,254040,56911,39741,57810,118253,140123,17170,-21870
2012-04-03,256493,58899,33512,55515,121928,151567,25387,-29639
2012-04-10,256174,56073,41158,56801,120974,140125,14915,-19151
2012-04-17,246139,57611,43574,49205,120462,136098,14037,-15636
2012-04-24,247473,61091,36771,55008,113538,140236,24320,-26698
2012-05-01,248228,63433,38260,55325,113821,138399,25173,-24578
2012-05-08,256820,66975,46371,56632,118681,135877,20604,-17196
2012-05-15,281960,59673,48737,72104,136377,143247,10936,-6870
2012-05-22,298639,53705,46379,83644,145844,150419,7326,-4575
2012-05-29,306308,55200,45599,90151,144737,151884,9601,-7147
2012-06-05,332891,56657,46804,103021,158275,164826,9853,-6551
2012-06-12,328931,52996,41245,106849,153783,162126,11751,-8343
2012-06-19,257610,58268,36604,69917,113110,134271,21664,-21161
2012-06-26,251461,55780,36355,74152,105724,124837,19425,-19113
2012-07-03,247729,58070,36716,72187,102474,123124,21354,-20650
2012-07-10,251812,58273,38729,73102,105351,124955,19544,-19604
2012-07-17,258785,60455,39410,74347,108728,129469,21045,-20741
2012-07-24,261914,56917,38952,74798,115206,131708,17965,-16502
2012-07-31,268054,54757,40921,77981,119764,133918,13836,-14154
2012-08-07,272327,59514,37879,79310,116040,141073,21635,-25033
2012-08-14,271922,56213,35856,81129,117935,139253,20357,-21318
2012-08-21,272242,61123,34387,81660,113226,142556,26736,-29330
2012-08-28,271380,58790,29125,82611,112980,144916,29665,-31936
2012-09-04,276897,61611,27168,83030,115498,151586,34443,-36088
2012-09-11,274986,61642,27605,81916,113520,150928,34037,-37408
2012-09-18,275853,62084,30085,80803,115409,151315,31999,-35906
2012-09-25,285886,60643,36342,84236,124544,148907,24301,-24363
2012-10-02,288468,59770,49185,83903,128863,138190,10585,-9327
2012-10-09,293075,62469,51046,86697,127134,137551,11423,-10417
2012-10-16,300088,66032,46544,86685,128454,150876,19488,-22422
2012-10-23,315265,66206,28162,89814,136385,183756,38044,-47371
2012-10-30,321481,61305,31778,94958,144861,180090,29527,-35229
2012-11-06,319041,56004,42670,95012,148644,163490,13334,-14846
2012-11-13,237750,54422,53424,48311,113850,115770,998,-1920
2012-11-20,217473,54323,45793,44433,101604,109638,8530,-8034
2012-11-27,213082,54691,45182,45692,97282,106877,9509,-9595
2012-12-04,215011,58501,38955,47111,93466,114945,19546,-21479
2012-12-11,218261,60656,34814,48242,95775,121925,25842,-26150
2012-12-18,227006,64780,27563,50878,93580,135666,37217,-42086
2012-12-24,228326,64336,24117,52965,94257,140270,40219,-46013
2012-12-31,234264,66409,21363,53542,97549,147103,45046,-49554
2013-01-08,232510,63429,22213,53562,97200,144038,41216,-46838
2013-01-15,239670,65802,21466,54531,100777,151473,44336,-50696
2013-01-22,271190,75806,15329,66868,106485,176843,60477,-70358
2013-01-29,296915,85194,13229,78097,107578,195287,71965,-87709
2013-02-05,308464,91651,15265,77523,110678,204562,76386,-93884
2013-02-12,266379,96119,14246,48129,94052,192242,81873,-98190
2013-02-19,260062,96215,13446,45894,91934,189562,82769,-97628
2013-02-26,251282,88806,13347,45050,94346,181853,75459,-87507
2013-03-05,282097,93970,14108,54214,107762,203540,79862,-95778
2013-03-12,294647,99742,11320,59953,109450,212685,88422,-103235
2013-03-19,317388,104700,10668,69265,117212,227215,94032,-110003
2013-03-26,309150,98988,11192,69821,113860,216694,87796,-102834
2013-04-02,311267,99449,10522,70982,114159,217397,88927,-103238
2013-04-09,303522,91641,15754,71431,116539,202743,75887,-86204
2013-04-16,248402,82475,17639,43199,100297,175122,64836,-74825
2013-04-23,237200,78753,14829,41983,96684,168168,63924,-71484
2013-04-30,235369,73361,13736,41594,101652,168953,59625,-67301
2013-05-07,244956,75625,12510,43009,105951,178517,63115,-72566
2013-05-14,257075,85114,10938,44102,107124,191501,74176,-84377
2013-05-21,265563,83709,9015,45669,115751,198953,74694,-83202
2013-05-28,263785,75945,12202,49822,119257,186372,63743,-67115
2013-06-04,261902,69980,13836,54008,121963,181117,56144,-59154
2013-06-11,270893,71892,12534,56918,124179,190504,59358,-66325
2013-06-18,224327,86636,9755,31713,88144,173475,76881,-85331
2013-06-25,208356,79307,7390,32484,81186,160903,71917,-79717
2013-07-02,211797,79297,8058,33881,82682,161972,71239,-79290
2013-07-09,216360,82651,8042,35168,82754,164888,74609,-82134
2013-07-16,217534,81672,10177,36641,83517,161833,71495,-78316
2013-07-23,221636,82668,10984,38103,83730,163401,71684,-79671
2013-07-30,231105,84189,11835,43223,86398,166506,72354,-80108
2013-08-06,240007,87265,11970,46532,89342,173196,75295,-83854
2013-08-13,289066,105512,14069,57974,100430,204046,91443,-103616
2013-08-20,289291,109410,15382,54374,100940,206190,94028,-105250
2013-08-27,259169,80734,10984,54508,104437,182938,69750,-78501
2013-09-03,252382,67962,11306,57232,109037,172365,56656,-63328
2013-09-10,248013,61453,11192,59056,109831,165345,50261,-55514
2013-09-17,255754,62281,10450,60603,115559,171745,51831,-56186
2013-09-24,260598,63079,11158,59206,121126,178063,51921,-56937
2013-10-01,282154,75507,13228,59667,128031,199115,62279,-71084
2013-10-08,288056,75476,13782,60518,135424,202371,61694,-66947
2013-10-15,282836,66088,13093,63786,137712,192936,52995,-55224
2013-10-22,277780,61307,15391,60511,141126,187842,45916,-46716
2013-10-29,289717,51032,29630,71881,153261,170573,21402,-17312
2013-11-05,290436,50766,34472,77676,147538,158451,16294,-10913
2013-11-12,211294,48110,36370,36057,113902,121323,11740,-7421
2013-11-19,198866,46812,36840,34700,103660,108067,9972,-4407
2013-11-26,197765,49447,36663,37714,99299,106192,12784,-6893
2013-12-03,199460,49299,35346,39336,99380,108190,13953,-8810
2013-12-10,206197,53452,30315,41627,98810,119148,23137,-20338
2013-12-17,214650,59030,19240,44980,97118,136152,39790,-39034
2013-12-24,217748,60425,16670,44739,98182,141583,43755,-43401
2013-12-31,222241,64781,16138,44933,96537,147924,48643,-51387
2014-01-07,225210,64420,16046,46803,97820,149042,48374,-51222
2014-01-14,229907,62818,17032,52669,99653,147306,45786,-47653
2014-01-21,252732,70090,18322,62640,101875,159671,51768,-57796
2014-01-28,245013,68680,20394,61726,97638,150188,48286,-52550
2014-02-04,237389,67861,20904,63129,88722,140822,46957,-52100
2014-02-11,220066,72038,20280,46772,80739,141377,51758,-60638
2014-02-18,215582,77809,19874,46656,72153,137917,57935,-65764
2014-02-25,207917,72435,18321,45360,71210,133447,54114,-62237
2014-03-04,212859,71692,18360,48582,74346,135342,53332,-60996
2014-03-11,232545,78217,13737,55180,78923,153001,64480,-74078
2014-03-18,244215,82517,14190,60112,81150,158876,68327,-77726
2014-03-25,251350,84259,16086,64711,82604,158861,68173,-76257
2014-04-01,253533,81114,16459,65730,86901,159024,64655,-72123
2014-04-08,250103,78705,16875,63170,87407,156574,61830,-69167
2014-04-15,216825,73571,19638,42660,81915,142689,53933,-60774
2014-04-22,219060,77640,18590,42815,80437,146721,59050,-66284
2014-04-29,227682,83223,19083,45332,80680,151883,64140,-71203
2014-05-06,243845,89088,20263,47160,87936,164955,68825,-77019
2014-05-13,237951,83957,20362,45904,90197,158368,63595,-68171
2014-05-20,235347,77199,22552,46287,95554,153240,54647,-57686
2014-05-27,238538,66748,24300,53812,101987,146395,42448,-44408
2014-06-03,242566,63554,25805,59153,104724,144767,37749,-40043
2014-06-10,236577,59585,31636,58075,104136,133234,27949,-29098
2014-06-17,206081,59087,29916,37519,95627,124928,29171,-29301
2014-06-24,180164,57190,28834,31506,79591,108452,28356,-28861
2014-07-01,188508,54232,34817,38181,84536,101610,19415,-17074
2014-07-08,194442,50614,37623,43237,88039,98640,12991,-10601
2014-07-15,205240,50857,42720,49706,91699,97066,8137,-5367
2014-07-22,211828,51336,44985,52289,94598,99290,6351,-4692
2014-07-29,226032,49837,49386,60412,102307,100013,451,2294
2014-08-05,236655,47812,48315,66872,108357,103710,-503,4647
2014-08-12,241143,48415,51098,70451,108535,102144,-2683,6391
2014-08-19,234771,51319,54045,61551,107653,102087,-2726,5566
2014-08-26,242243,53107,49977,62247,113023,113032,3130,-9
2014-09-02,251166,51854,52912,65749,118952,113956,-1058,4996
2014-09-09,256808,54124,53231,67173,120883,118264,893,2619
2014-09-16,261928,55960,51740,68581,122976,125074,4220,-2098
2014-09-23,270540,53009,56284,72743,131168,121161,-3275,10007
2014-09-30,276429,50114,62752,77244,135056,115609,-12638,19447
2014-10-07,276216,52884,59043,80392,128659,118417,-6159,10242
2014-10-14,280278,56510,55384,82021,127443,124249,1126,3194
2014-10-21,278949,56424,54693,81343,125458,122864,1731,2594
2014-10-28,282072,62744,51564,83555,120458,128385,11180,-7927
2014-11-04,278742,65015,47564,80162,117193,132149,17451,-14956
2014-11-11,230193,63701,44850,50689,101071,115741,18851,-14670
2014-11-18,226411,59119,57295,51238,103635,98788,1824,4847
2014-11-25,222329,58744,58490,51399,100064,94073,254,5991
2014-12-02,227831,59289,58197,53323,102838,99280,1092,3558
2014-12-09,224410,57038,56195,54241,100194,96486,843,3708
2014-12-16,227156,58842,55228,54472,101385,99844,3614,1541
2014-12-23,224909,60554,47317,52073,98339,110317,13237,-11978
2014-12-30,223895,61457,45259,51393,96573,112102,16198,-15529
2015-01-06,231872,60764,49770,54390,103541,111184,10994,-7643
2015-01-13,239089,62338,53072,56579,106558,111013,9266,-4455
2015-01-20,264018,61855,65826,63536,125694,114885,-3971,10809
2015-01-27,273917,63639,70302,67723,129353,116038,-6663,13315
2015-02-03,265160,69899,57310,64431,113246,126007,12589,-12761
2015-02-10,228435,71344,40885,38353,100732,134877,30459,-34145
2015-02-17,217037,74467,34174,36897,88449,133986,40293,-45537
2015-02-24,224287,81985,26821,38008,86141,148548,55164,-62407
2015-03-03,227972,85296,23913,37728,87276,154828,61383,-67552
2015-03-10,222269,80434,30213,39178,86603,138901,50221,-52298
2015-03-17,226064,77603,43934,44541,89169,122628,33669,-33459
2015-03-24,234646,73153,35469,51337,93255,136113,37684,-42858
2015-03-31,231841,71854,35075,48459,94004,134326,36779,-40322
2015-04-07,244620,77824,33848,52760,93724,144997,43976,-51273
2015-04-14,219018,83811,29308,35967,80804,141255,54503,-60451
2015-04-21,203870,72603,33941,33832,81874,124426,38662,-42552
2015-04-28,227820,84483,29352,39469,86037,147476,55131,-61439
2015-05-05,246989,97363,32904,42886,88244,159885,64459,-71641
2015-05-12,238265,89699,33039,43036,87227,150452,56660,-63225
2015-05-19,235461,85022,33582,43792,88568,145438,51440,-56870
2015-05-26,237104,80507,43607,47146,92092,134543,36900,-42451
2015-06-02,237300,69996,39716,52072,98061,134933,30280,-36872
2015-06-09,234696,68615,31015,47693,99433,144550,37600,-45117
2015-06-16,200914,65119,33072,31479,88361,124760,32047,-36399
2015-06-23,197322,67271,37361,28511,88345,121532,29910,-33187
2015-06-30,226224,84733,27623,35005,89161,154431,57110,-65270
2015-07-07,219879,82927,20899,32223,86785,157158,62028,-70373
2015-07-14,220368,81184,20010,33617,87387,157481,61174,-70094
2015-07-21,217399,77033,19006,33267,90799,155099,58027,-64300
2015-07-28,219427,78404,22918,34496,91342,151456,55486,-60114
2015-08-04,223349,78286,28713,39048,91032,144392,49573,-53360
2015-08-11,231506,73678,39295,43833,100218,133385,34383,-33167
2015-08-18,242656,86234,29037,43406,98305,159832,57197,-61527
2015-08-25,227587,82502,23011,39242,91995,154367,59491,-62372
2015-09-01,223102,72623,25447,41158,95374,143892,47176,-48518
2015-09-08,224648,71746,28873,41857,97395,141611,42873,-44216
2015-09-15,223237,69744,27672,42351,97541,139261,42072,-41720
2015-09-22,233798,64801,38665,48290,107183,129659,26136,-22476
2015-09-29,237621,65280,39163,49261,109608,131398,26117,-21790
2015-10-06,238795,66844,33195,48517,109292,140356,33649,-31064
2015-10-13,237387,70382,25974,49052,103726,146726,44408,-43000
2015-10-20,240572,76059,22512,46475,103045,155623,53547,-52578
2015-10-27,249131,75285,24455,51681,106707,157666,50830,-50959
2015-11-03,249494,74275,21779,52664,107457,160632,52496,-53175
2015-11-10,243822,68469,26705,51399,108786,151529,41764,-42743
2015-11-17,208696,71111,27728,30355,92518,137680,43383,-45162
2015-11-24,206539,66611,30919,30942,96261,131152,35692,-34891
2015-12-01,219812,79170,24832,32009,95111,151274,54338,-56163
2015-12-08,235880,93861,24387,33576,91814,166284,69474,-74470
2015-12-15,234069,92026,21892,34972,91466,165705,70134,-74239
2015-12-22,222937,83086,19363,33142,91119,159991,63723,-68872
2015-12-29,222399,81460,18820,34296,90599,159183,62640,-68584
2016-01-05,225882,76763,25595,39979,94657,148560,51168,-53903
2016-01-12,232894,67855,37795,46343,105116,134540,30060,-29424
2016-01-19,237638,72816,37456,47598,103821,139051,35360,-35230
2016-01-26,247794,74150,43033,52347,107771,137228,31117,-29457
2016-02-02,251351,73289,45993,53184,111489,137313,27296,-25824
2016-02-09,262609,67322,67850,60320,119981,117071,-528,2910
2016-02-16,221010,67067,71486,34580,105534,97757,-4419,7777
2016-02-23,224112,68836,75962,36764,105471,93225,-7126,12246
2016-03-01,248254,69625,84404,48703,116287,97018,-14779,19269
2016-03-08,254333,63973,88223,52742,122549,94840,-24250,27709
2016-03-15,259955,59449,87606,54200,131831,100035,-28157,31796
2016-03-22,258587,58817,84768,56155,129541,100301,-25951,29240
2016-03-29,264027,59446,88262,59653,131354,98743,-28816,32611
2016-04-05,270648,59505,83820,61441,134674,107907,-24315,26767
2016-04-12,264440,64879,68225,59210,124383,121646,-3346,2737
2016-04-19,233046,70755,47458,41556,105528,132293,23297,-26765
2016-04-26,241280,76589,34780,48762,98906,145478,41809,-46572
2016-05-03,244303,76737,33182,50255,101056,149379,43555,-48323
2016-05-10,238906,73006,35867,50219,100568,141827,37139,-41259
2016-05-17,245667,71998,34980,54303,103826,145731,37018,-41905
2016-05-24,249855,73083,31817,56399,104346,150946,41266,-46600
2016-05-31,263427,78847,27697,60629,105978,163703,51150,-57725
2016-06-07,282148,87500,27846,64398,110406,179768,59654,-69362
2016-06-14,246750,87295,27669,45352,96590,164122,59626,-67532
2016-06-21,241943,85887,27382,44341,95708,162107,58505,-66399
2016-06-28,242903,83832,26014,47482,95842,161932,57818,-66090
2016-07-05,245150,85945,25121,49350,94431,161888,60824,-67457
2016-07-12,286225,104276,24573,57588,103961,196065,79703,-92104
2016-07-19,327291,113183,18633,80531,113500,219746,94550,-106246
2016-07-26,336754,111658,17913,86008,117839,224593,93745,-106754
2016-08-02,341077,113249,14338,87567,119999,229625,98911,-109626
2016-08-09,351620,117799,15849,90455,122538,236284,101950,-113746
2016-08-16,341960,105649,15528,90184,128087,227773,90121,-99686
2016-08-23,318215,100633,14024,74418,125129,221511,86609,-96382
2016-08-30,317371,96632,14175,73425,130580,220582,82457,-90002
2016-09-06,322071,97362,10944,73714,133091,228697,86418,-95606
2016-09-13,321937,95435,10756,76322,133152,224774,84679,-91622
2016-09-20,336789,101433,12612,80815,136725,234496,88821,-97771
2016-09-27,349432,111392,14752,83360,136429,241823,96640,-105394
2016-10-04,344578,105128,15286,83884,138754,235844,89842,-97090
2016-10-11,337011,100287,17480,81789,137429,227817,82807,-90388
2016-10-18,347398,108158,14855,84510,136121,237981,93303,-101860
2016-10-25,342254,109392,17914,83451,131305,229848,91478,-98543
2016-11-01,337640,108030,17885,82001,129171,226640,90145,-97469
2016-11-08,328381,103050,14229,75715,130961,227776,88821,-96815
2016-11-15,276967,103409,13020,44157,111960,210106,90389,-98146
2016-11-22,298807,125836,11172,48587,105235,229487,114664,-124252
2016-11-29,302806,127084,11556,50563,105861,232353,115528,-126492
2016-12-06,299615,127595,10437,51709,101359,228771,117158,-127412
2016-12-13,303317,128540,10714,50898,103931,232952,117826,-129021
2016-12-20,288409,120940,13079,45090,104340,219168,107861,-114828
2016-12-27,287604,120380,12370,46505,103329,218636,108010,-115307
2017-01-03,292205,124750,10369,45607,102783,226371,114381,-123588
2017-01-10,315196,138511,12294,54443,100640,238291,126217,-137651
2017-01-17,310948,134932,16122,54240,101942,230435,118810,-128493
2017-01-24,317858,132101,15728,62151,102895,230203,116373,-127308
2017-01-31,338920,136368,14941,71384,110088,241523,121427,-131435
2017-02-07,347494,140399,13082,70404,114261,252542,127317,-138281
2017-02-14,323573,145014,13835,54196,103631,244389,131179,-140758
2017-02-21,300820,135986,13996,49890,96538,225375,121990,-128837
2017-02-28,307944,137206,13124,52855,97727,229795,124082,-132068
2017-03-07,318736,143541,11223,55391,100241,240159,132318,-139918
2017-03-14,319216,141979,11509,58774,98784,236421,130470,-137637
2017-03-21,323937,140865,14143,62312,100594,232871,126722,-132277
2017-03-28,329606,139709,15988,66370,103724,232564,123721,-128840
2017-04-04,325125,127114,18266,67218,112724,222267,108848,-109543
2017-04-11,295959,112804,16808,59124,104480,201661,95996,-97181
2017-04-18,275503,111767,13607,47881,96121,198408,98160,-102287
2017-04-25,286059,125221,16317,47440,94993,206464,108904,-111471
2017-05-02,299678,133296,20041,48792,99033,214394,113255,-115361
2017-05-09,296974,130774,19245,47251,100089,212423,111529,-112334
2017-05-16,320394,136914,16299,60308,104385,227781,120615,-123396
2017-05-23,303567,125208,13207,53138,106912,223197,112001,-116285
2017-05-30,298718,115105,11827,55102,109548,217676,103278,-108128
2017-06-06,294460,109499,13121,55499,112507,212666,96378,-100159
2017-06-13,296841,102258,17529,61353,117956,202842,84729,-84886
2017-06-20,247217,85329,26025,42479,105510,163221,59304,-57711
2017-06-27,246035,75973,31705,47022,110306,151505,44268,-41199
2017-07-03,252723,75083,35870,49495,114084,149649,39213,-35565
2017-07-11,258028,73138,37633,50785,121361,153927,35505,-32566
2017-07-18,263575,73663,43434,51725,125702,153767,30229,-28065
2017-07-25,263756,74017,41714,51699,126286,154612,32303,-28326
2017-08-01,264963,73713,38784,53215,126030,157619,34929,-31589
2017-08-08,269573,77311,31364,54830,124700,167888,45947,-43188
2017-08-15,272658,73174,31622,56905,129685,166582,41552,-36897
2017-08-22,275381,72179,37412,55542,134695,165902,34767,-31207
2017-08-29,276760,74468,28558,57100,131929,175995,45910,-44066
2017-09-05,298219,90008,21007,63696,128879,198928,69001,-70049
2017-09-12,314999,99695,16433,67488,131867,215700,83262,-83833
2017-09-19,307832,93094,15979,68089,131949,208767,77115,-76818
2017-09-26,303864,88517,16805,66562,133988,205103,71712,-71115
2017-10-03,301733,83286,18597,68552,135740,199155,64689,-63415
2017-10-10,299784,82724,16681,68799,132898,198758,66043,-65860
2017-10-17,301128,81109,18980,66609,136595,198244,62129,-61649
2017-10-24,299192,80256,17941,64698,138388,199689,62315,-61301
2017-10-31,299685,81467,18075,65725,137165,199181,63392,-62016
2017-11-07,301320,79945,22343,65724,141100,196957,57602,-55857
2017-11-14,263598,79664,21984,45290,123653,181384,57680,-57731
2017-11-21,266311,86631,22402,44201,120555,186735,64229,-66180
2017-11-28,283328,99103,19421,49222,118111,201474,79682,-83363
2017-12-05,297489,108126,18724,51785,120145,213411,89402,-93266
2017-12-12,308353,114157,17052,55210,120334,222725,97105,-102391
2017-12-19,317774,125018,17787,52193,120680,235563,107231,-114883
2017-12-26,333773,132557,19058,58408,125331,244270,113499,-118939
2018-01-02,345066,133723,19158,63890,128406,247899,114565,-119493
2018-01-09,354103,137418,21006,70065,128265,248948,116412,-120683
2018-01-16,390921,143692,19332,84290,144180,274366,124360,-130186
2018-01-23,408986,147448,17597,92934,149256,284535,129851,-135279
2018-01-30,399232,129066,19167,95532,155671,269906,109899,-114235
2018-02-06,384991,113619,19878,91486,160420,260316,93741,-99896
2018-02-13,321779,98940,18253,63865,139424,226092,80687,-86668
2018-02-20,308506,95907,18046,61311,132825,217298,77861,-84473
2018-02-27,319900,105345,15544,64756,131470,227526,89801,-96056
2018-03-06,333323,115009,15106,67113,131783,239232,99903,-107449
2018-03-13,338140,116774,13863,70194,131496,241088,102911,-109592
2018-03-20,340589,113097,15682,73640,134884,237882,97415,-102998
2018-03-27,345597,110232,14932,75342,140058,242364,95300,-102306
2018-04-03,347109,107033,16304,76279,142738,241511,90729,-98773
2018-04-10,348033,108831,17030,72816,145081,244459,91801,-99378
2018-04-17,314766,110540,16122,55031,131873,231000,94418,-99127
2018-04-24,319136,115774,16550,57835,128342,233807,99224,-105465
2018-05-01,330682,121857,15256,58673,131984,245357,106601,-113373
2018-05-08,356160,131718,13436,66804,136989,263882,118282,-126893
2018-05-15,350885,125969,14539,66824,136929,255823,111430,-118894
2018-05-22,382244,134373,13065,79887,144052,275226,121308,-131174
2018-05-29,418676,141160,17066,95125,157889,292789,124094,-134900
2018-06-05,434685,137884,10832,105554,166452,304165,127052,-137713
2018-06-12,444013,134861,11104,111222,171277,308096,123757,-136819
2018-06-19,355773,117212,10062,74068,144647,258660,107150,-114013
2018-06-26,341735,109568,9316,71989,142289,249436,100252,-107147
2018-07-03,339405,106972,10376,72738,141898,244854,96596,-102956
2018-07-10,339301,105013,9662,74443,143487,244631,95351,-101144
2018-07-17,350360,107057,8044,79704,144965,251256,99013,-106291
2018-07-24,349755,106171,8442,80941,144886,249263,97729,-104377
2018-07-31,367389,115647,6796,86024,146916,264111,108851,-117195
2018-08-07,367830,114026,7465,88677,146382,261502,106561,-115120
2018-08-14,357854,104467,11233,83837,152595,251343,93234,-98748
2018-08-21,337081,96820,8624,74247,149573,242569,88196,-92996
2018-08-28,337242,95760,9579,73729,151694,243621,86181,-91927
2018-09-04,341012,93736,11044,77743,153260,240613,82692,-87353
2018-09-11,347843,93715,11052,82472,156003,243120,82663,-87117
2018-09-18,350964,91571,17641,87317,155995,231782,73930,-75787
2018-09-25,343720,86607,15510,88537,152906,225709,71097,-72803
2018-10-02,348151,79793,20537,90845,162429,221413,59256,-58984
2018-10-09,351880,76572,20155,95804,163917,221631,56417,-57714
2018-10-16,358568,77128,21915,98426,166236,224599,55213,-58363
2018-10-23,353273,78392,22276,93138,165374,224814,56116,-59440
2018-10-30,354717,75890,22545,95322,167955,223193,53345,-55238
2018-11-06,358729,75188,23817,93428,173906,227879,51371,-53973
2018-11-13,296989,73050,25352,56302,151804,201405,47698,-49601
2018-11-20,271104,70120,23840,55328,129631,178508,46280,-48877
2018-11-27,267331,68231,24994,57985,125682,170898,43237,-45216
2018-12-04,270848,68246,20952,58818,126455,178628,47294,-52173
2018-12-11,269799,67637,18985,59181,126187,180090,48652,-53903
2018-12-18,267435,65801,21099,58976,127277,174987,44702,-47710
2018-12-24,263971,59215,34717,59604,130440,154660,24498,-24220
2018-12-31,268835,56707,43226,63197,134683,148059,13481,-13376
2019-01-08,281393,55990,48692,71786,138231,146821,7298,-8590
2019-01-15,289358,55350,49906,77930,140138,146739,5444,-6601
2019-01-22,289098,55819,51067,77980,139603,145518,4752,-5915
2019-01-29,291440,53851,50387,80241,141649,146635,3464,-4986
2019-02-05,306397,54457,44688,85374,149685,159129,9769,-9444
2019-02-12,277893,54394,54569,63011,145567,144671,-175,896
2019-02-19,268919,55521,61820,61750,136829,129757,-6299,7072
2019-02-26,260645,58184,63333,60432,125751,122270,-5149,3481
2019-03-05,266373,61778,63591,64157,125311,124253,-1813,1058
2019-03-12,266487,60865,62565,61962,128384,127113,-1700,1271
2019-03-19,272646,62402,54089,66137,128984,138201,8313,-9217
2019-03-26,281395,64589,44352,70464,130321,153071,20237,-22750
2019-04-02,284440,66229,37162,71750,131463,162807,29067,-31344
2019-04-09,277215,66838,27575,70581,123612,167146,39263,-43534
2019-04-16,255462,70265,30298,54892,114114,157248,39967,-43134
2019-04-23,256838,75342,32794,55315,111300,155797,42548,-44497
2019-04-30,256012,75459,39479,54030,112449,149977,35980,-37528
2019-05-07,267163,71170,49932,64459,118754,138890,21238,-20136
2019-05-14,277172,54986,67007,75523,132805,118691,-12021,14114
2019-05-21,280110,51418,77051,78798,136514,108684,-25633,27830
2019-05-28,281779,52306,76569,81459,135460,109713,-24263,25747
2019-06-04,277336,52184,71056,80009,130607,110284,-18872,20323
2019-06-11,275966,53082,75715,73107,135002,110888,-22633,24114
2019-06-18,223317,51203,73136,45813,112260,89551,-21933,22709
2019-06-25,222612,50011,78117,47276,112192,83063,-28106,29129
2019-07-02,228611,51748,75487,50876,111107,87861,-23739,23246
2019-07-09,241738,50550,83155,53287,122403,90267,-32605,32136
2019-07-16,246085,52536,85125,55939,122380,89798,-32589,32582
2019-07-23,256156,54522,88130,60455,125582,92925,-33608,32657
2019-07-30,258719,54515,85978,63694,125833,94426,-31463,31407
2019-08-06,281148,52475,90302,77175,136703,97713,-37827,38990
2019-08-13,291680,52561,87095,83889,139763,105964,-34534,33799
2019-08-20,275778,53618,84555,71032,135647,105695,-30937,29952
2019-08-27,285829,52180,85059,77393,141093,109062,-32879,32031
2019-09-03,291123,54190,83265,79681,142056,113767,-29075,28289
2019-09-10,297063,55880,79426,82483,143308,121329,-23546,21979
2019-09-17,301490,54131,67884,87679,144080,132506,-13753,11574
2019-09-24,306186,53487,70522,88980,148338,132409,-17035,15929
2019-10-01,307291,53965,69684,90016,148292,133623,-15719,14669
2019-10-08,308655,48660,65271,91065,153429,138728,-16611,14701
2019-10-15,310955,49190,52545,93412,152610,153024,-3355,-414
2019-10-22,307828,48964,43569,88289,155055,163585,5395,-8530
2019-10-29,312492,47131,42756,85209,163926,171015,4375,-7089
2019-11-05,317135,45666,54411,80630,175484,168442,-8745,7042
2019-11-12,264847,45212,54359,57243,146860,138833,-9147,8027
2019-11-19,252370,47387,56433,56915,131413,123787,-9046,7626
2019-11-26,232326,52436,52793,52221,114021,114599,-357,-578
2019-12-03,229124,51482,56626,53003,110768,106274,-5144,4494
2019-12-10,229656,52029,47620,54179,108637,115591,4409,-6954
2019-12-17,242834,52233,37338,64372,109917,129239,14895,-19322
2019-12-24,250573,56214,31739,67962,108277,141124,24475,-32847
2019-12-31,261085,56709,28486,74164,112282,148531,28223,-36249
2020-01-07,280091,56524,26946,84198,120111,158464,29578,-38353
2020-01-14,299557,63568,22604,93049,123928,173576,40964,-49648
2020-01-21,303509,63535,25139,95446,127603,173304,38396,-45701
2020-01-28,315318,67594,26983,98257,134155,180139,40611,-45984
2020-02-04,292759,63756,28820,84308,129700,168674,34936,-38974
2020-02-11,249025,62804,25675,61875,108747,150381,37129,-41634
2020-02-18,232528,64195,26706,56784,95658,137813,37489,-42155
2020-02-25,222600,59654,31001,52646,97382,127804,28653,-30422
2020-03-03,241734,48952,37346,64090,117929,129364,11606,-11435
2020-03-10,257124,42586,43185,71112,131445,130740,-599,705
2020-03-17,267040,36144,47234,72248,147382,135329,-11090,12053
2020-03-24,262858,32805,45349,74827,143979,130995,-12544,12984
2020-03-31,271053,34030,49225,80595,145410,129915,-15195,15495
2020-04-07,258575,37607,46955,78754,129912,120706,-9348,9206
2020-04-14,233769,43966,52111,60897,116444,108885,-8145,7559
2020-04-21,229676,47240,54538,58929,111362,105575,-7298,5787
2020-04-28,224931,44752,48139,56663,110433,108869,-3387,1564
2020-05-05,228823,41208,45954,59511,115633,111994,-4746,3639
2020-05-12,230508,42428,42044,59628,115065,117640,384,-2575
2020-05-19,231995,41018,37572,60507,116628,123170,3446,-6542
2020-05-26,238330,39870,35642,64502,120624,126741,4228,-6117
2020-06-02,240594,42868,32258,64729,119671,132622,10610,-12951
2020-06-09,236446,45234,27519,62278,115475,136963,17715,-21488
2020-06-16,202288,45707,31671,38942,105524,121813,14036,-16289
2020-06-23,190605,45800,30640,38941,94337,110976,15160,-16639
2020-06-30,194639,47789,28484,40679,94384,116132,19305,-21748
2020-07-07,203786,52817,20390,44474,93911,131149,32427,-37238
2020-07-14,210440,58660,17315,47204,92654,137112,41345,-44458
2020-07-21,213887,61055,19061,48245,92673,137683,41994,-45010
2020-07-28,210600,55550,19419,49061,94971,132620,36131,-37649
2020-08-04,221612,57031,14688,51846,99776,145868,42343,-46092
2020-08-11,233026,64021,12219,57606,99016,154301,51802,-55285
2020-08-18,233597,63708,11879,57408,99132,154269,51829,-55137
2020-08-25,239670,72641,9562,55327,96708,165728,63079,-69020
2020-09-01,250196,77493,9568,58209,99015,173367,67925,-74352
2020-09-08,257566,70557,12234,61316,112283,174126,58323,-61843
2020-09-15,264384,71675,7841,64441,112102,181409,63834,-69307
2020-09-22,262977,73943,9704,62833,111537,180140,64239,-68603
2020-09-29,263051,74643,9826,63343,110621,180444,64817,-69823
2020-10-06,270094,77013,9156,66913,110406,184406,67857,-74000
2020-10-13,281835,83146,7622,68617,112642,196034,75524,-83392
2020-10-20,292619,90701,7194,69541,113990,206120,83507,-92130
2020-10-27,302792,95362,7634,75015,113627,210285,87728,-96658
2020-11-03,298998,87785,7903,74057,119710,206704,79882,-86994
2020-11-10,290137,85006,9771,65441,122180,205520,75235,-83340
2020-11-17,242056,83345,8947,41844,99998,182166,74398,-82168
2020-11-24,244266,86945,9880,42485,97566,183429,77065,-85863
2020-12-01,243849,85336,9963,43580,97060,182144,75373,-85084
2020-12-08,237165,82870,10060,46006,90653,172493,72810,-81840
2020-12-15,253558,95555,9069,48446,90669,188402,86486,-97733
2020-12-21,255889,98305,8989,49136,90789,190398,89316,-99609
2020-12-29,256360,94864,9844,50981,92455,189139,85020,-96684
2021-01-05,276018,98381,9454,58018,99410,201607,88927,-102197
2021-01-12,288080,97062,10294,66358,104711,204537,86768,-99826
2021-01-19,291506,96456,11509,68452,106172,204203,84947,-98031
2021-01-26,301909,97807,13541,72973,110768,207567,84266,-96799
2021-02-02,297825,93980,13614,72061,112596,204389,80366,-91793
2021-02-09,294340,102621,10075,53322,116279,223440,92546,-107161
2021-02-16,290036,101926,9440,56377,110107,216396,92486,-106289
2021-02-23,301974,106469,8917,59473,114589,226269,97552,-111680
2021-03-02,294976,99988,7030,62136,112686,218444,92958,-105758
2021-03-09,288051,90396,7792,61922,116719,209357,82604,-92638
2021-03-16,289396,91997,5847,62706,116170,212303,86150,-96133
2021-03-23,285758,89171,6058,62025,116436,208581,83113,-92145
2021-03-30,290770,83557,7176,66498,122829,206775,76381,-83946
2021-04-06,294957,82269,9538,75104,119925,201433,72731,-81508
2021-04-13,288324,80629,9049,71137,119040,199107,71580,-80067
2021-04-20,265169,81902,9342,55845,108892,190961,72560,-82069
2021-04-27,280663,90228,7579,57581,113706,206988,82649,-93282
2021-05-04,279963,87313,7671,58699,116019,204966,79642,-88947
2021-05-11,288542,85915,8945,61097,122625,210214,76970,-87589
2021-05-18,283603,79642,12341,63438,123629,199046,67301,-75417
2021-05-25,282476,70570,12874,66907,129313,193440,57696,-64127
2021-06-01,292507,72128,13191,71004,131894,199203,58937,-67309
2021-06-08,290060,74998,12816,65704,130447,203262,62182,-72815
2021-06-15,260120,74748,10472,50964,116662,189917,64276,-73255
2021-06-22,252466,73925,9941,51374,111178,183095,63984,-71917
2021-06-29,263171,80779,9169,54418,111288,192172,71610,-80884
2021-07-06,268855,82142,11611,55937,114329,194204,70531,-79875
2021-07-13,275142,88096,12796,54077,115196,200609,75300,-85413
2021-07-20,284659,93513,15327,54764,117171,207242,78186,-90071
2021-07-27,298404,102276,14993,56703,118234,217787,87283,-99553
2021-08-03,302405,105260,14954,59596,117885,218407,90306,-100522
2021-08-10,318386,112493,14707,65777,119177,229169,97786,-109992
2021-08-17,327415,119456,11498,66916,118839,240360,107958,-121521
2021-08-24,326087,121046,14701,64807,120236,237363,106345,-117127
2021-08-31,325693,121826,13259,64823,118814,238059,108567,-119245
2021-09-07,332370,124254,12611,68565,118680,241845,111643,-123165
2021-09-14,330498,124701,13250,67822,117257,239074,111451,-121817
2021-09-21,317546,112131,17136,69200,118723,219379,94995,-100656
2021-09-28,356725,129815,10019,79814,125273,255346,119796,-130073
2021-10-05,381378,137694,9775,90384,130195,269482,127919,-139287
2021-10-12,379358,127767,9383,92261,136179,266678,118384,-130499
2021-10-19,371676,119152,10044,87364,140918,262892,109108,-121974
2021-10-26,373381,114960,9373,90758,143296,261333,105587,-118037
2021-11-02,384086,118800,8326,98327,142377,265616,110474,-123239
2021-11-09,382662,119601,9165,93636,144746,268447,110436,-123701
2021-11-16,300523,122623,8294,50033,105480,232015,114329,-126535
2021-11-23,296412,121939,9394,49862,103624,228603,112545,-124979
2021-11-30,281952,113445,10393,49794,101995,212678,103052,-110683
2021-12-07,274103,105809,9990,53109,97543,202491,95819,-104948
2021-12-14,273361,104337,9991,53325,97427,201474,94346,-104047
2021-12-21,267939,102403,8958,52115,95199,198861,93445,-103662
2021-12-28,274567,105996,9279,52906,96207,204510,96717,-108303
2022-01-04,292287,112294,9399,60257,99320,213842,102895,-114522
2022-01-11,295100,108395,9000,65112,100195,212312,99395,-112117
2022-01-18,304778,111483,10510,66779,104178,218337,100973,-114159
2022-01-25,313698,109546,10921,74682,108159,218680,98625,-110521
2022-02-01,332639,114256,10142,82132,114580,230435,104114,-115855
2022-02-08,342536,112593,10165,81046,126684,241631,102428,-114947
2022-02-15,292692,107811,10928,52918,111746,219044,96883,-107298
2022-02-22,281705,104225,10769,50115,107281,211937,93456,-104656
2022-03-01,289440,103368,9054,54831,111068,216227,94314,-105159
2022-03-08,279054,98651,8960,48852,113047,212123,89691,-99076
2022-03-15,271411,96625,10331,47787,108828,204992,86294,-96164
2022-03-22,294903,101959,10399,61656,109340,214165,91560,-104825
2022-03-29,304518,100813,11201,71814,110652,212991,89612,-102339
2022-04-05,313889,101917,10527,79637,110337,214611,91390,-104274
2022-04-12,306594,102425,11876,73040,109337,212765,90549,-103428
2022-04-19,275946,96815,11247,59331,98435,196646,85568,-98211
2022-04-26,269240,92659,10538,61593,95264,188714,82121,-93450
2022-05-03,284906,95648,10916,69488,98901,195881,84732,-96980
2022-05-10,278315,92548,11600,68653,98342,190084,80948,-91742
2022-05-17,285252,89436,11005,71680,103798,193822,78431,-90024
2022-05-24,282284,84698,12248,72577,106079,189422,72450,-83343
2022-05-31,287123,83657,12664,75183,109783,190786,70993,-81003
2022-06-07,283160,83477,12644,73826,107273,187540,70833,-80267
2022-06-14,243439,84729,14125,40707,98567,178424,70604,-79857
2022-06-21,236562,83209,14549,43653,92797,167570,68660,-74773
2022-06-28,232751,72144,14416,54683,91355,153583,57728,-62228
2022-07-05,235841,69677,19338,57453,95032,148611,50339,-53579
2022-07-12,243803,65362,24090,64481,100747,144695,41272,-43948
2022-07-19,250773,64716,27365,69407,103823,143807,37351,-39984
2022-07-26,260143,65242,28343,71629,109993,148897,36899,-38904
2022-08-02,265225,64419,29431,72716,115061,151703,34988,-36642
2022-08-09,267638,65014,30063,74726,114080,151750,34951,-37670
2022-08-16,293923,71068,24089,87944,118998,172030,46979,-53032
2022-08-23,288628,75499,24244,77910,119068,177229,51255,-58161
2022-08-30,296671,78788,26116,79856,120927,181958,52672,-61031
2022-09-06,291233,75022,26746,77612,122252,178046,48276,-55794
2022-09-13,290812,72187,26659,78659,123717,176216,45528,-52499
2022-09-20,302640,66548,26571,86479,132908,178558,39977,-45650
2022-09-27,313824,65567,27689,92123,142762,182719,37878,-39957
2022-10-04,331154,64607,31952,103113,148725,184706,32655,-35981
2022-10-11,346652,63097,36694,113889,154796,184665,26403,-29869
2022-10-18,347483,59963,38223,116109,156832,180567,21740,-23735
2022-10-25,351058,59151,45250,119462,157435,172736,13901,-15301
2022-11-01,363111,60502,53168,127980,159109,167292,7334,-8183
2022-11-08,346839,59050,45338,123234,148527,164156,13712,-15629
2022-11-15,267305,61098,43432,78942,111974,131928,17666,-19954
2022-11-22,258959,59278,42946,77837,108263,126245,16332,-17982
2022-11-29,260426,58201,43827,78281,109787,126234,14374,-16447
2022-12-06,262220,59165,42568,79879,109359,128437,16597,-19078
2022-12-13,264306,55712,43798,79711,115440,128250,11914,-12810
2022-12-20,258273,55765,41310,74715,113472,131065,14455,-17593
2022-12-27,251829,54118,36869,71979,111085,130332,17249,-19247
2023-01-03,257096,53685,40143,73377,115460,130693,13542,-15233
2023-01-10,261420,51200,37583,78105,117192,133389,13617,-16197
2023-01-17,260922,48993,46218,77742,120077,124814,2775,-4737
2023-01-24,268428,54541,41308,80931,118390,134017,13233,-15627
2023-01-31,269682,55136,41555,80750,117158,134995,13581,-17837
2023-02-07,268948,50509,41948,81672,120558,132516,8561,-11958
2023-02-14,231269,50312,42632,57994,106765,117528,7680,-10763
2023-02-21,226698,45437,52953,59123,108494,101991,-7516,6503
2023-02-28,227371,47662,49604,58413,106024,105635,-1942,389
2023-03-07,227477,49433,46037,60216,104491,108845,3396,-4354
2023-03-14,235374,48260,52031,63789,110590,105972,-3771,4618
2023-03-21,245455,48084,61451,69471,115054,99762,-13367,15292
2023-03-28,249228,48666,59416,72605,115394,103474,-10750,11920
2023-04-04,241554,45175,54618,72564,110963,100783,-9443,10180
2023-04-11,236214,47641,52778,67884,106849,102242,-5137,4607
2023-04-18,210295,53232,48724,52140,90194,97944,4508,-7750
2023-04-25,211321,49523,56052,52810,97027,90132,-6529,6895
2023-05-02,214528,48545,56054,54017,98957,92267,-7509,6690
2023-05-09,220342,50128,48227,56873,100870,103303,1901,-2433
2023-05-16,231305,50565,48582,61143,107338,110017,1983,-2679
2023-05-23,241517,58712,35552,63625,104954,131828,23160,-26874
2023-05-30,246461,54370,39058,66048,112530,129340,15312,-16810
2023-06-06,243850,56646,37356,60948,111182,135029,19290,-23847
2023-06-13,207230,53722,38241,41097,97456,116576,15481,-19120
2023-06-20,207453,52748,40921,40602,99768,113837,11827,-14069
2023-06-27,214275,53410,52145,43953,104405,105066,1265,-661
2023-07-03,216044,55680,45747,44525,102886,113566,9933,-10680
2023-07-11,217642,57603,37206,45407,100222,123004,20397,-22782
2023-07-18,220812,57236,33458,45370,103565,131026,23778,-27461
2023-07-25,246110,69824,24798,51427,107303,161294,45026,-53991
2023-08-01,264662,76910,25102,59442,109407,171020,51808,-61613
2023-08-08,266810,77217,28938,58996,113223,170646,48279,-57423
2023-08-15,263018,77245,28315,60792,106945,165983,48930,-59038
2023-08-22,245632,71397,29833,51341,105901,156400,41564,-50499
2023-08-29,256338,77126,25212,55741,106507,167162,51914,-60655
2023-09-05,282946,90269,25397,61097,111865,187509,64872,-75644
2023-09-12,282148,84804,25741,63604,115212,183358,59063,-68146
2023-09-19,289398,81239,22989,69615,120951,187720,58250,-66769
2023-09-26,296644,80472,25273,72342,126408,189778,55199,-63370
2023-10-03,308004,86159,20942,78579,125956,199572,65217,-73616
2023-10-10,309120,83391,23363,81328,128180,194837,60028,-66657
2023-10-17,304013,70259,27829,83416,134530,181594,42430,-47064
2023-10-24,284950,62315,31138,77425,130409,165024,31177,-34615
2023-10-31,284742,62196,31332,81371,126597,159367,30864,-32770
2023-11-07,283999,56353,40822,84768,128656,144386,15531,-15730
2023-11-14,235893,59492,52727,50827,111805,118466,6765,-6661
2023-11-21,220774,61973,52730,45870,100167,108537,9243,-8370
2023-11-28,218833,63094,53422,48151,95191,103334,9672,-8143
2023-12-05,225469,64303,53601,51723,97344,107354,10702,-10010
2023-12-12,228171,66210,50047,51763,98054,114847,16163,-16793
2023-12-19,223473,60135,50748,49894,100012,110244,9387,-10232
2023-12-26,225710,57477,50971,53611,101529,108426,6506,-6897
2024-01-02,228039,56347,47538,57750,100926,109422,8809,-8496
2024-01-09,234519,57698,48806,60137,102956,111998,8892,-9042
2024-01-16,240743,61508,47114,61281,105316,119576,14394,-14260
2024-01-23,266385,73137,32244,67052,111331,155150,40893,-43819
2024-01-30,291801,71701,25913,74645,128037,178668,45788,-50631
2024-02-06,316266,83967,22159,84694,128427,197373,61808,-68946
2024-02-13,291073,102671,18401,62759,106471,199971,84270,-93500
2024-02-20,306043,118543,21101,67134,102615,208780,97442,-106165
2024-02-27,324111,128470,24911,74703,101409,216163,103559,-114754
2024-03-05,323096,129937,25872,73192,101750,214809,104065,-113059
2024-03-12,328311,128757,27490,72906,107219,217825,101267,-110606
2024-03-19,329988,124802,28744,76153,109783,214713,96058,-104930
2024-03-26,332195,120950,29096,76719,115708,215947,91854,-100239
2024-04-02,334744,119471,26734,74645,121480,222378,92737,-100898
2024-04-09,297424,104135,26723,68868,108027,191765,77412,-83738
2024-04-16,239034,80605,28029,53107,89962,145908,52576,-55946
2024-04-23,243894,71767,42642,58650,99219,130399,29125,-31180
2024-04-30,246636,67617,49182,60056,104928,123009,18435,-18081
2024-05-07,257425,63545,56728,69678,110335,117121,6817,-6786
2024-05-14,268731,66111,59639,75401,113257,117713,6472,-4456
2024-05-21,274272,65240,65993,76247,119548,118041,-753,1507
2024-05-28,275358,67898,59623,75870,118130,126807,8275,-8677
2024-06-04,280672,64225,68663,79961,122760,117109,-4438,5651
2024-06-11,248337,63503,79515,55982,114064,98629,-16012,15435
2024-06-18,242169,59738,84302,55273,114676,88739,-24564,25937
2024-06-25,239479,60392,79879,55650,111561,90411,-19487,21150
2024-07-02,238391,59676,71766,57220,110010,95360,-12090,14650
2024-07-09,244039,60142,79666,58548,113134,91262,-19524,21872
2024-07-16,250510,61476,81217,61394,113652,93762,-19741,19890
2024-07-23,259255,59548,86687,65708,120593,91552,-27139,29041
2024-07-30,265140,60555,91681,68228,123047,89928,-31126,33119
2024-08-06,267922,60808,95839,66216,127282,89624,-35031,37658
2024-08-13,271586,59404,95546,70536,126061,89337,-36142,36724
2024-08-20,268110,57385,96482,70267,125542,86249,-39097,39293
2024-08-27,264657,55815,89709,69624,124724,90417,-33894,34307
2024-09-03,268784,52632,87051,73160,127968,92997,-34419,34971
2024-09-10,272378,51907,93150,73210,132504,88848,-41243,43656
2024-09-17,277899,57182,79558,78139,126870,106740,-22376,20130
2024-09-24,276615,55981,67363,79612,125383,116442,-11382,8941
2024-10-01,281200,56546,61011,81802,126687,125459,-4465,1228
2024-10-08,293873,57567,63218,83332,137288,133437,-5651,3851
2024-10-15,296469,60447,65667,81369,139386,135161,-5220,4225
2024-10-22,302903,64750,65636,83147,139717,140066,-886,-349
2024-10-29,306254,64798,70927,84364,142181,135228,-6129,6953
2024-11-05,311188,64037,72236,89969,141015,133497,-8199,7518
2024-11-12,279200,63560,73590,66958,132861,122999,-10030,9862
2024-11-19,270216,58086,87701,63798,133647,104946,-29615,28701
2024-11-26,264343,58631,73831,70431,121443,106402,-15200,15041
2024-12-03,264946,60146,72119,69596,120945,109819,-11973,11126
2024-12-10,266878,59980,77637,68583,123601,106912,-17657,16689
2024-12-17,276603,59931,83983,73763,128609,104504,-24052,24105
2024-12-24,269460,58922,88128,67515,128459,99399,-29206,29060
2024-12-31,272093,58432,90093,67713,130994,100246,-31661,30748
2025-01-07,278816,60319,90852,70962,132150,102644,-30533,29506
2025-01-14,296269,62519,96397,77793,139845,107161,-33878,32684
2025-01-21,313176,65806,103282,82586,147677,112801,-37476,34876
2025-01-28,320516,63969,103420,84483,154236,118194,-39451,36042
2025-02-04,336188,65266,113543,90474,163015,117249,-48277,45766
2025-02-11,320782,68404,112748,78313,156112,116109,-44344,40003
2025-02-18,314762,70453,110712,78180,147976,113571,-40259,34405
2025-02-25,306673,68366,116457,76201,144561,100572,-48091,43989
2025-03-04,330115,67451,131276,82378,164047,101719,-63825,62328
2025-03-11,320130,61654,121920,84192,158407,99852,-60266,58555
2025-03-18,321481,60195,112667,85819,159651,109668,-52472,49983
2025-03-25,333598,61649,117450,89629,166622,112278,-55801,54344
2025-04-01,345902,68327,115578,95202,165670,122729,-47251,42941
2025-04-08,326215,60602,99346,90988,157011,117635,-38744,39376
2025-04-15,262263,56229,88879,65705,127381,93699,-32650,33682
2025-04-22,259955,57554,86812,66405,123687,93047,-29258,30640
2025-04-29,254628,60673,76669,64207,117218,99623,-15996,17595
2025-05-06,267054,61836,76382,71874,121095,104759,-14546,16336
2025-05-13,271260,60022,82418,73259,124977,101517,-22396,23460
2025-05-20,280915,56539,91856,77287,134282,97851,-35317,36431
2025-05-27,280937,56217,92652,76313,134690,97208,-36435,37482
2025-06-03,285027,55354,95457,79146,136963,96652,-40103,40311
2025-06-10,275442,55694,99841,74356,130861,87212,-44147,43649
2025-06-17,248931,56794,97039,62678,116014,76880,-40245,39134
2025-06-24,239269,61068,96063,55245,110197,75127,-34995,35070
2025-07-01,236600,55775,87257,55415,112862,82583,-31482,30279
2025-07-08,241928,55785,89788,57659,115979,82520,-34003,33459
2025-07-15,247946,58321,85249,62570,115067,89265,-26928,25802
2025-07-22,255909,58510,87021,65334,119515,92288,-28511,27227
2025-07-29,259724,59084,88342,65455,122618,94201,-29258,28417
2025-08-05,274755,64248,103638,71308,126815,86424,-39390,40391
2025-08-12,289340,64643,106135,80294,131374,90139,-41492,41235
2025-08-19,282286,63771,101069,77317,128104,91501,-37298,36603
2025-08-26,287393,63260,103388,77211,133499,94253,-40128,39246
2025-09-02,301261,66266,116962,75466,145508,94892,-50696,50616
2025-09-09,306465,66531,119380,75766,150231,96803,-52849,53428
2025-09-16,309972,67534,111161,79139,148971,106265,-43627,42706
2025-09-23,316073,66006,113214,81575,155425,108149,-47208,47276
2025-09-30,332095,69539,120391,87342,161975,110242,-50852,51733
2025-10-07,338558,70380,129444,89408,164371,104545,-59064,59826
2025-10-14,359283,69862,135887,100091,175578,107587,-66025,67991
2025-10-21,345697,69355,132270,98731,164457,100262,-62915,64195
2025-10-28,355659,69656,125574,110672,161661,105732,-55918,55929
2025-11-04,364761,71458,116957,114564,164548,120795,-45499,43753
2025-11-10,333835,67293,115900,101563,150047,103059,-48607,46988
2025-11-18,324386,69555,114440,98842,142807,97880,-44885,44927
2025-11-25,329609,74383,116412,99805,143195,100357,-42029,42838
2025-12-02,332958,74212,113797,101558,143891,103917,-39585,39974
2025-12-09,340353,77023,113075,105136,145366,108606,-36052,36760
2025-12-16,352767,80397,118242,108047,150958,112067,-37845,38891
2025-12-23,350606,79901,110853,109072,147669,117834,-30952,29835
2025-12-30,352783,80394,110228,107773,150366,122449,-29834,27917
2026-01-06,366974,80703,108923,111529,157447,134755,-28220,22692
2026-01-13,383739,87340,114816,109714,170241,146849,-27476,23392
2026-01-20,394663,91019,116400,108505,178998,156963,-25381,22035
2026-01-27,421666,93509,132482,112669,200160,162429,-38973,37731
2026-02-03,444633,97353,140538,119269,212054,169982,-43185,42072
2026-02-10,412543,95774,147649,110793,188135,138470,-51875,49665
2026-02-17,391403,95817,152384,100616,177605,123348,-56567,54257
2026-02-24,380181,99081,130087,102283,161421,135299,-31006,26122
2026-03-03,385574,107348,137495,97660,163785,138317,-30147,25468
2026-03-10,394433,113074,135777,98724,164868,146532,-22703,18336
2026-03-17,427058,127088,112639,110846,167647,191974,14449,-24327
2026-03-24,416388,114886,96513,117092,162939,190532,18373,-27593
2026-03-31,455684,126895,82857,133323,173065,228577,44038,-55512
2026-04-07,467100,126591,70083,143369,174526,241627,56508,-67101
2026-04-14,427192,131096,56355,124340,148446,236494,74741,-88048
2026-04-21,465720,139647,50930,149277,153477,255793,88717,-102316
2026-04-28,459650,135599,46677,150312,150396,252216,88922,-101820
2026-05-05,496723,145320,41108,169538,156592,275803,104212,-119211
2026-05-12,515041,146625,40016,177233,164599,286749,106609,-122150
2026-05-19,503157,136013,36900,176094,169537,280179,99113,-110642
2026-05-26,501880,134490,38741,176695,169985,275660,95749,-105675
2026-06-02,513587,135404,42142,178150,179266,281360,93262,-102094
2026-06-09,482252,122079,42892,168423,174666,260152,79187,-85486
2026-06-16,427110,123645,46109,131748,155370,239266,77536,-83896
2026-06-23,425263,129002,44029,127971,150787,243276,84973,-92489
2026-06-30,428610,125975,47464,132775,154396,239030,78511,-84634
2026-07-07,454315,138473,45314,138284,160440,261341,93159,-100901
2026-07-14,456949,139383,38124,135019,163031,274754,101259,-111723
2026-07-21,448035,139805,39445,128518,162534,271175,100360,-108641
2026-07-28,455225,137131,38678,134939,166290,272241,98453,-105951
2026-08-04,473629,141041,38549,144401,170043,282091,102492,-112048
2026-08-11,498899,148275,37971,154153,176908,298356,110304,-121448
2026-08-18,511090,151202,37349,155961,182629,309000,113853,-126371
2026-08-25,514283,159329,32146,156747,177179,315933,127183,-138754
2026-09-01,543101,164511,31364,172368,184163,329160,133147,-144997
